접수일시,예정일시,배차일시,승차일시,하차일시,취소일시,출발구,출발동,목적구,목적동,이용목적,요금,승차거리,차량구분,장애유형
2025-04-19 11:38:40,2025-04-19 14:03:40,2025-04-19 11:45:08.514200,2025-04-19 12:15:21.267996,2025-04-19 12:29:07.508054,,광진구,1동,금천구,1동,주간보호센터,1500,4.2,일반 세단형,뇌병변장애 1급
2025-09-08 15:42:39,2025-09-08 16:32:39,2025-09-08 16:07:56.957743,2025-09-08 16:13:31.080865,2025-09-08 16:28:32.670271,,서초구,3동,관악구,1동,관공서 방문,1752,5.9,일반 세단형,지체장애 1급
2025-05-20 15:57:35,2025-05-20 18:21:35,2025-05-20 16:00:25.995640,2025-05-20 16:14:00.845367,2025-05-20 16:26:54.056547,,용산구,2동,노원구,3동,관공서 방문,1500,4.6,휠체어 탑승형 대형,시각장애 1급
2025-03-25 09:42:38,2025-03-25 12:39:38,2025-03-25 10:20:08.216725,2025-03-25 10:24:32.885053,2025-03-25 10:28:42.180588,,광진구,3동,서대문구,3동,경조사,1500,1.7,일반 세단형,뇌병변장애 2급
2025-03-21 12:36:40,2025-03-21 13:47:40,2025-03-21 12:57:47.715638,2025-03-21 13:07:24.328427,2025-03-21 13:16:20.919956,,영등포구,2동,마포구,1동,재활 치료,1500,3.6,일반 세단형,지체장애 1급
2025-08-11 18:26:05,2025-08-11 20:31:05,2025-08-11 18:34:26.051748,2025-08-11 18:36:19.999534,2025-08-11 18:56:47.474815,,마포구,2동,서울 강남구,2동,직업훈련,1920,6.5,일반 세단형,신장장애
2025-10-04 09:46:12,2025-10-04 10:59:12,2025-10-04 10:00:25.551701,2025-10-04 10:03:51.437122,2025-10-04 10:16:12.647654,,서대문구,2동,강북구,2동,병원 진료,1500,4.4,기타 차량,뇌병변장애 1급
2025-12-11 11:47:38,2025-12-11 14:44:38,2025-12-11 11:50:54.050984,2025-12-11 11:51:54.050984,2025-12-11 13:03:40.056453,,중랑구,1동,관악구,1동,직업훈련,3922,24.6,휠체어 탑승형 대형,지체장애 1급
2025-04-07 15:51:55,2025-04-07 18:38:55,,,,2025-04-07 16:06:55,강남구,2동,노원구,2동,출퇴근,2564,8.8,휠체어 탑승형 대형,시각장애 1급
2025-05-25 08:55:33,2025-05-25 10:47:33,2025-05-25 09:43:25.192768,2025-05-25 10:05:08.368520,2025-05-25 10:15:58.616004,,송파구,3동,용산구,3동,경조사,1500,2.8,기타 차량,시각장애 1급
2025-10-04 15:20:00,2025-10-04 17:16:00,2025-10-04 15:48:58.987337,2025-10-04 15:56:08.728309,2025-10-04 17:10:09.718159,,용산구,3동,서초구,2동,여가 활동,3957,25.1,휠체어 탑승형 대형,뇌병변장애 2급
2025-12-20 15:56:03,2025-12-20 16:58:03,2025-12-20 16:34:44.914318,2025-12-20 16:49:01.077277,2025-12-20 17:15:10.619716,,강서구,3동,서초구,1동,복지관 이용,2340,8.0,휠체어 탑승형 대형,시각장애 1급
2025-10-26 12:44:01,2025-10-26 13:40:01,,,,2025-10-26 12:49:01,동작구,3동,구로구,1동,출퇴근,1500,3.3,기타 차량,뇌병변장애 2급
2025-04-04 12:56:26,2025-04-04 14:04:26,2025-04-04 12:57:38.461971,2025-04-04 12:59:24.387983,2025-04-04 13:23:29.003074,,동작구,3동,송파구,1동,직업훈련,2256,7.7,기타 차량,시각장애 1급
2025-09-29 16:22:45,2025-09-29 17:21:45,2025-09-29 16:50:10.198836,2025-09-29 16:58:11.497406,2025-09-29 17:13:14.653254,,영등포구,2동,서초구,3동,복지관 이용,1500,5.0,기타 차량,신장장애
2025-01-21 07:54:05,2025-01-21 08:46:05,2025-01-21 08:13:58.507233,2025-01-21 08:20:40.416099,2025-01-21 08:43:50.508687,,강남구,2동,서초구,1동,출퇴근,2144,7.3,휠체어 탑승형 중형,신장장애
2025-04-03 21:39:18,2025-04-04 00:15:18,2025-04-03 21:47:43.946002,2025-04-03 22:05:36.080813,2025-04-03 22:29:09.155336,,중랑구,2동,서초구,2동,관공서 방문,2256,7.7,휠체어 탑승형 중형,뇌병변장애 1급
2025-08-16 14:48:03,2025-08-16 16:21:03,2025-08-16 14:58:51.101489,2025-08-16 15:00:47.688222,2025-08-16 15:50:46.192049,,은평구,1동,영등포구,1동,출퇴근,3166,13.8,기타 차량,시각장애 1급
2025-11-03 07:25:26,2025-11-03 07:59:26,2025-11-03 07:39:26.368604,2025-11-03 07:40:26.368604,2025-11-03 07:45:29.240311,,성동구,1동,동대문구,1동,직업훈련,1500,1.6,휠체어 탑승형 중형,지체장애 1급
0000-00-00,2025-06-12 17:47:11,2025-06-12 17:38:11,2025-06-12 17:44:46.227426,2025-06-12 18:05:14.629389,,강북구,1동,동작구,2동,병원 진료,2256,7.7,휠체어 탑승형 중형,뇌병변장애 2급
2025-09-22 09:42:12,2025-09-22 11:57:12,2025-09-22 09:54:35.694870,2025-09-22 09:56:41.462880,2025-09-22 10:14:20.586539,,용산구,2동,마포구,1동,기타,1696,5.7,휠체어 탑승형 중형,뇌병변장애 2급
2025-12-12 16:43:24,2025-12-12 16:56:24,2025-12-12 17:37:28.284534,2025-12-12 17:40:41.961196,2025-12-12 18:17:54.441654,,금천구,3동,영등포구,1동,복지관 이용,3229,14.7,기타 차량,지체장애 1급
2025-02-15 13:03:53,2025-02-15 15:58:53,2025-02-15 13:57:26.384447,2025-02-15 14:08:52.248290,2025-02-15 15:14:18.471018,,용산구,3동,강북구,3동,기타,4013,25.9,휠체어 탑승형 중형,국가유공자(상이)
2025-03-14 07:41:03,2025-03-14 09:45:03,2025-03-14 07:42:56.282872,2025-03-14 08:01:04.393963,2025-03-14 08:33:22.675238,,부산 해운대구,3동,서초,3동,경조사,2816,9.7,휠체어 탑승형 중형,지체장애 1급
2025-12-22 09:35:10,2025-12-22 12:23:10,2025-12-22 10:03:56.365867,2025-12-22 10:10:47.465791,2025-12-22 11:03:35.282761,,동대문구,1동,강북구,3동,병원 진료,3691,21.3,휠체어 탑승형 중형,지체장애 1급
2025-12-29 10:44:43,2025-12-29 12:53:43,2025-12-29 11:04:18.347680,2025-12-29 11:13:32.919935,2025-12-29 11:35:54.703931,,은평구,3동,양천구,2동,경조사,2200,7.5,기타 차량,국가유공자(상이)
2025-02-10 19:11:46,2025-02-10 19:30:46,2025-02-10 19:55:06.762456,2025-02-10 19:58:07.999998,2025-02-10 20:13:23.517042,,마포구,2동,서대문구,3동,병원 진료,1500,4.0,일반 세단형,지체장애 1급
2025-09-30 15:30:14,2025-09-30 17:30:14,2025-09-30 15:45:27.910800,2025-09-30 15:46:27.910800,2025-09-30 16:25:12.979291,,강북구,2동,관악구,2동,기타,3075,12.5,휠체어 탑승형 대형,국가유공자(상이)
2025-01-12 19:30:11,2025-01-12 21:17:11,2025-01-12 19:39:05.507320,2025-01-12 19:56:32.177971,2025-01-12 20:21:21.639752,,동대문구,2동,중랑구,2동,복지관 이용,2907,10.1,휠체어 탑승형 중형,지체장애 1급
2025-08-03 12:08:30,2025-08-03 14:57:30,2025-08-03 13:00:03.224123,2025-08-03 13:02:37.309376,2025-08-03 13:34:53.676059,,관악구,3동,광진구,3동,학교 등하교,3138,13.4,휠체어 탑승형 대형,지체장애 1급
2025-05-29 20:22:45,2025-05-29 21:03:45,2025-05-29 20:51:38.932633,2025-05-29 20:52:38.932633,2025-05-29 21:45:48.323497,,서초구,1동,구로구,1동,경조사,3355,16.5,기타 차량,지체장애 1급
2025-06-25 10:54:38,2025-06-25 11:14:38,2025-06-25 11:02:56.239924,2025-06-25 11:05:41.241039,2025-06-25 11:10:35.401157,,강북구,2동,양천구,1동,직업훈련,1500,1.8,기타 차량,뇌병변장애 2급
2025-01-07 15:41:48,2025-01-07 17:47:48,2025-01-07 16:05:45.387471,2025-01-07 16:12:44.065617,2025-01-07 16:20:47.048823,,중구,2동,금천구,3동,재활 치료,1500,2.7,휠체어 탑승형 중형,시각장애 1급
2025-06-08 10:14:55,2025-06-08 12:23:55,2025-06-08 10:50:36.012903,2025-06-08 10:58:06.408456,2025-06-08 11:11:11.031020,,송파구,3동,양천구,2동,주간보호센터,1500,4.2,일반 세단형,뇌병변장애 2급
2025-11-17 15:22:51,2025-11-17 15:34:51,2025-11-17 15:30:03.250779,2025-11-17 15:56:39.195096,2025-11-17 16:25:29.962948,,동작구,3동,은평구,3동,병원 진료,2704,9.3,휠체어 탑승형 중형,뇌병변장애 1급
2025-04-27 09:11:01,2025-04-27 09:47:01,2025-04-27 09:50:52.078555,2025-04-27 09:52:33.260292,2025-04-27 10:18:10.039593,,마포구,1동,송파구,1동,주간보호센터,2060,7.0,휠체어 탑승형 대형,뇌병변장애 2급
2025-07-17 10:36:56,2025-07-17 13:19:56,2025-07-17 11:31:09.486943,2025-07-17 11:45:41.623446,2025-07-17 12:14:13.463741,,동작구,2동,송파구,3동,관공서 방문,2844,9.8,일반 세단형,뇌병변장애 1급
2025-09-19 18:01:15,2025-09-19 18:34:15,2025-09-19 18:05:24.869346,2025-09-19 18:07:15.387901,2025-09-19 18:25:07.483311,,송파구,1동,강남구,1동,여가 활동,2116,7.2,일반 세단형,신장장애
2025-08-02 15:20:03,2025-08-02 16:04:03,2025-08-02 15:44:31.337262,2025-08-02 15:45:31.337262,2025-08-02 16:03:22.683652,,중구,2동,중구,3동,관공서 방문,1500,4.7,기타 차량,국가유공자(상이)
2025-08-13 10:54:58,2025-08-13 12:55:58,2025-08-13 11:08:38.834092,2025-08-13 11:16:04.994244,2025-08-13 11:31:15.809264,,강동구,1동,동대문구,1동,복지관 이용,1500,4.8,휠체어 탑승형 대형,지체장애 2급
2025-07-09 18:19:29,2025-07-09 20:27:29,,,,2025-07-09 18:44:29,동대문구,3동,성동구,3동,기타,1500,4.3,기타 차량,국가유공자(상이)
2025-08-30 10:45:34,2025-08-30 12:43:34,2025-08-30 11:29:13.052928,2025-08-30 11:47:41.576424,2025-08-30 12:09:00.274479,,금천구,2동,마포구,2동,주간보호센터,2144,7.3,휠체어 탑승형 대형,지체장애 2급
2025-01-30 19:54:32,2025-01-30 22:25:32,2025-01-30 20:04:18.626970,2025-01-30 20:09:15.763910,2025-01-30 20:20:17.421933,,용산구,3동,양천구,2동,경조사,1500,4.4,휠체어 탑승형 중형,지체장애 1급
2025-07-18 07:20:50,2025-07-18 09:02:50,,,,2025-07-18 07:47:50,강남구,2동,금천구,1동,직업훈련,1500,4.8,휠체어 탑승형 중형,시각장애 1급
2025-05-08 11:14:49,2025-05-08 12:19:49,2025-05-08 11:18:39.533844,2025-05-08 11:28:02.016916,2025-05-08 12:06:58.118359,,중구,3동,도봉구,1동,주간보호센터,2963,10.9,휠체어 탑승형 대형,시각장애 1급
2025-03-07 15:18:32,2025-03-07 16:18:32,2025-03-07 15:24:53.018477,2025-03-07 15:38:17.690891,2025-03-07 15:58:51.672958,,은평구,2동,동대문구,3동,주간보호센터,1584,5.3,일반 세단형,지체장애 2급
2025-05-01 15:16:13,2025-05-01 15:42:13,2025-05-01 15:44:23.398495,2025-05-01 15:59:49.736379,2025-05-01 16:35:14.008384,,중구,2동,도봉구,2동,병원 진료,3152,13.6,기타 차량,뇌병변장애 1급
2025-02-27 10:11:21,2025-02-27 11:02:21,2025-02-27 10:44:31.049828,2025-02-27 11:06:35.612437,2025-02-27 11:18:33.278537,,강서구,3동,중랑구,3동,여가 활동,1500,3.8,휠체어 탑승형 대형,시각장애 1급
2025-05-08 11:03:12,2025-05-08 13:45:12,2025-05-08 11:12:05.674465,2025-05-08 11:42:42.610131,2025-05-08 12:15:51.986148,,중구,3동,노원구,2동,학교 등하교,2977,11.1,휠체어 탑승형 중형,신장장애
2025-12-20 17:07:23,2025-12-20 19:16:23,2025-12-20 17:13:36.426228,2025-12-20 17:21:23.794887,2025-12-20 17:57:34.998696,,강북구,3동,중구,3동,출퇴근,2732,9.4,휠체어 탑승형 대형,지체장애 1급
2025-05-09 16:36:02,2025-05-09 17:50:02,2025-05-09 16:46:57.973110,2025-05-09 16:52:10.398989,2025-05-09 17:30:25.336086,,강남구,2동,송파구,3동,직업훈련,3103,12.9,일반 세단형,뇌병변장애 1급
2025-05-04 06:25:25,2025-05-04 08:51:25,2025-05-04 06:45:48.783546,2025-05-04 07:47:46.140662,2025-05-04 08:13:31.532490,,광진구,3동,노원구,2동,병원 진료,2424,8.3,기타 차량,뇌병변장애 1급
2025-04-05 19:02:08,2025-04-05 19:32:08,,,,2025-04-05 19:08:08,강서구,1동,용산구,3동,복지관 이용,1584,5.3,휠체어 탑승형 대형,뇌병변장애 2급
2025-09-20 18:39:05,2025-09-20 19:16:05,2025-09-20 18:50:43.821196,2025-09-20 19:02:59.421545,2025-09-20 20:03:28.865917,,양천구,3동,강동구,1동,출퇴근,3446,17.8,일반 세단형,신장장애
2025-01-03 15:43:16,2025-01-03 16:08:16,2025-01-03 15:51:53.723297,2025-01-03 15:52:53.723297,2025-01-03 16:19:49.115422,,도봉구,1동,강북구,3동,관공서 방문,2928,10.4,일반 세단형,신장장애
2025-04-25 11:56:43,2025-04-25 13:17:43,2025-04-25 12:04:26.389021,2025-04-25 12:05:56.420347,2025-04-25 12:28:58.148233,,종로구,1동,도봉구,3동,직업훈련,2368,8.1,일반 세단형,지체장애 1급
2025-05-03 16:24:00,2025-05-03 18:52:00,2025-05-03 17:15:48.287338,2025-05-03 17:21:29.681134,2025-05-03 17:51:41.099587,,금천구,2동,서대문구,2동,출퇴근,2844,9.8,휠체어 탑승형 중형,뇌병변장애 1급
2025-12-11 19:50:55,2025-12-11 22:26:55,2025-12-11 20:00:29.512543,2025-12-11 20:06:40.529265,2025-12-11 20:40:32.778160,,중구,1동,강남구,2동,재활 치료,3005,11.5,휠체어 탑승형 대형,지체장애 1급
2025-04-21 07:29:38,2025-04-21 08:36:38,2025-04-21 07:35:44.226068,2025-04-21 07:39:46.904208,2025-04-21 08:19:43.718267,,노원구,2동,중랑구,3동,재활 치료,2914,10.2,기타 차량,시각장애 1급
2025-04-12 13:39:13,2025-04-12 14:53:13,2025-04-12 14:04:48.407302,2025-04-12 14:27:53.475532,2025-04-12 15:28:51.419496,,성동구,1동,관악구,1동,관공서 방문,3383,16.9,휠체어 탑승형 대형,뇌병변장애 1급
2025-01-03 14:54:46,2025-01-03 15:13:46,2025-01-03 15:09:37.693430,2025-01-03 15:18:05.244147,2025-01-03 15:31:41.614165,,금천구,1동,노원구,3동,여가 활동,1500,5.0,일반 세단형,지체장애 1급
2025-03-16 08:48:12,2025-03-16 10:09:12,2025-03-16 08:54:58.484043,2025-03-16 08:57:36.365877,2025-03-16 09:19:31.824135,,은평구,1동,용산구,1동,여가 활동,2284,7.8,휠체어 탑승형 중형,시각장애 1급
2025-01-19 14:17:47,2025-01-19 15:41:47,2025-01-19 14:20:58.915919,2025-01-19 14:27:58.344147,2025-01-19 15:23:37.815991,,강동구,3동,동작구,2동,여가 활동,3397,17.1,휠체어 탑승형 중형,지체장애 2급
2025-04-29 08:49:24,2025-04-29 11:16:24,2025-04-29 08:59:45.005045,2025-04-29 09:22:48.918010,2025-04-29 09:42:02.462253,,마포구,1동,양천구,3동,병원 진료,2032,6.9,일반 세단형,뇌병변장애 2급
2025-11-09 17:46:42,2025-11-09 18:50:42,2025-11-09 18:11:57.453838,2025-11-09 18:15:19.201233,2025-11-09 18:56:01.041452,,송파구,1동,구로구,3동,직업훈련,3369,16.7,일반 세단형,지체장애 1급
2025-03-18 17:12:18,2025-03-18 17:32:18,2025-03-18 17:16:35.294971,2025-03-18 17:19:29.197818,2025-03-18 17:54:12.248909,,서초구,1동,광진구,1동,여가 활동,3033,11.9,휠체어 탑승형 대형,뇌병변장애 2급
2025-09-23 17:17:06,2025-09-23 19:50:06,2025-09-23 17:20:44.331136,2025-09-23 17:32:26.508236,2025-09-23 17:45:55.201929,,경기 성남시,3동,금천구,1동,학교 등하교,1500,3.4,휠체어 탑승형 대형,신장장애
2025-09-23 11:02:57,2025-09-23 13:29:57,2025-09-23 11:16:19.485969,2025-09-23 11:24:37.515891,2025-09-23 11:55:15.615577,,강서구,2동,종로구,2동,직업훈련,2963,10.9,휠체어 탑승형 중형,뇌병변장애 1급
2025-03-09 10:35:15,2025-03-09 11:20:15,2025-03-09 10:54:18.763655,2025-03-09 11:02:31.458418,2025-03-09 11:15:54.111517,,광진구,1동,광진구,2동,재활 치료,1528,5.1,휠체어 탑승형 대형,국가유공자(상이)
2025-09-28 15:44:24,2025-09-28 17:21:24,2025-09-28 15:54:14.559145,2025-09-28 15:58:57.810287,2025-09-28 16:51:56.163521,,동대문구,2동,성북구,3동,출퇴근,3341,16.3,기타 차량,신장장애
2025-04-11 15:02:17,2025-04-11 15:51:17,2025-04-11 15:18:02.556014,2025-04-11 15:19:02.556014,2025-04-11 15:41:57.003137,,중구,1동,강북구,2동,경조사,2452,8.4,휠체어 탑승형 중형,지체장애 2급
2025-04-20 09:52:24,2025-04-20 11:48:24,2025-04-20 10:12:56.670104,2025-04-20 10:18:35.624362,2025-04-20 10:45:15.058779,,금천구,1동,금천구,1동,기타,2676,9.2,일반 세단형,신장장애
2025-04-06 07:24:00,2025-04-06 10:16:00,2025-04-06 07:43:25.654550,2025-04-06 07:44:25.654550,2025-04-06 08:07:22.615222,,성북구,2동,서대문구,1동,재활 치료,2116,7.2,휠체어 탑승형 대형,뇌병변장애 1급
2025-03-01 11:47:10,2025-03-01 14:05:10,,,,2025-03-01 11:54:10,서초구,2동,영등포구,1동,출퇴근,3068,12.4,휠체어 탑승형 중형,뇌병변장애 2급
2025-08-22 07:33:17,2025-08-22 09:28:17,2025-08-22 08:18:40.711015,2025-08-22 08:29:56.852930,2025-08-22 09:13:51.357162,,종로구,3동,금천구,2동,경조사,2970,11.0,기타 차량,시각장애 1급
2025-06-24 08:08:02,2025-06-24 10:08:02,2025-06-24 08:47:19.004986,2025-06-24 08:49:42.119772,2025-06-24 09:08:53.553832,,강서구,1동,중구,2동,기타,1500,5.0,일반 세단형,국가유공자(상이)
2025-04-16 16:41:15,2025-04-16 17:39:15,2025-04-16 16:57:34.920230,2025-04-16 17:02:13.485250,2025-04-16 17:22:44.288521,,도봉구,2동,종로구,1동,경조사,1976,6.7,일반 세단형,국가유공자(상이)
2025-01-22 13:14:21,2025-01-22 14:30:21,2025-01-22 13:22:02.547582,2025-01-22 13:37:31.490476,2025-01-22 13:56:28.989624,,금천구,1동,성동구,3동,출퇴근,1976,6.7,휠체어 탑승형 대형,시각장애 1급
0000-00-00,2025-09-23 20:40:47,2025-09-23 20:07:34.798727,2025-09-23 20:11:57.188020,2025-09-23 20:49:59.219462,,강북구,1동,강서구,2동,재활 치료,2844,9.8,기타 차량,지체장애 2급
2025-09-13 12:52:44,2025-09-13 15:30:44,2025-09-13 12:55:23.591689,2025-09-13 13:04:34.751096,2025-09-13 13:29:11.403616,,은평구,2동,성동구,2동,경조사,2368,8.1,기타 차량,지체장애 1급
2025-06-09 17:50:16,2025-06-09 19:09:16,2025-06-09 18:05:24.421277,2025-06-09 18:06:24.421277,2025-06-09 18:35:31.912279,,중랑구,2동,강남구,2동,기타,2963,10.9,일반 세단형,시각장애 1급
2025-10-19 14:07:49,2025-10-19 16:17:49,2025-10-19 14:15:39.210647,2025-10-19 14:16:39.210647,2025-10-19 14:42:52.111736,,중구,3동,노원구,1동,경조사,2949,10.7,일반 세단형,신장장애
2025-11-22 08:28:56,2025-11-22 09:51:56,2025-11-22 08:55:16.798471,2025-11-22 09:09:00.261821,2025-11-22 09:21:58.645064,,서대문구,3동,강서구,3동,병원 진료,1500,4.7,휠체어 탑승형 중형,국가유공자(상이)
2025-03-06 09:48:37,2025-03-06 12:45:37,2025-03-06 09:52:14.740052,2025-03-06 09:54:07.315948,2025-03-06 10:47:16.944972,,광진구,3동,광진구,2동,기타,3446,17.8,휠체어 탑승형 대형,뇌병변장애 1급
2025-02-21 16:56:36,2025-02-21 19:54:36,2025-02-21 17:03:06.249601,2025-02-21 17:04:08.473731,2025-02-21 17:22:32.665665,,양천구,2동,성동구,3동,주간보호센터,1752,5.9,휠체어 탑승형 대형,지체장애 1급
2025-12-27 18:00:18,2025-12-27 19:51:18,2025-12-27 18:37:33.375453,2025-12-27 18:43:38.978404,2025-12-27 19:00:33.537013,,서초구,2동,도봉구,3동,여가 활동,1528,5.1,휠체어 탑승형 중형,국가유공자(상이)
2025-08-07 14:58:37,2025-08-07 17:33:37,2025-08-07 15:06:02.254748,2025-08-07 15:08:19.428907,2025-08-07 15:31:46.723249,,노원구,1동,성북구,1동,경조사,2480,8.5,휠체어 탑승형 중형,지체장애 1급
2025-04-28 14:29:58,2025-04-28 16:49:58,2025-04-28 14:54:42.185341,2025-04-28 15:05:08.790036,2025-04-28 15:22:40.328901,,강동구,3동,동대문구,1동,관공서 방문,2032,6.9,일반 세단형,뇌병변장애 2급
2025-01-05 00:24:19,2025-01-05 03:12:19,2025-01-05 00:44:48.796247,2025-01-05 00:48:10.456953,2025-01-05 01:10:52.475890,,강남구,2동,동작구,1동,복지관 이용,2256,7.7,휠체어 탑승형 중형,신장장애
2025-03-01 08:25:43,2025-03-01 08:38:43,2025-03-01 08:45:17.636514,2025-03-01 08:46:28.409390,2025-03-01 09:13:40.498108,,마포구,1동,성동구,2동,관공서 방문,2060,7.0,기타 차량,지체장애 2급
2025-08-20 05:24:38,2025-08-20 08:18:38,2025-08-20 05:32:55.975403,2025-08-20 05:38:03.922637,2025-08-20 05:57:08.054141,,서초구,1동,강남구,2동,여가 활동,1696,5.7,일반 세단형,국가유공자(상이)
2025-07-24 14:17:55,2025-07-24 16:36:55,2025-07-24 14:39:43.670184,2025-07-24 15:03:30.361690,2025-07-24 15:28:25.998618,,영등포구,3동,광진구,2동,출퇴근,2144,7.3,기타 차량,지체장애 2급
2025-08-13 17:05:09,2025-08-13 18:13:09,2025-08-13 17:11:41.816851,2025-08-13 17:14:23.805119,2025-08-13 17:29:54.217677,,용산구,2동,서대문구,3동,여가 활동,1696,5.7,일반 세단형,신장장애
2025-11-21 10:14:17,2025-11-21 12:17:17,2025-11-21 10:37:31.849208,2025-11-21 10:41:24.214663,2025-11-21 11:38:30.912367,,관악구,2동,강서구,1동,경조사,3383,16.9,휠체어 탑승형 중형,지체장애 2급
2025-05-23 11:09:19,2025-05-23 13:24:19,2025-05-23 11:26:03.350967,2025-05-23 11:39:11.819965,2025-05-23 11:56:47.929811,,강남구,1동,동작구,2동,여가 활동,1724,5.8,휠체어 탑승형 대형,신장장애
2025-01-24 07:08:55,2025-01-24 09:37:55,2025-01-24 07:36:28.140878,2025-01-24 07:39:53.359729,2025-01-24 08:04:22.796667,,성북구,1동,도봉구,3동,주간보호센터,2032,6.9,휠체어 탑승형 대형,국가유공자(상이)
2025-03-02 08:41:01,2025-03-02 11:23:01,2025-03-02 08:47:19.802655,2025-03-02 08:52:33.814891,2025-03-02 09:17:19.765726,,강북구,2동,서초구,2동,경조사,1920,6.5,휠체어 탑승형 대형,국가유공자(상이)
2025-11-11 09:19:17,2025-11-11 11:45:17,2025-11-11 09:26:47.255583,2025-11-11 09:30:37.591946,2025-11-11 09:57:53.281619,,서초구,1동,중랑구,2동,출퇴근,2172,7.4,휠체어 탑승형 대형,뇌병변장애 2급
2025-07-09 17:24:10,2025-07-09 18:50:10,2025-07-09 17:37:18.124979,,,2025-07-09 17:53:18.124979,동작구,2동,용산구,1동,경조사,3404,17.2,기타 차량,뇌병변장애 2급
2025-02-23 13:28:27,2025-02-23 15:18:27,2025-02-23 13:29:27,2025-02-23 13:42:04.406250,2025-02-23 13:54:48.117306,,은평구,2동,도봉구,2동,재활 치료,1500,4.0,휠체어 탑승형 중형,시각장애 1급
2025-10-31 17:27:00,2025-10-31 18:34:00,2025-10-31 17:49:08.623438,2025-10-31 17:54:33.638628,2025-10-31 18:52:50.359473,,송파구,3동,중랑구,1동,경조사,3509,18.7,일반 세단형,지체장애 1급
2025-05-17 16:40:47,2025-05-17 17:25:47,2025-05-17 17:10:38.781238,2025-05-17 17:11:38.781238,2025-05-17 17:21:07.318197,,관악구,2동,영등포구,2동,주간보호센터,1500,3.3,휠체어 탑승형 대형,지체장애 1급
2025-04-18 06:32:12,2025-04-18 08:39:12,2025-04-18 06:33:12,2025-04-18 06:35:32.779549,2025-04-18 07:54:25.365552,,영등포구,1동,도봉구,2동,관공서 방문,4160,28.0,휠체어 탑승형 중형,뇌병변장애 1급
2025-07-14 15:49:02,2025-07-14 16:14:02,2025-07-14 15:53:45.903391,2025-07-14 15:58:48.309089,2025-07-14 16:56:00.723238,,강동구,1동,구로구,3동,직업훈련,3719,21.7,기타 차량,지체장애 2급
2025-02-17 14:45:43,2025-02-17 17:26:43,2025-02-17 14:57:45.944462,2025-02-17 15:04:58.438297,2025-02-17 15:30:46.928095,,양천구,1동,관악구,3동,경조사,2172,7.4,휠체어 탑승형 대형,시각장애 1급
2025-06-06 01:25:38,2025-06-06 03:25:38,2025-06-06 01:52:42.300910,2025-06-06 01:54:02.720514,2025-06-06 02:18:11.032951,,중랑구,3동,성동구,1동,직업훈련,2116,7.2,휠체어 탑승형 중형,신장장애
2025-08-06 08:19:17,2025-08-06 10:18:17,2025-08-06 08:47:32.711099,2025-08-06 08:52:24.928933,2025-08-06 09:14:53.284310,,중랑구,3동,중랑구,2동,주간보호센터,2508,8.6,일반 세단형,뇌병변장애 1급
2025-07-09 12:18:07,2025-07-09 13:21:07,2025-07-09 12:27:24.271095,,,2025-07-09 12:35:24.271095,용산구,1동,서대문구,1동,직업훈련,3404,17.2,휠체어 탑승형 대형,시각장애 1급
2025-06-15 00:19:37,2025-06-15 02:58:37,2025-06-15 00:28:43.687181,2025-06-15 00:30:31.983264,2025-06-15 00:38:17.705908,,강동구,1동,마포구,2동,학교 등하교,1500,2.9,기타 차량,뇌병변장애 2급
2025-06-05 16:23:07,2025-06-05 18:04:07,2025-06-05 16:25:13.993405,2025-06-05 16:26:13.993405,2025-06-05 16:52:57.529327,,관악구,2동,송파구,3동,기타,2942,10.6,휠체어 탑승형 대형,지체장애 1급
2025-05-02 13:43:45,2025-05-02 16:16:45,,,,2025-05-02 14:08:45,동작구,2동,서대문구,1동,출퇴근,2228,7.6,기타 차량,지체장애 1급
2025-06-28 12:31:34,2025-06-28 14:34:34,,,,2025-06-28 12:51:34,강남구,1동,구로구,1동,관공서 방문,1500,4.7,기타 차량,뇌병변장애 2급
2025-06-17 08:24:34,2025-06-17 08:44:34,2025-06-17 09:03:34.675571,2025-06-17 09:07:27.995619,2025-06-17 09:22:28.108477,,종로구,1동,송파구,2동,직업훈련,1500,4.9,휠체어 탑승형 대형,뇌병변장애 2급
2025-06-03 10:39:24,2025-06-03 12:11:24,2025-06-03 10:47:29.513522,2025-06-03 10:49:25.904785,2025-06-03 11:29:52.916446,,동대문구,2동,서대문구,2동,기타,3236,14.8,휠체어 탑승형 중형,뇌병변장애 1급
2025-01-20 12:23:00,2025-01-20 12:46:00,2025-01-20 12:42:19.838666,2025-01-20 12:43:19.838666,2025-01-20 12:54:32.845610,,중랑구,3동,영등포구,3동,주간보호센터,1500,4.0,휠체어 탑승형 중형,시각장애 1급
2025-03-30 06:21:22,2025-03-30 08:42:22,2025-03-30 06:32:54.587177,2025-03-30 06:34:48.768932,2025-03-30 06:52:41.863036,,광진구,1동,성동구,3동,재활 치료,1780,6.0,일반 세단형,뇌병변장애 1급
2025-04-02 07:46:09,2025-04-02 08:39:09,2025-04-02 08:23:06.563289,2025-04-02 08:28:34.827911,2025-04-02 08:35:27.802725,,금천구,3동,강서구,1동,여가 활동,1500,2.5,휠체어 탑승형 대형,지체장애 2급
2025-06-07 09:40:15,2025-06-07 09:57:15,2025-06-07 09:44:07.868958,2025-06-07 09:45:24.262725,2025-06-07 10:09:27.074767,,구로구,2동,강남구,3동,기타,2508,8.6,일반 세단형,신장장애
2025-11-21 11:31:11,2025-11-21 14:15:11,2025-11-21 11:40:08.562666,,,2025-11-21 11:51:08.562666,중구,2동,도봉구,2동,병원 진료,2970,11.0,일반 세단형,시각장애 1급
2025-04-25 10:32:35,2025-04-25 12:51:35,2025-04-25 10:58:24.155397,2025-04-25 10:59:24.155397,2025-04-25 11:15:46.459651,,성동구,1동,성동구,3동,직업훈련,2004,6.8,휠체어 탑승형 중형,뇌병변장애 1급
2025-02-17 10:19:35,2025-02-17 12:29:35,2025-02-17 10:44:05.276058,2025-02-17 10:47:44.560924,2025-02-17 11:33:36.924547,,강북구,2동,강서구,2동,재활 치료,3033,11.9,휠체어 탑승형 대형,국가유공자(상이)
2025-11-28 12:27:50,2025-11-28 13:32:50,2025-11-28 12:47:06.612723,2025-11-28 12:54:10.178942,2025-11-28 13:14:12.554036,,도봉구,1동,마포구,2동,관공서 방문,1976,6.7,기타 차량,지체장애 2급
2025-11-24 13:56:13,2025-11-24 16:09:13,2025-11-24 14:05:17.785916,2025-11-24 14:07:56.174634,2025-11-24 14:25:17.570648,,성북구,3동,마포구,2동,주간보호센터,1920,6.5,휠체어 탑승형 중형,국가유공자(상이)
2025-02-09 19:19:17,2025-02-09 20:07:17,2025-02-09 19:22:14.185149,2025-02-09 19:32:52.837888,2025-02-09 19:47:09.253978,,종로구,1동,강서구,1동,직업훈련,1500,4.9,휠체어 탑승형 중형,국가유공자(상이)
2025-02-20 14:48:43,2025-02-20 15:15:43,2025-02-20 15:05:54.581456,2025-02-20 15:16:23.608901,2025-02-20 15:32:47.549243,,성동구,2동,강서구,3동,경조사,1500,4.9,휠체어 탑승형 대형,시각장애 1급
2025-12-01 09:24:40,2025-12-01 09:55:40,,,,2025-12-01 09:44:40,강동구,1동,서대문구,2동,경조사,1836,6.2,휠체어 탑승형 대형,시각장애 1급
2025-08-04 00:44:13,2025-08-04 01:26:13,2025-08-04 00:49:58.282463,2025-08-04 00:52:47.843049,2025-08-04 01:19:48.471212,,서초구,3동,용산구,3동,주간보호센터,2949,10.7,기타 차량,지체장애 1급
2025-01-15 13:46:23,2025-01-15 14:59:23,2025-01-15 13:58:51.922306,2025-01-15 13:59:51.922306,2025-01-15 14:29:39.060112,,강남구,2동,성북구,1동,기타,3026,11.8,휠체어 탑승형 대형,신장장애
2025-06-28 10:39:11,2025-06-28 10:59:11,2025-06-28 10:51:47.884284,2025-06-28 10:52:54.955722,2025-06-28 11:20:50.212270,,구로구,3동,강서구,1동,학교 등하교,3012,11.6,휠체어 탑승형 대형,시각장애 1급
2025-04-20 08:37:18,2025-04-20 09:30:18,2025-04-20 09:33:34.751094,2025-04-20 09:35:23.147361,2025-04-20 10:08:32.353898,,중구,2동,마포구,1동,출퇴근,3047,12.1,휠체어 탑승형 중형,지체장애 2급
2025-05-11 07:06:42,2025-05-11 09:08:42,2025-05-11 07:10:12.477893,,,2025-05-11 07:24:12.477893,중구,3동,금천구,2동,경조사,2592,8.9,기타 차량,시각장애 1급
2025-07-09 12:20:16,2025-07-09 15:02:16,,,,2025-07-09 12:44:16,마포구,2동,구로구,2동,재활 치료,1500,4.3,기타 차량,뇌병변장애 1급
2025-10-18 19:39:36,2025-10-18 21:42:36,2025-10-18 19:40:36,2025-10-18 20:02:26.069015,2025-10-18 20:47:14.985531,,도봉구,2동,강남구,3동,경조사,3096,12.8,일반 세단형,뇌병변장애 2급
2025-01-13 12:21:07,2025-01-13 14:01:07,2025-01-13 13:15:36.060043,2025-01-13 13:50:24.951464,2025-01-13 14:47:01.628552,,중구,1동,광진구,2동,관공서 방문,3376,16.8,기타 차량,신장장애
2025-07-20 12:22:14,2025-07-20 13:32:14,2025-07-20 12:30:44.774199,2025-07-20 12:35:31.321751,2025-07-20 13:06:49.598007,,서초구,1동,서대문구,2동,재활 치료,2340,8.0,일반 세단형,국가유공자(상이)
2025-07-12 12:55:57,2025-07-12 14:55:57,2025-07-12 14:12:30.116665,2025-07-12 14:16:53.202744,2025-07-12 14:24:07.108566,,관악구,3동,송파구,2동,주간보호센터,1500,2.9,기타 차량,지체장애 2급
2025-04-20 11:58:45,2025-04-20 14:16:45,2025-04-20 12:14:57.058393,2025-04-20 12:16:13.279388,2025-04-20 12:40:39.113577,,,3동,마포구,3동,재활 치료,2088,7.1,휠체어 탑승형 대형,시각장애 1급
2025-05-02 07:19:07,2025-05-02 09:07:07,2025-05-02 07:31:25.400599,2025-05-02 07:47:24.378204,2025-05-02 08:06:25.986903,,광진구,3동,관악구,3동,출퇴근,1864,6.3,휠체어 탑승형 중형,시각장애 1급
2025-12-30 04:50:54,2025-12-30 05:37:54,2025-12-30 05:04:48.886582,2025-12-30 05:08:35.515200,2025-12-30 05:16:55.094325,,금천구,3동,은평구,3동,여가 활동,1500,3.1,일반 세단형,국가유공자(상이)
2025-11-06 15:14:38,2025-11-06 16:54:38,2025-11-06 15:16:49.139209,2025-11-06 15:30:15.847441,2025-11-06 15:51:42.735881,,관악구,1동,양천구,2동,경조사,1920,6.5,일반 세단형,신장장애
2025-05-07 19:29:14,2025-05-07 21:35:14,,,,2025-05-07 19:39:14,동작구,1동,구로구,1동,복지관 이용,3012,11.6,휠체어 탑승형 중형,뇌병변장애 1급
2025-11-02 15:55:25,2025-11-02 18:50:25,2025-11-02 16:11:42.456395,2025-11-02 16:16:13.496650,2025-11-02 17:21:19.233247,,종로구,2동,노원구,1동,출퇴근,3467,18.1,휠체어 탑승형 중형,지체장애 2급
2025-10-18 20:13:07,2025-10-18 22:02:07,2025-10-18 20:34:05.109442,2025-10-18 20:38:51.915222,2025-10-18 21:03:34.800469,,강남구,1동,중구,1동,학교 등하교,2004,6.8,휠체어 탑승형 대형,시각장애 1급
2025-02-03 11:34:59,2025-02-03 13:21:59,2025-02-03 11:41:53.516454,2025-02-03 11:45:34.979162,2025-02-03 12:12:00.931183,,중랑구,1동,강서구,2동,주간보호센터,2536,8.7,휠체어 탑승형 중형,뇌병변장애 2급
2025-10-19 12:00:14,2025-10-19 12:23:14,2025-10-19 12:08:01.017855,2025-10-19 12:24:07.771723,2025-10-19 13:10:00.852277,,도봉구,2동,은평구,3동,경조사,3040,12.0,기타 차량,신장장애
2025-01-03 18:31:11,2025-01-03 20:07:11,2025-01-03 18:44:55.678950,2025-01-03 18:50:37.003056,2025-01-03 19:17:26.855506,,관악구,1동,동대문구,1동,복지관 이용,2424,8.3,일반 세단형,시각장애 1급
2025-05-14 09:08:52,2025-05-14 11:18:52,2025-05-14 10:32:32.971333,2025-05-14 10:49:40.111601,2025-05-14 11:15:52.967066,,종로구,1동,노원구,2동,여가 활동,2592,8.9,기타 차량,지체장애 1급
2025-06-10 07:00:08,2025-06-10 07:27:08,2025-06-10 07:03:34.373988,2025-06-10 07:10:49.986046,2025-06-10 07:25:40.076080,,동작구,1동,중구,3동,직업훈련,1696,5.7,일반 세단형,지체장애 2급
2025-12-15 12:01:43,2025-12-15 14:07:43,2025-12-15 12:55:36.966964,2025-12-15 12:57:39.794554,2025-12-15 13:08:33.902677,,용산구,1동,성동구,2동,직업훈련,1500,3.4,휠체어 탑승형 중형,뇌병변장애 2급
2025-08-24 06:30:57,2025-08-24 09:28:57,2025-08-24 06:36:19.567213,2025-08-24 06:47:32.107652,2025-08-24 06:53:14.398442,,영등포구,1동,송파구,3동,재활 치료,1500,2.0,휠체어 탑승형 대형,뇌병변장애 2급
2025-12-08 15:58:17,2025-12-08 16:56:17,2025-12-08 16:12:10.656009,2025-12-08 16:13:10.656009,2025-12-08 16:43:57.537380,,서대문구,3동,서대문구,1동,출퇴근,2914,10.2,일반 세단형,국가유공자(상이)
2025-02-07 10:42:44,2025-02-07 11:44:44,2025-02-07 10:53:47.481860,2025-02-07 11:00:35.217099,2025-02-07 11:05:56.458634,,송파구,2동,서초구,1동,학교 등하교,1500,1.9,휠체어 탑승형 대형,뇌병변장애 1급
2025-04-30 08:57:28,2025-04-30 11:27:28,2025-04-30 09:01:28.614431,,,2025-04-30 09:15:28.614431,마포구,1동,금천구,2동,경조사,1976,6.7,기타 차량,뇌병변장애 2급
2025-06-09 03:48:29,2025-06-09 04:19:29,2025-06-09 03:55:02.620019,2025-06-09 03:57:30.356552,2025-06-09 04:34:02.293958,,강남구,3동,성동구,3동,관공서 방문,3229,14.7,휠체어 탑승형 대형,뇌병변장애 2급
2025-07-28 09:49:35,2025-07-28 12:33:35,2025-07-28 10:49:35.910261,2025-07-28 11:03:40.455541,2025-07-28 11:34:00.303084,,영등포구,3동,양천구,3동,경조사,2340,8.0,일반 세단형,국가유공자(상이)
2025-03-05 07:34:40,2025-03-05 09:30:40,2025-03-05 07:43:29.451955,2025-03-05 07:50:32.518995,2025-03-05 08:09:00.882477,,금천구,2동,중랑구,1동,직업훈련,1808,6.1,기타 차량,신장장애
2025-07-18 13:57:46,2025-07-18 16:53:46,2025-07-18 14:13:52.486581,2025-07-18 14:20:26.648483,2025-07-18 14:35:43.145504,,관악구,1동,성북구,1동,직업훈련,1724,5.8,휠체어 탑승형 중형,뇌병변장애 1급
2025-07-10 23:34:10,2025-07-11 01:41:10,2025-07-10 23:39:41.745651,2025-07-10 23:41:52.915256,2025-07-11 00:05:03.064191,,광진구,2동,중랑구,1동,기타,1920,6.5,휠체어 탑승형 중형,국가유공자(상이)
2025-08-31 09:04:44,2025-08-31 12:03:44,2025-08-31 09:09:19.903980,2025-08-31 09:10:37.681550,2025-08-31 09:16:54.737249,,송파구,2동,광진구,3동,경조사,1500,2.5,휠체어 탑승형 대형,지체장애 2급
2025-06-17 06:21:17,2025-06-17 07:17:17,2025-06-17 06:24:13.362906,2025-06-17 06:36:53.186183,2025-06-17 07:04:11.116894,,중랑구,2동,강동구,2동,출퇴근,2396,8.2,휠체어 탑승형 대형,신장장애
2025-11-19 13:08:28,2025-11-19 14:54:28,,,,2025-11-19 13:26:28,광진구,2동,중랑구,1동,주간보호센터,2816,9.7,휠체어 탑승형 중형,뇌병변장애 1급
2025-05-19 07:17:23,2025-05-19 08:16:23,2025-05-19 07:50:30.157155,2025-05-19 08:11:06.099332,2025-05-19 08:50:18.694542,,서대문구,1동,동작구,3동,학교 등하교,2970,11.0,휠체어 탑승형 대형,시각장애 1급
2025-09-22 10:45:23,2025-09-22 13:02:23,2025-09-22 10:59:56.195599,2025-09-22 11:20:07.708685,2025-09-22 11:33:58.481087,,종로구,3동,중구,2동,복지관 이용,1584,5.3,일반 세단형,시각장애 1급
2025-09-29 09:23:10,2025-09-29 12:01:10,,,,2025-09-29 09:33:10,영등포구,3동,중구,3동,복지관 이용,2900,10.0,일반 세단형,지체장애 1급
2025-12-25 19:04:59,2025-12-25 20:31:59,2025-12-25 19:46:26.916597,2025-12-25 19:49:23.193585,2025-12-25 20:40:50.651749,,강서구,2동,영등포구,1동,주간보호센터,3348,16.4,일반 세단형,시각장애 1급
2025-01-07 15:55:02,2025-01-07 17:54:02,2025-01-07 16:04:25.705021,2025-01-07 16:08:30.095274,2025-01-07 16:43:38.654442,,중구,2동,서초구,3동,경조사,3201,14.3,휠체어 탑승형 대형,뇌병변장애 1급
2025-09-23 10:27:39,2025-09-23 11:59:39,,,,2025-09-23 10:31:39,종로구,2동,양천구,2동,직업훈련,1752,5.9,휠체어 탑승형 중형,지체장애 1급
2025-12-23 12:02:02,2025-12-23 13:19:02,2025-12-23 12:26:59.857687,2025-12-23 12:34:33.969154,2025-12-23 13:10:47.714019,,용산구,2동,종로구,3동,기타,3075,12.5,일반 세단형,국가유공자(상이)
2025-11-29 05:53:51,2025-11-29 06:29:51,2025-11-29 06:00:55.139945,2025-11-29 06:13:27.124976,2025-11-29 07:01:30.453439,,성동구,3동,동작구,1동,기타,3334,16.2,기타 차량,신장장애
2025-08-09 16:03:58,2025-08-09 18:10:58,2025-08-09 16:39:56.387629,2025-08-09 16:45:59.156437,2025-08-09 16:56:07.302144,,중구,2동,동작구,3동,주간보호센터,1500,4.2,기타 차량,신장장애
2025-10-31 14:04:45,2025-10-31 16:30:45,2025-10-31 14:26:49.466138,2025-10-31 14:29:15.378900,2025-10-31 14:34:17.029038,,양천구,2동,은평구,2동,직업훈련,1500,2.0,휠체어 탑승형 중형,국가유공자(상이)
2025-03-08 06:52:52,2025-03-08 08:31:52,2025-03-08 07:07:34.787684,2025-03-08 07:08:34.787684,2025-03-08 07:43:52.149875,,금천구,3동,세종시,1동,복지관 이용,2844,9.8,일반 세단형,뇌병변장애 1급
2025-07-15 13:34:09,2025-07-15 14:59:09,2025-07-15 13:48:14.190591,2025-07-15 14:00:06.746107,2025-07-15 14:27:00.737453,,구로구,2동,성동구,1동,복지관 이용,2144,7.3,일반 세단형,뇌병변장애 1급
2025-04-26 04:42:44,2025-04-26 07:38:44,2025-04-26 04:55:11.479301,2025-04-26 04:56:11.479301,2025-04-26 05:22:12.101923,,서초구,2동,영등포구,3동,재활 치료,2914,10.2,일반 세단형,신장장애
2025-01-09 11:48:22,2025-01-09 14:20:22,2025-01-09 11:53:33.007730,2025-01-09 12:04:13.016108,2025-01-09 12:55:50.684221,,성동구,1동,송파구,1동,병원 진료,3173,13.9,휠체어 탑승형 중형,뇌병변장애 2급
2025-10-28 10:40:17,2025-10-28 13:28:17,2025-10-28 10:54:12.744415,2025-10-28 11:35:07.580089,2025-10-28 12:18:45.462406,,서초구,1동,마포구,1동,기타,3089,12.7,기타 차량,지체장애 1급
2025-05-29 19:38:57,2025-05-29 22:24:57,,,,2025-05-29 19:41:57,구로구,2동,종로구,1동,학교 등하교,2760,9.5,휠체어 탑승형 대형,신장장애
2025-01-18 10:16:36,2025-01-18 11:34:36,,,,2025-01-18 10:35:36,강북구,3동,용산구,2동,직업훈련,1584,5.3,휠체어 탑승형 대형,뇌병변장애 2급
2025-06-24 09:47:00,2025-06-24 11:13:00,2025-06-24 09:48:44.776953,2025-06-24 10:12:19.710366,2025-06-24 10:31:14.169479,,서초구,3동,중구,3동,경조사,2116,7.2,휠체어 탑승형 중형,뇌병변장애 1급
2025-02-13 10:46:13,2025-02-13 12:53:13,2025-02-13 10:59:04.531010,2025-02-13 11:03:20.933979,2025-02-13 11:15:25.776207,,서초구,1동,은평구,2동,재활 치료,1500,5.0,휠체어 탑승형 중형,지체장애 2급
2025-01-12 00:00:54,2025-01-12 00:48:54,2025-01-12 01:05:03.378409,2025-01-12 01:06:03.378409,2025-01-12 01:21:22.090197,,강북구,2동,서대문구,3동,복지관 이용,1864,6.3,휠체어 탑승형 중형,뇌병변장애 2급
2025-12-17 05:24:00,2025-12-17 06:22:00,2025-12-17 05:35:11.093734,2025-12-17 05:47:14.915194,2025-12-17 06:02:48.196378,,마포구,3동,서초구,3동,여가 활동,1892,6.4,기타 차량,지체장애 2급
2025-03-21 22:56:12,2025-03-21 23:29:12,2025-03-21 23:11:54.584551,2025-03-21 23:16:59.066905,2025-03-21 23:57:39.513941,,서대문구,1동,용산구,3동,경조사,3054,12.2,일반 세단형,뇌병변장애 1급
2025-05-12 13:42:56,2025-05-12 16:37:56,2025-05-12 13:44:11.203016,2025-05-12 14:09:49.309524,2025-05-12 15:03:43.335246,,서초구,1동,광진구,3동,경조사,3495,18.5,일반 세단형,시각장애 1급
2025-08-16 08:20:43,2025-08-16 09:41:43,2025-08-16 08:36:16.717350,2025-08-16 08:43:33.889081,2025-08-16 08:54:17.260978,,강서구,2동,종로구,3동,주간보호센터,1500,3.6,휠체어 탑승형 중형,뇌병변장애 2급
2025-04-05 11:31:46,2025-04-05 14:08:46,2025-04-05 11:42:40.179928,2025-04-05 11:44:40.468066,2025-04-05 12:03:00.951119,,마포구,1동,중랑구,2동,재활 치료,1724,5.8,기타 차량,지체장애 2급
2025-03-19 12:56:24,2025-03-19 13:53:24,2025-03-19 12:57:24,2025-03-19 12:58:47.178431,2025-03-19 13:27:08.097910,,성동구,1동,영등포구,3동,출퇴근,2648,9.1,일반 세단형,시각장애 1급
2025-04-23 01:53:56,2025-04-23 04:42:56,,,,2025-04-23 02:00:56,종로구,2동,구로구,2동,재활 치료,1500,2.9,휠체어 탑승형 대형,시각장애 1급
2025-12-19 10:38:42,2025-12-19 12:22:42,2025-12-19 10:42:30.322488,2025-12-19 10:43:30.322488,2025-12-19 11:03:04.124654,,영등포구,1동,,3동,학교 등하교,2284,7.8,기타 차량,신장장애
2025-07-03 12:59:21,2025-07-03 14:55:21,2025-07-03 13:16:05.914604,2025-07-03 13:41:27.198263,2025-07-03 14:13:43.769037,,중구,1동,관악구,2동,관공서 방문,2942,10.6,휠체어 탑승형 대형,뇌병변장애 1급
2025-07-27 12:38:08,2025-07-27 14:20:08,2025-07-27 12:59:12.881182,2025-07-27 13:01:14.074996,2025-07-27 13:23:25.348460,,강서구,1동, 강남구 ,3동,재활 치료,2424,8.3,기타 차량,신장장애
2025-06-23 10:28:52,2025-06-23 12:42:52,2025-06-23 10:43:00.237772,2025-06-23 10:44:00.237772,2025-06-23 10:58:30.675155,,동대문구,1동,양천구,1동,병원 진료,1780,6.0,휠체어 탑승형 중형,지체장애 1급
2025-04-18 18:38:50,2025-04-18 20:08:50,,,,2025-04-18 18:48:50,강북구,3동,종로구,3동,병원 진료,1500,4.0,일반 세단형,국가유공자(상이)
2025-05-12 17:57:06,2025-05-12 19:49:06,2025-05-12 18:01:09.956878,2025-05-12 18:24:35.202546,2025-05-12 18:42:52.964206,,강북구,1동,동작구,3동,직업훈련,1640,5.5,일반 세단형,국가유공자(상이)
2025-06-02 08:05:56,2025-06-02 09:05:56,2025-06-02 08:07:23.446294,2025-06-02 08:12:03.329742,2025-06-02 08:15:03.329742,,양천구,3동,중구,3동,출퇴근,1500,0.7,휠체어 탑승형 대형,지체장애 2급
2025-11-11 09:19:17,2025-11-11 11:45:17,2025-11-11 09:26:47.255583,2025-11-11 09:30:37.591946,2025-11-11 09:57:53.281619,,서초구,1동,중랑구,2동,출퇴근,2172,7.4,휠체어 탑승형 대형,뇌병변장애 2급
2025-01-15 17:35:53,2025-01-15 19:28:53,,,,2025-01-15 17:57:53,금천구,3동,양천구,2동,학교 등하교,2284,7.8,일반 세단형,지체장애 1급
2025-06-08 16:54:31,2025-06-08 18:56:31,2025-06-08 17:05:02.062783,2025-06-08 17:06:20.174359,2025-06-08 17:48:05.875081,,서초구,2동,강남구,1동,관공서 방문,3292,15.6,기타 차량,지체장애 1급
2025-02-03 06:11:50,2025-02-03 08:16:50,2025-02-03 06:21:49.961571,2025-02-03 06:39:11.745591,2025-02-03 07:02:09.896392,,노원구,1동,양천구,2동,학교 등하교,2172,7.4,기타 차량,뇌병변장애 2급
2025-09-24 10:50:38,2025-09-24 12:52:38,2025-09-24 10:55:47.997304,2025-09-24 11:00:27.438223,2025-09-24 11:38:58.583601,,금천구,3동,관악구,3동,직업훈련,3236,14.8,휠체어 탑승형 중형,시각장애 1급
2025-05-28 12:38:39,2025-05-28 13:54:39,2025-05-28 12:44:07.079711,2025-05-28 12:49:00.057363,2025-05-28 13:09:26.493196,,강북구,3동,동대문구,1동,병원 진료,1612,5.4,일반 세단형,신장장애
2025-01-21 12:14:21,2025-01-21 13:40:21,2025-01-21 12:30:58.288508,2025-01-21 12:31:58.288508,2025-01-21 13:19:00.529722,,강북구,1동,도봉구,3동,여가 활동,3243,14.9,일반 세단형,뇌병변장애 2급
2025-03-27 14:36:48,2025-03-27 17:15:48,2025-03-27 14:39:46.864039,2025-03-27 14:47:07.231344,2025-03-27 15:40:08.862902,,노원구,2동,동작구,1동,복지관 이용,3264,15.2,휠체어 탑승형 대형,시각장애 1급
2025-04-10 08:12:05,2025-04-10 08:27:05,2025-04-10 08:18:15.718898,2025-04-10 08:34:58.374710,2025-04-10 08:55:06.958474,,송파구,1동,양천구,3동,주간보호센터,1612,5.4,휠체어 탑승형 중형,국가유공자(상이)
2025-02-09 00:22:14,2025-02-09 01:54:14,,,,2025-02-09 00:35:14,강서구,3동,강남구,1동,관공서 방문,1500,4.6,휠체어 탑승형 중형,국가유공자(상이)
2025-12-04 17:46:05,2025-12-04 20:12:05,2025-12-04 18:13:45.727516,2025-12-04 18:22:57.252914,2025-12-04 18:42:38.714862,,중구,1동,용산구,2동,직업훈련,2368,8.1,휠체어 탑승형 대형,국가유공자(상이)
2025-05-17 16:40:47,2025-05-17 17:25:47,2025-05-17 17:10:38.781238,2025-05-17 17:11:38.781238,2025-05-17 17:21:07.318197,,관악구,2동,영등포구,2동,주간보호센터,1500,3.3,휠체어 탑승형 대형,지체장애 1급
2025-09-26 14:17:08,2025-09-26 15:07:08,2025-09-26 14:28:50.195143,2025-09-26 14:29:50.195143,2025-09-26 14:36:51.149461,,강서구,3동,서초구,1동,주간보호센터,1500,2.5,일반 세단형,시각장애 1급
2025-09-13 18:36:32,2025-09-13 21:12:32,2025-09-13 19:01:06.758845,2025-09-13 19:03:19.500503,2025-09-13 19:59:46.650855,,서대문구,2동,종로구,1동,병원 진료,3565,19.5,일반 세단형,뇌병변장애 2급
2025-11-30 16:03:29,2025-11-30 17:58:29,2025-11-30 16:09:55.836827,2025-11-30 16:13:56.721792,2025-11-30 16:35:13.894633,,서대문구,2동,용산구,1동,경조사,1640,5.5,기타 차량,신장장애
2025-01-27 09:07:27,2025-01-27 10:34:27,2025-01-27 09:16:33.932271,2025-01-27 09:22:13.606653,2025-01-27 09:49:47.439845,,동작구,2동,강남구,3동,출퇴근,2788,9.6,일반 세단형,지체장애 2급
2025-10-03 14:42:05,2025-10-03 17:07:05,2025-10-03 15:02:21.360194,2025-10-03 15:27:18.627416,2025-10-03 16:16:10.986392,,중랑구,2동,도봉구,1동,복지관 이용,3558,19.4,휠체어 탑승형 대형,지체장애 2급
2025-06-18 19:21:42,2025-06-18 20:18:42,2025-06-18 19:30:44.501744,2025-06-18 19:49:24.695236,2025-06-18 19:57:55.493144,,도봉구,1동,강남구,1동,경조사,1500,3.0,휠체어 탑승형 중형,뇌병변장애 2급
2025-11-21 03:01:34,2025-11-21 04:08:34,2025-11-21 03:20:28.263149,2025-11-21 03:22:20.447533,2025-11-21 04:06:49.235930,,영등포구,2동,동대문구,1동,재활 치료,3180,14.0,휠체어 탑승형 중형,뇌병변장애 1급
2025-05-06 20:56:38,2025-05-06 22:35:38,2025-05-06 21:20:02.510705,2025-05-06 21:43:37.993441,2025-05-06 22:30:51.674105,,구로구,1동,종로구,2동,기타,3180,14.0,휠체어 탑승형 대형,지체장애 1급
2025-12-13 07:50:11,2025-12-13 09:21:11,2025-12-13 07:55:18.531340,2025-12-13 08:03:04.722422,2025-12-13 08:08:05.514953,,서초구,3동,노원구,3동,직업훈련,1500,1.9,휠체어 탑승형 중형,시각장애 1급
2025-09-12 15:23:15,2025-09-12 15:41:15,2025-09-12 15:29:53.887237,2025-09-12 15:51:06.887940,2025-09-12 16:14:12.981359,,동대문구,3동,구로구,1동,복지관 이용,2704,9.3,기타 차량,뇌병변장애 2급
2025-09-12 09:36:30,2025-09-12 11:51:30,2025-09-12 09:52:26.461139,2025-09-12 09:56:41.269604,2025-09-12 10:09:30.172064,,도봉구,2동,서초구,2동,복지관 이용,1500,3.8,휠체어 탑승형 중형,지체장애 1급
2025-12-14 09:37:14,2025-12-14 11:56:14,2025-12-14 09:59:02.382719,2025-12-14 10:00:02.382719,2025-12-14 10:33:58.609032,,강남구,3동,노원구,3동,재활 치료,3124,13.2,일반 세단형,지체장애 2급
2025-09-17 19:16:25,2025-09-17 19:26:25,2025-09-17 19:36:02.033609,2025-09-17 19:41:03.261940,2025-09-17 20:20:20.665228,,부산 해운대구,2동,강동구,3동,관공서 방문,3327,16.1,휠체어 탑승형 중형,뇌병변장애 2급
2025-01-31 06:53:23,2025-01-31 09:02:23,2025-01-31 07:04:38.452140,2025-01-31 07:06:57.535645,2025-01-31 07:28:32.496724,,은평구,3동,마포구,3동,학교 등하교,2004,6.8,일반 세단형,국가유공자(상이)
2025-03-19 11:17:10,2025-03-19 12:48:10,2025-03-19 11:19:40.338468,2025-03-19 11:22:43.908768,2025-03-19 11:58:50.568151,,도봉구,1동,동대문구,1동,복지관 이용,3138,13.4,휠체어 탑승형 대형,뇌병변장애 2급
2025-01-26 18:23:37,2025-01-26 21:11:37,2025-01-26 18:46:06.058280,2025-01-26 18:48:22.734857,2025-01-26 18:59:30.459880,,동작구,3동,송파구,3동,병원 진료,1500,4.6,휠체어 탑승형 중형,신장장애
2025-05-27 11:21:10,2025-05-27 12:10:10,2025-05-27 11:30:27.271321,2025-05-27 11:34:23.508453,2025-05-27 12:00:27.367311,,동작구,3동,동대문구,1동,경조사,2676,9.2,휠체어 탑승형 대형,지체장애 1급
2025-03-02 12:52:16,2025-03-02 14:35:16,2025-03-02 13:02:21.542535,2025-03-02 13:16:35.736759,2025-03-02 13:56:37.411640,,송파구,3동,강남구,1동,복지관 이용,3012,11.6,휠체어 탑승형 대형,시각장애 1급
2025-05-04 07:23:52,2025-05-04 08:41:52,2025-05-04 07:36:11.745792,2025-05-04 07:59:18.013988,2025-05-04 08:44:29.958032,,은평구,3동,광진구,2동,여가 활동,3334,16.2,기타 차량,뇌병변장애 1급
2025-12-02 15:48:26,2025-12-02 17:31:26,,,,2025-12-02 16:00:26,마포구,1동,구로구,3동,재활 치료,2452,8.4,일반 세단형,시각장애 1급
2025-12-05 21:00:10,2025-12-05 22:36:10,2025-12-05 21:27:31.988461,2025-12-05 21:37:47.678205,2025-12-05 22:50:14.653610,,서대문구,1동,종로구,2동,재활 치료,4076,26.8,일반 세단형,지체장애 1급
2025-10-28 20:33:14,2025-10-28 23:11:14,2025-10-28 21:13:00.245813,2025-10-28 21:18:08.080662,2025-10-28 21:36:06.665571,,서초,1동,성동구,3동,복지관 이용,1500,4.6,일반 세단형,국가유공자(상이)
2025-05-29 17:41:05,2025-05-29 18:22:05,2025-05-29 18:07:40.581703,2025-05-29 18:08:40.581703,2025-05-29 18:52:10.362643,,강북구,1동,금천구,3동,경조사,3229,14.7,기타 차량,시각장애 1급
2025-03-23 16:13:43,2025-03-23 18:11:43,2025-03-23 16:19:38.581572,2025-03-23 16:21:14.865643,2025-03-23 17:01:39.599857,,용산구,2동,성북구,1동,병원 진료,2928,10.4,휠체어 탑승형 대형,신장장애
2025-07-13 08:42:59,2025-07-13 11:29:59,2025-07-13 08:59:12.431090,2025-07-13 09:04:55.682078,2025-07-13 09:57:00.006795,,강동구,1동,동작구,1동,출퇴근,3572,19.6,일반 세단형,뇌병변장애 1급
2025-03-26 07:47:24,2025-03-26 08:58:24,,,,2025-03-26 08:17:24,은평구,3동,노원구,1동,직업훈련,2956,10.8,기타 차량,지체장애 2급
2025-09-16 15:15:34,2025-09-16 17:41:34,2025-09-16 15:17:56.049365,2025-09-16 15:29:25.626657,2025-09-16 16:05:13.329719,,송파구,2동,성북구,2동,기타,3047,12.1,휠체어 탑승형 대형,시각장애 1급
2025-11-03 11:48:25,2025-11-03 13:34:25,2025-11-03 11:57:08.481198,2025-11-03 11:59:42.979765,2025-11-03 13:01:31.117450,,중구,3동,은평구,2동,출퇴근,3285,15.5,휠체어 탑승형 대형,신장장애
2025-03-14 14:28:04,2025-03-14 16:52:04,2025-03-14 14:35:37.827307,2025-03-14 14:40:51.453496,2025-03-14 15:11:41.131450,,광진구,1동,금천구,2동,경조사,2998,11.4,기타 차량,국가유공자(상이)
2025-04-30 17:07:02,2025-04-30 17:45:02,2025-04-30 17:16:09.021185,2025-04-30 17:22:25.022984,2025-04-30 18:09:31.495507,,노원구,2동,동대문구,3동,여가 활동,3236,14.8,기타 차량,뇌병변장애 2급
2025-12-22 05:54:40,2025-12-22 07:12:40,2025-12-22 06:26:02.586576,2025-12-22 06:32:53.519986,2025-12-22 06:51:58.049632,,강동구,3동,영등포구,1동,관공서 방문,2116,7.2,기타 차량,뇌병변장애 1급
2025-01-23 08:58:55,2025-01-23 10:46:55,2025-01-23 09:01:44.976738,2025-01-23 09:03:00.264049,2025-01-23 09:21:46.411987,,동대문구,1동,중구,3동,출퇴근,2004,6.8,기타 차량,지체장애 1급
2025-11-10 13:51:25,2025-11-10 14:59:25,2025-11-10 13:55:48.700106,2025-11-10 14:13:21.917514,2025-11-10 14:25:56.294559,,구로구,2동,영등포구,3동,경조사,1528,5.1,휠체어 탑승형 대형,신장장애
2025-10-05 08:35:20,2025-10-05 10:55:20,2025-10-05 08:41:16.420301,2025-10-05 09:01:17.105719,2025-10-05 09:54:06.757259,,종로구,3동,송파구,1동,여가 활동,3684,21.2,휠체어 탑승형 중형,국가유공자(상이)
2025-06-02 17:43:59,2025-06-02 20:24:59,2025-06-02 18:15:56.600278,2025-06-02 18:27:57.310376,2025-06-02 19:07:21.191863,,송파구,3동,서대문구,3동,직업훈련,3089,12.7,휠체어 탑승형 대형,뇌병변장애 2급
2025-11-18 13:07:23,2025-11-18 16:07:23,2025-11-18 13:20:05.278897,2025-11-18 13:28:47.400150,2025-11-18 13:39:37.555424,,마포구,2동,중랑구,2동,여가 활동,1500,3.1,휠체어 탑승형 중형,뇌병변장애 2급
2025-03-29 08:44:43,2025-03-29 10:11:43,2025-03-29 09:18:28.046707,2025-03-29 09:51:33.021017,2025-03-29 10:36:56.081395,,구로구,3동,,2동,재활 치료,3152,13.6,기타 차량,시각장애 1급
2025-08-30 17:20:24,2025-08-30 20:19:24,2025-08-30 17:48:08.180047,2025-08-30 18:03:48.576335,2025-08-30 18:36:48.396786,,성동구,2동,서대문구,3동,병원 진료,2788,9.6,휠체어 탑승형 대형,지체장애 1급
2025-09-17 11:04:19,2025-09-17 12:09:19,,,,2025-09-17 11:26:19,도봉구,1동,마포구,1동,출퇴근,3012,11.6,휠체어 탑승형 중형,신장장애
2025-06-21 05:50:55,2025-06-21 07:18:55,2025-06-21 05:51:55,2025-06-21 05:58:41.352557,2025-06-21 06:20:06.078304,,성북구,3동,용산구,2동,주간보호센터,2340,8.0,일반 세단형,국가유공자(상이)
2025-06-13 15:21:34,2025-06-13 17:24:34,2025-06-13 15:42:44.304284,2025-06-13 15:44:25.886083,2025-06-13 15:53:05.773477,,마포구,2동,송파구,1동,직업훈련,1500,3.4,일반 세단형,뇌병변장애 1급
2025-08-02 18:45:28,2025-08-02 20:48:28,2025-08-02 18:56:06.270987,2025-08-02 19:03:40.137557,2025-08-02 19:40:01.169044,,강서구,3동,광진구,3동,기타,3145,13.5,휠체어 탑승형 중형,지체장애 2급
2025-11-29 09:47:52,2025-11-29 10:49:52,2025-11-29 10:19:24.498380,2025-11-29 10:20:24.498380,2025-11-29 10:41:09.966749,,마포구,2동,관악구,3동,병원 진료,2228,7.6,일반 세단형,신장장애
2025-12-05 08:08:31,2025-12-05 10:23:31,2025-12-05 08:10:06.323234,2025-12-05 08:12:50.331978,2025-12-05 08:53:00.946273,,종로구,1동,광진구,2동,직업훈련,3271,15.3,기타 차량,뇌병변장애 2급
2025-09-27 08:25:15,2025-09-27 09:15:15,2025-09-27 09:14:44.543578,2025-09-27 09:18:55.240689,2025-09-27 09:38:15.798031,,양천구,3동,종로구,1동,학교 등하교,2088,7.1,휠체어 탑승형 대형,신장장애
2025-05-13 18:16:58,2025-05-13 19:05:58,2025-05-13 19:16:16.020781,2025-05-13 19:17:44.555120,2025-05-13 19:42:34.387614,,광진구,1동,구로구,1동,병원 진료,2424,8.3,기타 차량,뇌병변장애 2급
2025-06-09 18:48:18,2025-06-09 21:09:18,2025-06-09 18:52:45.438529,2025-06-09 18:57:24.597726,2025-06-09 19:26:16.348985,,광진구,3동,서초구,2동,병원 진료,2256,7.7,일반 세단형,지체장애 2급
2025-11-01 15:49:09,2025-11-01 16:35:09,2025-11-01 15:51:01.489769,2025-11-01 15:59:54.520449,2025-11-01 16:19:42.867382,,송파구,3동,종로구,2동,주간보호센터,1892,6.4,휠체어 탑승형 중형,뇌병변장애 1급
2025-08-10 07:36:25,2025-08-10 09:36:25,2025-08-10 07:57:28.829115,2025-08-10 08:07:03.420222,2025-08-10 08:14:59.457327,,서초구,3동,송파구,1동,기타,1500,2.7,일반 세단형,지체장애 2급
2025-03-05 10:57:23,2025-03-05 11:51:23,2025-03-05 10:58:23,2025-03-05 11:11:17.172287,2025-03-05 11:46:51.662344,,중구,2동,관악구,2동,기타,2977,11.1,일반 세단형,뇌병변장애 2급
2025-01-14 17:31:08,2025-01-14 19:43:08,2025-01-14 18:13:39.728205,2025-01-14 18:24:58.447756,2025-01-14 18:38:44.347737,,성동구,3동,송파구,2동,재활 치료,1696,5.7,일반 세단형,지체장애 1급
2025-01-01 12:06:37,2025-01-01 13:29:37,2025-01-01 12:07:43.114168,2025-01-01 12:17:18.104132,2025-01-01 12:35:58.063540,,용산구,3동,동작구,2동,직업훈련,2144,7.3,기타 차량,국가유공자(상이)
2025-07-26 08:28:08,2025-07-26 10:24:08,2025-07-26 08:29:09.263141,2025-07-26 08:42:29.639848,2025-07-26 09:06:35.730838,,은평구,2동,강남구,3동,기타,2508,8.6,휠체어 탑승형 대형,지체장애 1급
2025-07-26 13:57:49,2025-07-26 15:12:49,2025-07-26 13:58:49,2025-07-26 14:03:12.359740,2025-07-26 14:56:34.416080,,동작구,3동,용산구,1동,주간보호센터,3509,18.7,휠체어 탑승형 대형,지체장애 2급
2025-03-02 12:36:22,2025-03-02 14:32:22,2025-03-02 12:55:29.554253,2025-03-02 13:17:09.053260,2025-03-02 13:29:34.101269,,관악구,2동,금천구,3동,관공서 방문,1500,3.8,일반 세단형,시각장애 1급
2025-04-06 18:41:09,2025-04-06 21:04:09,,,,2025-04-06 18:45:09,도봉구,3동,은평구,3동,관공서 방문,1500,2.4,휠체어 탑승형 대형,지체장애 1급
2025-07-11 17:56:39,2025-07-11 18:59:39,2025-07-11 18:56:34.453195,2025-07-11 18:57:34.453195,2025-07-11 19:18:42.166869,,금천구,2동,세종시,1동,관공서 방문,2564,8.8,휠체어 탑승형 대형,신장장애
2025-10-20 11:55:38,2025-10-20 14:51:38,2025-10-20 12:03:37.538795,2025-10-20 12:06:47.035738,2025-10-20 13:11:42.031800,,은평구,2동,서초구,3동,경조사,3929,24.7,휠체어 탑승형 대형,뇌병변장애 1급
2025-01-17 07:19:23,2025-01-17 10:13:23,2025-01-17 07:43:31.270698,2025-01-17 07:53:17.643309,2025-01-17 08:26:46.804491,,용산구,1동,용산구,2동,재활 치료,3131,13.3,휠체어 탑승형 중형,지체장애 2급
2025-06-17 14:52:11,2025-06-17 16:56:11,2025-06-17 15:10:33.208063,2025-06-17 15:28:52.414780,2025-06-17 16:14:02.531825,,송파구,3동,강서구,2동,기타,3215,14.5,일반 세단형,뇌병변장애 1급
2025-03-29 09:13:08,2025-03-29 11:26:08,2025-03-29 09:42:18.783542,2025-03-29 09:43:23.344590,2025-03-29 10:23:27.207978,,강북구,1동,중랑구,1동,재활 치료,2921,10.3,휠체어 탑승형 대형,국가유공자(상이)
2025-03-16 16:24:25,2025-03-16 16:57:25,2025-03-16 17:07:48.144817,2025-03-16 17:14:59.372846,2025-03-16 17:33:36.817312,,광진구,1동,구로구,2동,기타,1864,6.3,휠체어 탑승형 대형,뇌병변장애 1급
2025-10-06 14:05:57,2025-10-06 16:39:57,,,,2025-10-06 14:20:57,성북구,3동,강동구,2동,여가 활동,1808,6.1,기타 차량,뇌병변장애 2급
2025-03-07 18:12:05,2025-03-07 21:05:05,2025-03-07 18:18:48.772885,2025-03-07 18:19:48.816462,2025-03-07 19:14:01.996579,,동대문구,2동,도봉구,3동,학교 등하교,3474,18.2,휠체어 탑승형 대형,뇌병변장애 1급
2025-09-27 15:21:51,2025-09-27 16:03:51,2025-09-27 15:40:05.074498,2025-09-27 15:50:01.869970,2025-09-27 16:09:42.453065,,강서구,1동,서초구,2동,병원 진료,1920,6.5,휠체어 탑승형 중형,지체장애 2급
2025-04-09 18:30:20,2025-04-09 19:38:20,2025-04-09 18:43:21.200685,2025-04-09 18:45:32.403272,2025-04-09 20:06:57.048885,,도봉구,2동,서대문구,2동,여가 활동,3684,21.2,휠체어 탑승형 중형,지체장애 2급
2025-09-07 19:11:24,2025-09-07 20:40:24,2025-09-07 19:26:41.406627,2025-09-07 19:47:58.021907,2025-09-07 20:12:34.308479,,동대문구,3동,용산구,1동,학교 등하교,2788,9.6,휠체어 탑승형 중형,지체장애 1급
2025-12-10 10:54:50,2025-12-10 13:13:50,2025-12-10 10:59:54.897250,2025-12-10 11:06:44.962772,2025-12-10 11:17:27.865753,,금천구,1동,구로구,2동,관공서 방문,1500,3.4,일반 세단형,뇌병변장애 2급
2025-01-31 09:20:10,2025-01-31 11:22:10,2025-01-31 09:24:20.057492,2025-01-31 09:40:36.273187,2025-01-31 10:20:05.618557,,영등포구,3동,금천구,2동,관공서 방문,3152,13.6,일반 세단형,지체장애 1급
2025-08-12 09:04:34,2025-08-12 09:39:34,2025-08-12 10:15:53.856845,2025-08-12 10:25:51.883877,2025-08-12 10:56:35.202914,,강서구,3동,영등포구,2동,출퇴근,3033,11.9,기타 차량,뇌병변장애 2급
2025-08-07 16:59:39,2025-08-07 18:24:39,2025-08-07 17:06:08.977459,2025-08-07 17:17:26.103463,2025-08-07 18:02:23.481649,,동작구,3동,양천구,3동,출퇴근,3369,16.7,일반 세단형,신장장애
2025-06-06 01:30:19,2025-06-06 02:57:19,2025-06-06 01:59:51.980921,2025-06-06 02:05:07.756603,2025-06-06 02:28:31.051791,,양천구,3동,용산구,2동,관공서 방문,2060,7.0,일반 세단형,뇌병변장애 2급
0000-00-00,2025-10-09 01:15:17,2025-10-09 00:41:54.401531,2025-10-09 00:57:44.200959,2025-10-09 01:31:36.522388,,중랑구,2동,강동구,2동,주간보호센터,2935,10.5,일반 세단형,국가유공자(상이)
2025-11-15 06:22:24,2025-11-15 07:56:24,2025-11-15 06:27:33.043006,2025-11-15 06:40:27.647876,2025-11-15 07:04:50.446882,,강동구,2동,성북구,2동,병원 진료,2284,7.8,휠체어 탑승형 대형,지체장애 2급
2025-09-26 07:33:40,2025-09-26 07:48:40,2025-09-26 07:52:29.230164,2025-09-26 08:08:31.266758,2025-09-26 08:30:55.916898,,노원구,1동,강남구,2동,학교 등하교,2648,9.1,휠체어 탑승형 대형,지체장애 2급
2025-10-25 09:01:42,2025-10-25 10:09:42,2025-10-25 09:35:36.495085,2025-10-25 09:42:18.275830,2025-10-25 10:17:44.139184,,종로구,3동,송파구,1동,주간보호센터,2592,8.9,휠체어 탑승형 대형,지체장애 2급
2025-09-20 10:06:44,2025-09-20 12:16:44,2025-09-20 10:34:55.988787,2025-09-20 10:45:33.078023,2025-09-20 11:45:04.903422,,강서구,3동,용산구,2동,경조사,3411,17.3,기타 차량,국가유공자(상이)
2025-05-24 10:15:30,2025-05-24 12:27:30,2025-05-24 10:19:07.499379,2025-05-24 11:09:44.084813,2025-05-24 11:18:46.205602,,성북구,2동,영등포구,3동,경조사,1500,2.7,기타 차량,뇌병변장애 1급
2025-10-08 14:36:03,2025-10-08 16:44:03,2025-10-08 14:37:24.421176,2025-10-08 14:48:04.664348,2025-10-08 15:15:57.772142,,서울 강남구,2동,강서구,3동,재활 치료,2564,8.8,휠체어 탑승형 중형,신장장애
2025-06-13 08:26:02,2025-06-13 09:39:02,,,,2025-06-13 08:37:02,강남구,1동,송파구,2동,재활 치료,2970,11.0,휠체어 탑승형 대형,지체장애 1급
2025-01-13 06:39:43,2025-01-13 07:33:43,2025-01-13 06:42:49.570876,2025-01-13 06:49:38.294228,2025-01-13 07:38:03.960586,,구로구,3동,구로구,3동,병원 진료,3264,15.2,기타 차량,지체장애 2급
2025-12-01 14:23:36,2025-12-01 17:08:36,2025-12-01 14:27:00.806342,2025-12-01 14:45:24.185268,2025-12-01 15:24:04.433022,,노원구,2동,서초구,1동,주간보호센터,2907,10.1,휠체어 탑승형 중형,신장장애
2025-03-19 10:48:03,2025-03-19 13:04:03,,,,2025-03-19 11:07:03,관악구,3동,중구,3동,기타,2914,10.2,휠체어 탑승형 대형,지체장애 2급
2025-05-04 11:15:35,2025-05-04 13:20:35,2025-05-04 12:39:24.835426,2025-05-04 12:57:05.071281,2025-05-04 13:28:11.789306,,서초구,1동,광진구,1동,여가 활동,3040,12.0,일반 세단형,지체장애 2급
2025-09-04 09:09:48,2025-09-04 10:36:48,,,,2025-09-04 09:14:48,구로구,1동,마포구,2동,주간보호센터,2844,9.8,휠체어 탑승형 대형,지체장애 1급
2025-09-29 11:56:13,2025-09-29 12:29:13,2025-09-29 12:55:56.379055,2025-09-29 13:20:42.074810,2025-09-29 13:58:36.530862,,용산구,2동,강북구,1동,직업훈련,2788,9.6,일반 세단형,뇌병변장애 1급
2025-10-09 08:01:33,2025-10-09 08:47:33,2025-10-09 08:04:43.373899,2025-10-09 08:15:06.248305,2025-10-09 08:32:49.816158,,강동구,3동,송파구,1동,기타,2116,7.2,휠체어 탑승형 중형,뇌병변장애 2급
2025-09-04 10:45:50,2025-09-04 12:28:50,2025-09-04 10:56:00.111481,2025-09-04 11:02:58.382547,2025-09-04 11:20:20.921476,,강북구,2동,성동구,3동,경조사,1500,4.9,기타 차량,지체장애 2급
2025-09-01 14:26:47,2025-09-01 16:42:47,2025-09-01 15:04:41.981388,2025-09-01 15:41:01.029766,2025-09-01 15:54:59.727711,,구로구,1동,서대문구,2동,병원 진료,1500,4.1,일반 세단형,지체장애 2급
2025-01-17 13:58:46,2025-01-17 15:17:46,2025-01-17 14:34:35.499165,2025-01-17 14:41:10.155645,2025-01-17 15:14:08.185286,,강남구,1동,송파구,1동,학교 등하교,3103,12.9,휠체어 탑승형 대형,뇌병변장애 2급
2025-05-20 09:46:39,2025-05-20 11:52:39,2025-05-20 09:53:23.169787,,,2025-05-20 10:02:23.169787,서대문구,3동,노원구,2동,기타,3467,18.1,휠체어 탑승형 중형,뇌병변장애 2급
2025-10-14 12:46:37,2025-10-14 14:28:37,2025-10-14 12:47:37,2025-10-14 12:51:07.251287,2025-10-14 13:22:49.310598,,중랑구,3동,도봉구,1동,주간보호센터,2340,8.0,일반 세단형,지체장애 2급
2025-08-24 14:14:38,2025-08-24 16:58:38,2025-08-24 14:37:07.442487,2025-08-24 14:45:14.922129,2025-08-24 15:09:31.958703,,금천구,1동,강남구,2동,관공서 방문,2536,8.7,휠체어 탑승형 중형,시각장애 1급
2025-02-07 16:20:44,2025-02-07 17:46:44,2025-02-07 16:41:25.196477,2025-02-07 16:45:10.378735,2025-02-07 17:10:41.396224,,서초구,1동,서울 서초구,2동,재활 치료,2368,8.1,기타 차량,뇌병변장애 2급
2025-04-27 15:27:44,2025-04-27 16:37:44,2025-04-27 15:45:11.986612,2025-04-27 15:46:11.986612,2025-04-27 16:16:12.994443,,노원구,2동,도봉구,3동,출퇴근,2704,9.3,기타 차량,지체장애 1급
2025-01-05 17:07:39,2025-01-05 19:12:39,2025-01-05 17:18:32.233272,2025-01-05 17:28:06.965079,2025-01-05 18:03:35.697146,,도봉구,2동,동작구,3동,경조사,2998,11.4,휠체어 탑승형 대형,지체장애 1급
2025-04-11 12:51:35,2025-04-11 13:35:35,2025-04-11 13:26:58.273948,2025-04-11 13:32:41.901266,2025-04-11 14:01:06.711180,,성북구,1동,강동구,2동,경조사,3012,11.6,일반 세단형,뇌병변장애 1급
2025-11-30 17:12:05,2025-11-30 18:01:05,2025-11-30 17:24:26.352664,2025-11-30 17:27:15.822305,2025-11-30 18:07:03.156543,,도봉구,2동,관악구,2동,병원 진료,3103,12.9,휠체어 탑승형 대형,지체장애 2급
2025-12-21 21:59:17,2025-12-21 23:18:17,2025-12-21 22:06:58.185309,2025-12-21 22:27:54.252207,2025-12-21 22:48:31.333430,,동대문구,1동,영등포구,2동,경조사,2032,6.9,일반 세단형,뇌병변장애 1급
2025-10-08 11:36:03,2025-10-08 12:58:03,2025-10-08 11:55:27.308956,2025-10-08 12:16:56.823684,2025-10-08 12:37:52.644881,,종로구,2동,송파구,1동,여가 활동,2424,8.3,휠체어 탑승형 대형,지체장애 1급
2025-09-12 15:30:25,2025-09-12 16:32:25,2025-09-12 15:44:19.707811,2025-09-12 15:52:02.539009,2025-09-12 16:26:36.256845,,성동구,3동,서대문구,2동,여가 활동,3040,12.0,기타 차량,지체장애 2급
2025-08-10 21:00:56,2025-08-10 23:46:56,2025-08-10 21:09:30.101808,2025-08-10 21:13:58.312705,2025-08-10 21:38:54.985599,,강남구,2동,관악구,2동,주간보호센터,2704,9.3,휠체어 탑승형 중형,뇌병변장애 1급
2025-09-11 17:23:25,2025-09-11 19:41:25,2025-09-11 17:48:19.973121,2025-09-11 17:49:19.973121,2025-09-11 18:07:40.783084,,금천구,3동,양천구,1동,학교 등하교,1724,5.8,휠체어 탑승형 중형,뇌병변장애 2급
2025-08-06 17:24:52,2025-08-06 19:34:52,2025-08-06 17:27:50.338273,2025-08-06 17:29:42.703397,2025-08-06 17:51:03.173977,,강남구,3동,동대문구,1동,기타,2536,8.7,기타 차량,지체장애 2급
2025-05-16 19:05:26,2025-05-16 21:49:26,2025-05-16 19:30:50.994136,2025-05-16 19:41:09.787204,2025-05-16 20:26:44.471587,,강북구,2동,성동구,2동,출퇴근,2998,11.4,기타 차량,지체장애 2급
2025-10-08 02:16:52,2025-10-08 04:26:52,,,,2025-10-08 02:30:52,강남구,1동,강동구,1동,재활 치료,1500,3.2,휠체어 탑승형 대형,지체장애 1급
2025-06-22 08:27:21,2025-06-22 09:34:21,2025-06-22 08:29:50.620943,2025-06-22 08:30:50.620943,2025-06-22 08:47:06.676942,,강서구,3동,강서구,2동,복지관 이용,1500,4.8,휠체어 탑승형 대형,뇌병변장애 1급
2025-02-10 17:52:44,2025-02-10 18:28:44,2025-02-10 18:12:19.470138,2025-02-10 18:28:02.900687,2025-02-10 18:51:06.051909,,송파구,2동,서초,3동,기타,2200,7.5,휠체어 탑승형 중형,지체장애 2급
2025-04-17 04:03:35,2025-04-17 04:16:35,2025-04-17 04:05:30.115252,2025-04-17 04:10:58.551695,2025-04-17 04:36:52.326828,,도봉구,2동,관악구,2동,관공서 방문,2480,8.5,휠체어 탑승형 대형,국가유공자(상이)
2025-08-19 11:49:41,2025-08-19 12:20:41,2025-08-19 11:51:21.723320,2025-08-19 11:52:21.723320,2025-08-19 12:18:00.283555,,마포구,1동,동대문구,3동,학교 등하교,2200,7.5,휠체어 탑승형 중형,시각장애 1급
2025-10-08 07:47:32,2025-10-08 08:42:32,2025-10-08 07:54:27.166559,2025-10-08 08:10:00.368302,2025-10-08 09:04:28.257325,,강남,3동,금천구,3동,직업훈련,3698,21.4,기타 차량,지체장애 2급
2025-11-23 14:53:17,2025-11-23 15:18:17,2025-11-23 15:05:12.230945,,,2025-11-23 15:07:12.230945,광진구,1동,강동구,1동,병원 진료,1500,3.0,일반 세단형,지체장애 2급
2025-03-02 19:15:55,2025-03-02 20:50:55,2025-03-02 19:29:00.085138,2025-03-02 19:37:32.652781,2025-03-02 20:28:23.319639,,광진구,3동,광진구,3동,병원 진료,3334,16.2,휠체어 탑승형 중형,신장장애
2025-11-16 07:04:00,2025-11-16 07:54:00,2025-11-16 07:07:54.216782,2025-11-16 07:10:37.072125,2025-11-16 07:49:10.316614,,성동구,3동,구로구,3동,병원 진료,2970,11.0,일반 세단형,국가유공자(상이)
2025-02-19 14:33:09,2025-02-19 17:08:09,2025-02-19 14:43:36.374395,2025-02-19 14:49:21.540931,2025-02-19 15:46:00.805799,,서초,2동,중구,1동,복지관 이용,3803,22.9,휠체어 탑승형 중형,지체장애 2급
2025-12-12 21:23:59,2025-12-12 23:33:59,2025-12-12 21:25:56.842664,2025-12-12 22:25:42.766589,2025-12-12 22:35:13.599398,,동대문구,1동,양천구,3동,여가 활동,1500,3.6,휠체어 탑승형 중형,국가유공자(상이)
2025-03-31 19:07:34,2025-03-31 21:17:34,2025-03-31 19:21:31.810548,2025-03-31 19:25:08.587073,2025-03-31 19:35:28.958258,,구로구,1동,영등포구,1동,직업훈련,1500,4.0,일반 세단형,신장장애
2025-05-29 02:46:08,2025-05-29 05:13:08,2025-05-29 02:50:23.745688,2025-05-29 02:58:04.087968,2025-05-29 03:56:49.199368,,서초구,2동,광진구,2동,주간보호센터,3726,21.8,일반 세단형,지체장애 2급
2025-05-02 20:12:24,2025-05-02 23:10:24,2025-05-02 20:29:46.264505,2025-05-02 20:30:56.565543,2025-05-02 20:47:36.897749,,성동구,1동,용산구,2동,관공서 방문,1640,5.5,기타 차량,뇌병변장애 2급
2025-12-25 17:38:59,2025-12-25 18:26:59,2025-12-25 17:41:25.291750,2025-12-25 17:49:22.241388,2025-12-25 17:59:23.874077,,구로구,2동,성동구,1동,주간보호센터,1500,3.1,일반 세단형,지체장애 2급
2025-01-23 10:00:56,2025-01-23 12:31:56,2025-01-23 10:06:05.781803,2025-01-23 10:16:02.158665,2025-01-23 10:33:21.375052,,강북구,1동,서대문구,2동,복지관 이용,1500,4.4,휠체어 탑승형 중형,신장장애
2025-06-11 17:46:07,2025-06-11 18:58:07,,,,2025-06-11 18:05:07,성동구,3동,성동구,1동,복지관 이용,2452,8.4,기타 차량,지체장애 1급
2025-02-07 12:08:21,2025-02-07 12:26:21,2025-02-07 12:19:39.624500,2025-02-07 12:27:59.758768,2025-02-07 12:59:56.410525,,양천구,1동,강남구,1동,관공서 방문,2592,8.9,휠체어 탑승형 대형,지체장애 2급
2025-04-25 07:03:50,2025-04-25 10:02:50,2025-04-25 07:08:33.927778,2025-04-25 07:12:58.846983,2025-04-25 07:43:11.420320,,서대문구,3동,광진구,1동,직업훈련,2480,8.5,일반 세단형,지체장애 2급
2025-08-31 09:56:01,2025-08-31 10:07:01,2025-08-31 10:26:32.067435,2025-08-31 10:28:04.472442,2025-08-31 10:46:22.845884,,금천구,1동,동작구,3동,병원 진료,1836,6.2,기타 차량,시각장애 1급
2025-05-05 12:30:44,2025-05-05 14:27:44,2025-05-05 13:34:06.348475,2025-05-05 13:51:50.049307,2025-05-05 14:09:29.523457,,서대문구,2동,용산구,3동,기타,1780,6.0,휠체어 탑승형 중형,뇌병변장애 2급
2025-09-11 07:39:39,2025-09-11 09:10:39,,,,2025-09-11 07:51:39,성동구,3동,동대문구,2동,경조사,2984,11.2,기타 차량,뇌병변장애 1급
2025-04-06 09:43:41,2025-04-06 11:06:41,2025-04-06 10:00:20.276371,2025-04-06 10:08:53.140947,2025-04-06 10:15:50.105790,,구로구,2동,중구,2동,병원 진료,1500,1.9,기타 차량,신장장애
2025-09-26 01:18:22,2025-09-26 04:05:22,2025-09-26 01:43:06.010530,2025-09-26 01:48:05.414321,2025-09-26 02:21:38.552474,,중랑구,1동,서대문구,1동,출퇴근,2998,11.4,휠체어 탑승형 중형,지체장애 1급
2025-09-08 08:27:07,2025-09-08 11:16:07,2025-09-08 08:34:56.352170,2025-09-08 08:38:28.510334,2025-09-08 09:09:51.588292,,강남구,3동,동작구,3동,기타,2676,9.2,휠체어 탑승형 중형,지체장애 1급
2025-04-29 16:13:07,2025-04-29 18:19:07,2025-04-29 16:29:52.185229,2025-04-29 16:33:52.630881,2025-04-29 17:00:41.791897,,동작구,1동,관악구,2동,주간보호센터,2004,6.8,기타 차량,신장장애
2025-05-14 08:23:23,2025-05-14 09:59:23,2025-05-14 09:25:25.067604,2025-05-14 09:26:25.067604,2025-05-14 09:49:48.996249,,용산구,3동,서대문구,1동,여가 활동,2004,6.8,휠체어 탑승형 대형,뇌병변장애 1급
2025-12-19 20:25:45,2025-12-19 21:52:45,2025-12-19 20:31:11.918784,2025-12-19 20:32:41.215629,2025-12-19 20:54:58.096448,,구로구,1동,종로구,3동,주간보호센터,2284,7.8,휠체어 탑승형 대형,신장장애
2025-01-13 18:27:02,2025-01-13 21:14:02,2025-01-13 18:28:42.585157,2025-01-13 18:58:27.472805,2025-01-13 19:14:35.131282,,성북구,3동,중랑구,2동,재활 치료,1948,6.6,일반 세단형,신장장애
2025-02-08 08:33:20,2025-02-08 09:57:20,2025-02-08 08:37:44.503648,2025-02-08 08:53:14.045217,2025-02-08 09:22:01.348717,,관악구,3동,동작구,1동,여가 활동,2452,8.4,휠체어 탑승형 중형,지체장애 2급
2025-02-14 08:20:27,2025-02-14 09:50:27,2025-02-14 08:22:09.340115,2025-02-14 08:24:35.275152,2025-02-14 09:14:44.201069,,광진구,1동,강북구,3동,직업훈련,3264,15.2,일반 세단형,지체장애 2급
2025-08-10 06:30:35,2025-08-10 06:47:35,2025-08-10 06:51:09.847383,,,2025-08-10 07:00:09.847383,용산구,1동,관악구,3동,여가 활동,2928,10.4,휠체어 탑승형 대형,지체장애 1급
2025-10-01 21:07:45,2025-10-01 23:55:45,2025-10-01 21:26:03.498503,2025-10-01 21:27:03.498503,2025-10-01 21:49:48.913901,,송파구,2동,서초구,3동,직업훈련,1920,6.5,휠체어 탑승형 대형,지체장애 1급
2025-02-02 21:38:59,2025-02-02 23:40:59,2025-02-02 22:07:33.069311,2025-02-02 22:16:06.496256,2025-02-02 22:42:22.713124,,관악구,3동,중랑구,3동,출퇴근,2144,7.3,휠체어 탑승형 중형,신장장애
2025-03-05 16:43:45,2025-03-05 19:41:45,2025-03-05 17:18:24.846371,2025-03-05 17:27:05.701561,2025-03-05 17:50:07.843088,,동대문구,2동,동대문구,3동,직업훈련,1948,6.6,기타 차량,시각장애 1급
2025-03-23 17:03:47,2025-03-23 19:01:47,2025-03-23 17:04:47,2025-03-23 17:16:30.101072,2025-03-23 17:30:40.468338,,관악구,3동,종로구,3동,출퇴근,1556,5.2,휠체어 탑승형 대형,신장장애
2025-02-23 16:05:24,2025-02-23 17:51:24,2025-02-23 16:29:15.424402,2025-02-23 16:42:35.022820,2025-02-23 17:31:27.987799,,용산구,1동,서초구,2동,재활 치료,3474,18.2,일반 세단형,뇌병변장애 1급
2025-03-21 08:39:33,2025-03-21 10:42:33,2025-03-21 08:47:11.189967,2025-03-21 08:54:48.871570,2025-03-21 09:33:07.228808,,관악구,3동,서초구,1동,복지관 이용,3264,15.2,휠체어 탑승형 중형,지체장애 2급
2025-08-14 17:52:40,2025-08-14 20:18:40,2025-08-14 18:14:07.132614,2025-08-14 18:26:31.961391,2025-08-14 18:48:55.802770,,서대문구,1동,송파구,3동,여가 활동,2396,8.2,휠체어 탑승형 중형,뇌병변장애 1급
2025-12-25 11:05:52,2025-12-25 11:56:52,2025-12-25 11:10:10.471462,2025-12-25 11:22:14.035694,2025-12-25 11:47:16.561014,,양천구,3동,양천구,1동,관공서 방문,2872,9.9,휠체어 탑승형 대형,뇌병변장애 1급
2025-07-02 10:14:32,2025-07-02 11:39:32,2025-07-02 11:47:00.770547,2025-07-02 12:00:10.536143,2025-07-02 12:38:34.845436,,금천구,2동,은평구,3동,경조사,3047,12.1,기타 차량,지체장애 2급
2025-05-16 08:37:16,2025-05-16 09:03:16,2025-05-16 08:57:07.700852,2025-05-16 09:20:03.771702,2025-05-16 10:16:51.384457,,중구,2동,성북구,3동,직업훈련,3600,20.0,일반 세단형,뇌병변장애 1급
2025-07-25 11:34:27,2025-07-25 11:49:27,2025-07-25 12:31:02.431133,2025-07-25 12:32:37.259473,2025-07-25 13:09:24.564559,,강남구,1동,동대문구,3동,병원 진료,3019,11.7,휠체어 탑승형 대형,뇌병변장애 2급
2025-04-19 18:54:44,2025-04-19 20:50:44,2025-04-19 19:49:41.213862,2025-04-19 19:52:44.436958,2025-04-19 20:36:09.378916,,은평구,2동,금천구,1동,관공서 방문,3005,11.5,일반 세단형,뇌병변장애 1급
2025-08-07 12:58:06,2025-08-07 14:44:06,2025-08-07 13:02:10.229037,2025-08-07 13:15:59.072029,2025-08-07 13:25:06.578054,,동작구,2동,노원구,1동,직업훈련,1500,2.3,휠체어 탑승형 대형,지체장애 1급
2025-07-17 12:18:31,2025-07-17 14:48:31,2025-07-17 12:24:44.932850,2025-07-17 12:36:59.669315,2025-07-17 13:09:59.005110,,서초구,2동,영등포구,2동,기타,2984,11.2,일반 세단형,신장장애
2025-01-17 08:22:38,2025-01-17 09:18:38,2025-01-17 08:24:56.932947,2025-01-17 08:27:02.998838,2025-01-17 08:58:46.019968,,도봉구,3동,강남구,3동,경조사,2921,10.3,일반 세단형,지체장애 1급
2025-12-09 10:43:31,2025-12-09 11:16:31,2025-12-09 10:50:01.759072,,,2025-12-09 10:54:01.759072,강남구,2동,중랑구,2동,관공서 방문,2480,8.5,일반 세단형,시각장애 1급
2025-10-24 07:49:37,2025-10-24 09:32:37,2025-10-24 08:02:37.742146,2025-10-24 08:05:53.999993,2025-10-24 08:32:39.993313,,중랑구,3동,노원구,2동,학교 등하교,2564,8.8,일반 세단형,뇌병변장애 1급
2025-10-24 18:41:59,2025-10-24 20:35:59,2025-10-24 18:43:36.996114,2025-10-24 18:51:21.187274,2025-10-24 19:25:36.508753,,관악구,1동,양천구,2동,직업훈련,3166,13.8,일반 세단형,뇌병변장애 2급
2025-02-07 17:44:34,2025-02-07 18:42:34,2025-02-07 17:53:34.930783,2025-02-07 18:02:37.143196,2025-02-07 18:41:44.520372,,은평구,2동,종로구,1동,주간보호센터,2872,9.9,기타 차량,뇌병변장애 2급
2025-12-20 15:56:03,2025-12-20 16:58:03,2025-12-20 16:34:44.914318,2025-12-20 16:49:01.077277,2025-12-20 17:15:10.619716,,강서구,3동,서초구,1동,복지관 이용,2340,8.0,휠체어 탑승형 대형,시각장애 1급
2025-10-23 16:07:19,2025-10-23 18:15:19,2025-10-23 16:10:31.721486,2025-10-23 16:11:31.721486,2025-10-23 16:25:08.732952,,종로구,1동,강남구,2동,출퇴근,1584,5.3,일반 세단형,지체장애 2급
2025-09-25 15:08:36,2025-09-25 17:41:36,2025-09-25 15:19:28.770009,2025-09-25 15:30:12.537298,2025-09-25 16:13:08.183283,,종로구,1동,서울 서초구,3동,직업훈련,3124,13.2,일반 세단형,지체장애 1급
2025-12-10 14:04:16,2025-12-10 17:03:16,2025-12-10 14:12:56.136107,2025-12-10 14:17:32.755572,2025-12-10 14:41:01.755396,,강서구,3동,강동구,3동,복지관 이용,2424,8.3,휠체어 탑승형 대형,시각장애 1급
2025-09-13 14:56:20,2025-09-13 16:33:20,2025-09-13 15:27:47.216531,2025-09-13 15:28:48.942302,2025-09-13 15:53:23.713192,,성북구,1동,서대문구,1동,주간보호센터,2340,8.0,일반 세단형,뇌병변장애 2급
2025-05-05 23:58:18,2025-05-06 02:28:18,2025-05-06 00:37:15.445054,2025-05-06 00:39:58.502010,2025-05-06 00:43:00.212545,,마포구,1동,용산구,1동,재활 치료,1500,1.2,기타 차량,시각장애 1급
2025-12-15 03:54:25,2025-12-15 04:53:25,2025-12-15 04:26:34.118071,2025-12-15 04:30:04.499342,2025-12-15 05:12:00.534988,,양천구,1동,송파구,2동,학교 등하교,3054,12.2,휠체어 탑승형 중형,시각장애 1급
2025-04-14 12:09:06,2025-04-14 12:59:06,2025-04-14 12:27:34.524308,2025-04-14 12:41:42.004429,2025-04-14 13:07:35.162155,,강동구,3동,마포구,2동,출퇴근,2935,10.5,휠체어 탑승형 중형,국가유공자(상이)
2025-06-29 15:51:09,2025-06-29 17:51:09,2025-06-29 16:50:53.408409,2025-06-29 16:51:53.408409,2025-06-29 17:46:48.918033,,용산구,2동,영등포구,3동,기타,3376,16.8,휠체어 탑승형 중형,지체장애 1급
2025-11-21 17:02:22,2025-11-21 18:21:22,2025-11-21 17:14:04.099294,2025-11-21 17:15:04.099294,2025-11-21 17:52:28.402668,,강북구,2동,영등포구,3동,재활 치료,2900,10.0,기타 차량,지체장애 2급
2025-04-07 14:51:57,2025-04-07 15:25:57,2025-04-07 14:56:22.583325,2025-04-07 15:08:34.223780,2025-04-07 15:49:59.094160,,영등포구,2동,서대문구,1동,주간보호센터,3152,13.6,일반 세단형,시각장애 1급
2025-06-12 10:47:06,2025-06-12 13:03:06,2025-06-12 10:54:06.145600,2025-06-12 10:55:07.418223,2025-06-12 11:02:09.882053,,송파구,3동,은평구,2동,병원 진료,1500,2.7,기타 차량,지체장애 1급
2025-05-07 18:16:41,2025-05-07 20:59:41,2025-05-07 18:54:54.869514,2025-05-07 18:57:37.551863,2025-05-07 19:55:00.093684,,종로구,1동,용산구,3동,복지관 이용,3418,17.4,휠체어 탑승형 중형,지체장애 1급
2025-01-19 09:24:24,2025-01-19 11:41:24,2025-01-19 09:25:39.226314,2025-01-19 09:33:12.133790,2025-01-19 09:46:59.776856,,은평구,2동,중구,2동,경조사,1500,4.2,기타 차량,뇌병변장애 2급
2025-01-26 09:46:16,2025-01-26 11:42:16,2025-01-26 09:50:24.983895,2025-01-26 09:56:41.957702,2025-01-26 10:29:05.600904,,강서구,3동,종로구,1동,학교 등하교,2480,8.5,일반 세단형,뇌병변장애 1급
2025-08-06 13:19:41,2025-08-06 14:47:41,2025-08-06 13:22:20.253751,2025-08-06 13:23:20.253751,2025-08-06 13:42:47.409547,,성동구,1동,종로구,1동,직업훈련,2228,7.6,휠체어 탑승형 대형,뇌병변장애 2급
2025-09-27 07:42:26,2025-09-27 09:17:26,2025-09-27 07:45:29.439072,2025-09-27 07:53:42.570946,2025-09-27 08:21:20.188023,,서대문구,1동,중랑구,3동,학교 등하교,2970,11.0,기타 차량,시각장애 1급
2025-02-28 13:18:39,2025-02-28 15:24:39,,,,2025-02-28 13:28:39,송파구,3동,도봉구,1동,재활 치료,2536,8.7,일반 세단형,지체장애 1급
2025-09-25 14:18:02,2025-09-25 15:27:02,2025-09-25 14:36:50.922150,2025-09-25 14:48:02.321017,2025-09-25 15:16:37.484899,,금천구,3동,도봉구,3동,관공서 방문,2963,10.9,휠체어 탑승형 대형,신장장애
2025-06-06 12:08:40,2025-06-06 13:55:40,2025-06-06 12:12:33.479050,2025-06-06 12:29:05.913575,2025-06-06 12:46:29.665524,,용산구,3동,광진구,2동,관공서 방문,1668,5.6,휠체어 탑승형 대형,뇌병변장애 1급
2025-08-16 07:55:08,2025-08-16 09:01:08,2025-08-16 08:09:29.121201,2025-08-16 08:11:06.129121,2025-08-16 08:30:02.644834,,마포구,2동,성북구,1동,기타,1500,5.0,일반 세단형,뇌병변장애 2급
2025-12-03 11:53:33,2025-12-03 14:47:33,2025-12-03 12:23:09.648473,2025-12-03 12:27:41.266594,2025-12-03 12:43:51.678340,,강서구,2동,성북구,1동,학교 등하교,1948,6.6,일반 세단형,국가유공자(상이)
2025-03-17 06:19:57,2025-03-17 08:50:57,2025-03-17 06:43:47.123968,2025-03-17 07:03:41.758037,2025-03-17 07:43:31.275126,,중구,3동,종로구,3동,학교 등하교,3068,12.4,일반 세단형,뇌병변장애 2급
2025-12-18 17:30:21,2025-12-18 20:00:21,2025-12-18 17:35:14.868579,2025-12-18 17:37:48.196002,2025-12-18 17:49:12.026837,,송파구,1동,은평구,1동,학교 등하교,1500,4.5,기타 차량,뇌병변장애 2급
2025-10-26 20:48:23,2025-10-26 21:08:23,,,,2025-10-26 21:11:23,양천구,3동,영등포구,2동,재활 치료,2452,8.4,휠체어 탑승형 중형,뇌병변장애 2급
2025-05-28 16:52:04,2025-05-28 17:12:04,2025-05-28 17:04:06.334535,2025-05-28 17:05:52.900489,2025-05-28 17:29:10.795763,,성동구,1동,강남구,1동,재활 치료,2508,8.6,기타 차량,지체장애 2급
2025-03-22 14:26:12,2025-03-22 16:17:12,2025-03-22 14:45:16.082428,2025-03-22 14:47:50.770345,2025-03-22 15:22:17.919537,,광진구,1동,동작구,1동,여가 활동,2620,9.0,휠체어 탑승형 중형,뇌병변장애 1급
2025-04-02 13:54:51,2025-04-02 15:37:51,2025-04-02 15:34:13.242578,2025-04-02 15:40:47.215135,2025-04-02 15:57:16.318052,,서초구,1동,강북구,1동,여가 활동,1920,6.5,일반 세단형,국가유공자(상이)
2025-09-04 05:29:37,2025-09-04 07:11:37,2025-09-04 06:01:26.664904,2025-09-04 06:03:45.152720,2025-09-04 06:36:06.339834,,성북구,3동,강서구,2동,학교 등하교,2907,10.1,휠체어 탑승형 중형,시각장애 1급
2025-06-24 13:34:41,2025-06-24 15:57:41,,,,2025-06-24 13:57:41,성동구,1동,은평구,3동,학교 등하교,1640,5.5,휠체어 탑승형 대형,뇌병변장애 2급
2025-04-21 12:40:48,2025-04-21 14:23:48,2025-04-21 12:45:28.919774,2025-04-21 12:46:28.919774,2025-04-21 13:08:29.617731,,동작구,2동,영등포구,1동,여가 활동,2032,6.9,휠체어 탑승형 중형,신장장애
2025-06-24 17:43:53,2025-06-24 19:44:53,2025-06-24 18:00:11.987074,2025-06-24 18:11:40.069541,2025-06-24 18:42:49.464340,,광진구,2동,양천구,1동,여가 활동,3040,12.0,휠체어 탑승형 중형,신장장애
2025-09-23 10:48:52,2025-09-23 12:28:52,2025-09-23 11:49:34.537698,2025-09-23 11:52:51.550320,2025-09-23 12:12:35.166942,,성동구,2동,용산구,1동,관공서 방문,-2144,7.3,휠체어 탑승형 중형,신장장애
2025-12-18 03:30:50,2025-12-18 06:07:50,2025-12-18 03:31:50,2025-12-18 03:42:50.482191,2025-12-18 04:04:08.323030,,금천구,1동,동대문구,1동,관공서 방문,2172,7.4,휠체어 탑승형 대형,국가유공자(상이)
2025-03-04 13:04:35,2025-03-04 15:37:35,2025-03-04 13:06:14.771285,2025-03-04 13:15:41.526638,2025-03-04 13:38:10.837430,,관악구,3동,양천구,2동,복지관 이용,2564,8.8,기타 차량,국가유공자(상이)
2025-04-13 20:41:48,2025-04-13 23:18:48,2025-04-13 20:48:08.671631,2025-04-13 20:56:02.781990,2025-04-13 21:28:44.062727,,용산구,2동,서대문구,1동,관공서 방문,2704,9.3,휠체어 탑승형 중형,지체장애 1급
2025-12-04 16:01:23,2025-12-04 17:31:23,2025-12-04 16:58:17.533767,2025-12-04 17:04:54.457755,2025-12-04 17:26:11.008278,,종로구,2동,관악구,1동,병원 진료,2004,6.8,일반 세단형,신장장애
2025-08-01 16:53:51,2025-08-01 17:10:51,2025-08-01 17:45:19.971179,2025-08-01 17:59:11.768473,2025-08-01 18:22:32.014298,,금천구,3동,영등포구,3동,학교 등하교,2116,7.2,휠체어 탑승형 중형,지체장애 1급
2025-07-28 05:19:19,2025-07-28 08:12:19,2025-07-28 05:28:05.819680,2025-07-28 05:30:25.931399,2025-07-28 06:09:17.762209,,중랑구,2동,,3동,복지관 이용,2991,11.3,기타 차량,뇌병변장애 2급
2025-06-12 13:50:23,2025-06-12 15:03:23,2025-06-12 14:23:16.594402,2025-06-12 14:28:17.034027,2025-06-12 14:36:22.206922,,종로구,3동,송파구,3동,재활 치료,1500,2.5,휠체어 탑승형 대형,국가유공자(상이)
2025-10-21 16:12:45,2025-10-21 17:25:45,2025-10-21 16:19:07.712594,2025-10-21 16:20:07.712594,2025-10-21 17:02:53.425582,,도봉구,3동,은평구,3동,관공서 방문,3117,13.1,기타 차량,지체장애 1급
2025-09-20 13:00:06,2025-09-20 15:32:06,2025-09-20 13:23:34.992907,2025-09-20 13:24:37.757021,2025-09-20 13:36:17.438178,,노원구,3동,강서구,3동,관공서 방문,1500,3.0,휠체어 탑승형 대형,시각장애 1급
2025-02-22 15:02:57,2025-02-22 17:36:57,2025-02-22 15:13:02.687945,2025-02-22 15:15:47.081751,2025-02-22 15:27:38.451778,,양천구,3동,광진구,3동,복지관 이용,1500,4.7,기타 차량,시각장애 1급
2025-03-22 00:18:41,2025-03-22 02:42:41,2025-03-22 00:31:27.754662,2025-03-22 00:42:15.719696,2025-03-22 01:00:29.474680,,성북구,1동,관악구,2동,관공서 방문,1780,6.0,기타 차량,뇌병변장애 1급
2025-10-31 02:32:28,2025-10-31 05:11:28,2025-10-31 02:39:39.665379,,,2025-10-31 02:56:39.665379,강북구,2동,서초구,1동,여가 활동,2900,10.0,휠체어 탑승형 대형,뇌병변장애 1급
2025-10-06 16:59:58,2025-10-06 18:33:58,2025-10-06 17:04:11.124638,2025-10-06 17:10:04.814938,2025-10-06 17:24:11.338725,,구로구,3동,송파구,1동,여가 활동,1500,4.1,기타 차량,국가유공자(상이)
2025-05-08 14:06:06,2025-05-08 16:03:06,2025-05-08 14:23:21.160882,2025-05-08 14:27:32.547077,2025-05-08 15:09:58.694962,,강남구,1동,구로구,1동,복지관 이용,3250,15.0,일반 세단형,뇌병변장애 1급
2025-08-20 17:57:56,2025-08-20 18:58:56,2025-08-20 18:03:04.343171,2025-08-20 18:10:14.674113,2025-08-20 18:39:18.523191,,관악구,2동,송파구,1동,학교 등하교,2284,7.8,일반 세단형,국가유공자(상이)
2025-03-10 13:50:41,2025-03-10 15:41:41,2025-03-10 14:22:09.668171,2025-03-10 14:34:01.956804,2025-03-10 15:13:59.667894,,용산구,3동,서초구,2동,출퇴근,2907,10.1,휠체어 탑승형 중형,지체장애 1급
2025-08-04 07:48:02,2025-08-04 08:21:02,2025-08-04 07:50:34.185748,2025-08-04 07:51:34.185748,2025-08-04 08:18:06.884953,,강북구,1동,중구,1동,관공서 방문,2816,9.7,휠체어 탑승형 중형,시각장애 1급
2025-07-23 09:07:23,2025-07-23 09:56:23,2025-07-23 09:36:56.287183,2025-07-23 09:40:37.913557,2025-07-23 09:58:27.380745,,강동구,3동,강북구,3동,병원 진료,2116,7.2,기타 차량,시각장애 1급
2025-03-21 09:43:41,2025-03-21 10:31:41,2025-03-21 09:56:34.644540,2025-03-21 10:00:06.658242,2025-03-21 10:37:59.339499,,금천구,3동,종로구,1동,관공서 방문,2907,10.1,휠체어 탑승형 대형,시각장애 1급
2025-10-01 18:15:53,2025-10-01 19:17:53,2025-10-01 18:32:34.385310,2025-10-01 18:42:08.028161,2025-10-01 19:04:09.777866,,성북구,1동,광진구,3동,출퇴근,2368,8.1,휠체어 탑승형 중형,뇌병변장애 2급
2025-03-07 10:49:36,2025-03-07 11:19:36,2025-03-07 10:58:10.640711,2025-03-07 11:03:17.542540,2025-03-07 11:33:05.459746,,강남구,2동,양천구,1동,경조사,2508,8.6,휠체어 탑승형 대형,국가유공자(상이)
2025-08-31 10:03:19,2025-08-31 10:38:19,2025-08-31 10:56:56.974542,2025-08-31 11:02:04.817758,2025-08-31 11:33:30.642607,,금천구,3동,양천구,2동,출퇴근,2816,9.7,일반 세단형,신장장애
2025-07-13 13:48:02,2025-07-13 16:30:02,2025-07-13 13:59:54.916372,,,2025-07-13 14:17:54.916372,서대문구,2동,도봉구,3동,직업훈련,2032,6.9,일반 세단형,신장장애
2025-03-21 23:13:27,2025-03-22 02:06:27,2025-03-21 23:35:14.322674,,,2025-03-21 23:42:14.322674,서초구,2동,성북구,1동,여가 활동,3131,13.3,기타 차량,뇌병변장애 2급
2025-04-03 20:00:09,2025-04-03 22:46:09,2025-04-03 21:06:29.725188,2025-04-03 21:08:13.270330,2025-04-03 21:32:32.614002,,성동구,2동,서초구,3동,관공서 방문,2816,9.7,기타 차량,국가유공자(상이)
2025-01-21 18:35:30,2025-01-21 20:07:30,2025-01-21 18:51:42.700377,2025-01-21 18:58:34.224588,2025-01-21 19:12:21.987282,,동작구,1동,중구,3동,병원 진료,1500,4.2,기타 차량,신장장애
2025-05-24 22:41:04,2025-05-24 23:51:04,,,,2025-05-24 22:56:04,성북구,3동,노원구,1동,경조사,1500,1.2,휠체어 탑승형 중형,신장장애
2025-12-23 14:51:08,2025-12-23 15:29:08,2025-12-23 14:56:57.056702,2025-12-23 15:03:11.936138,2025-12-23 15:28:52.177180,,동대문구,1동,동대문구,2동,복지관 이용,2907,10.1,휠체어 탑승형 중형,국가유공자(상이)
2025-11-13 10:50:25,2025-11-13 11:20:25,2025-11-13 11:11:20.045897,2025-11-13 11:20:37.858985,2025-11-13 11:40:43.853767,,강북구,1동,마포구,1동,주간보호센터,2312,7.9,휠체어 탑승형 중형,뇌병변장애 1급
2025-08-04 17:08:45,2025-08-04 20:06:45,2025-08-04 17:30:17.465913,2025-08-04 17:31:31.886555,2025-08-04 17:45:26.604334,,관악구,3동,금천구,1동,병원 진료,1500,4.9,기타 차량,지체장애 1급
2025-04-18 08:22:18,2025-04-18 09:17:18,2025-04-18 08:23:27.227898,2025-04-18 08:26:53.339049,2025-04-18 08:32:46.580886,,강북구,3동,은평구,3동,경조사,1500,2.3,휠체어 탑승형 중형,시각장애 1급
2025-10-04 06:49:06,2025-10-04 07:44:06,2025-10-04 06:50:06,2025-10-04 06:56:26.493102,2025-10-04 07:08:02.173848,,노원구,1동,광진구,1동,관공서 방문,1500,4.7,일반 세단형,신장장애
2025-06-05 17:34:48,2025-06-05 19:48:48,2025-06-05 17:59:12.752924,2025-06-05 18:00:52.602546,2025-06-05 18:12:27.778715,,광진구,3동,광진구,3동,병원 진료,1500,2.9,기타 차량,지체장애 2급
2025-05-11 14:10:39,2025-05-11 16:21:39,2025-05-11 14:12:58.787275,2025-05-11 14:16:11.529994,2025-05-11 15:15:36.459156,,성북구,1동,관악구,1동,재활 치료,3446,17.8,휠체어 탑승형 대형,신장장애
2025-12-22 09:11:35,2025-12-22 11:26:35,,,,2025-12-22 09:38:35,서초구,2동,관악구,3동,출퇴근,1500,2.0,일반 세단형,시각장애 1급
2025-04-06 08:26:57,2025-04-06 08:51:57,2025-04-06 08:30:46.177759,2025-04-06 08:31:46.177759,2025-04-06 08:38:03.678839,,동대문구,3동,종로구,3동,기타,1500,1.8,휠체어 탑승형 중형,뇌병변장애 2급
2025-08-08 19:19:07,2025-08-08 19:42:07,2025-08-08 19:45:09.265920,2025-08-08 19:49:17.584194,2025-08-08 20:03:42.230529,,송파구,2동,동대문구,2동,경조사,1640,5.5,일반 세단형,시각장애 1급
2025-09-24 10:25:46,2025-09-24 10:44:46,2025-09-24 10:45:39.798759,2025-09-24 10:52:47.508283,2025-09-24 11:02:47.055436,,양천구,3동,강남구,2동,직업훈련,1500,3.3,기타 차량,뇌병변장애 2급
2025-12-21 19:42:00,2025-12-21 21:16:00,2025-12-21 20:37:01.570259,2025-12-21 20:39:37.697646,2025-12-21 20:44:57.986597,,서초구,2동,강서구,1동,재활 치료,1500,2.1,일반 세단형,뇌병변장애 2급
2025-05-15 09:07:18,2025-05-15 09:44:18,2025-05-15 09:20:56.753997,2025-05-15 09:36:17.521398,2025-05-15 10:02:02.918396,,노원구,1동,금천구,1동,학교 등하교,2704,9.3,일반 세단형,시각장애 1급
2025-07-23 20:10:40,2025-07-23 22:33:40,2025-07-23 20:38:58.954687,2025-07-23 20:47:17.485242,2025-07-23 21:26:31.269760,,송파구,3동,광진구,1동,재활 치료,3061,12.3,휠체어 탑승형 중형,신장장애
2025-06-16 10:44:07,2025-06-16 13:26:07,2025-06-16 10:45:07,2025-06-16 10:48:08.460779,2025-06-16 11:09:03.349709,,강동구,2동,도봉구,3동,학교 등하교,1948,6.6,휠체어 탑승형 중형,시각장애 1급
2025-04-15 15:46:40,2025-04-15 16:50:40,2025-04-15 16:06:54.613971,2025-04-15 16:09:45.672725,2025-04-15 16:38:32.173582,,성동구,1동,마포구,1동,기타,2536,8.7,일반 세단형,뇌병변장애 2급
2025-03-31 23:05:41,2025-03-31 23:51:41,2025-03-31 23:09:47.435409,2025-03-31 23:16:04.620657,2025-03-31 23:52:12.314831,,용산구,1동,성동구,1동,학교 등하교,2907,10.1,일반 세단형,지체장애 1급
2025-10-30 17:06:09,2025-10-30 18:34:09,2025-10-30 17:12:12.675937,2025-10-30 17:25:42.936141,2025-10-30 17:45:36.568984,,강서구,1동,서초구,1동,직업훈련,2284,7.8,휠체어 탑승형 중형,뇌병변장애 2급
2025-12-02 05:12:11,2025-12-02 07:30:11,2025-12-02 05:14:03.895398,2025-12-02 05:17:29.005954,2025-12-02 06:25:20.692956,,강동구,2동,노원구,3동,관공서 방문,3838,23.4,기타 차량,시각장애 1급
2025-08-02 11:48:13,2025-08-02 14:40:13,2025-08-02 12:03:43.852103,2025-08-02 12:05:42.633671,2025-08-02 13:08:45.279837,,서대문구,3동,노원구,3동,직업훈련,3537,19.1,휠체어 탑승형 대형,신장장애
2025-05-13 20:33:46,2025-05-13 21:43:46,2025-05-13 20:47:04.455421,2025-05-13 20:48:47.489690,2025-05-13 21:04:56.677685,,은평구,3동,양천구,2동,기타,1500,4.3,휠체어 탑승형 중형,지체장애 1급
2025-01-21 02:25:33,2025-01-21 04:14:33,2025-01-21 02:32:13.700908,2025-01-21 02:58:35.389213,2025-01-21 03:31:53.790813,,중랑구,2동,강서구,2동,복지관 이용,2816,9.7,휠체어 탑승형 대형,신장장애
2025-02-16 09:24:07,2025-02-16 10:14:07,2025-02-16 09:35:54.336999,2025-02-16 09:45:56.460332,2025-02-16 10:11:03.856144,,도봉구,2동,은평구,2동,기타,2816,9.7,휠체어 탑승형 중형,지체장애 2급
2025-09-03 08:21:05,2025-09-03 10:32:05,,,,2025-09-03 08:51:05,동대문구,1동,도봉구,1동,여가 활동,1556,5.2,기타 차량,시각장애 1급
2025-02-07 06:51:07,2025-02-07 07:50:07,2025-02-07 07:00:33.373427,2025-02-07 07:45:00.740083,2025-02-07 08:08:45.750237,,서대문구,1동,구로구,2동,직업훈련,2788,9.6,일반 세단형,뇌병변장애 1급
2025-05-08 07:47:16,2025-05-08 10:22:16,2025-05-08 07:53:58.905090,2025-05-08 07:59:35.057580,2025-05-08 08:08:04.569061,,은평구,2동,종로구,1동,여가 활동,1500,3.2,일반 세단형,뇌병변장애 1급
2025-06-25 23:37:51,2025-06-26 02:26:51,2025-06-25 23:56:32.938683,2025-06-26 00:02:31.290686,2025-06-26 00:54:20.251446,,광진구,3동,영등포구,2동,경조사,3334,16.2,기타 차량,국가유공자(상이)
2025-04-09 18:19:17,2025-04-09 20:18:17,2025-04-09 18:53:21.124416,2025-04-09 18:56:22.196092,2025-04-09 19:19:04.654055,,강서구,2동,강동구,2동,경조사,2368,8.1,휠체어 탑승형 중형,신장장애
2025-07-07 16:58:16,2025-07-07 17:54:16,2025-07-07 18:21:11.855415,2025-07-07 18:34:41.323212,2025-07-07 19:30:41.948776,,은평구,2동,광진구,2동,출퇴근,3530,19.0,휠체어 탑승형 대형,뇌병변장애 2급
2025-02-20 16:31:22,2025-02-20 17:14:22,2025-02-20 16:49:32.325045,2025-02-20 16:58:33.835081,2025-02-20 17:18:53.901297,,관악구,1동,강서구,2동,주간보호센터,1920,6.5,휠체어 탑승형 대형,국가유공자(상이)
2025-08-31 16:41:05,2025-08-31 19:09:05,,,,2025-08-31 16:44:05,동대문구,1동,송파구,3동,직업훈련,3187,14.1,기타 차량,국가유공자(상이)
2025-01-06 17:06:14,2025-01-06 19:59:14,2025-01-06 17:14:31.586409,2025-01-06 17:18:04.743317,2025-01-06 17:33:08.634193,,세종시,1동,영등포구,3동,직업훈련,1836,6.2,휠체어 탑승형 중형,시각장애 1급
2025-10-31 04:34:27,2025-10-31 06:49:27,2025-10-31 04:51:33.957360,,,2025-10-31 05:03:33.957360,은평구,3동,성북구,2동,병원 진료,2592,8.9,기타 차량,국가유공자(상이)
2025-04-20 16:32:58,2025-04-20 19:19:58,2025-04-20 17:20:35.958658,2025-04-20 17:21:35.958658,2025-04-20 17:42:14.464661,,양천구,2동,종로구,3동,재활 치료,2340,8.0,기타 차량,국가유공자(상이)
2025-01-18 11:44:25,2025-01-18 14:39:25,,,,2025-01-18 11:46:25,용산구,2동,경기 성남시,1동,직업훈련,1500,2.8,휠체어 탑승형 대형,시각장애 1급
2025-03-06 11:26:19,2025-03-06 14:13:19,2025-03-06 11:32:30.171895,2025-03-06 11:35:42.692779,2025-03-06 11:40:11.521297,,성동구,2동,동작구,1동,주간보호센터,1500,1.2,기타 차량,시각장애 1급
2025-06-06 17:46:38,2025-06-06 18:56:38,2025-06-06 17:45:38,2025-06-06 18:23:00.499225,2025-06-06 19:02:23.234069,,강남구,3동,강남구,2동,관공서 방문,3082,12.6,휠체어 탑승형 중형,지체장애 2급
2025-09-13 19:03:18,2025-09-13 20:45:18,2025-09-13 19:06:23.657149,2025-09-13 19:08:37.420441,2025-09-13 19:30:04.994372,,성동구,3동,도봉구,1동,기타,2172,7.4,휠체어 탑승형 대형,뇌병변장애 2급
2025-09-20 19:14:49,2025-09-20 20:20:49,,,,2025-09-20 19:33:49,강서구,2동,강서구,1동,출퇴근,2480,8.5,휠체어 탑승형 중형,뇌병변장애 2급
2025-10-27 19:52:34,2025-10-27 22:38:34,2025-10-27 20:04:22.416903,2025-10-27 20:14:14.286991,2025-10-27 20:45:38.302891,,성동구,1동,노원구,1동,직업훈련,3033,11.9,휠체어 탑승형 대형,지체장애 1급
2025-05-09 11:01:36,2025-05-09 13:31:36,2025-05-09 11:06:04.643852,2025-05-09 11:14:27.311356,2025-05-09 11:30:35.702604,,은평구,1동,중구,2동,주간보호센터,1836,6.2,일반 세단형,뇌병변장애 2급
2025-05-08 20:20:10,2025-05-08 22:40:10,2025-05-08 20:30:25.925693,2025-05-08 20:38:02.245823,2025-05-08 20:54:20.179029,,마포구,2동,중구,2동,경조사,1780,6.0,일반 세단형,시각장애 1급
2025-12-03 14:30:56,2025-12-03 15:30:56,2025-12-03 14:41:47.818478,2025-12-03 14:44:36.091201,2025-12-03 15:00:48.940141,,성북구,2동,동대문구,3동,복지관 이용,1892,6.4,기타 차량,국가유공자(상이)
2025-03-29 15:27:30,2025-03-29 16:27:30,2025-03-29 15:28:47.765622,2025-03-29 15:29:53.033366,2025-03-29 15:43:21.407077,,도봉구,3동,금천구,3동,병원 진료,1584,5.3,휠체어 탑승형 대형,국가유공자(상이)
2025-03-23 16:57:46,2025-03-23 18:03:46,2025-03-23 17:08:58.426590,2025-03-23 17:16:24.615400,2025-03-23 17:50:18.001062,,동작구,1동,용산구,1동,복지관 이용,2872,9.9,휠체어 탑승형 중형,지체장애 2급
2025-12-16 10:05:14,2025-12-16 12:44:14,2025-12-16 10:15:38.858630,2025-12-16 10:23:33.466118,2025-12-16 10:52:38.947472,,동작구,2동,도봉구,1동,직업훈련,2998,11.4,일반 세단형,뇌병변장애 1급
2025-10-15 06:04:45,2025-10-15 06:58:45,2025-10-15 06:21:47.081265,2025-10-15 06:43:38.158879,2025-10-15 07:40:24.464635,,마포구,3동,성북구,2동,재활 치료,3362,16.6,기타 차량,뇌병변장애 1급
2025-04-28 07:09:10,2025-04-28 07:37:10,2025-04-28 07:34:38.976213,2025-04-28 07:43:11.717833,2025-04-28 08:00:37.861612,,노원구,2동,관악구,1동,여가 활동,1696,5.7,기타 차량,지체장애 2급
2025-07-05 12:19:05,2025-07-05 13:31:05,,,,2025-07-05 12:45:05,중랑구,2동,강남구,2동,병원 진료,1500,4.3,휠체어 탑승형 중형,지체장애 2급
2025-12-09 16:07:01,2025-12-09 18:01:01,2025-12-09 16:12:27.171499,,,2025-12-09 16:16:27.171499,용산구,2동,금천구,1동,학교 등하교,1500,2.1,휠체어 탑승형 대형,시각장애 1급
2025-07-01 16:22:00,2025-07-01 18:54:00,2025-07-01 17:12:22.725130,2025-07-01 17:13:34.873585,2025-07-01 17:31:31.236141,,성동구,2동,,3동,직업훈련,2004,6.8,휠체어 탑승형 대형,신장장애
2025-12-01 09:59:48,2025-12-01 12:17:48,2025-12-01 10:30:42.076061,2025-12-01 10:33:27.508914,2025-12-01 10:45:34.469285,,성동구,1동,영등포구,2동,병원 진료,1500,3.7,일반 세단형,뇌병변장애 1급
2025-04-23 21:46:36,2025-04-23 23:45:36,2025-04-23 22:39:05.732279,2025-04-23 22:50:01.738823,2025-04-23 23:57:06.209849,,광진구,3동,금천구,2동,관공서 방문,3817,23.1,휠체어 탑승형 중형,지체장애 1급
2025-12-08 13:03:23,2025-12-08 16:03:23,2025-12-08 13:24:39.835968,2025-12-08 13:35:01.510721,2025-12-08 13:52:05.739190,,노원구,2동,강남구,1동,출퇴근,1500,4.9,휠체어 탑승형 대형,지체장애 1급
2025-03-29 20:19:49,2025-03-29 22:52:49,2025-03-29 20:47:10.950340,2025-03-29 20:55:42.739205,2025-03-29 21:21:51.089645,,도봉구,2동,종로구,2동,직업훈련,2900,10.0,기타 차량,뇌병변장애 1급
2025-07-31 14:45:28,2025-07-31 16:06:28,2025-07-31 14:58:01.705885,2025-07-31 14:59:17.980792,2025-07-31 15:33:06.626431,,서초구,1동,광진구,1동,주간보호센터,3026,11.8,휠체어 탑승형 중형,지체장애 1급
2025-10-14 01:30:03,2025-10-14 03:32:03,2025-10-14 01:52:09.668381,,,2025-10-14 02:12:09.668381,마포구,2동,종로구,2동,출퇴근,3208,14.4,휠체어 탑승형 중형,지체장애 1급
2025-03-21 11:57:05,2025-03-21 14:18:05,2025-03-21 12:36:48.728314,2025-03-21 12:43:40.894057,2025-03-21 13:20:18.447801,,노원구,1동,노원구,3동,출퇴근,3033,11.9,기타 차량,시각장애 1급
2025-05-09 18:20:59,2025-05-09 21:09:59,2025-05-09 18:28:59.887220,2025-05-09 18:45:48.836889,2025-05-09 19:21:14.159380,,동작구,2동,관악구,2동,학교 등하교,3061,12.3,휠체어 탑승형 대형,뇌병변장애 1급
2025-10-12 14:51:34,2025-10-12 16:15:34,2025-10-12 15:01:39.854072,2025-10-12 15:33:21.377558,2025-10-12 16:16:01.212568,,강서구,1동,도봉구,3동,여가 활동,3341,16.3,휠체어 탑승형 대형,뇌병변장애 1급
2025-12-10 11:10:40,2025-12-10 12:35:40,2025-12-10 11:21:20.426039,,,2025-12-10 11:31:20.426039,성북구,3동,중구,3동,출퇴근,2368,8.1,기타 차량,지체장애 1급
2025-11-17 17:32:24,2025-11-17 18:15:24,2025-11-17 17:37:45.456204,2025-11-17 17:52:00.971602,2025-11-17 18:18:24.350724,,송파구,2동,강동구,3동,직업훈련,2732,9.4,휠체어 탑승형 대형,국가유공자(상이)
2025-06-05 16:29:53,2025-06-05 18:11:53,2025-06-05 16:55:45.537214,2025-06-05 17:21:39.100311,2025-06-05 17:27:48.288255,,성동구,1동,구로구,1동,직업훈련,1500,2.4,휠체어 탑승형 중형,뇌병변장애 1급
2025-08-31 19:54:53,2025-08-31 21:24:53,2025-08-31 20:48:48.801455,2025-08-31 20:55:45.697501,2025-08-31 21:17:36.728534,,성동구,3동,은평구,3동,복지관 이용,2592,8.9,기타 차량,지체장애 1급
2025-10-05 05:31:46,2025-10-05 07:17:46,2025-10-05 05:40:11.288278,2025-10-05 05:58:08.728066,2025-10-05 06:04:57.670897,,양천구,2동,서초구,1동,복지관 이용,1500,1.8,기타 차량,뇌병변장애 1급
2025-08-24 06:35:50,2025-08-24 08:22:50,2025-08-24 06:41:25.801208,2025-08-24 06:58:43.642254,2025-08-24 08:02:15.741668,,강북구,2동,용산구,1동,경조사,3740,22.0,휠체어 탑승형 대형,신장장애
2025-08-20 06:27:24,2025-08-20 06:54:24,2025-08-20 06:32:25.537313,2025-08-20 06:33:25.537313,2025-08-20 08:22:05.459518,,동대문구,2동,광진구,1동,병원 진료,4797,37.1,휠체어 탑승형 대형,국가유공자(상이)
2025-07-14 14:33:51,2025-07-14 15:37:51,2025-07-14 14:34:51,2025-07-14 14:38:50.518530,2025-07-14 14:49:54.649202,,양천구,2동,영등포구,1동,관공서 방문,1500,3.0,휠체어 탑승형 중형,지체장애 2급
2025-06-28 19:02:21,2025-06-28 20:22:21,2025-06-28 19:15:02.590868,2025-06-28 19:16:46.351175,2025-06-28 19:35:05.574114,,강남구,2동,광진구,2동,관공서 방문,1612,5.4,휠체어 탑승형 중형,국가유공자(상이)
2025-12-21 12:24:53,2025-12-21 13:57:53,2025-12-21 12:32:28.622061,2025-12-21 12:40:51.924264,2025-12-21 12:54:18.893486,,서초구,3동,강서구,2동,직업훈련,1556,5.2,휠체어 탑승형 중형,뇌병변장애 2급
2025-06-01 14:10:58,2025-06-01 16:57:58,2025-06-01 14:20:20.055112,,,2025-06-01 14:21:20.055112,성동구,1동,영등포구,3동,기타,3194,14.2,휠체어 탑승형 중형,지체장애 1급
2025-06-14 17:21:56,2025-06-14 19:26:56,2025-06-14 17:30:55.257685,2025-06-14 17:34:32.302296,2025-06-14 18:00:59.952198,,강동구,1동,종로구,1동,직업훈련,2004,6.8,일반 세단형,신장장애
2025-11-09 08:34:42,2025-11-09 11:30:42,2025-11-09 08:35:42,2025-11-09 08:36:42,2025-11-09 08:54:30.044739,,중랑구,3동,마포구,2동,직업훈련,1696,5.7,일반 세단형,뇌병변장애 2급
2025-11-12 10:23:24,2025-11-12 11:59:24,2025-11-12 10:29:18.083518,2025-11-12 10:41:20.347712,2025-11-12 10:54:06.125333,,용산구,3동,노원구,2동,학교 등하교,1500,4.7,일반 세단형,뇌병변장애 1급
2025-09-22 19:25:39,2025-09-22 20:10:39,2025-09-22 19:32:35.467887,2025-09-22 20:03:24.600467,2025-09-22 20:55:28.452994,,동작구,3동,구로구,2동,여가 활동,3166,13.8,기타 차량,뇌병변장애 1급
2025-09-26 16:57:50,2025-09-26 19:16:50,2025-09-26 17:17:32.994852,2025-09-26 17:18:32.994852,2025-09-26 18:04:40.857167,,금천구,2동,금천구,1동,출퇴근,3026,11.8,기타 차량,지체장애 1급
2025-10-12 19:24:51,2025-10-12 20:52:51,2025-10-12 19:35:43.880717,2025-10-12 19:44:36.328032,2025-10-12 19:56:44.410973,,강남구,1동,서초구,1동,관공서 방문,1500,4.4,휠체어 탑승형 대형,국가유공자(상이)
2025-02-15 23:59:31,2025-02-16 00:46:31,2025-02-16 01:02:30.787784,2025-02-16 01:13:00.783103,2025-02-16 01:26:34.047404,,강동구,2동,종로구,1동,관공서 방문,1500,3.6,기타 차량,지체장애 1급
2025-08-30 09:46:05,2025-08-30 11:34:05,2025-08-30 09:53:54.530933,2025-08-30 09:55:52.913885,2025-08-30 10:03:27.862587,,동작구,2동,광진구,3동,출퇴근,1500,2.5,기타 차량,뇌병변장애 1급
2025-10-05 12:25:04,2025-10-05 14:27:04,,,,2025-10-05 12:48:04,동대문구,2동,성북구,3동,출퇴근,3523,18.9,기타 차량,지체장애 2급
2025-03-04 07:09:35,2025-03-04 08:42:35,2025-03-04 07:53:25.084244,2025-03-04 07:57:53.015440,2025-03-04 08:35:47.437897,,관악구,2동,송파구,3동,병원 진료,3096,12.8,일반 세단형,뇌병변장애 2급
2025-10-22 14:36:25,2025-10-22 16:18:25,2025-10-22 17:25:20.231885,2025-10-22 17:30:25.713431,2025-10-22 17:45:06.630586,,관악구,1동,부산 해운대구,2동,여가 활동,1500,4.9,일반 세단형,지체장애 1급
2025-09-27 14:22:11,2025-09-27 15:21:11,,,,2025-09-27 14:23:11,서초구,1동,종로구,3동,여가 활동,3159,13.7,휠체어 탑승형 중형,지체장애 1급
2025-08-13 00:37:54,2025-08-13 01:55:54,2025-08-13 00:48:13.950545,2025-08-13 01:00:01.341890,2025-08-13 01:23:06.307040,,광진구,2동,광진구,1동,경조사,2144,7.3,휠체어 탑승형 대형,지체장애 1급
2025-10-05 11:00:14,2025-10-05 13:17:14,2025-10-05 11:09:37.850010,2025-10-05 11:23:03.004513,2025-10-05 11:53:17.960052,,강북구,1동,성동구,2동,출퇴근,2872,9.9,일반 세단형,국가유공자(상이)
2025-07-15 16:04:55,2025-07-15 18:18:55,2025-07-15 16:13:30.790971,2025-07-15 16:18:11.365151,2025-07-15 16:34:49.297967,,양천구,1동,서대문구,1동,병원 진료,2004,6.8,휠체어 탑승형 중형,국가유공자(상이)
2025-08-15 18:00:21,2025-08-15 20:50:21,2025-08-15 18:18:37.026165,2025-08-15 18:23:21.582032,2025-08-15 19:02:46.179445,,서초구,2동,관악구,3동,경조사,3194,14.2,휠체어 탑승형 대형,국가유공자(상이)
2025-12-24 13:28:24,2025-12-24 14:23:24,2025-12-24 14:09:11.687278,2025-12-24 14:29:10.826013,2025-12-24 14:58:21.864309,,동대문구,2동,중랑구,3동,기타,2907,10.1,휠체어 탑승형 대형,국가유공자(상이)
2025-08-05 12:08:58,2025-08-05 12:54:58,2025-08-05 12:30:36.813690,2025-08-05 12:31:36.813690,2025-08-05 13:06:07.493289,,강서구,2동,동작구,1동,복지관 이용,3026,11.8,일반 세단형,뇌병변장애 2급
2025-08-23 18:12:52,2025-08-23 19:11:52,2025-08-23 18:24:49.165738,2025-08-23 18:37:03.139933,2025-08-23 19:10:34.986227,,용산구,1동,영등포구,2동,학교 등하교,2984,11.2,휠체어 탑승형 대형,신장장애
2025-12-06 12:32:32,2025-12-06 15:23:32,2025-12-06 13:40:18.209095,2025-12-06 13:49:37.668715,2025-12-06 14:49:57.065598,,은평구,3동,금천구,2동,출퇴근,3467,18.1,휠체어 탑승형 중형,뇌병변장애 2급
2025-07-03 10:53:17,2025-07-03 12:10:17,2025-07-03 11:04:23.830530,2025-07-03 11:20:46.412205,2025-07-03 12:00:11.107473,,광진구,2동,마포구,1동,병원 진료,3208,14.4,기타 차량,시각장애 1급
2025-06-22 17:08:00,2025-06-22 18:21:00,2025-06-22 16:44:00,2025-06-22 17:22:00.751900,2025-06-22 17:45:05.555334,,마포구,3동,도봉구,1동,재활 치료,2760,9.5,휠체어 탑승형 대형,지체장애 2급
2025-05-01 17:09:49,2025-05-01 17:28:49,2025-05-01 17:23:33.888053,2025-05-01 17:31:51.142562,2025-05-01 17:58:08.608192,,강서구,3동,성북구,1동,복지관 이용,2816,9.7,휠체어 탑승형 중형,신장장애
2025-06-19 06:15:09,2025-06-19 06:50:09,2025-06-19 06:23:26.020842,2025-06-19 06:24:56.008798,2025-06-19 06:42:29.609625,,은평구,3동,중랑구,1동,관공서 방문,1892,6.4,휠체어 탑승형 중형,뇌병변장애 1급
2025-06-26 07:17:12,2025-06-26 08:00:12,2025-06-26 07:19:29.948931,2025-06-26 07:22:09.236687,2025-06-26 07:53:11.660717,,서대문구,1동,송파구,3동,직업훈련,2312,7.9,기타 차량,뇌병변장애 1급
2025-12-18 19:31:20,2025-12-18 21:07:20,,,,2025-12-18 19:55:20,광진구,3동,금천구,2동,학교 등하교,2368,8.1,기타 차량,뇌병변장애 2급
2025-02-13 08:57:06,2025-02-13 11:31:06,2025-02-13 09:10:08.212285,2025-02-13 09:11:08.212285,2025-02-13 09:19:48.410812,,마포구,1동,은평구,1동,병원 진료,1500,2.2,휠체어 탑승형 대형,뇌병변장애 1급
2025-09-20 13:32:59,2025-09-20 15:27:59,2025-09-20 13:37:05.168132,2025-09-20 13:39:40.825775,2025-09-20 13:56:58.446816,,서초구,2동,강동구,3동,주간보호센터,1612,5.4,휠체어 탑승형 중형,지체장애 1급
2025-08-13 07:36:26,2025-08-13 09:33:26,2025-08-13 07:43:22.161665,2025-08-13 07:47:51.540607,2025-08-13 08:10:47.116431,,동대문구,2동,동대문구,3동,복지관 이용,2508,8.6,휠체어 탑승형 대형,국가유공자(상이)
2025-02-13 10:03:30,2025-02-13 10:26:30,2025-02-13 10:26:44.487662,2025-02-13 10:28:21.085992,2025-02-13 10:41:38.576192,,강서구,2동,강동구,1동,재활 치료,1556,5.2,기타 차량,시각장애 1급
2025-09-17 09:36:29,2025-09-17 10:39:29,2025-09-17 09:59:02.520709,2025-09-17 10:00:05.174748,2025-09-17 10:03:37.570304,,금천구,3동,강서구,3동,경조사,1500,0.9,기타 차량,지체장애 2급
2025-04-11 23:45:31,2025-04-12 02:39:31,2025-04-12 00:03:25.727050,2025-04-12 00:08:38.739316,2025-04-12 00:37:43.805567,,양천구,1동,영등포구,2동,직업훈련,2788,9.6,휠체어 탑승형 대형,국가유공자(상이)
2025-02-26 12:26:40,2025-02-26 14:16:40,2025-02-26 12:53:43.979160,2025-02-26 12:54:43.979160,2025-02-26 13:00:59.530473,,구로구,1동,용산구,3동,출퇴근,1500,2.0,휠체어 탑승형 중형,지체장애 2급
2025-02-02 07:41:42,2025-02-02 08:15:42,2025-02-02 07:47:03.327060,2025-02-02 07:50:13.084672,2025-02-02 07:56:38.547353,,성북구,2동,양천구,3동,경조사,1500,1.8,기타 차량,뇌병변장애 1급
2025-04-18 17:07:17,2025-04-18 18:34:17,2025-04-18 17:14:41.705944,2025-04-18 18:03:45.049129,2025-04-18 18:14:57.816200,,도봉구,2동,광진구,2동,직업훈련,1500,4.5,휠체어 탑승형 대형,뇌병변장애 2급
2025-09-17 07:22:51,2025-09-17 08:57:51,2025-09-17 07:28:36.377786,2025-09-17 07:34:17.006614,2025-09-17 07:52:01.483529,,강북구,3동,금천구,3동,직업훈련,1864,6.3,휠체어 탑승형 중형,시각장애 1급
2025-12-24 09:07:29,2025-12-24 09:37:29,2025-12-24 09:43:56.751406,2025-12-24 09:46:33.196877,2025-12-24 10:07:53.840841,,종로구,3동,마포구,2동,여가 활동,2480,8.5,기타 차량,뇌병변장애 2급
2025-08-14 10:08:05,2025-08-14 12:26:05,2025-08-14 10:27:49.593958,2025-08-14 10:29:22.011516,2025-08-14 10:53:34.077492,,도봉구,2동,서대문구,2동,복지관 이용,2732,9.4,일반 세단형,시각장애 1급
2025-01-26 04:08:11,2025-01-26 06:23:11,2025-01-26 04:23:46.321757,2025-01-26 04:27:01.305906,2025-01-26 04:39:17.229988,,강동구,2동,성동구,1동,병원 진료,1500,4.5,기타 차량,신장장애
2025-04-14 16:45:35,2025-04-14 17:35:35,2025-04-14 16:49:50.421465,2025-04-14 16:56:33.767280,2025-04-14 17:08:52.927131,,은평구,3동,양천구,3동,경조사,1500,4.3,일반 세단형,뇌병변장애 2급
2025-12-30 09:49:28,2025-12-30 10:16:28,2025-12-30 10:09:17.579027,2025-12-30 10:14:03.795212,2025-12-30 10:34:11.793538,,강서구,2동,중랑구,2동,관공서 방문,1640,5.5,휠체어 탑승형 중형,시각장애 1급
2025-07-18 16:46:45,2025-07-18 19:04:45,2025-07-18 17:02:25.633400,,,2025-07-18 17:22:25.633400,도봉구,1동,중구,1동,복지관 이용,3495,18.5,휠체어 탑승형 대형,지체장애 1급
2025-11-03 09:07:35,2025-11-03 10:45:35,2025-11-03 09:40:59.098509,2025-11-03 09:48:29.557170,2025-11-03 10:16:51.059152,,서대문구,3동,광진구,1동,직업훈련,2368,8.1,기타 차량,국가유공자(상이)
2025-12-19 15:33:56,2025-12-19 15:43:56,,,,2025-12-19 15:44:56,성동구,1동,용산구,2동,재활 치료,1500,5.0,일반 세단형,지체장애 2급
2025-02-09 16:31:15,2025-02-09 18:45:15,2025-02-09 16:42:07.550744,2025-02-09 16:47:12.097153,2025-02-09 17:03:22.401051,,양천구,2동,양천구,3동,학교 등하교,1864,6.3,휠체어 탑승형 대형,국가유공자(상이)
2025-08-17 02:04:50,2025-08-17 02:23:50,,,,2025-08-17 02:25:50,강서구,2동,양천구,3동,관공서 방문,2921,10.3,휠체어 탑승형 대형,뇌병변장애 1급
2025-09-27 15:00:45,2025-09-27 15:41:45,2025-09-27 15:07:33.546188,2025-09-27 15:11:25.205135,2025-09-27 15:17:45.438247,,금천구,1동,서대문구,3동,주간보호센터,1500,2.5,일반 세단형,신장장애
2025-12-03 12:39:30,2025-12-03 14:16:30,2025-12-03 13:02:35.722120,2025-12-03 13:19:17.179195,2025-12-03 13:29:02.889446,,관악구,1동,서대문구,2동,관공서 방문,1500,3.4,일반 세단형,뇌병변장애 2급
2025-07-10 19:44:06,2025-07-10 20:29:06,,,,2025-07-10 19:51:06,영등포구,2동,관악구,3동,주간보호센터,3334,16.2,휠체어 탑승형 중형,국가유공자(상이)
2025-07-13 13:58:35,2025-07-13 16:13:35,2025-07-13 14:00:08.066328,2025-07-13 14:25:10.338114,2025-07-13 14:49:44.910527,,강서구,1동,노원구,2동,주간보호센터,1976,6.7,일반 세단형,신장장애
2025-10-08 20:50:10,2025-10-08 22:51:10,2025-10-08 21:18:47.375465,2025-10-08 21:37:26.204321,2025-10-08 22:12:25.098871,,중구,1동,부산 해운대구,3동,경조사,3075,12.5,휠체어 탑승형 중형,국가유공자(상이)
2025-04-15 13:01:12,2025-04-15 14:09:12,2025-04-15 13:10:15.840875,2025-04-15 13:14:15.855957,2025-04-15 13:44:20.462926,,종로구,2동,은평구,2동,병원 진료,2998,11.4,기타 차량,신장장애
2025-07-20 05:00:54,2025-07-20 05:13:54,,,,2025-07-20 05:03:54,강북구,3동,마포구,3동,직업훈련,3208,14.4,기타 차량,국가유공자(상이)
2025-11-20 12:26:57,2025-11-20 12:45:57,2025-11-20 12:38:06.388753,2025-11-20 12:53:44.299786,2025-11-20 13:11:04.456496,,광진구,1동,강서구,3동,복지관 이용,1752,5.9,휠체어 탑승형 중형,뇌병변장애 2급
2025-06-03 15:45:24,2025-06-03 16:43:24,2025-06-03 16:00:04.054040,2025-06-03 16:49:51.238361,2025-06-03 17:07:31.269372,,마포구,2동,송파구,2동,복지관 이용,2032,6.9,기타 차량,지체장애 2급
2025-06-17 14:51:41,2025-06-17 17:16:41,2025-06-17 15:16:14.692621,2025-06-17 15:33:26.955443,2025-06-17 16:12:54.051932,,구로구,3동,노원구,1동,병원 진료,3222,14.6,기타 차량,신장장애
2025-01-10 06:41:25,2025-01-10 07:31:25,2025-01-10 06:46:24.282405,2025-01-10 06:48:22.165192,2025-01-10 07:03:35.087988,,중랑구,2동,광진구,3동,출퇴근,1500,4.9,휠체어 탑승형 중형,시각장애 1급
2025-11-24 19:18:20,2025-11-24 21:40:20,2025-11-24 19:19:20,2025-11-24 19:20:20,2025-11-24 19:53:52.116621,,마포구,2동,광진구,1동,병원 진료,3131,13.3,휠체어 탑승형 중형,뇌병변장애 2급
2025-07-24 16:19:37,2025-07-24 16:54:37,2025-07-24 16:50:18.124453,2025-07-24 17:09:20.225422,2025-07-24 18:05:00.048033,,성동구,2동,동작구,1동,학교 등하교,3285,15.5,일반 세단형,시각장애 1급
2025-07-01 08:33:27,2025-07-01 10:51:27,2025-07-01 09:30:40.266505,2025-07-01 09:31:48.699142,2025-07-01 09:44:13.822869,,중구,2동,강북구,2동,병원 진료,1500,4.4,일반 세단형,지체장애 2급
2025-07-21 07:44:30,2025-07-21 10:32:30,2025-07-21 07:56:51.250269,2025-07-21 08:03:57.818146,2025-07-21 08:13:00.810241,,중랑구,1동,영등포구,1동,기타,1500,2.5,일반 세단형,뇌병변장애 1급
2025-12-03 14:05:11,2025-12-03 15:33:11,2025-12-03 14:06:11,2025-12-03 14:09:42.779518,2025-12-03 14:19:13.182023,,구로구,1동,서초구,1동,병원 진료,1500,3.0,휠체어 탑승형 중형,시각장애 1급
2025-01-18 16:00:33,2025-01-18 16:27:33,2025-01-18 16:21:57.574612,2025-01-18 16:25:35.724211,2025-01-18 16:48:23.883445,,송파구,3동,중구,2동,주간보호센터,2676,9.2,일반 세단형,뇌병변장애 2급
2025-12-03 14:28:21,2025-12-03 15:26:21,2025-12-03 14:36:52.227527,2025-12-03 14:41:39.494336,2025-12-03 14:59:39.701624,,서초구,2동,노원구,1동,병원 진료,2200,7.5,기타 차량,시각장애 1급
2025-10-19 17:58:03,2025-10-19 19:30:03,2025-10-19 18:01:14.390639,2025-10-19 18:02:14.390639,2025-10-19 18:26:07.084798,,노원구,3동,관악구,2동,복지관 이용,2620,9.0,휠체어 탑승형 중형,지체장애 2급
2025-01-20 09:41:15,2025-01-20 10:13:15,2025-01-20 09:42:15,2025-01-20 09:57:02.618237,2025-01-20 10:01:20.518166,,서초구,1동,송파구,2동,직업훈련,1500,1.1,휠체어 탑승형 중형,뇌병변장애 2급
2025-01-22 16:15:09,2025-01-22 16:52:09,2025-01-22 16:16:09,2025-01-22 16:22:15.583353,2025-01-22 16:45:15.715091,,노원구,3동,종로구,1동,주간보호센터,2004,6.8,기타 차량,뇌병변장애 1급
2025-04-27 04:25:36,2025-04-27 07:15:36,2025-04-27 04:44:53.484488,2025-04-27 04:52:58.170941,2025-04-27 05:03:55.654636,,중구,2동,성북구,1동,주간보호센터,1500,3.1,기타 차량,시각장애 1급
2025-04-15 01:28:35,2025-04-15 03:55:35,2025-04-15 01:33:58.994376,2025-04-15 01:54:10.684918,2025-04-15 02:17:46.415720,,서초구,2동,용산구,1동,관공서 방문,2452,8.4,휠체어 탑승형 대형,국가유공자(상이)
2025-06-04 14:04:50,2025-06-04 14:20:50,2025-06-04 14:07:52.487304,2025-06-04 14:13:54.347578,2025-06-04 14:21:45.077101,,동대문구,3동,은평구,2동,관공서 방문,1500,2.7,휠체어 탑승형 대형,국가유공자(상이)
2025-11-22 14:03:05,2025-11-22 14:45:05,2025-11-22 14:09:31.112149,2025-11-22 14:12:54.709627,2025-11-22 14:52:43.515354,,서울특별시 강남구,3동,강북구,2동,병원 진료,2984,11.2,일반 세단형,국가유공자(상이)
2025-12-25 07:34:18,2025-12-25 08:44:18,2025-12-25 09:33:10.405047,,,2025-12-25 09:44:10.405047,광진구,3동,종로구,1동,기타,1500,3.1,휠체어 탑승형 중형,지체장애 2급
2025-12-20 19:53:39,2025-12-20 22:11:39,2025-12-20 19:55:19.939297,2025-12-20 19:56:51.057372,2025-12-20 20:01:54.241325,,노원구,3동,종로구,2동,학교 등하교,1500,2.1,휠체어 탑승형 중형,시각장애 1급
2025-08-25 18:24:45,2025-08-25 20:25:45,2025-08-25 19:08:14.932613,2025-08-25 19:15:35.320813,2025-08-25 19:31:21.590096,,금천구,1동,영등포구,3동,재활 치료,1500,4.0,일반 세단형,지체장애 2급
2025-02-07 13:43:28,2025-02-07 14:16:28,,,,2025-02-07 14:03:28,동작구,3동,도봉구,1동,병원 진료,1640,5.5,휠체어 탑승형 대형,시각장애 1급
2025-09-03 18:59:11,2025-09-03 20:13:11,2025-09-03 19:50:38.428089,2025-09-03 19:54:48.131742,2025-09-03 20:16:00.363077,,동대문구,1동,서초구,1동,경조사,2256,7.7,휠체어 탑승형 중형,지체장애 2급
2025-10-08 16:17:58,2025-10-08 16:38:58,2025-10-08 16:52:09.895192,2025-10-08 16:55:44.556122,2025-10-08 17:29:57.635875,,관악구,1동,송파구,1동,학교 등하교,3110,13.0,일반 세단형,뇌병변장애 2급
2025-11-04 14:47:40,2025-11-04 14:58:40,2025-11-04 15:11:30.981835,2025-11-04 15:18:24.434184,2025-11-04 15:38:36.768967,,중랑구,1동,성동구,2동,여가 활동,1976,6.7,휠체어 탑승형 중형,신장장애
2025-01-18 17:07:01,2025-01-18 17:57:01,2025-01-18 17:35:16.091228,2025-01-18 17:36:16.091228,2025-01-18 18:10:31.771740,,동대문구,2동,은평구,1동,주간보호센터,2970,11.0,휠체어 탑승형 중형,시각장애 1급
2025-08-19 09:53:49,2025-08-19 12:43:49,2025-08-19 10:07:38.151517,2025-08-19 10:29:46.035635,2025-08-19 10:59:41.808896,,도봉구,3동,성북구,1동,병원 진료,2368,8.1,일반 세단형,뇌병변장애 1급
2025-06-06 13:05:42,2025-06-06 14:47:42,2025-06-06 13:27:53.883958,2025-06-06 13:37:18.144054,2025-06-06 14:58:31.191329,,서초구,1동,동작구,2동,직업훈련,3873,23.9,일반 세단형,신장장애
2025-10-15 09:54:23,2025-10-15 11:36:23,2025-10-15 10:06:29.107315,2025-10-15 10:20:49.767439,2025-10-15 10:47:49.848508,,중랑구,3동,구로구,2동,관공서 방문,2844,9.8,휠체어 탑승형 중형,뇌병변장애 2급
2025-12-21 20:56:45,2025-12-21 22:13:45,2025-12-21 21:08:33.259846,2025-12-21 21:11:53.461465,2025-12-21 21:53:35.032762,,동대문구,3동,성동구,2동,기타,3292,15.6,기타 차량,지체장애 2급
2025-11-23 10:41:16,2025-11-23 12:52:16,2025-11-23 11:53:56.799485,2025-11-23 11:56:24.386460,2025-11-23 12:05:11.817338,,중랑구,3동,강동구,1동,출퇴근,1500,3.3,기타 차량,뇌병변장애 1급
2025-06-27 17:12:45,2025-06-27 19:17:45,2025-06-27 18:07:26.422617,2025-06-27 18:08:26.422617,2025-06-27 18:28:15.328365,,동대문구,3동,서대문구,1동,기타,2032,6.9,휠체어 탑승형 대형,국가유공자(상이)
2025-03-28 04:15:18,2025-03-28 05:28:18,2025-03-28 04:25:46.296866,2025-03-28 04:26:57.822478,2025-03-28 04:48:43.106715,,강동구,1동,노원구,1동,학교 등하교,1836,6.2,휠체어 탑승형 대형,신장장애
2025-11-14 18:35:15,2025-11-14 21:15:15,2025-11-14 18:38:58.414066,2025-11-14 18:41:39.879029,2025-11-14 19:06:59.193123,,도봉구,2동,경기 성남시,2동,주간보호센터,2907,10.1,휠체어 탑승형 중형,신장장애
2025-01-15 00:58:22,2025-01-15 02:26:22,2025-01-15 01:02:25.229933,2025-01-15 01:09:03.798581,2025-01-15 01:28:47.437245,,강서구,1동,강동구,3동,기타,2200,7.5,기타 차량,지체장애 2급
2025-11-09 17:10:20,2025-11-09 19:02:20,2025-11-09 17:18:17.163692,2025-11-09 17:24:50.916422,2025-11-09 18:48:59.448432,,관악구,2동,마포구,2동,병원 진료,3726,21.8,기타 차량,신장장애
2025-11-03 14:42:25,2025-11-03 16:44:25,2025-11-03 15:00:08.087808,2025-11-03 15:14:44.853286,2025-11-03 15:51:52.296600,,은평구,2동,강서구,1동,출퇴근,3152,13.6,휠체어 탑승형 중형,국가유공자(상이)
0000-00-00,2025-06-23 08:57:01,,,,2025-06-23 06:52:01,중구,1동,동대문구,1동,관공서 방문,2536,8.7,휠체어 탑승형 대형,지체장애 2급
2025-03-05 15:59:42,2025-03-05 18:10:42,2025-03-05 16:13:00.819745,2025-03-05 16:20:15.552386,2025-03-05 16:56:34.650884,,강북구,2동,강동구,1동,출퇴근,2977,11.1,휠체어 탑승형 중형,뇌병변장애 2급
2025-12-16 09:15:07,2025-12-16 10:11:07,2025-12-16 09:22:20.433897,2025-12-16 09:26:44.707575,2025-12-16 09:34:13.577908,,금천구,3동,종로구,1동,관공서 방문,1500,2.3,기타 차량,국가유공자(상이)
2025-12-03 12:55:52,2025-12-03 13:26:52,2025-12-03 13:09:40.446510,2025-12-03 13:15:37.343502,2025-12-03 13:19:54.004452,,성북구,2동,은평구,3동,학교 등하교,1500,1.6,휠체어 탑승형 중형,신장장애
2025-10-19 09:50:58,2025-10-19 11:55:58,2025-10-19 11:17:09.863136,2025-10-19 11:50:44.039092,2025-10-19 12:04:25.682306,,용산구,1동,마포구,2동,기타,1696,5.7,휠체어 탑승형 중형,뇌병변장애 2급
2025-04-19 17:51:50,2025-04-19 18:30:50,2025-04-19 18:37:09.987354,2025-04-19 19:17:08.307938,2025-04-19 19:52:41.517976,,강북구,3동,송파구,3동,직업훈련,3180,14.0,휠체어 탑승형 중형,뇌병변장애 2급
2025-05-22 13:21:05,2025-05-22 14:19:05,2025-05-22 13:34:00.868927,2025-05-22 13:35:47.313120,2025-05-22 13:53:52.967249,,서초구,1동,구로구,3동,병원 진료,1696,5.7,기타 차량,신장장애
2025-05-11 00:30:49,2025-05-11 02:20:49,2025-05-11 01:02:02.693695,2025-05-11 01:06:06.424810,2025-05-11 01:20:18.194756,,성북구,3동,관악구,3동,기타,1752,5.9,일반 세단형,시각장애 1급
2025-05-11 07:17:41,2025-05-11 09:21:41,2025-05-11 07:28:45.763545,2025-05-11 07:34:12.442758,2025-05-11 08:07:41.459007,,금천구,3동,서초구,2동,직업훈련,2949,10.7,휠체어 탑승형 대형,국가유공자(상이)
2025-08-14 21:16:02,2025-08-14 23:36:02,2025-08-14 21:43:47.057855,,,2025-08-14 22:02:47.057855,강서구,1동,동작구,2동,직업훈련,1500,2.8,기타 차량,시각장애 1급
2025-08-22 13:01:14,2025-08-22 13:51:14,2025-08-22 13:05:51.707911,2025-08-22 13:07:07.602223,2025-08-22 13:41:02.175848,,도봉구,3동,노원구,1동,직업훈련,2592,8.9,휠체어 탑승형 대형,국가유공자(상이)
2025-07-03 17:03:18,2025-07-03 17:51:18,2025-07-03 17:13:01.655394,2025-07-03 17:14:01.655394,2025-07-03 17:38:26.807158,,금천구,1동,송파구,3동,관공서 방문,2144,7.3,기타 차량,뇌병변장애 2급
2025-08-27 13:26:48,2025-08-27 15:09:48,2025-08-27 14:04:50.569626,2025-08-27 14:07:33.344392,2025-08-27 14:52:29.352647,,마포구,2동,관악구,2동,병원 진료,3082,12.6,기타 차량,지체장애 2급
2025-06-30 09:18:24,2025-06-30 10:16:24,,,,2025-06-30 09:46:24,송파구,3동,강북구,3동,관공서 방문,2340,8.0,휠체어 탑승형 중형,지체장애 2급
2025-08-02 10:02:20,2025-08-02 11:56:20,2025-08-02 09:44:20,2025-08-02 10:16:16.296216,2025-08-02 10:45:28.155186,,중구,2동,양천구,1동,학교 등하교,2935,10.5,휠체어 탑승형 중형,뇌병변장애 1급
2025-05-22 07:03:40,2025-05-22 09:13:40,2025-05-22 07:31:46.411792,2025-05-22 07:41:02.244487,2025-05-22 07:53:59.009962,,중랑구,1동,중구,2동,직업훈련,1500,3.6,일반 세단형,신장장애
2025-09-23 11:00:27,2025-09-23 12:21:27,,,,2025-09-23 11:10:27,도봉구,2동,구로구,2동,기타,1500,1.8,휠체어 탑승형 대형,뇌병변장애 1급
2025-11-21 18:53:50,2025-11-21 20:51:50,2025-11-21 18:57:38.228526,2025-11-21 19:03:50.778079,2025-11-21 19:29:53.331095,,양천구,2동,은평구,1동,기타,2060,7.0,기타 차량,지체장애 1급
2025-06-18 14:42:54,2025-06-18 16:24:54,2025-06-18 14:44:06.202658,2025-06-18 14:45:07.966807,2025-06-18 14:53:20.730524,,성북구,3동,강북구,1동,관공서 방문,1500,2.9,기타 차량,신장장애
2025-10-27 17:35:13,2025-10-27 20:02:13,,,,2025-10-27 17:36:13,은평구,3동,노원구,2동,출퇴근,1500,3.7,일반 세단형,국가유공자(상이)
2025-02-15 06:24:58,2025-02-15 06:39:58,2025-02-15 06:25:58,2025-02-15 06:30:07.741371,2025-02-15 06:57:49.254165,,강남구,3동,강북구,3동,경조사,2480,8.5,휠체어 탑승형 중형,뇌병변장애 2급
2025-01-18 20:04:56,2025-01-18 21:48:56,2025-01-18 21:07:48.665452,2025-01-18 21:21:37.219480,2025-01-18 21:36:09.394168,,서초구,2동,도봉구,3동,여가 활동,1500,5.0,기타 차량,지체장애 1급
2025-06-08 19:32:06,2025-06-08 19:51:06,2025-06-08 19:56:50.838295,2025-06-08 20:00:28.240854,2025-06-08 20:50:36.346371,,성북구,2동,관악구,1동,출퇴근,3166,13.8,기타 차량,시각장애 1급
2025-02-12 20:50:01,2025-02-12 22:27:01,2025-02-12 20:52:17.077509,2025-02-12 20:55:41.840580,2025-02-12 21:20:35.340976,,관악구,1동,성북구,2동,기타,2536,8.7,휠체어 탑승형 중형,지체장애 1급
2025-02-15 10:23:19,2025-02-15 11:51:19,2025-02-15 10:57:01.456367,2025-02-15 11:25:01.806713,2025-02-15 11:41:49.045392,,도봉구,3동,관악구,2동,경조사,1500,4.8,기타 차량,지체장애 1급
2025-11-17 12:38:01,2025-11-17 13:45:01,2025-11-17 13:26:16.833891,2025-11-17 13:34:15.692709,2025-11-17 13:49:37.192822,,도봉구,2동,은평구,2동,재활 치료,1836,6.2,일반 세단형,뇌병변장애 2급
2025-05-10 07:26:30,2025-05-10 09:52:30,2025-05-10 07:31:58.332959,2025-05-10 07:46:05.507309,2025-05-10 08:56:52.099760,,구로구,2동,서초,2동,관공서 방문,3971,25.3,휠체어 탑승형 대형,뇌병변장애 2급
2025-02-11 12:56:02,2025-02-11 15:14:02,2025-02-11 13:31:52.402971,2025-02-11 13:44:53.117671,2025-02-11 14:12:12.257501,,관악구,2동,성북구,2동,학교 등하교,2676,9.2,기타 차량,시각장애 1급
2025-11-30 16:51:37,2025-11-30 19:05:37,2025-11-30 17:10:29.882619,2025-11-30 17:13:04.111367,2025-11-30 17:43:20.760779,,강동구,3동,용산구,1동,주간보호센터,2991,11.3,일반 세단형,지체장애 1급
2025-06-09 07:12:08,2025-06-09 09:51:08,,,,2025-06-09 07:24:08,금천구,3동,마포구,2동,관공서 방문,2284,7.8,기타 차량,뇌병변장애 1급
2025-12-06 12:57:28,2025-12-06 15:55:28,2025-12-06 12:53:28,2025-12-06 13:05:01.153574,2025-12-06 13:51:44.071663,,강서구,3동,송파구,1동,주간보호센터,3075,12.5,휠체어 탑승형 중형,국가유공자(상이)
2025-02-07 08:34:08,2025-02-07 09:23:08,2025-02-07 08:44:27.843447,2025-02-07 08:49:15.814463,2025-02-07 09:25:27.586909,,마포구,2동,은평구,3동,여가 활동,3110,13.0,기타 차량,시각장애 1급
2025-12-21 17:47:31,2025-12-21 19:16:31,2025-12-21 18:43:46.259314,2025-12-21 18:44:58.330160,2025-12-21 19:20:35.574963,,중랑구,3동,동작구,3동,여가 활동,2991,11.3,휠체어 탑승형 중형,지체장애 1급
2025-10-19 17:18:43,2025-10-19 19:46:43,,,,2025-10-19 17:45:43,노원구,2동,강동구,1동,학교 등하교,2396,8.2,휠체어 탑승형 중형,국가유공자(상이)
2025-04-01 17:40:02,2025-04-01 19:26:02,2025-04-01 17:51:20.292504,2025-04-01 18:02:52.711362,2025-04-01 18:15:37.656026,,송파구,1동,강서구,1동,경조사,1500,4.3,일반 세단형,시각장애 1급
2025-01-29 08:42:32,2025-01-29 11:10:32,2025-01-29 08:43:32,2025-01-29 08:51:36.119907,2025-01-29 09:21:43.308471,,광진구,1동,금천구,2동,복지관 이용,2984,11.2,휠체어 탑승형 대형,신장장애
2025-09-09 20:26:55,2025-09-09 23:19:55,2025-09-09 21:06:11.136784,2025-09-09 21:08:32.556304,2025-09-09 21:57:30.025155,,광진구,3동,종로구,3동,재활 치료,3292,15.6,휠체어 탑승형 대형,지체장애 1급
2025-04-07 10:48:36,2025-04-07 12:36:36,,,,2025-04-07 11:06:36,마포구,2동,동작구,1동,병원 진료,3047,12.1,휠체어 탑승형 중형,신장장애
2025-02-20 09:38:21,2025-02-20 11:16:21,2025-02-20 10:21:22.107634,2025-02-20 10:30:00.386268,2025-02-20 10:39:23.520788,,중구,2동,송파구,1동,기타,1500,3.2,휠체어 탑승형 대형,뇌병변장애 1급
2025-10-14 15:46:35,2025-10-14 17:59:35,2025-10-14 16:00:45.180895,2025-10-14 16:14:13.193520,2025-10-14 16:29:41.602046,,마포구,1동,중랑구,2동,관공서 방문,1556,5.2,기타 차량,국가유공자(상이)
2025-09-02 16:05:19,2025-09-02 17:07:19,,,,2025-09-02 16:31:19,동작구,3동,종로구,1동,복지관 이용,3523,18.9,휠체어 탑승형 대형,국가유공자(상이)
2025-12-23 10:41:32,2025-12-23 11:22:32,2025-12-23 11:34:53.639703,2025-12-23 11:51:18.798188,2025-12-23 12:22:20.744964,,성북구,3동,구로구,1동,여가 활동,2312,7.9,휠체어 탑승형 대형,신장장애
2025-05-20 08:45:44,2025-05-20 11:25:44,2025-05-20 08:50:37.621088,2025-05-20 09:00:38.181036,2025-05-20 09:07:36.758074,,성동구,2동,성동구,1동,학교 등하교,1500,2.1,기타 차량,뇌병변장애 1급
2025-03-17 18:41:55,2025-03-17 20:56:55,2025-03-17 19:35:50.098821,2025-03-17 19:36:50.098821,2025-03-17 19:57:12.921464,,영등포구,1동,성동구,3동,관공서 방문,1528,5.1,휠체어 탑승형 대형,신장장애
2025-02-28 09:54:39,2025-02-28 12:37:39,2025-02-28 10:12:25.292983,2025-02-28 10:20:23.450890,2025-02-28 10:44:33.427675,,도봉구,3동,영등포구,1동,직업훈련,2060,7.0,휠체어 탑승형 중형,국가유공자(상이)
2025-02-11 17:31:47,2025-02-11 19:20:47,2025-02-11 17:37:17.923516,2025-02-11 17:48:28.533215,2025-02-11 17:58:15.635775,,강서구,2동,서초구,3동,병원 진료,1500,2.7,휠체어 탑승형 대형,신장장애
2025-08-03 06:27:37,2025-08-03 08:11:37,2025-08-03 06:28:37,2025-08-03 06:30:30.167704,2025-08-03 06:41:12.591899,,동대문구,2동,강동구,1동,직업훈련,1500,2.7,기타 차량,시각장애 1급
2025-09-21 10:29:15,2025-09-21 11:58:15,2025-09-21 10:30:15,2025-09-21 10:35:53.371276,2025-09-21 10:53:17.368918,,강서구,2동,강서구,2동,복지관 이용,1528,5.1,휠체어 탑승형 중형,뇌병변장애 2급
2025-11-16 14:09:58,2025-11-16 14:44:58,2025-11-16 14:51:53.769363,2025-11-16 15:04:23.133557,2025-11-16 15:11:58.222430,,관악구,1동,종로구,2동,관공서 방문,1500,3.1,휠체어 탑승형 중형,신장장애
2025-06-14 17:48:04,2025-06-14 18:50:04,2025-06-14 18:13:47.381906,2025-06-14 18:24:17.107329,2025-06-14 18:54:15.732707,,송파구,1동,은평구,2동,병원 진료,2284,7.8,기타 차량,뇌병변장애 2급
2025-01-06 08:53:05,2025-01-06 10:55:05,2025-01-06 09:08:31.200850,2025-01-06 09:12:02.311079,2025-01-06 09:56:09.212419,,서초구,3동,종로구,3동,재활 치료,2984,11.2,기타 차량,뇌병변장애 2급
2025-07-03 17:46:44,2025-07-03 18:04:44,2025-07-03 18:02:20.044308,2025-07-03 18:04:07.066627,2025-07-03 18:36:29.741404,,종로구,2동,강남구,1동,복지관 이용,2935,10.5,휠체어 탑승형 중형,뇌병변장애 1급
2025-04-18 14:19:52,2025-04-18 16:22:52,,,,2025-04-18 14:26:52,강북구,2동,영등포구,1동,병원 진료,2970,11.0,기타 차량,뇌병변장애 2급
2025-02-25 18:45:59,2025-02-25 19:52:59,,,,2025-02-25 18:50:59,양천구,2동,구로구,3동,복지관 이용,2970,11.0,휠체어 탑승형 중형,국가유공자(상이)
2025-07-31 13:20:30,2025-07-31 14:15:30,2025-07-31 13:46:02.096229,2025-07-31 13:56:18.405774,2025-07-31 14:24:02.624237,,금천구,1동,관악구,3동,출퇴근,2396,8.2,일반 세단형,지체장애 1급
2025-12-13 18:57:21,2025-12-13 20:27:21,2025-12-13 19:01:02.884101,2025-12-13 19:02:02.884101,2025-12-13 20:02:53.330351,,서초구,3동,중구,3동,여가 활동,3278,15.4,일반 세단형,시각장애 1급
2025-11-11 09:58:48,2025-11-11 10:13:48,,,,2025-11-11 10:05:48,금천구,1동,서대문구,3동,출퇴근,2312,7.9,일반 세단형,국가유공자(상이)
2025-09-14 04:19:52,2025-09-14 06:29:52,,,,2025-09-14 04:26:52,광진구,1동,마포구,2동,여가 활동,1892,6.4,휠체어 탑승형 대형,신장장애
2025-04-17 08:12:21,2025-04-17 09:44:21,2025-04-17 08:17:07.772085,2025-04-17 08:33:44.840860,2025-04-17 08:54:13.035647,,관악구,3동,중구,2동,병원 진료,2032,6.9,휠체어 탑승형 대형,시각장애 1급
2025-07-20 19:33:25,2025-07-20 20:43:25,2025-07-20 20:12:24.948101,2025-07-20 20:13:24.948101,2025-07-20 20:30:38.056778,,양천구,1동,광진구,3동,직업훈련,1584,5.3,일반 세단형,국가유공자(상이)
2025-04-28 12:19:01,2025-04-28 14:35:01,2025-04-28 13:06:24.260645,2025-04-28 13:19:07.720744,2025-04-28 14:27:36.029300,,서초구,3동,양천구,1동,관공서 방문,3789,22.7,휠체어 탑승형 대형,뇌병변장애 1급
2025-07-21 09:09:01,2025-07-21 11:54:01,2025-07-21 09:10:01,2025-07-21 09:20:22.368081,2025-07-21 10:17:30.798764,,은평구,3동,성동구,2동,관공서 방문,3306,15.8,휠체어 탑승형 대형,시각장애 1급
2025-11-09 18:05:41,2025-11-09 20:08:41,2025-11-09 18:08:20.492749,2025-11-09 18:22:25.080176,2025-11-09 18:35:56.921033,,강남구,3동,성동구,2동,경조사,1556,5.2,휠체어 탑승형 대형,신장장애
2025-09-19 05:18:12,2025-09-19 07:22:12,2025-09-19 05:21:30.972570,2025-09-19 05:30:51.882895,2025-09-19 06:03:36.056142,,강북구,3동,서대문구,1동,복지관 이용,3054,12.2,휠체어 탑승형 대형,신장장애
2025-07-05 10:15:00,2025-07-05 13:12:00,2025-07-05 10:49:36.310536,2025-07-05 11:24:44.465695,2025-07-05 11:48:14.358206,,노원구,3동,서초구,1동,학교 등하교,2004,6.8,휠체어 탑승형 대형,뇌병변장애 1급
2025-05-02 11:02:56,2025-05-02 13:54:56,2025-05-02 11:12:09.728942,2025-05-02 11:22:49.243014,2025-05-02 11:32:37.575092,,도봉구,1동,관악구,1동,출퇴근,1500,3.8,휠체어 탑승형 중형,국가유공자(상이)
2025-06-16 09:00:28,2025-06-16 10:02:28,2025-06-16 09:02:25.423058,2025-06-16 09:19:19.558409,2025-06-16 09:49:53.018187,,용산구,3동,은평구,2동,관공서 방문,2536,8.7,휠체어 탑승형 대형,국가유공자(상이)
2025-09-28 13:16:05,2025-09-28 14:13:05,2025-09-28 14:08:26.030233,2025-09-28 14:21:06.445339,2025-09-28 14:41:58.378475,,성북구,3동,서초,1동,출퇴근,1864,6.3,일반 세단형,국가유공자(상이)
2025-08-19 13:29:37,2025-08-19 16:13:37,2025-08-19 13:30:37,2025-08-19 13:44:49.739120,2025-08-19 14:06:16.340416,,송파구,1동,중구,2동,관공서 방문,1752,5.9,휠체어 탑승형 중형,뇌병변장애 1급
2025-04-10 16:02:30,2025-04-10 18:24:30,2025-04-10 16:09:40.016404,2025-04-10 16:20:26.535617,2025-04-10 16:45:07.428288,,성북구,1동,중구,3동,주간보호센터,2592,8.9,기타 차량,시각장애 1급
2025-11-08 12:42:43,2025-11-08 13:35:43,2025-11-08 13:17:17.901117,2025-11-08 13:21:58.108866,2025-11-08 13:35:38.318942,,강서구,2동,노원구,1동,학교 등하교,1500,3.7,휠체어 탑승형 대형,국가유공자(상이)
2025-10-01 20:25:37,2025-10-01 23:18:37,2025-10-01 20:39:42.253435,2025-10-01 20:44:52.755864,2025-10-01 21:27:02.092322,,강서구,1동,동대문구,3동,복지관 이용,3257,15.1,기타 차량,국가유공자(상이)
2025-12-12 09:58:28,2025-12-12 11:35:28,2025-12-12 10:08:12.096036,2025-12-12 10:13:55.405967,2025-12-12 10:54:08.820691,,광진구,3동,강남구,3동,기타,3131,13.3,휠체어 탑승형 대형,지체장애 1급
2025-04-07 09:21:48,2025-04-07 09:49:48,2025-04-07 09:23:16.428650,2025-04-07 09:24:21.714127,2025-04-07 09:58:55.547329,,노원구,1동,도봉구,2동,학교 등하교,2928,10.4,일반 세단형,국가유공자(상이)
2025-08-21 09:16:06,2025-08-21 11:05:06,2025-08-21 09:18:58.386942,2025-08-21 09:27:31.481863,2025-08-21 10:12:44.138726,,구로구,1동,송파구,1동,주간보호센터,3019,11.7,휠체어 탑승형 대형,뇌병변장애 1급
2025-07-31 11:27:34,2025-07-31 13:13:34,2025-07-31 11:57:02.317241,2025-07-31 12:00:05.704669,2025-07-31 12:10:37.461170,,종로구,1동,동대문구,1동,복지관 이용,1500,3.9,기타 차량,신장장애
2025-05-21 17:11:36,2025-05-21 19:10:36,,,,2025-05-21 17:18:36,강서구,1동,은평구,3동,학교 등하교,3894,24.2,일반 세단형,지체장애 1급
2025-12-10 13:32:34,2025-12-10 14:02:34,2025-12-10 13:56:21.751492,,,2025-12-10 14:08:21.751492,동작구,1동,강남구,1동,직업훈련,2935,10.5,휠체어 탑승형 중형,시각장애 1급
2025-09-01 14:42:17,2025-09-01 15:45:17,2025-09-01 15:03:07.199627,2025-09-01 15:12:10.905174,2025-09-01 15:59:38.816088,,구로구,1동,광진구,3동,병원 진료,3194,14.2,휠체어 탑승형 중형,지체장애 2급
2025-05-08 02:59:11,2025-05-08 04:32:11,2025-05-08 03:10:34.574634,2025-05-08 03:13:24.335951,2025-05-08 03:50:59.883008,,마포구,3동,강남,2동,재활 치료,3040,12.0,휠체어 탑승형 대형,지체장애 1급
2025-01-27 18:41:57,2025-01-27 19:03:57,2025-01-27 18:47:06.009143,2025-01-27 18:57:25.772821,2025-01-27 19:26:32.144977,,강북구,2동,도봉구,2동,병원 진료,2396,8.2,일반 세단형,지체장애 1급
2025-11-07 17:35:48,2025-11-07 19:17:48,2025-11-07 17:41:55.916026,2025-11-07 17:56:07.655553,2025-11-07 18:06:24.281295,,금천구,3동,강서구,2동,병원 진료,1500,4.2,휠체어 탑승형 중형,지체장애 1급
2025-11-28 17:18:30,2025-11-28 17:29:30,2025-11-28 17:47:17.033920,2025-11-28 18:08:11.714628,2025-11-28 18:33:31.959651,,은평구,2동,중구,1동,관공서 방문,2564,8.8,일반 세단형,뇌병변장애 2급
2025-11-19 20:19:44,2025-11-19 21:29:44,2025-11-19 20:37:50.157192,2025-11-19 20:38:50.157192,2025-11-19 21:17:32.806009,,강서구,1동,도봉구,2동,학교 등하교,2949,10.7,기타 차량,국가유공자(상이)
2025-10-05 20:12:22,2025-10-05 21:04:22,2025-10-05 20:25:19.372420,2025-10-05 20:40:41.124603,2025-10-05 21:08:25.896562,,마포구,1동,송파구,1동,관공서 방문,2144,7.3,휠체어 탑승형 대형,지체장애 2급
2025-04-13 08:05:38,2025-04-13 10:47:38,,,,2025-04-13 08:30:38,강동구,1동,마포구,3동,여가 활동,1864,6.3,일반 세단형,신장장애
2025-07-04 11:08:22,2025-07-04 11:31:22,2025-07-04 11:15:22.574390,2025-07-04 11:34:33.937605,2025-07-04 12:21:48.424136,,영등포구,1동,성북구,2동,여가 활동,3397,17.1,기타 차량,시각장애 1급
2025-01-19 23:26:07,2025-01-19 23:41:07,2025-01-19 23:53:09.544560,2025-01-20 00:04:06.907289,2025-01-20 01:05:24.717994,,강서구,3동,영등포구,1동,출퇴근,3733,21.9,휠체어 탑승형 중형,시각장애 1급
2025-07-05 15:45:18,2025-07-05 17:04:18,2025-07-05 15:51:58.982481,,,2025-07-05 16:11:58.982481,강남구,3동,관악구,3동,기타,2256,7.7,휠체어 탑승형 중형,신장장애
2025-03-27 22:52:22,2025-03-27 23:13:22,2025-03-27 22:58:54.357975,2025-03-27 23:01:25.087866,2025-03-27 23:25:53.357570,,중랑구,2동,구로구,1동,주간보호센터,2704,9.3,휠체어 탑승형 중형,시각장애 1급
2025-06-30 09:02:19,2025-06-30 09:53:19,2025-06-30 09:07:08.888014,2025-06-30 09:12:18.757025,2025-06-30 09:42:54.524293,,구로구,2동,강동구,2동,여가 활동,2935,10.5,일반 세단형,지체장애 1급
2025-03-01 17:28:27,2025-03-01 18:17:27,2025-03-01 18:07:12.360735,2025-03-01 18:10:55.283838,2025-03-01 18:21:08.387074,,도봉구,2동,성동구,3동,관공서 방문,1500,3.5,휠체어 탑승형 대형,지체장애 2급
0000-00-00,2025-06-29 14:33:40,2025-06-29 14:08:55.832369,2025-06-29 14:11:26.875094,2025-06-29 14:33:35.520730,,광진구,1동,노원구,3동,복지관 이용,2368,8.1,일반 세단형,지체장애 2급
2025-04-03 17:27:53,2025-04-03 18:59:53,2025-04-03 17:36:28.027093,2025-04-03 17:37:28.027093,2025-04-03 17:56:57.258845,,영등포구,1동,관악구,2동,여가 활동,2340,8.0,일반 세단형,뇌병변장애 1급
2025-10-11 08:42:46,2025-10-11 11:32:46,2025-10-11 08:43:58.053518,2025-10-11 08:46:13.440841,2025-10-11 09:00:29.744491,,마포구,2동,송파구,2동,여가 활동,1612,5.4,기타 차량,국가유공자(상이)
2025-03-13 12:34:13,2025-03-13 14:47:13,,,,2025-03-13 12:53:13,마포구,1동,강남구,2동,출퇴근,3313,15.9,일반 세단형,뇌병변장애 2급
2025-06-10 07:42:13,2025-06-10 08:02:13,2025-06-10 07:59:41.845956,2025-06-10 08:17:51.301559,2025-06-10 08:26:13.790728,,강동구,2동,서초구,2동,학교 등하교,1500,2.3,휠체어 탑승형 대형,국가유공자(상이)
2025-07-15 16:44:20,2025-07-15 18:03:20,2025-07-15 16:40:20,2025-07-15 16:54:50.527436,2025-07-15 17:03:44.848282,,성북구,1동,금천구,3동,병원 진료,1500,3.6,휠체어 탑승형 중형,뇌병변장애 1급
0000-00-00,2025-10-24 21:04:26,2025-10-24 20:11:28.777766,2025-10-24 20:23:38.454444,2025-10-24 21:09:39.349187,,동작구,2동,관악구,2동,학교 등하교,3390,17.0,휠체어 탑승형 대형,국가유공자(상이)
2025-08-13 15:27:30,2025-08-13 17:35:30,2025-08-13 15:36:26.618535,2025-08-13 15:37:26.618535,2025-08-13 15:51:48.926320,,마포구,1동,중구,1동,복지관 이용,1528,5.1,휠체어 탑승형 중형,뇌병변장애 1급
2025-07-02 06:41:53,2025-07-02 07:00:53,2025-07-02 06:51:40.418114,2025-07-02 06:52:40.418114,2025-07-02 07:10:21.636525,,송파구,3동,성북구,1동,출퇴근,1500,4.7,기타 차량,뇌병변장애 1급
2025-11-28 20:23:50,2025-11-28 22:48:50,2025-11-28 21:03:23.599678,2025-11-28 21:04:43.882558,2025-11-28 21:25:27.557697,,양천구,2동,도봉구,2동,기타,2312,7.9,기타 차량,지체장애 2급
2025-02-26 12:01:49,2025-02-26 13:27:49,,,,2025-02-26 12:11:49,양천구,2동,도봉구,1동,병원 진료,3586,19.8,휠체어 탑승형 대형,뇌병변장애 1급
2025-10-23 10:39:51,2025-10-23 10:58:51,2025-10-23 10:42:47.191807,2025-10-23 10:43:47.191807,2025-10-23 11:22:22.433872,,강동구,2동,용산구,3동,학교 등하교,2900,10.0,기타 차량,뇌병변장애 1급
2025-10-07 07:03:53,2025-10-07 09:34:53,2025-10-07 07:25:46.866543,2025-10-07 07:30:24.756291,2025-10-07 07:34:44.491143,,관악구,1동,강서구,2동,복지관 이용,1500,1.7,휠체어 탑승형 중형,지체장애 2급
2025-01-25 09:41:26,2025-01-25 11:42:26,,,,2025-01-25 09:51:26,성동구,3동,영등포구,1동,직업훈련,2508,8.6,기타 차량,신장장애
2025-10-02 16:32:28,2025-10-02 17:00:28,2025-10-02 16:46:18.448143,2025-10-02 16:47:20.036048,2025-10-02 16:55:51.762933,,강북구,3동,관악구,2동,관공서 방문,1500,3.3,일반 세단형,지체장애 2급
2025-02-20 11:03:15,2025-02-20 12:51:15,2025-02-20 11:28:28.506976,2025-02-20 11:29:56.251533,2025-02-20 11:41:19.186992,,관악구,1동,강서구,3동,병원 진료,1500,4.5,일반 세단형,뇌병변장애 2급
2025-10-09 02:09:12,2025-10-09 03:40:12,2025-10-09 02:55:10.618826,2025-10-09 03:30:57.501145,2025-10-09 03:45:57.828793,,동대문구,3동,강북구,2동,병원 진료,1584,5.3,휠체어 탑승형 중형,시각장애 1급
2025-09-25 02:45:27,2025-09-25 04:12:27,2025-09-25 02:49:04.259174,2025-09-25 02:56:03.524392,2025-09-25 04:06:07.430741,,중구,2동,도봉구,3동,기타,3446,17.8,기타 차량,신장장애
2025-12-01 15:16:41,2025-12-01 16:35:41,2025-12-01 15:40:09.415864,2025-12-01 15:54:21.528841,2025-12-01 16:02:37.275479,,영등포구,3동,강서구,2동,경조사,1500,3.0,기타 차량,신장장애
2025-10-15 09:43:42,2025-10-15 12:12:42,,,,2025-10-15 09:58:42,영등포구,1동,관악구,2동,학교 등하교,2928,10.4,휠체어 탑승형 중형,뇌병변장애 2급
2025-06-06 12:04:48,2025-06-06 14:48:48,2025-06-06 12:35:10.748421,2025-06-06 12:46:37.246763,2025-06-06 13:33:39.067788,,강서구,1동,성동구,3동,재활 치료,3397,17.1,휠체어 탑승형 중형,뇌병변장애 1급
2025-11-26 15:48:06,2025-11-26 18:30:06,,,,2025-11-26 15:52:06,성북구,1동,강남구,2동,출퇴근,2732,9.4,기타 차량,신장장애
2025-08-25 11:37:08,2025-08-25 11:50:08,2025-08-25 11:48:12.802225,2025-08-25 11:49:54.314435,2025-08-25 12:35:25.883174,,동대문구,3동,금천구,3동,출퇴근,3306,15.8,휠체어 탑승형 대형,지체장애 1급
2025-11-15 18:44:31,2025-11-15 20:19:31,2025-11-15 18:48:45.072497,,,2025-11-15 18:54:45.072497,용산구,2동,서대문구,2동,직업훈련,1836,6.2,기타 차량,시각장애 1급
2025-12-12 19:53:21,2025-12-12 21:00:21,2025-12-12 19:58:22.172221,2025-12-12 19:59:22.172221,2025-12-12 20:07:17.864369,,중구,3동,양천구,1동,기타,1500,3.2,휠체어 탑승형 대형,뇌병변장애 2급
2025-01-15 13:40:36,2025-01-15 15:16:36,2025-01-15 14:21:46.378458,2025-01-15 14:29:56.688463,2025-01-15 15:12:06.098338,,용산구,2동,서초,1동,기타,2984,11.2,휠체어 탑승형 중형,지체장애 1급
2025-08-09 17:58:54,2025-08-09 20:22:54,2025-08-09 18:10:44.375503,2025-08-09 18:13:55.052129,2025-08-09 18:51:22.640340,,은평구,2동,관악구,3동,학교 등하교,2928,10.4,휠체어 탑승형 중형,시각장애 1급
2025-05-18 14:33:15,2025-05-18 16:29:15,2025-05-18 14:45:02.007438,2025-05-18 14:47:02.046603,2025-05-18 14:55:19.119043,,관악구,2동,성동구,3동,병원 진료,1500,2.5,일반 세단형,뇌병변장애 2급
2025-09-06 10:54:52,2025-09-06 11:54:52,2025-09-06 11:18:51.377649,2025-09-06 11:26:00.859029,2025-09-06 12:15:08.935428,,종로구,2동,성동구,2동,출퇴근,3488,18.4,일반 세단형,뇌병변장애 2급
2025-08-09 11:16:39,2025-08-09 13:15:39,2025-08-09 11:18:34.493465,2025-08-09 11:21:31.713482,2025-08-09 11:53:03.461504,,송파구,1동,노원구,3동,병원 진료,2760,9.5,휠체어 탑승형 중형,시각장애 1급
2025-02-11 04:40:44,2025-02-11 05:11:44,2025-02-11 05:08:49.219902,2025-02-11 05:13:07.054505,2025-02-11 05:43:41.262748,,도봉구,3동,은평구,2동,재활 치료,2900,10.0,휠체어 탑승형 중형,지체장애 1급
2025-06-17 07:06:28,2025-06-17 09:43:28,2025-06-17 07:23:50.278761,2025-06-17 07:32:11.377733,2025-06-17 07:48:32.044705,,강남구,3동,성동구,1동,학교 등하교,1584,5.3,기타 차량,국가유공자(상이)
2025-10-05 14:27:45,2025-10-05 15:54:45,2025-10-05 14:38:06.819990,2025-10-05 14:44:09.749117,2025-10-05 15:11:59.429385,,중랑구,3동,마포구,2동,관공서 방문,2788,9.6,일반 세단형,시각장애 1급
2025-03-18 08:51:52,2025-03-18 10:28:52,2025-03-18 09:15:44.475140,2025-03-18 09:21:09.124685,2025-03-18 09:43:40.168247,,성북구,3동,금천구,1동,관공서 방문,2620,9.0,휠체어 탑승형 중형,뇌병변장애 1급
2025-08-16 04:07:10,2025-08-16 04:22:10,2025-08-16 04:42:38.100247,2025-08-16 04:43:38.100247,2025-08-16 05:08:45.468721,,강동구,3동,금천구,1동,복지관 이용,2256,7.7,일반 세단형,지체장애 2급
2025-12-27 11:31:25,2025-12-27 13:54:25,2025-12-27 11:37:23.714255,2025-12-27 11:49:13.704636,2025-12-27 12:25:45.282563,,동작구,1동,광진구,2동,학교 등하교,3061,12.3,일반 세단형,국가유공자(상이)
2025-07-18 18:24:48,2025-07-18 20:29:48,2025-07-18 18:36:51.429097,2025-07-18 18:42:00.345311,2025-07-18 18:51:13.150712,,관악구,2동,강북구,3동,관공서 방문,1500,2.6,일반 세단형,지체장애 1급
2025-03-24 12:25:46,2025-03-24 13:40:46,2025-03-24 12:55:09.471891,2025-03-24 13:03:36.966334,2025-03-24 13:24:02.978395,,마포구,1동,중랑구,3동,기타,2340,8.0,일반 세단형,뇌병변장애 2급
2025-11-24 12:51:06,2025-11-24 14:53:06,,,,2025-11-24 13:10:06,은평구,1동,광진구,1동,병원 진료,2200,7.5,일반 세단형,지체장애 2급
2025-09-27 09:21:14,2025-09-27 11:51:14,2025-09-27 09:35:37.307855,2025-09-27 09:43:37.737140,2025-09-27 10:39:28.638945,,성북구,2동,송파구,3동,여가 활동,3404,17.2,휠체어 탑승형 대형,신장장애
2025-01-24 02:35:33,2025-01-24 05:16:33,2025-01-24 03:28:50.758748,,,2025-01-24 03:29:50.758748,마포구,1동,도봉구,3동,출퇴근,1948,6.6,기타 차량,지체장애 2급
2025-01-24 08:16:30,2025-01-24 10:48:30,2025-01-24 08:26:45.521132,2025-01-24 08:31:13.251852,2025-01-24 08:39:45.280303,,용산구,1동,중구,2동,직업훈련,1500,2.5,일반 세단형,시각장애 1급
2025-10-01 11:36:37,2025-10-01 11:47:37,2025-10-01 11:39:49.601287,2025-10-01 11:48:22.054754,2025-10-01 11:52:13.928996,,구로구,3동,도봉구,1동,출퇴근,1500,1.5,일반 세단형,지체장애 2급
2025-02-24 18:47:16,2025-02-24 19:23:16,2025-02-24 19:03:21.911442,2025-02-24 19:06:40.543356,2025-02-24 19:14:01.364080,,서울 서초구,1동,관악구,3동,복지관 이용,1500,2.2,일반 세단형,신장장애
2025-09-29 10:09:52,2025-09-29 10:25:52,2025-09-29 10:18:30.503685,2025-09-29 10:22:53.303661,2025-09-29 10:56:27.573995,,서초구,3동,동작구,1동,여가 활동,2977,11.1,휠체어 탑승형 대형,지체장애 1급
2025-09-30 08:44:06,2025-09-30 10:23:06,2025-09-30 09:27:08.050568,2025-09-30 09:33:59.751103,2025-09-30 10:05:12.750354,,송파구,2동,강서구,3동,관공서 방문,3068,12.4,휠체어 탑승형 중형,지체장애 1급
2025-11-27 18:12:00,2025-11-27 20:36:00,2025-11-28 21:12:00,2025-11-27 18:19:31.878918,2025-11-27 18:44:57.489489,,서대문구,2동,강남구,3동,병원 진료,2004,6.8,휠체어 탑승형 중형,시각장애 1급
2025-05-24 14:52:22,2025-05-24 15:45:22,2025-05-24 15:31:26.433122,2025-05-24 15:32:26.433122,2025-05-24 15:42:38.093954,,성북구,1동,구로구,2동,기타,1500,2.6,일반 세단형,신장장애
2025-04-19 09:22:14,2025-04-19 11:32:14,2025-04-19 09:23:14,2025-04-19 09:27:11.468829,2025-04-19 09:39:27.758120,,금천구,2동,동작구,3동,직업훈련,1500,3.6,기타 차량,시각장애 1급
2025-02-10 14:35:52,2025-02-10 15:38:52,2025-02-10 14:48:51.336628,2025-02-10 14:50:53.839500,2025-02-10 15:08:07.988248,,양천구,1동,강동구,1동,학교 등하교,2060,7.0,휠체어 탑승형 대형,지체장애 1급
2025-07-22 10:44:40,2025-07-22 11:15:40,2025-07-22 11:10:18.823627,2025-07-22 11:12:59.837220,2025-07-22 11:25:11.695938,,노원구,1동,양천구,2동,경조사,1500,4.2,일반 세단형,지체장애 2급
2025-02-15 12:57:10,2025-02-15 13:44:10,2025-02-15 13:21:42.063809,,,2025-02-15 13:28:42.063809,동대문구,3동,종로구,2동,학교 등하교,1892,6.4,휠체어 탑승형 중형,뇌병변장애 1급
2025-02-24 17:44:46,2025-02-24 18:13:46,2025-02-24 17:48:39.089351,2025-02-24 17:52:27.523120,2025-02-24 18:18:54.121194,,강북구,3동,동작구,2동,출퇴근,2900,10.0,휠체어 탑승형 중형,국가유공자(상이)
2025-08-20 10:43:03,2025-08-20 12:18:03,2025-08-20 10:50:48.694548,2025-08-20 10:51:49.568216,2025-08-20 11:23:53.238547,,용산구,2동,강동구,1동,출퇴근,2396,8.2,기타 차량,뇌병변장애 2급
2025-12-13 10:07:41,2025-12-13 12:16:41,2025-12-13 09:57:41,2025-12-13 10:35:48.126674,2025-12-13 11:34:47.154487,,관악구,1동,금천구,2동,학교 등하교,3586,19.8,일반 세단형,지체장애 1급
2025-05-07 18:40:28,2025-05-07 20:22:28,,,,2025-05-07 18:44:28,강남구,1동,노원구,1동,경조사,3257,15.1,휠체어 탑승형 대형,뇌병변장애 2급
2025-06-14 16:48:55,2025-06-14 18:46:55,,,,2025-06-14 16:57:55,중구,3동,서대문구,1동,재활 치료,1500,0.5,휠체어 탑승형 중형,국가유공자(상이)
2025-06-18 11:57:56,2025-06-18 12:47:56,2025-06-18 12:12:15.230159,2025-06-18 12:17:36.510507,2025-06-18 12:44:08.459541,,종로구,1동,강북구,2동,재활 치료,2921,10.3,기타 차량,뇌병변장애 1급
2025-11-16 07:55:08,2025-11-16 09:34:08,2025-11-16 08:02:38.724790,2025-11-16 08:06:28.948045,2025-11-16 08:36:55.936102,,은평구,2동,도봉구,1동,여가 활동,3061,12.3,일반 세단형,국가유공자(상이)
2025-02-14 20:22:42,2025-02-14 23:16:42,2025-02-14 20:27:43.164210,2025-02-14 20:43:44.933534,2025-02-14 20:55:09.070627,,강남구,1동,동대문구,2동,관공서 방문,1500,3.1,휠체어 탑승형 중형,지체장애 2급
2025-04-30 10:59:50,2025-04-30 13:32:50,2025-04-30 11:55:19.004124,2025-04-30 12:11:41.291640,2025-04-30 12:24:16.650997,,강동구,3동,구로구,3동,기타,1500,4.0,휠체어 탑승형 대형,뇌병변장애 1급
2025-02-10 09:46:36,2025-02-10 11:28:36,2025-02-10 09:53:52.155925,2025-02-10 09:54:52.155925,2025-02-10 10:36:13.165258,,동대문구,1동,도봉구,1동,여가 활동,3278,15.4,기타 차량,지체장애 1급
2025-01-22 15:43:01,2025-01-22 16:33:01,2025-01-22 16:29:06.386837,2025-01-22 16:30:06.386837,2025-01-22 16:34:42.105576,,용산구,3동,구로구,1동,관공서 방문,1500,1.2,휠체어 탑승형 대형,신장장애
2025-02-08 18:50:15,2025-02-08 21:49:15,2025-02-08 18:58:11.735705,2025-02-08 19:13:31.628575,2025-02-08 19:42:42.996128,,금천구,2동,강동구,1동,학교 등하교,2564,8.8,휠체어 탑승형 대형,신장장애
2025-10-08 09:18:01,2025-10-08 11:42:01,2025-10-08 09:22:52.592114,2025-10-08 09:35:18.826161,2025-10-08 10:06:52.519224,,성북구,3동,은평구,2동,복지관 이용,2592,8.9,휠체어 탑승형 대형,지체장애 1급
2025-01-04 18:34:59,2025-01-04 19:36:59,2025-01-04 18:40:58.817118,2025-01-04 18:47:03.500113,2025-01-04 19:20:33.668438,,중구,3동,용산구,1동,기타,2935,10.5,휠체어 탑승형 대형,지체장애 2급
2025-01-24 15:36:17,2025-01-24 17:50:17,2025-01-24 15:45:17.535192,2025-01-24 15:53:54.979998,2025-01-24 16:17:16.723414,,마포구,2동,동작구,1동,병원 진료,1752,5.9,기타 차량,국가유공자(상이)
2025-11-08 13:44:43,2025-11-08 14:31:43,2025-11-08 13:48:05.645284,2025-11-08 14:03:43.380514,2025-11-08 14:36:51.719551,,종로구,1동,마포구,1동,병원 진료,3012,11.6,휠체어 탑승형 대형,국가유공자(상이)
2025-11-05 01:28:40,2025-11-05 02:22:40,2025-11-05 02:27:09.366422,2025-11-05 02:33:25.967412,2025-11-05 03:32:53.441855,,은평구,3동, 강남구 ,1동,관공서 방문,3355,16.5,일반 세단형,뇌병변장애 1급
2025-03-01 09:55:42,2025-03-01 11:56:42,2025-03-01 10:22:20.161781,2025-03-01 10:25:43.970398,2025-03-01 10:57:16.650375,,관악구,1동,강북구,3동,복지관 이용,2508,8.6,기타 차량,신장장애
2025-11-26 16:09:08,2025-11-26 18:49:08,2025-11-26 16:11:55.862513,2025-11-26 16:24:45.143274,2025-11-26 17:07:26.072473,,관악구,1동,노원구,2동,직업훈련,3278,15.4,휠체어 탑승형 중형,국가유공자(상이)
2025-10-27 17:45:20,2025-10-27 19:23:20,2025-10-27 18:16:28.208063,2025-10-27 18:22:04.059925,2025-10-27 18:29:14.824114,,관악구,1동,양천구,2동,직업훈련,1500,1.9,기타 차량,뇌병변장애 2급
2025-02-12 08:49:51,2025-02-12 11:22:51,2025-02-12 09:08:19.976157,2025-02-12 09:10:40.643570,2025-02-12 09:26:53.133101,,금천구,3동,관악구,3동,출퇴근,1500,4.2,기타 차량,시각장애 1급
2025-03-01 16:42:43,2025-03-01 18:28:43,2025-03-01 16:45:33.771637,2025-03-01 17:14:53.634156,2025-03-01 17:29:27.849385,,용산구,2동,광진구,1동,직업훈련,1724,5.8,기타 차량,지체장애 1급
2025-06-21 09:11:13,2025-06-21 11:15:13,2025-06-21 09:21:27.636566,2025-06-21 09:24:49.534583,2025-06-21 09:38:10.690553,,송파구,2동,은평구,1동,직업훈련,1500,3.7,휠체어 탑승형 중형,뇌병변장애 1급
2025-08-13 12:15:43,2025-08-13 14:59:43,2025-08-13 12:28:56.713052,2025-08-13 12:38:48.633356,2025-08-13 12:45:08.046331,,영등포구,1동,금천구,1동,관공서 방문,1500,2.5,휠체어 탑승형 대형,국가유공자(상이)
2025-12-22 01:00:13,2025-12-22 03:41:13,2025-12-22 01:17:29.533415,2025-12-22 01:21:45.141780,2025-12-22 01:37:33.111297,,강동구,2동,중구,3동,기타,1780,6.0,기타 차량,지체장애 1급
2025-03-04 01:50:59,2025-03-04 02:07:59,2025-03-04 01:51:59,2025-03-04 01:55:37.475016,2025-03-04 02:33:12.880066,,도봉구,2동,동작구,2동,관공서 방문,3201,14.3,일반 세단형,시각장애 1급
2025-12-19 14:49:34,2025-12-19 16:10:34,2025-12-19 14:50:34,2025-12-19 15:13:54.411145,2025-12-19 15:51:01.974159,,용산구,1동,은평구,3동,복지관 이용,3110,13.0,휠체어 탑승형 대형,뇌병변장애 1급
2025-07-19 22:04:36,2025-07-19 23:21:36,2025-07-19 22:42:22.301004,2025-07-19 22:49:04.620767,2025-07-19 23:15:42.936533,,광진구,1동,중랑구,2동,기타,2900,10.0,일반 세단형,지체장애 2급
2025-04-12 09:03:52,2025-04-12 11:51:52,2025-04-12 09:49:44.913640,2025-04-12 09:52:19.893491,2025-04-12 10:21:27.167613,,송파구,3동,송파구,1동,재활 치료,2949,10.7,기타 차량,시각장애 1급
2025-06-11 17:46:07,2025-06-11 18:58:07,,,,2025-06-11 18:05:07,성동구,3동,성동구,1동,복지관 이용,2452,8.4,기타 차량,지체장애 1급
2025-06-07 17:01:03,2025-06-07 19:37:03,2025-06-07 17:19:33.614964,2025-06-07 17:20:33.614964,2025-06-07 17:59:12.850225,,세종시,1동,서초구,1동,주간보호센터,3145,13.5,기타 차량,뇌병변장애 1급
2025-09-19 17:00:14,2025-09-19 19:04:14,2025-09-19 17:11:17.922822,2025-09-19 17:22:49.863846,2025-09-19 17:45:45.513754,,중랑구,1동,용산구,2동,경조사,2088,7.1,휠체어 탑승형 중형,시각장애 1급
2025-04-13 07:43:21,2025-04-13 10:06:21,2025-04-13 08:15:48.028608,2025-04-13 08:20:43.980688,2025-04-13 08:37:47.749115,,서초구,2동,마포구,1동,재활 치료,1696,5.7,휠체어 탑승형 대형,지체장애 2급
2025-12-24 17:30:45,2025-12-24 19:18:45,2025-12-24 17:35:50.320300,2025-12-24 17:42:11.360420,2025-12-24 19:34:33.446436,,마포구,3동,송파구,1동,학교 등하교,4545,33.5,휠체어 탑승형 중형,뇌병변장애 1급
2025-06-03 12:51:44,2025-06-03 13:34:44,2025-06-03 13:01:41.393232,2025-06-03 13:09:56.735586,2025-06-03 13:30:38.784178,,강서구,1동,금천구,1동,병원 진료,1780,6.0,기타 차량,지체장애 2급
2025-04-06 18:30:21,2025-04-06 21:30:21,2025-04-06 18:32:33.245214,2025-04-06 18:42:11.521660,2025-04-06 18:51:14.747561,,도봉구,3동,강북구,2동,출퇴근,1500,3.4,일반 세단형,신장장애
2025-06-08 17:46:29,2025-06-08 19:05:29,2025-06-08 17:54:44.322179,2025-06-08 18:03:30.647997,2025-06-08 18:34:11.349137,,은평구,1동,강남구,1동,병원 진료,3012,11.6,일반 세단형,지체장애 2급
2025-10-10 13:01:43,2025-10-10 14:23:43,2025-10-10 13:10:26.669036,2025-10-10 13:12:07.865691,2025-10-10 13:24:16.711921,,강서구,2동,은평구,3동,경조사,1500,5.0,휠체어 탑승형 중형,지체장애 2급
2025-09-09 01:04:39,2025-09-09 01:36:39,2025-09-09 01:11:01.836649,2025-09-09 01:15:51.257453,2025-09-09 02:20:59.205103,,성동구,1동,광진구,2동,학교 등하교,3859,23.7,기타 차량,국가유공자(상이)
2025-11-27 10:43:16,2025-11-27 13:16:16,2025-11-27 10:45:03.847300,2025-11-27 10:46:03.847300,2025-11-27 11:00:42.540158,,영등포구,2동,서대문구,3동,경조사,1752,5.9,휠체어 탑승형 중형,지체장애 1급
2025-07-29 16:57:55,2025-07-29 18:21:55,2025-07-29 17:13:09.578240,2025-07-29 17:19:21.967800,2025-07-29 17:32:07.550583,,성동구,1동,관악구,1동,관공서 방문,1500,3.3,일반 세단형,지체장애 2급
2025-06-02 10:42:37,2025-06-02 11:16:37,2025-06-02 11:11:06.493510,2025-06-02 11:14:14.286372,2025-06-02 11:57:37.648975,,동대문구,2동,도봉구,2동,주간보호센터,3222,14.6,휠체어 탑승형 대형,지체장애 1급
2025-06-09 16:18:42,2025-06-09 17:50:42,2025-06-09 15:51:42,,,2025-06-09 17:16:14.999683,마포구,3동,송파구,1동,재활 치료,1500,1.4,일반 세단형,뇌병변장애 1급
2025-08-20 13:45:12,2025-08-20 16:18:12,2025-08-20 13:56:50.425576,2025-08-20 14:12:01.432693,2025-08-20 14:25:46.311542,,강남구,3동,금천구,1동,복지관 이용,1668,5.6,기타 차량,시각장애 1급
2025-09-24 12:49:11,2025-09-24 14:06:11,2025-09-24 12:50:11,2025-09-24 12:52:03.655910,2025-09-24 13:58:59.647708,,금천구,3동,종로구,1동,관공서 방문,3376,16.8,휠체어 탑승형 대형,시각장애 1급
2025-06-05 03:45:57,2025-06-05 06:20:57,,,,2025-06-05 04:04:57,은평구,3동,영등포구,3동,출퇴근,3376,16.8,일반 세단형,국가유공자(상이)
2025-08-07 17:50:18,2025-08-07 20:35:18,2025-08-07 18:05:52.692768,2025-08-07 18:08:15.862193,2025-08-07 18:30:09.102450,,송파구,2동,서대문구,1동,기타,1808,6.1,기타 차량,시각장애 1급
2025-09-12 09:31:25,2025-09-12 11:17:25,2025-09-12 09:48:07.361098,2025-09-12 09:56:45.663936,2025-09-12 10:12:40.032939,,서초구,1동,서초구,2동,출퇴근,1724,5.8,기타 차량,뇌병변장애 2급
2025-06-07 17:33:59,2025-06-07 20:16:59,2025-06-07 18:30:55.582858,2025-06-07 18:36:19.138338,2025-06-07 19:20:07.721559,,서대문구,1동,성동구,3동,병원 진료,3397,17.1,휠체어 탑승형 중형,지체장애 1급
2025-01-03 07:32:21,2025-01-03 09:03:21,,,,2025-01-03 07:44:21,구로구,3동,서초구,3동,출퇴근,2732,9.4,휠체어 탑승형 중형,뇌병변장애 1급
2025-04-05 13:17:20,2025-04-05 13:47:20,2025-04-05 13:52:10.300494,2025-04-05 13:54:03.131749,2025-04-05 14:21:10.368180,,종로구,3동,강서구,1동,출퇴근,2172,7.4,기타 차량,뇌병변장애 1급
2025-01-22 15:14:36,2025-01-22 17:31:36,2025-01-22 15:46:15.228834,2025-01-22 15:57:23.130436,2025-01-22 16:44:05.248003,,노원구,2동,강남구,2동,복지관 이용,3229,14.7,일반 세단형,지체장애 2급
2025-09-29 03:50:23,2025-09-29 05:12:23,2025-09-29 03:58:23.793639,2025-09-29 04:31:37.351642,2025-09-29 04:55:50.270483,,강북구,1동,은평구,2동,경조사,2704,9.3,기타 차량,지체장애 2급
2025-12-08 14:57:11,2025-12-08 15:18:11,2025-12-08 15:07:31.082892,2025-12-08 15:09:44.913278,2025-12-08 15:24:38.804062,,송파구,1동,중랑구,2동,직업훈련,1500,3.9,일반 세단형,지체장애 2급
2025-05-29 08:49:26,2025-05-29 11:45:26,2025-05-29 08:58:35.468313,2025-05-29 08:59:35.468313,2025-05-29 09:18:32.123170,,강동구,1동,성동구,1동,출퇴근,1864,6.3,기타 차량,신장장애
2025-03-16 17:34:10,2025-03-16 18:28:10,,,,2025-03-16 17:51:10,중랑구,2동,서대문구,2동,관공서 방문,2760,9.5,휠체어 탑승형 중형,뇌병변장애 2급
2025-09-04 03:07:22,2025-09-04 03:41:22,2025-09-04 03:17:06.133132,2025-09-04 03:23:34.949698,2025-09-04 04:26:19.897496,,중구,2동,중구,2동,복지관 이용,3404,17.2,휠체어 탑승형 대형,시각장애 1급
2025-10-15 15:14:20,2025-10-15 17:32:20,2025-10-15 15:53:26.289979,2025-10-15 15:54:52.136863,2025-10-15 16:28:29.304494,,금천구,1동,중구,3동,재활 치료,2536,8.7,일반 세단형,지체장애 1급
2025-08-29 19:30:23,2025-08-29 20:38:23,2025-08-29 19:35:34.477132,2025-08-29 19:36:34.477132,2025-08-29 19:40:56.668381,,영등포구,3동,성동구,3동,관공서 방문,1500,1.4,일반 세단형,신장장애
2025-08-15 19:08:50,2025-08-15 20:57:50,2025-08-15 19:09:50,2025-08-15 19:29:11.459072,2025-08-15 19:43:12.458946,,은평구,3동,영등포구,2동,출퇴근,1584,5.3,휠체어 탑승형 대형,지체장애 1급
2025-09-10 18:51:19,2025-09-10 19:24:19,2025-09-10 18:53:11.640278,2025-09-10 18:55:24.817057,2025-09-10 19:19:46.929863,,중랑구,3동,관악구,2동,학교 등하교,2704,9.3,휠체어 탑승형 중형,지체장애 1급
2025-10-07 07:29:30,2025-10-07 08:05:30,2025-10-07 08:06:09.241687,2025-10-07 08:12:05.349236,2025-10-07 08:37:14.443873,,강동구,1동,강북구,3동,주간보호센터,2004,6.8,기타 차량,지체장애 1급
2025-06-11 16:20:27,2025-06-11 16:53:27,2025-06-11 17:09:46.850924,2025-06-11 17:10:46.850924,2025-06-11 17:25:50.675173,,동대문구,1동,동작구,3동,기타,1500,4.0,기타 차량,지체장애 1급
2025-03-17 19:20:50,2025-03-17 20:33:50,2025-03-17 19:26:55.223193,2025-03-17 19:38:38.901156,2025-03-17 20:03:01.013751,,용산구,1동,금천구,2동,경조사,2340,8.0,휠체어 탑승형 중형,국가유공자(상이)
2025-12-07 00:09:46,2025-12-07 01:40:46,,,,2025-12-07 00:34:46,영등포구,3동,동작구,2동,기타,1556,5.2,기타 차량,지체장애 2급
2025-12-28 16:58:40,2025-12-28 19:49:40,2025-12-28 17:16:27.677262,2025-12-28 17:17:27.677262,2025-12-28 17:42:02.122176,,마포구,3동,서초구,2동,출퇴근,2060,7.0,휠체어 탑승형 중형,지체장애 2급
2025-05-27 00:23:02,2025-05-27 01:12:02,2025-05-27 00:24:02,2025-05-27 00:34:13.492346,2025-05-27 01:37:29.589691,,송파구,3동,서대문구,1동,복지관 이용,3628,20.4,휠체어 탑승형 중형,지체장애 1급
2025-10-08 10:09:57,2025-10-08 12:58:57,2025-10-08 10:12:10.033948,2025-10-08 10:15:07.308765,2025-10-08 10:51:48.543644,,강북구,1동,양천구,3동,여가 활동,2935,10.5,기타 차량,뇌병변장애 1급
2025-09-29 10:09:52,2025-09-29 10:25:52,2025-09-29 10:18:30.503685,2025-09-29 10:22:53.303661,2025-09-29 10:56:27.573995,,서초구,3동,동작구,1동,여가 활동,2977,11.1,휠체어 탑승형 대형,지체장애 1급
2025-11-26 16:32:13,2025-11-26 17:24:13,2025-11-26 16:41:05.608814,2025-11-26 16:44:43.149149,2025-11-26 17:30:44.726025,,영등포구,3동,은평구,2동,복지관 이용,3432,17.6,일반 세단형,지체장애 1급
2025-08-11 05:18:51,2025-08-11 06:39:51,2025-08-11 05:39:11.823789,2025-08-11 05:40:11.823789,2025-08-11 05:55:13.611302,,중구,2동,도봉구,2동,복지관 이용,1584,5.3,휠체어 탑승형 대형,국가유공자(상이)
2025-09-29 10:18:56,2025-09-29 11:16:56,2025-09-29 10:27:52.363416,2025-09-29 10:40:02.406034,2025-09-29 11:01:10.275335,,광진구,2동,강동구,3동,여가 활동,1780,6.0,휠체어 탑승형 중형,지체장애 2급
2025-04-30 07:47:08,2025-04-30 09:11:08,2025-04-30 07:49:11.276701,2025-04-30 07:50:11.276701,2025-04-30 08:20:05.782305,,관악구,2동,관악구,1동,재활 치료,2760,9.5,휠체어 탑승형 대형,뇌병변장애 2급
2025-12-13 12:11:04,2025-12-13 14:51:04,2025-12-13 12:12:24.366259,,,2025-12-13 12:20:24.366259,관악구,1동,서울 강남구,3동,관공서 방문,1500,1.0,일반 세단형,국가유공자(상이)
2025-11-15 08:08:26,2025-11-15 10:19:26,2025-11-15 08:20:58.282792,,,2025-11-15 08:22:58.282792,중구,2동,관악구,2동,학교 등하교,1500,5.0,일반 세단형,지체장애 2급
2025-09-02 21:00:15,2025-09-02 22:40:15,,,,2025-09-02 21:05:15,송파구,3동,강북구,3동,직업훈련,2256,7.7,일반 세단형,지체장애 1급
2025-06-24 19:44:38,2025-06-24 22:44:38,2025-06-24 19:59:03.069620,2025-06-24 20:00:03.069620,2025-06-24 20:07:09.377383,,강서구,1동,서초구,1동,직업훈련,1500,2.9,일반 세단형,뇌병변장애 2급
2025-05-04 05:57:10,2025-05-04 06:29:10,,,,2025-05-04 06:26:10,강서구,2동,서대문구,2동,병원 진료,1500,5.0,기타 차량,지체장애 1급
2025-11-02 17:04:37,2025-11-02 17:55:37,2025-11-02 17:14:35.276830,2025-11-02 17:15:35.664750,2025-11-02 18:15:57.714133,,서초구,1동,서초구,1동,관공서 방문,3565,19.5,기타 차량,뇌병변장애 1급
2025-02-08 10:21:21,2025-02-08 12:08:21,,,,2025-02-08 10:27:21,관악구,1동,송파구,2동,출퇴근,3110,13.0,휠체어 탑승형 중형,신장장애
2025-05-31 13:05:42,2025-05-31 13:35:42,2025-05-31 13:13:47.472243,2025-05-31 13:14:47.472243,2025-05-31 13:34:21.368053,,중구,3동,마포구,2동,관공서 방문,2284,7.8,기타 차량,지체장애 2급
2025-04-11 12:52:22,2025-04-11 13:21:22,2025-04-11 12:57:00.731436,2025-04-11 13:10:43.754513,2025-04-11 13:30:53.965974,,마포구,2동,강동구,1동,직업훈련,2452,8.4,휠체어 탑승형 대형,신장장애
2025-04-11 15:15:07,2025-04-11 16:58:07,2025-04-11 15:16:14.962616,2025-04-11 15:33:22.214411,2025-04-11 15:54:12.448165,,마포구,3동,강북구,1동,재활 치료,2256,7.7,휠체어 탑승형 중형,뇌병변장애 2급
2025-12-19 16:38:41,2025-12-19 18:23:41,2025-12-19 16:39:41,2025-12-19 16:43:11.372195,2025-12-19 17:17:31.570486,,광진구,3동,용산구,3동,주간보호센터,2942,10.6,일반 세단형,지체장애 2급
2025-10-10 08:22:42,2025-10-10 11:16:42,2025-10-10 08:39:16.544870,2025-10-10 08:49:40.168862,2025-10-10 09:09:42.820936,,은평구,2동,관악구,2동,여가 활동,1976,6.7,휠체어 탑승형 대형,지체장애 1급
2025-11-28 16:12:08,2025-11-28 16:36:08,2025-11-28 16:14:13.101255,2025-11-28 16:20:48.476988,2025-11-28 16:38:07.257775,,성동구,3동,서초구,1동,관공서 방문,1528,5.1,휠체어 탑승형 중형,지체장애 2급
2025-06-11 12:07:35,2025-06-11 14:04:35,2025-06-11 12:22:55.434849,2025-06-11 12:29:38.240563,2025-06-11 13:18:28.205839,,노원구,2동,관악구,3동,기타,3432,17.6,휠체어 탑승형 대형,뇌병변장애 1급
2025-05-25 17:55:04,2025-05-25 19:01:04,2025-05-25 18:04:37.682855,2025-05-25 18:45:15.431192,2025-05-25 19:08:05.664259,,송파구,2동,은평구,3동,여가 활동,1780,6.0,일반 세단형,시각장애 1급
2025-06-12 12:04:24,2025-06-12 14:48:24,2025-06-12 12:05:33.384578,2025-06-12 12:15:03.942016,2025-06-12 12:18:42.688630,,구로구,1동,구로구,3동,기타,1500,1.1,기타 차량,지체장애 2급
2025-09-28 16:49:05,2025-09-28 17:13:05,2025-09-28 16:55:19.292773,2025-09-28 17:45:07.271578,2025-09-28 18:10:24.237521,,중구,1동,도봉구,2동,병원 진료,2620,9.0,일반 세단형,뇌병변장애 1급
2025-04-06 08:09:11,2025-04-06 10:14:11,2025-04-06 09:17:08.313289,2025-04-06 09:21:55.179740,2025-04-06 10:01:01.625018,,중랑구,1동,용산구,2동,복지관 이용,2984,11.2,휠체어 탑승형 중형,뇌병변장애 2급
2025-05-12 17:34:46,2025-05-12 18:55:46,2025-05-12 17:57:11.134637,2025-05-12 18:06:52.610529,2025-05-12 19:07:25.211435,,도봉구,2동,중구,1동,주간보호센터,3649,20.7,기타 차량,지체장애 1급
2025-09-23 06:15:34,2025-09-23 07:35:34,2025-09-23 06:25:03.787070,2025-09-23 06:33:18.054819,2025-09-23 06:51:36.531863,,은평구,2동,양천구,2동,재활 치료,1668,5.6,휠체어 탑승형 대형,국가유공자(상이)
2025-06-15 07:43:36,2025-06-15 09:26:36,2025-06-15 08:04:58.600903,2025-06-15 08:06:51.054291,2025-06-15 08:26:22.734726,,동대문구,1동,은평구,1동,재활 치료,1780,6.0,휠체어 탑승형 중형,뇌병변장애 1급
2025-08-23 16:44:43,2025-08-23 17:20:43,2025-08-23 16:51:40.832806,,,2025-08-23 17:07:40.832806,금천구,3동,서초구,3동,기타,1864,6.3,휠체어 탑승형 대형,뇌병변장애 1급
2025-08-04 15:50:19,2025-08-04 16:40:19,2025-08-04 15:51:44.757804,2025-08-04 15:58:12.818262,2025-08-04 16:12:51.884793,,송파구,2동,양천구,1동,경조사,1500,4.6,휠체어 탑승형 중형,시각장애 1급
2025-09-14 15:36:51,2025-09-14 18:18:51,2025-09-14 16:04:33.390505,2025-09-14 16:15:31.456093,2025-09-14 16:37:25.611813,,강서구,1동,중구,1동,여가 활동,2480,8.5,휠체어 탑승형 대형,뇌병변장애 1급
2025-04-01 18:39:03,2025-04-01 19:31:03,2025-04-01 18:45:58.736571,2025-04-01 18:47:04.085177,2025-04-01 18:58:14.874590,,양천구,1동,중구,3동,여가 활동,1500,4.3,기타 차량,뇌병변장애 2급
2025-04-12 13:51:55,2025-04-12 15:56:55,2025-04-12 14:27:09.914843,2025-04-12 14:28:35.881891,2025-04-12 14:45:13.570705,,송파구,2동,중랑구,1동,출퇴근,1556,5.2,휠체어 탑승형 대형,뇌병변장애 2급
2025-12-06 14:50:44,2025-12-06 17:02:44,2025-12-06 15:23:08.417835,2025-12-06 15:24:17.800859,2025-12-06 15:48:34.778650,,관악구,3동,금천구,3동,여가 활동,2536,8.7,휠체어 탑승형 대형,시각장애 1급
2025-09-14 13:09:20,2025-09-14 14:10:20,2025-09-14 13:50:34.247669,2025-09-14 13:52:19.881801,2025-09-14 14:00:52.195234,,중랑구,3동,송파구,1동,직업훈련,1500,3.3,기타 차량,시각장애 1급
2025-08-10 10:39:09,2025-08-10 13:21:09,2025-08-10 12:09:47.249033,2025-08-10 12:31:12.291144,2025-08-10 12:48:36.994876,,동대문구,1동,동작구,3동,주간보호센터,2116,7.2,일반 세단형,지체장애 2급
2025-11-21 07:18:15,2025-11-21 09:13:15,2025-11-21 08:29:51.905900,2025-11-21 08:34:27.768040,2025-11-21 08:52:17.425785,,강북구,1동,서초구,1동,복지관 이용,2060,7.0,기타 차량,뇌병변장애 2급
2025-04-22 13:02:05,2025-04-22 15:05:05,2025-04-22 13:12:59.684096,2025-04-22 13:24:13.337493,2025-04-22 14:02:36.090569,,동대문구,2동,마포구,1동,경조사,3054,12.2,일반 세단형,신장장애
2025-05-13 08:58:37,2025-05-13 10:17:37,2025-05-13 09:40:55.186393,2025-05-13 10:04:48.692489,2025-05-13 10:34:15.150823,,노원구,2동,관악구,1동,기타,2998,11.4,휠체어 탑승형 대형,시각장애 1급
2025-01-13 13:39:19,2025-01-13 14:42:19,2025-01-13 13:58:43.539813,2025-01-13 14:13:43.548508,2025-01-13 15:07:39.792529,,종로구,2동,노원구,1동,복지관 이용,3152,13.6,기타 차량,지체장애 2급
2025-12-05 15:27:34,2025-12-05 18:15:34,2025-12-05 15:37:44.950208,2025-12-05 15:46:43.938710,2025-12-05 16:27:49.989381,,강남,3동,강남구,3동,출퇴근,3215,14.5,기타 차량,뇌병변장애 1급
2025-07-11 09:13:35,2025-07-11 11:31:35,,,,2025-07-11 09:16:35,강동구,2동,동작구,2동,직업훈련,1500,4.9,휠체어 탑승형 중형,지체장애 2급
2025-08-07 07:44:20,2025-08-07 09:42:20,2025-08-07 08:00:24.418708,2025-08-07 08:01:39.769098,2025-08-07 08:24:53.604492,,중랑구,2동,금천구,1동,관공서 방문,2060,7.0,휠체어 탑승형 대형,시각장애 1급
2025-05-13 08:30:44,2025-05-13 09:56:44,2025-05-13 09:34:08.943166,2025-05-13 09:35:22.634825,2025-05-13 09:56:18.740906,,종로구,2동,영등포구,1동,경조사,1724,5.8,일반 세단형,시각장애 1급
2025-10-18 08:43:37,2025-10-18 08:55:37,2025-10-18 08:45:07.439889,2025-10-18 08:50:38.720428,2025-10-18 09:06:05.087339,,중랑구,1동,동대문구,2동,복지관 이용,1780,6.0,일반 세단형,시각장애 1급
2025-06-06 19:02:47,2025-06-06 20:03:47,2025-06-06 19:04:35.051866,2025-06-06 19:15:35.784486,2025-06-06 19:24:06.781206,,강북구,2동,영등포구,2동,학교 등하교,1500,3.4,휠체어 탑승형 중형,지체장애 1급
2025-05-15 13:50:52,2025-05-15 14:07:52,2025-05-15 14:00:41.528871,2025-05-15 14:06:24.916364,2025-05-15 14:17:36.654039,,중구,3동,동작구,1동,학교 등하교,1500,3.6,휠체어 탑승형 대형,국가유공자(상이)
2025-11-02 07:39:37,2025-11-02 09:25:37,2025-11-02 07:59:47.213822,2025-11-02 08:05:31.451613,2025-11-02 08:48:55.812295,,금천구,3동,마포구,1동,출퇴근,3453,17.9,휠체어 탑승형 대형,국가유공자(상이)
2025-06-04 11:00:44,2025-06-04 12:25:44,2025-06-04 11:01:44,,,2025-06-04 11:06:44,용산구,2동,성북구,2동,복지관 이용,2907,10.1,일반 세단형,지체장애 1급
2025-07-27 19:29:06,2025-07-27 21:21:06,2025-07-27 19:42:22.466743,2025-07-27 19:52:54.633605,2025-07-27 20:07:26.263603,,강북구,3동,강서구,2동,출퇴근,1500,4.4,기타 차량,지체장애 2급
2025-12-02 13:12:28,2025-12-02 14:22:28,2025-12-02 13:39:11.554373,2025-12-02 13:46:12.422622,2025-12-02 14:03:23.396988,,종로구,2동,은평구,2동,병원 진료,1668,5.6,일반 세단형,지체장애 1급
2025-11-19 13:38:48,2025-11-19 15:03:48,2025-11-19 13:53:40.556968,2025-11-19 13:54:40.556968,2025-11-19 13:57:40.556968,,영등포구,3동,은평구,2동,관공서 방문,1500,0.9,휠체어 탑승형 대형,시각장애 1급
2025-05-16 18:40:45,2025-05-16 19:15:45,2025-05-16 18:41:45,2025-05-16 19:09:48.949341,2025-05-16 19:46:58.803448,,중구,2동,중구,3동,관공서 방문,3110,13.0,기타 차량,지체장애 1급
2025-08-01 00:12:14,2025-08-01 02:18:14,2025-08-01 00:13:14,2025-08-01 00:15:29.370197,2025-08-01 00:58:27.569928,,용산구,2동,마포구,1동,경조사,2956,10.8,휠체어 탑승형 대형,뇌병변장애 1급
2025-09-14 09:50:01,2025-09-14 11:23:01,2025-09-14 09:59:59.262402,2025-09-14 10:04:33.440941,2025-09-14 10:25:48.082463,,노원구,2동,성동구,2동,학교 등하교,1808,6.1,일반 세단형,신장장애
2025-02-04 09:31:17,2025-02-04 11:28:17,2025-02-04 09:33:44.746556,2025-02-04 09:41:12.116305,2025-02-04 10:04:38.962510,,용산구,3동,관악구,3동,여가 활동,2788,9.6,휠체어 탑승형 대형,지체장애 1급
2025-09-10 09:58:31,2025-09-10 12:52:31,2025-09-10 10:06:44.208143,2025-09-10 10:07:51.062199,2025-09-10 11:03:21.452552,,관악구,3동,양천구,3동,재활 치료,3628,20.4,일반 세단형,신장장애
2025-06-30 09:26:28,2025-06-30 10:38:28,2025-06-30 09:48:39.295837,2025-06-30 09:57:59.563057,2025-06-30 10:13:41.581598,,성북구,3동,동작구,3동,관공서 방문,1668,5.6,휠체어 탑승형 중형,신장장애
2025-08-05 11:11:16,2025-08-05 11:50:16,2025-08-05 11:39:14.898676,,,2025-08-05 11:41:14.898676,동작구,3동,동대문구,3동,관공서 방문,2536,8.7,휠체어 탑승형 대형,지체장애 1급
2025-05-27 10:45:03,2025-05-27 12:40:03,2025-05-27 11:17:41.505049,2025-05-27 11:26:01.085992,2025-05-27 11:43:20.423390,,은평구,1동,노원구,2동,출퇴근,1500,5.0,휠체어 탑승형 대형,시각장애 1급
2025-08-12 11:46:54,2025-08-12 12:22:54,2025-08-12 12:02:01.335281,2025-08-12 12:03:14.432130,2025-08-12 12:22:29.668879,,영등포구,3동,도봉구,2동,여가 활동,1752,5.9,기타 차량,뇌병변장애 2급
2025-12-06 15:26:12,2025-12-06 16:29:12,2025-12-06 15:30:55.635267,2025-12-06 15:41:26.025756,2025-12-06 16:02:09.041920,,강서구,3동,강남구,3동,관공서 방문,2088,7.1,기타 차량,시각장애 1급
2025-12-11 15:27:36,2025-12-11 17:21:36,2025-12-11 15:56:48.423937,2025-12-11 16:02:50.580363,2025-12-11 16:43:04.269352,,성북구,1동,노원구,2동,병원 진료,3236,14.8,일반 세단형,국가유공자(상이)
2025-08-16 08:06:05,2025-08-16 09:12:05,2025-08-16 08:07:05,2025-08-16 08:09:13.831862,2025-08-16 08:40:36.901750,,성동구,2동,도봉구,1동,직업훈련,3005,11.5,일반 세단형,국가유공자(상이)
2025-01-11 17:39:05,2025-01-11 19:03:05,2025-01-11 17:40:17.141683,2025-01-11 17:59:32.586883,2025-01-11 18:09:10.879192,,종로구,1동,성북구,1동,주간보호센터,1500,2.9,휠체어 탑승형 대형,지체장애 1급
2025-09-15 08:04:26,2025-09-15 11:01:26,2025-09-15 08:14:13.160016,2025-09-15 08:22:17.336590,2025-09-15 08:49:06.707694,,송파구,1동,동작구,1동,직업훈련,2368,8.1,휠체어 탑승형 중형,국가유공자(상이)
2025-07-24 11:44:24,2025-07-24 12:32:24,2025-07-24 11:45:24,2025-07-24 11:50:48.067608,2025-07-24 13:00:31.388095,,구로구,2동,서울특별시 강남구,1동,관공서 방문,3446,17.8,휠체어 탑승형 중형,지체장애 1급
2025-08-01 18:21:11,2025-08-01 19:24:11,2025-08-01 18:39:07.246923,2025-08-01 18:41:17.990611,2025-08-01 19:19:17.934401,,은평구,2동,중구,2동,관공서 방문,3075,12.5,휠체어 탑승형 중형,국가유공자(상이)
2025-10-15 15:28:14,2025-10-15 16:15:14,2025-10-15 15:37:31.456972,2025-10-15 15:38:31.456972,2025-10-15 16:20:37.071369,,강서구,2동,양천구,2동,출퇴근,3061,12.3,기타 차량,지체장애 2급
2025-12-15 13:59:20,2025-12-15 15:56:20,2025-12-15 14:25:50.103529,2025-12-15 14:34:29.595854,2025-12-15 14:55:40.314321,,용산구,3동,강북구,3동,병원 진료,2340,8.0,기타 차량,뇌병변장애 1급
2025-12-04 14:51:52,2025-12-04 16:40:52,2025-12-04 15:26:48.369468,2025-12-04 15:44:42.947599,2025-12-04 17:04:14.364562,,동대문구,1동,중구,1동,주간보호센터,3859,23.7,기타 차량,국가유공자(상이)
2025-11-19 16:56:37,2025-11-19 17:11:37,2025-11-19 17:14:59.716230,2025-11-19 17:17:31.445761,2025-11-19 17:34:18.284166,,서울 서초구,1동,영등포구,3동,경조사,1500,4.7,휠체어 탑승형 대형,뇌병변장애 2급
2025-04-03 01:39:19,2025-04-03 03:42:19,2025-04-03 01:46:39.201622,2025-04-03 01:47:39.201622,2025-04-03 02:05:12.917280,,은평구,3동,동작구,2동,재활 치료,1808,6.1,휠체어 탑승형 대형,뇌병변장애 2급
2025-11-11 12:31:19,2025-11-11 13:24:19,,,,2025-11-11 12:43:19,중랑구,2동,송파구,2동,주간보호센터,1528,5.1,휠체어 탑승형 중형,시각장애 1급
2025-04-02 18:36:38,2025-04-02 19:32:38,2025-04-02 19:05:08.281343,2025-04-02 19:12:34.008500,2025-04-02 19:41:56.290893,,동작구,1동,강북구,3동,기타,2284,7.8,일반 세단형,뇌병변장애 1급
2025-10-03 12:25:56,2025-10-03 13:41:56,2025-10-03 12:30:19.723927,2025-10-03 12:36:42.097743,2025-10-03 13:07:46.900062,,양천구,2동,구로구,2동,주간보호센터,2872,9.9,휠체어 탑승형 대형,지체장애 1급
2025-09-06 07:47:17,2025-09-06 09:45:17,,,,2025-09-06 07:50:17,금천구,1동,중구,1동,여가 활동,2788,9.6,휠체어 탑승형 대형,시각장애 1급
2025-07-15 18:01:36,2025-07-15 19:49:36,2025-07-15 18:32:16.150113,2025-07-15 18:38:02.793446,2025-07-15 18:47:53.988118,,강서구,1동,송파구,3동,복지관 이용,1500,4.0,일반 세단형,국가유공자(상이)
2025-07-26 10:19:54,2025-07-26 12:03:54,2025-07-26 10:44:01.171366,2025-07-26 11:10:30.152476,2025-07-26 11:35:39.638199,,은평구,2동,성북구,3동,경조사,2676,9.2,일반 세단형,신장장애
2025-07-08 16:57:24,2025-07-08 17:11:24,2025-07-08 17:00:19.648924,2025-07-08 17:06:57.290649,2025-07-08 17:21:06.123548,,동대문구,1동,양천구,1동,출퇴근,1500,3.8,일반 세단형,지체장애 2급
2025-03-09 10:49:48,2025-03-09 13:11:48,2025-03-09 10:59:52.609076,2025-03-09 11:03:42.239739,2025-03-09 11:15:28.678509,,마포구,2동,마포구,2동,관공서 방문,1500,4.9,휠체어 탑승형 중형,시각장애 1급
2025-06-17 09:43:11,2025-06-17 11:25:11,2025-06-17 09:47:44.209454,2025-06-17 10:05:03.207765,2025-06-17 10:38:16.125439,,강동구,3동,마포구,3동,관공서 방문,2963,10.9,휠체어 탑승형 중형,뇌병변장애 1급
2025-03-03 05:14:22,2025-03-03 05:57:22,2025-03-03 06:08:54.930642,2025-03-03 06:10:31.575370,2025-03-03 06:53:13.186017,,강동구,2동,강북구,3동,복지관 이용,3355,16.5,휠체어 탑승형 중형,국가유공자(상이)
2025-05-21 00:05:18,2025-05-21 02:58:18,2025-05-21 00:14:26.975814,2025-05-21 00:15:26.975814,2025-05-21 00:54:53.695944,,은평구,1동,성동구,2동,병원 진료,2928,10.4,휠체어 탑승형 중형,지체장애 2급
2025-11-02 18:12:50,2025-11-02 20:40:50,2025-11-02 18:21:38.478997,,,2025-11-02 18:33:38.478997,성북구,3동,서울 강남구,1동,직업훈련,2921,10.3,기타 차량,지체장애 1급
2025-03-23 04:05:24,2025-03-23 05:02:24,2025-03-23 04:22:20.198824,2025-03-23 04:24:00.189308,2025-03-23 04:49:32.746233,,동대문구,3동,구로구,1동,주간보호센터,2760,9.5,기타 차량,시각장애 1급
2025-05-30 16:41:51,2025-05-30 18:33:51,2025-06-01 12:41:51,2025-05-30 17:02:06.208759,2025-05-30 17:23:41.159182,,강북구,1동,영등포구,2동,경조사,2340,8.0,휠체어 탑승형 대형,지체장애 2급
2025-05-31 04:30:10,2025-05-31 06:23:10,2025-05-31 04:31:10,2025-05-31 04:33:08.869041,2025-05-31 05:05:40.968392,,중구,2동,관악구,3동,병원 진료,2452,8.4,휠체어 탑승형 중형,지체장애 2급
2025-10-18 10:38:30,2025-10-18 12:33:30,2025-10-18 10:50:48.502298,,,2025-10-18 10:55:48.502298,강동구,3동,송파구,3동,관공서 방문,1500,2.2,휠체어 탑승형 중형,시각장애 1급
2025-05-25 10:13:01,2025-05-25 12:23:01,2025-05-25 10:17:54.789212,2025-05-25 10:26:35.106751,2025-05-25 11:01:15.647460,,강남구,1동,강서구,1동,학교 등하교,2949,10.7,휠체어 탑승형 대형,지체장애 2급
2025-02-11 01:14:42,2025-02-11 03:42:42,2025-02-11 02:02:45.100988,2025-02-11 02:10:19.595645,2025-02-11 03:14:55.186463,,서초구,3동,중구,2동,기타,3355,16.5,기타 차량,국가유공자(상이)
2025-04-06 20:28:34,2025-04-06 22:44:34,2025-04-06 20:39:42.751499,2025-04-06 20:46:57.599398,2025-04-06 21:13:42.974487,,동대문구,2동,성북구,3동,여가 활동,2592,8.9,기타 차량,국가유공자(상이)
2025-03-14 08:47:11,2025-03-14 11:39:11,2025-03-14 09:04:11.533571,2025-03-14 09:11:24.804117,2025-03-14 10:09:18.068929,,중랑구,2동,서대문구,1동,경조사,3411,17.3,휠체어 탑승형 대형,국가유공자(상이)
2025-05-30 11:16:30,2025-05-30 14:10:30,2025-05-30 11:29:12.217608,2025-05-30 11:34:54.040228,2025-05-30 12:39:40.824801,,마포구,2동,동작구,2동,여가 활동,3663,20.9,일반 세단형,국가유공자(상이)
2025-09-08 13:50:43,2025-09-08 15:50:43,2025-09-08 13:57:42.305484,2025-09-08 14:10:19.486151,2025-09-08 14:50:31.314241,,노원구,1동,마포구,1동,복지관 이용,2921,10.3,일반 세단형,뇌병변장애 2급
2025-12-25 01:44:24,2025-12-25 03:40:24,2025-12-25 01:45:48.186750,2025-12-25 01:47:35.631814,2025-12-25 02:13:01.899952,,동대문구,3동,종로구,1동,학교 등하교,2907,10.1,휠체어 탑승형 대형,신장장애
2025-06-11 18:58:25,2025-06-11 21:50:25,2025-06-11 19:26:24.271290,2025-06-11 19:41:52.729104,2025-06-11 20:03:30.530313,,마포구,2동,송파구,2동,직업훈련,1836,6.2,일반 세단형,지체장애 2급
2025-06-07 10:35:30,2025-06-07 12:09:30,2025-06-07 11:27:45.599570,2025-06-07 11:38:37.496543,2025-06-07 11:44:13.380059,,강동구,1동,종로구,3동,관공서 방문,1500,2.2,기타 차량,신장장애
2025-11-27 09:51:43,2025-11-27 10:36:43,2025-11-27 10:00:06.366957,2025-11-27 10:04:56.218462,2025-11-27 10:32:14.039410,,동대문구,2동,강서구,2동,병원 진료,2228,7.6,휠체어 탑승형 대형,국가유공자(상이)
2025-05-29 22:24:44,2025-05-30 01:24:44,2025-05-29 22:26:22.197173,2025-05-29 22:28:45.403246,2025-05-29 22:47:16.677728,,영등포구,1동,강동구,2동,여가 활동,2088,7.1,휠체어 탑승형 중형,지체장애 2급
2025-08-03 10:51:29,2025-08-03 13:34:29,2025-08-03 11:26:14.887480,2025-08-03 11:38:05.735746,2025-08-03 11:59:27.924969,,양천구,1동,강서구,3동,학교 등하교,2424,8.3,휠체어 탑승형 중형,지체장애 2급
2025-03-24 19:09:10,2025-03-24 21:53:10,2025-03-24 19:12:04.098680,2025-03-24 19:20:20.248857,2025-03-24 19:37:55.247190,,관악구,2동,중랑구,2동,주간보호센터,1500,4.4,휠체어 탑승형 중형,시각장애 1급
2025-05-12 16:18:19,2025-05-12 16:58:19,2025-05-12 17:11:21.138250,2025-05-12 17:22:36.697473,2025-05-12 17:48:23.228738,,강서구,1동,광진구,3동,복지관 이용,2648,9.1,휠체어 탑승형 중형,뇌병변장애 2급
2025-10-17 17:08:19,2025-10-17 18:59:19,2025-10-17 17:22:33.421519,2025-10-17 17:23:33.421519,2025-10-17 17:36:58.562863,,은평구,3동,성북구,2동,병원 진료,1556,5.2,일반 세단형,뇌병변장애 2급
2025-09-20 09:21:50,2025-09-20 11:03:50,2025-09-20 09:28:03.618994,2025-09-20 09:31:39.546947,2025-09-20 09:53:57.984701,,서초구,3동,중구,2동,학교 등하교,2116,7.2,일반 세단형,지체장애 2급
2025-06-20 15:28:10,2025-06-20 15:48:10,2025-06-20 15:53:44.739735,2025-06-20 15:54:44.739735,2025-06-20 16:28:28.626840,,관악구,2동,부산 해운대구,1동,재활 치료,2956,10.8,휠체어 탑승형 중형,뇌병변장애 1급
2025-07-02 12:57:34,2025-07-02 15:09:34,2025-07-02 13:07:34.582274,2025-07-02 13:15:51.900353,2025-07-02 13:31:25.347763,,노원구,1동,강남구,2동,학교 등하교,1752,5.9,기타 차량,뇌병변장애 1급
2025-01-02 09:02:43,2025-01-02 12:00:43,2025-01-02 09:29:08.306975,2025-01-02 09:31:43.159025,2025-01-02 10:02:03.872285,,영등포구,2동,동대문구,3동,병원 진료,2256,7.7,휠체어 탑승형 대형,시각장애 1급
2025-05-21 08:30:53,2025-05-21 10:14:53,2025-05-21 08:33:09.202184,2025-05-21 08:45:09.123409,2025-05-21 08:54:45.061822,,금천구,1동,중랑구,2동,복지관 이용,1500,3.3,기타 차량,뇌병변장애 2급
2025-02-03 19:07:29,2025-02-03 19:20:29,2025-02-03 19:33:46.900403,2025-02-03 19:36:23.180993,2025-02-03 20:18:37.816916,,영등포구,1동,도봉구,2동,기타,3285,15.5,휠체어 탑승형 중형,지체장애 1급
2025-03-06 17:46:31,2025-03-06 18:23:31,2025-03-06 18:06:26.650908,2025-03-06 18:35:06.151699,2025-03-06 19:24:33.010924,,서대문구,3동,서대문구,2동,학교 등하교,3313,15.9,일반 세단형,시각장애 1급
2025-05-18 07:14:45,2025-05-18 09:26:45,2025-05-18 07:22:41.749331,2025-05-18 07:41:14.245505,2025-05-18 08:25:12.961506,,관악구,3동,서초구,1동,경조사,3229,14.7,휠체어 탑승형 중형,국가유공자(상이)
2025-08-14 17:00:27,2025-08-14 18:04:27,2025-08-14 17:10:26.619217,2025-08-14 17:11:26.619217,2025-08-14 17:56:48.861119,,강동구,3동,용산구,1동,재활 치료,3523,18.9,휠체어 탑승형 대형,신장장애
2025-09-14 18:18:36,2025-09-14 19:08:36,2025-09-14 18:34:01.156064,2025-09-14 18:51:44.302263,2025-09-14 19:16:15.871760,,광진구,2동,강북구,1동,여가 활동,2592,8.9,휠체어 탑승형 중형,국가유공자(상이)
2025-08-10 16:07:25,2025-08-10 19:06:25,2025-08-10 16:22:09.051856,2025-08-10 16:29:39.839821,2025-08-10 17:28:11.828953,,서대문구,3동,중랑구,3동,출퇴근,3719,21.7,휠체어 탑승형 중형,뇌병변장애 1급
2025-02-13 04:51:06,2025-02-13 05:55:06,2025-02-13 05:23:37.010946,2025-02-13 05:29:46.415167,2025-02-13 05:32:46.415167,,중구,2동,구로구,2동,경조사,1500,0.8,일반 세단형,국가유공자(상이)
2025-09-12 09:32:57,2025-09-12 11:50:57,2025-09-12 10:14:27.633213,2025-09-12 10:22:55.997910,2025-09-12 11:12:18.349626,,서대문구,3동,은평구,2동,복지관 이용,3481,18.3,휠체어 탑승형 중형,지체장애 1급
2025-01-25 11:25:48,2025-01-25 13:35:48,,,,2025-01-25 11:50:48,은평구,3동,강서구,3동,병원 진료,1836,6.2,휠체어 탑승형 대형,지체장애 2급
2025-08-20 01:58:19,2025-08-20 04:33:19,2025-08-20 01:59:19,2025-08-20 02:08:52.963488,2025-08-20 02:43:11.362994,,구로구,2동,용산구,1동,주간보호센터,3026,11.8,일반 세단형,지체장애 1급
2025-06-15 11:30:27,2025-06-15 12:37:27,2025-06-15 11:37:54.750693,2025-06-15 11:53:09.242110,2025-06-15 12:08:30.677347,,금천구,2동,강남구,2동,학교 등하교,1500,4.8,일반 세단형,시각장애 1급
2025-04-30 11:51:12,2025-04-30 13:34:12,2025-04-30 12:19:51.489253,2025-04-30 12:30:30.311351,2025-04-30 12:47:31.635484,,중구,3동,성북구,2동,기타,1612,5.4,휠체어 탑승형 중형,국가유공자(상이)
2025-01-20 17:37:07,2025-01-20 19:23:07,2025-01-20 17:38:07,2025-01-20 17:39:37.749027,2025-01-20 18:01:34.660904,,서초구,3동,성북구,3동,여가 활동,2368,8.1,휠체어 탑승형 대형,지체장애 2급
2025-06-12 18:48:24,2025-06-12 20:02:24,2025-06-12 19:14:48.434310,2025-06-12 19:17:34.912998,2025-06-12 20:00:45.519871,,송파구,1동,강서구,2동,직업훈련,3334,16.2,기타 차량,국가유공자(상이)
2025-07-29 08:24:44,2025-07-29 09:51:44,2025-07-29 08:37:57.978338,2025-07-29 09:08:19.113279,2025-07-29 09:29:42.251323,,중랑구,3동,양천구,1동,직업훈련,2228,7.6,일반 세단형,신장장애
2025-02-17 12:33:52,2025-02-17 15:03:52,2025-02-17 12:57:45.317521,2025-02-17 13:12:50.031830,2025-02-17 13:50:19.891920,,동작구,3동,관악구,2동,재활 치료,3257,15.1,일반 세단형,신장장애
2025-02-05 14:36:58,2025-02-05 17:13:58,2025-02-05 15:13:43.940281,2025-02-05 15:18:13.363966,2025-02-05 15:45:40.636884,,구로구,3동,중구,2동,관공서 방문,2144,7.3,휠체어 탑승형 중형,뇌병변장애 2급
2025-04-04 17:45:30,2025-04-04 20:26:30,2025-04-04 17:55:15.453598,2025-04-04 17:56:54.480231,2025-04-04 19:00:30.436811,,성동구,1동,강남구,2동,관공서 방문,3936,24.8,기타 차량,지체장애 1급
0000-00-00,2025-09-23 20:40:47,2025-09-23 20:07:34.798727,2025-09-23 20:11:57.188020,2025-09-23 20:49:59.219462,,강북구,1동,강서구,2동,재활 치료,2844,9.8,기타 차량,지체장애 2급
2025-01-01 05:40:18,2025-01-01 07:07:18,2025-01-01 06:02:32.203918,2025-01-01 06:17:30.929398,2025-01-01 06:50:12.427424,,강서구,1동,금천구,3동,직업훈련,3047,12.1,기타 차량,시각장애 1급
2025-07-07 21:05:09,2025-07-07 23:51:09,2025-07-07 21:14:54.187167,,,2025-07-07 21:30:54.187167,중구,3동,중랑구,3동,관공서 방문,2928,10.4,휠체어 탑승형 대형,시각장애 1급
2025-10-11 16:48:00,2025-10-11 18:39:00,2025-10-11 17:18:39.752649,2025-10-11 17:22:13.145271,2025-10-11 17:37:31.931193,,강북구,1동,성동구,3동,직업훈련,1528,5.1,일반 세단형,지체장애 1급
2025-03-15 08:42:15,2025-03-15 09:19:15,2025-03-15 08:57:17.102248,2025-03-15 08:58:17.102248,2025-03-15 09:24:00.035924,,양천구,3동,광진구,2동,여가 활동,2592,8.9,기타 차량,신장장애
2025-07-30 17:21:53,2025-07-30 19:00:53,2025-07-30 18:00:22.325709,2025-07-30 18:12:19.093890,2025-07-30 18:23:31.348607,,양천구,3동,중랑구,1동,경조사,1500,4.4,휠체어 탑승형 대형,국가유공자(상이)
2025-05-22 13:22:24,2025-05-22 13:49:24,2025-05-22 13:23:24,2025-05-22 13:24:24,2025-05-22 13:35:09.996904,,관악구,1동,노원구,2동,출퇴근,1500,4.3,기타 차량,지체장애 1급
2025-10-19 08:45:31,2025-10-19 10:54:31,2025-10-19 08:48:07.629306,2025-10-19 08:51:45.375711,2025-10-19 09:17:08.552962,,강남구,2동,노원구,1동,관공서 방문,2704,9.3,휠체어 탑승형 대형,시각장애 1급
2025-02-20 15:38:07,2025-02-20 16:07:07,2025-02-20 15:41:01.777712,2025-02-20 15:42:01.777712,2025-02-20 16:05:31.869915,,강동구,2동,용산구,3동,주간보호센터,2424,8.3,기타 차량,지체장애 1급
2025-05-26 05:36:51,2025-05-26 08:15:51,2025-05-26 05:38:33.502361,2025-05-26 05:39:33.502361,2025-05-26 05:52:58.107543,,금천구,2동,세종시,3동,직업훈련,1584,5.3,휠체어 탑승형 대형,지체장애 2급
2025-05-30 20:10:12,2025-05-30 21:54:12,2025-05-30 20:21:14.973309,2025-05-30 20:28:05.614749,2025-05-30 20:41:28.997013,,중랑구,2동,노원구,3동,직업훈련,1500,4.8,기타 차량,신장장애
2025-11-07 15:09:52,2025-11-07 16:15:52,2025-11-07 15:33:49.586890,2025-11-07 15:34:49.586890,2025-11-07 15:54:37.800418,,서대문구,2동,서대문구,1동,복지관 이용,1724,5.8,휠체어 탑승형 중형,신장장애
0000-00-00,2025-08-01 12:26:43,2025-08-01 11:29:26.265352,2025-08-01 11:37:36.252903,2025-08-01 11:51:04.842692,,성동구,1동,중랑구,1동,재활 치료,1500,4.6,일반 세단형,뇌병변장애 1급
2025-09-05 16:52:11,2025-09-05 19:17:11,2025-09-05 17:58:17.059247,2025-09-05 18:32:59.203567,2025-09-05 18:57:42.213274,,구로구,3동,중랑구,1동,학교 등하교,2620,9.0,일반 세단형,뇌병변장애 1급
2025-06-05 16:32:40,2025-06-05 17:25:40,2025-06-05 16:47:06.135516,2025-06-05 16:48:06.135516,2025-06-05 17:15:38.785112,,용산구,1동,강서구,1동,학교 등하교,2872,9.9,휠체어 탑승형 대형,신장장애
2025-10-23 03:25:25,2025-10-23 03:59:25,2025-10-23 03:46:07.554654,2025-10-23 03:59:46.589805,2025-10-23 04:39:50.185574,,은평구,2동,강동구,1동,여가 활동,3019,11.7,일반 세단형,지체장애 2급
2025-08-29 11:01:35,2025-08-29 12:41:35,2025-08-29 11:10:34.172480,2025-08-29 11:25:07.740768,2025-08-29 12:04:41.594453,,강남구,2동,도봉구,2동,관공서 방문,3285,15.5,일반 세단형,시각장애 1급
2025-01-15 10:17:25,2025-01-15 11:00:25,2025-01-15 10:29:01.583501,2025-01-15 10:32:13.621853,2025-01-15 11:00:09.610589,,강서구,3동,중구,3동,병원 진료,2340,8.0,기타 차량,뇌병변장애 2급
2025-05-07 07:57:29,2025-05-07 09:10:29,2025-05-07 07:59:53.590111,2025-05-07 08:02:07.688816,2025-05-07 08:19:29.755633,,성북구,3동,중랑구,3동,병원 진료,1612,5.4,일반 세단형,지체장애 1급
2025-04-18 06:32:12,2025-04-18 08:39:12,2025-04-18 06:33:12,2025-04-18 06:35:32.779549,2025-04-18 07:54:25.365552,,영등포구,1동,도봉구,2동,관공서 방문,4160,28.0,휠체어 탑승형 중형,뇌병변장애 1급
2025-09-11 01:17:16,2025-09-11 02:16:16,2025-09-11 01:18:45.934392,2025-09-11 01:23:09.526823,2025-09-11 01:45:12.127985,,양천구,2동,강동구,3동,병원 진료,2396,8.2,기타 차량,지체장애 2급
2025-09-01 09:59:00,2025-09-01 10:39:00,2025-09-01 10:04:04.299418,2025-09-01 10:10:01.675907,2025-09-01 11:29:21.274713,,성동구,1동,구로구,2동,병원 진료,3817,23.1,휠체어 탑승형 중형,시각장애 1급
2025-07-21 15:22:41,2025-07-21 16:50:41,2025-07-21 15:59:33.535638,2025-07-21 16:13:59.223722,2025-07-21 17:22:25.739921,,종로구,3동,강북구,2동,관공서 방문,3446,17.8,일반 세단형,신장장애
2025-06-08 16:46:59,2025-06-08 18:36:59,2025-06-08 16:54:06.422308,2025-06-08 16:55:06.422308,2025-06-08 17:34:35.800399,,중구,1동,은평구,1동,주간보호센터,3278,15.4,휠체어 탑승형 대형,지체장애 1급
2025-04-13 01:48:43,2025-04-13 03:45:43,2025-04-13 02:02:05.776931,2025-04-13 02:03:27.961677,2025-04-13 02:38:33.272152,,은평구,3동,광진구,1동,병원 진료,3110,13.0,일반 세단형,시각장애 1급
2025-05-23 13:39:20,2025-05-23 16:33:20,,,,2025-05-23 14:05:20,동작구,1동,서대문구,3동,학교 등하교,2704,9.3,휠체어 탑승형 대형,시각장애 1급
2025-05-29 14:20:09,2025-05-29 16:29:09,2025-05-29 14:21:09,2025-05-29 14:25:31.634791,2025-05-29 15:27:41.353693,,도봉구,2동,강서구,3동,기타,3768,22.4,기타 차량,국가유공자(상이)
2025-04-20 13:38:14,2025-04-20 15:43:14,2025-04-20 13:45:10.914766,2025-04-20 14:20:56.411211,2025-04-20 14:46:10.688661,,강동구,2동,강서구,1동,기타,2648,9.1,일반 세단형,뇌병변장애 2급
2025-07-28 18:51:03,2025-07-28 20:57:03,2025-07-28 19:01:33.556866,2025-07-28 19:02:55.275472,2025-07-28 19:43:49.117222,,서초구,2동,노원구,3동,복지관 이용,3383,16.9,휠체어 탑승형 중형,지체장애 2급
2025-04-27 18:32:41,2025-04-27 21:21:41,2025-04-27 18:40:07.119954,2025-04-27 18:56:41.020070,2025-04-27 19:17:19.329032,,종로구,2동,성북구,2동,병원 진료,2424,8.3,휠체어 탑승형 대형,시각장애 1급
2025-08-22 18:35:29,2025-08-22 19:01:29,,,,2025-08-22 19:01:29,영등포구,1동,강남구,1동,여가 활동,2564,8.8,휠체어 탑승형 중형,지체장애 2급
2025-03-27 10:22:25,2025-03-27 11:38:25,2025-03-27 11:16:32.332008,2025-03-27 11:26:40.708613,2025-03-27 12:46:12.251432,,금천구,2동,양천구,2동,여가 활동,4160,28.0,휠체어 탑승형 중형,시각장애 1급
2025-01-17 23:28:08,2025-01-18 00:18:08,,,,2025-01-17 23:58:08,강남구,3동,금천구,3동,주간보호센터,2004,6.8,휠체어 탑승형 대형,지체장애 1급
2025-09-20 08:11:26,2025-09-20 10:50:26,2025-09-20 08:53:54.021520,2025-09-20 08:55:12.452625,2025-09-20 09:11:45.219262,,관악구,1동,노원구,2동,관공서 방문,1612,5.4,휠체어 탑승형 중형,뇌병변장애 1급
2025-10-20 14:55:44,2025-10-20 17:36:44,2025-10-20 15:02:21.522844,2025-10-20 15:06:07.459478,2025-10-20 15:18:47.027593,,강북구,2동,송파구,1동,기타,1500,3.8,휠체어 탑승형 중형,국가유공자(상이)
2025-05-11 18:39:08,2025-05-11 20:41:08,,,,2025-05-11 18:51:08,영등포구,3동,광진구,3동,경조사,3222,14.6,휠체어 탑승형 중형,신장장애
2025-09-05 15:52:55,2025-09-05 17:50:55,2025-09-05 16:05:25.890330,2025-09-05 16:10:32.153848,2025-09-05 16:48:55.294963,,중랑구,1동,용산구,2동,관공서 방문,3299,15.7,휠체어 탑승형 중형,뇌병변장애 1급
2025-02-21 19:06:54,2025-02-21 21:09:54,2025-02-21 19:10:08.407791,2025-02-21 19:22:34.314215,2025-02-21 19:37:20.961110,,중구,1동,도봉구,3동,재활 치료,1500,4.3,일반 세단형,지체장애 2급
2025-10-26 06:46:07,2025-10-26 09:45:07,2025-10-26 06:52:00.251463,2025-10-26 07:08:11.094119,2025-10-26 07:15:05.784587,,성북구,3동,서대문구,3동,경조사,1500,1.9,휠체어 탑승형 중형,뇌병변장애 1급
2025-08-23 14:09:56,2025-08-23 15:27:56,2025-08-23 14:18:17.935585,2025-08-23 14:25:50.048241,2025-08-23 14:45:00.746904,,,2동,동대문구,1동,재활 치료,1556,5.2,일반 세단형,국가유공자(상이)
2025-05-14 09:17:52,2025-05-14 12:13:52,2025-05-14 10:00:57.835699,,,2025-05-14 10:13:57.835699,동대문구,3동,서대문구,3동,관공서 방문,1500,3.2,휠체어 탑승형 중형,지체장애 1급
2025-07-17 13:24:37,2025-07-17 13:37:37,2025-07-17 13:39:08.158650,2025-07-17 13:46:44.664211,2025-07-17 14:28:18.314042,,광진구,3동,구로구,3동,여가 활동,3019,11.7,일반 세단형,뇌병변장애 1급
2025-10-22 15:56:28,2025-10-22 16:51:28,2025-10-22 15:58:15.514772,2025-10-22 16:04:36.904059,2025-10-22 16:25:31.054234,,성동구,3동,관악구,3동,병원 진료,2368,8.1,일반 세단형,지체장애 1급
2025-04-17 17:06:39,2025-04-17 20:04:39,,,,2025-04-17 17:20:39,성동구,2동,양천구,2동,기타,3635,20.5,일반 세단형,지체장애 1급
2025-10-30 11:41:48,2025-10-30 14:25:48,2025-10-30 12:44:47.418751,2025-10-30 12:47:49.407308,2025-10-30 13:03:36.985589,,용산구,2동,도봉구,3동,출퇴근,1696,5.7,일반 세단형,신장장애
2025-03-05 23:14:14,2025-03-06 00:52:14,2025-03-05 23:24:33.378831,2025-03-05 23:41:16.017952,2025-03-06 00:43:30.863335,,광진구,1동,마포구,3동,직업훈련,3474,18.2,휠체어 탑승형 대형,시각장애 1급
2025-11-25 08:28:48,2025-11-25 10:48:48,2025-11-25 08:41:32.135008,2025-11-25 08:49:35.528299,2025-11-25 09:20:05.014060,,송파구,2동,광진구,2동,출퇴근,2844,9.8,일반 세단형,국가유공자(상이)
2025-03-09 07:50:52,2025-03-09 09:23:52,2025-03-09 07:51:52,2025-03-09 07:58:52.094485,2025-03-09 08:14:07.651363,,구로구,3동,양천구,3동,기타,1500,4.1,휠체어 탑승형 중형,국가유공자(상이)
2025-08-29 07:43:47,2025-08-29 09:21:47,2025-08-29 08:03:18.315417,2025-08-29 08:13:05.622048,2025-08-29 08:44:53.693702,,강북구,3동,노원구,3동,직업훈련,2592,8.9,휠체어 탑승형 중형,뇌병변장애 2급
2025-09-04 19:43:01,2025-09-04 20:34:01,2025-09-04 20:11:44.115644,2025-09-04 20:31:24.330495,2025-09-04 21:05:10.873515,,금천구,3동,영등포구,1동,관공서 방문,2872,9.9,일반 세단형,뇌병변장애 1급
2025-05-11 17:57:23,2025-05-11 19:26:23,2025-05-11 18:02:47.670222,2025-05-11 18:05:52.836423,2025-05-11 18:42:41.698111,,중랑구,3동,광진구,2동,재활 치료,3145,13.5,휠체어 탑승형 중형,시각장애 1급
2025-03-18 01:06:46,2025-03-18 02:26:46,2025-03-18 01:11:09.871064,2025-03-18 01:13:15.523062,2025-03-18 01:32:41.328595,,관악구,1동, 강남구 ,2동,출퇴근,2144,7.3,휠체어 탑승형 대형,뇌병변장애 2급
2025-12-11 18:42:24,2025-12-11 20:29:24,,,,2025-12-11 18:47:24,강북구,3동,영등포구,2동,병원 진료,2480,8.5,일반 세단형,뇌병변장애 2급
2025-07-28 21:00:29,2025-07-28 22:32:29,2025-07-28 21:38:42.388482,2025-07-28 21:40:24.154743,2025-07-28 22:04:59.399475,,도봉구,2동,금천구,1동,경조사,2368,8.1,휠체어 탑승형 대형,지체장애 2급
2025-03-10 10:30:32,2025-03-10 11:50:32,2025-03-10 10:44:06.115687,2025-03-10 10:46:14.577205,2025-03-10 10:55:31.724135,,도봉구,3동,도봉구,2동,여가 활동,1500,3.1,휠체어 탑승형 중형,뇌병변장애 1급
2025-01-10 08:14:16,2025-01-10 09:34:16,2025-01-10 08:15:30.356982,2025-01-10 08:23:21.742134,2025-01-10 08:47:23.175360,,용산구,1동,강북구,2동,여가 활동,1892,6.4,휠체어 탑승형 대형,국가유공자(상이)
2025-06-08 09:19:08,2025-06-08 11:32:08,,,,2025-06-08 09:43:08,영등포구,3동,관악구,1동,주간보호센터,1500,4.5,일반 세단형,시각장애 1급
2025-05-04 21:50:00,2025-05-04 23:13:00,2025-05-04 22:37:08.653011,2025-05-04 22:49:30.844752,2025-05-04 22:55:13.614640,,종로구,2동,성북구,1동,학교 등하교,1500,1.6,휠체어 탑승형 대형,지체장애 2급
2025-04-13 16:36:40,2025-04-13 17:26:40,2025-04-13 16:42:57.643704,2025-04-13 16:43:57.643704,2025-04-13 17:08:17.493242,,강북구,3동,성북구,3동,관공서 방문,1920,6.5,휠체어 탑승형 중형,뇌병변장애 1급
2025-01-24 13:26:06,2025-01-24 16:24:06,,,,2025-01-24 13:29:06,중구,2동,송파구,3동,복지관 이용,2620,9.0,일반 세단형,뇌병변장애 2급
2025-12-15 11:53:37,2025-12-15 14:34:37,2025-12-15 12:01:53.003938,2025-12-15 12:13:24.977240,2025-12-15 12:34:34.140377,,영등포구,2동,구로구,3동,여가 활동,1668,5.6,일반 세단형,지체장애 1급
2025-02-06 12:09:14,2025-02-06 12:36:14,2025-02-06 12:13:52.701730,2025-02-06 12:19:27.120710,2025-02-06 13:29:51.523461,,중랑구,3동,용산구,1동,병원 진료,3502,18.6,일반 세단형,신장장애
2025-11-13 12:15:01,2025-11-13 12:42:01,2025-11-13 12:18:23.011201,2025-11-13 12:45:25.000513,2025-11-13 12:50:53.759785,,구로구,3동,관악구,1동,여가 활동,1500,2.1,일반 세단형,뇌병변장애 2급
2025-03-12 21:30:17,2025-03-13 00:17:17,2025-03-12 21:36:34.243046,2025-03-12 21:37:34.243046,2025-03-12 22:01:03.617687,,강북구,1동,중랑구,3동,출퇴근,2200,7.5,휠체어 탑승형 중형,지체장애 2급
2025-02-24 18:59:38,2025-02-24 21:48:38,2025-02-24 19:25:11.935260,2025-02-24 19:29:42.104675,2025-02-24 19:46:03.316902,,금천구,2동,동작구,2동,여가 활동,1500,4.1,일반 세단형,지체장애 2급
2025-01-12 08:56:53,2025-01-12 09:56:53,2025-01-12 09:21:30.485356,2025-01-12 09:28:22.131045,2025-01-12 10:14:04.538080,,구로구,3동,금천구,2동,병원 진료,3439,17.7,일반 세단형,신장장애
2025-03-14 07:24:49,2025-03-14 09:09:49,2025-03-14 07:33:10.457492,2025-03-14 07:36:44.390416,2025-03-14 07:58:21.112841,,서초구,1동,용산구,1동,학교 등하교,1724,5.8,일반 세단형,뇌병변장애 1급
2025-04-16 15:58:42,2025-04-16 18:18:42,2025-04-16 16:06:36.113388,2025-04-16 16:09:30.205644,2025-04-16 16:45:53.246340,,동작구,2동,강남구,2동,출퇴근,2816,9.7,휠체어 탑승형 중형,뇌병변장애 2급
2025-07-31 12:06:14,2025-07-31 13:19:14,2025-07-31 12:08:02.347702,2025-07-31 12:09:02.347702,2025-07-31 12:35:46.487591,,강서구,2동,중랑구,2동,출퇴근,2116,7.2,기타 차량,뇌병변장애 1급
2025-11-12 10:37:22,2025-11-12 11:30:22,2025-11-12 10:45:16.180047,2025-11-12 11:08:52.241353,2025-11-12 11:44:28.240454,,강북구,2동,노원구,2동,직업훈련,2977,11.1,일반 세단형,신장장애
0000-00-00,2025-07-26 20:52:36,2025-07-26 20:30:50.325547,2025-07-26 20:36:26.965628,2025-07-26 20:48:24.734513,,중랑구,1동,관악구,1동,여가 활동,1500,3.9,일반 세단형,지체장애 1급
2025-03-23 19:42:05,2025-03-23 20:49:05,2025-03-23 19:50:50.879132,2025-03-23 19:51:55.578966,2025-03-23 20:39:02.871764,,강남구,1동,성북구,2동,출퇴근,3075,12.5,기타 차량,국가유공자(상이)
2025-05-16 07:00:30,2025-05-16 07:27:30,2025-05-16 07:16:57.751886,2025-05-16 07:22:32.571982,2025-05-16 07:37:25.884340,,,2동,강남구,3동,관공서 방문,1640,5.5,일반 세단형,국가유공자(상이)
2025-07-22 15:22:12,2025-07-22 15:39:12,2025-07-22 15:52:21.540832,,,2025-07-22 16:01:21.540832,광진구,3동,송파구,3동,주간보호센터,1696,5.7,일반 세단형,신장장애
2025-05-29 17:12:13,2025-05-29 17:46:13,2025-05-29 17:46:42.716394,2025-05-29 17:52:47.959160,2025-05-29 18:14:37.043133,,금천구,1동,양천구,1동,여가 활동,2256,7.7,기타 차량,뇌병변장애 1급
2025-11-04 07:20:53,2025-11-04 08:54:53,,,,2025-11-04 07:49:53,노원구,1동,강동구,2동,관공서 방문,3502,18.6,일반 세단형,시각장애 1급
2025-02-21 14:33:43,2025-02-21 15:01:43,2025-02-21 15:38:15.930840,2025-02-21 15:48:47.080642,2025-02-21 16:19:44.465825,,서울 서초구,1동,동대문구,1동,출퇴근,2396,8.2,휠체어 탑승형 중형,뇌병변장애 2급
2025-08-03 19:40:28,2025-08-03 19:53:28,2025-08-03 20:17:31.617397,2025-08-03 20:21:47.534910,2025-08-03 20:39:24.798842,,동대문구,3동,송파구,1동,학교 등하교,2060,7.0,기타 차량,뇌병변장애 1급
2025-03-19 09:04:20,2025-03-19 11:44:20,,,,2025-03-19 09:06:20,중랑구,3동,구로구,3동,주간보호센터,1640,5.5,휠체어 탑승형 대형,시각장애 1급
2025-03-04 20:01:04,2025-03-04 22:51:04,2025-03-04 20:21:37.150794,2025-03-04 20:50:48.127206,2025-03-04 21:05:30.844892,,마포구,2동,성북구,1동,복지관 이용,1528,5.1,휠체어 탑승형 대형,지체장애 1급
2025-08-10 16:01:20,2025-08-10 16:16:20,2025-08-10 16:04:45.813129,2025-08-10 16:12:01.786956,2025-08-10 16:28:38.635103,,영등포구,3동,양천구,2동,기타,1948,6.6,휠체어 탑승형 대형,뇌병변장애 1급
2025-12-11 16:44:02,2025-12-11 17:47:02,2025-12-11 16:55:47.828017,2025-12-11 17:08:13.522463,2025-12-11 17:34:30.476315,,마포구,2동,도봉구,1동,병원 진료,2004,6.8,기타 차량,지체장애 1급
2025-10-24 16:47:11,2025-10-24 18:35:11,2025-10-24 16:54:52.140089,2025-10-24 17:01:02.966102,2025-10-24 17:27:14.400219,,강남구,2동,용산구,2동,직업훈련,2935,10.5,기타 차량,지체장애 1급
2025-09-03 05:40:09,2025-09-03 08:00:09,,,,2025-09-03 06:01:09,광진구,3동,서초구,2동,직업훈련,1668,5.6,휠체어 탑승형 중형,뇌병변장애 2급
2025-05-02 23:26:48,2025-05-03 01:49:48,2025-05-02 23:29:03.876517,2025-05-02 23:35:33.171564,2025-05-02 23:44:30.029380,,마포구,1동,영등포구,2동,주간보호센터,1500,2.8,일반 세단형,지체장애 1급
2025-11-05 08:04:49,2025-11-05 08:29:49,2025-11-05 08:08:23.347418,2025-11-05 08:27:36.562378,2025-11-05 09:08:31.027034,,영등포구,3동,중랑구,1동,관공서 방문,3096,12.8,휠체어 탑승형 대형,지체장애 1급
2025-06-13 08:59:26,2025-06-13 11:19:26,2025-06-13 09:08:41.501951,2025-06-13 09:17:07.508151,2025-06-13 09:36:39.338411,,노원구,1동,노원구,2동,출퇴근,-2312,7.9,기타 차량,시각장애 1급
2025-05-26 01:41:39,2025-05-26 02:37:39,2025-05-26 01:53:07.813802,2025-05-26 02:33:27.367607,2025-05-26 02:56:35.320802,,강북구,2동,광진구,2동,주간보호센터,1920,6.5,휠체어 탑승형 대형,신장장애
2025-08-28 18:47:35,2025-08-28 21:47:35,,,,2025-08-28 19:00:35,금천구,2동,송파구,2동,여가 활동,2340,8.0,일반 세단형,신장장애
2025-10-31 08:31:24,2025-10-31 10:15:24,2025-10-31 08:36:16.372781,2025-10-31 08:40:09.557412,2025-10-31 09:35:13.806037,,금천구,2동,송파구,3동,복지관 이용,3607,20.1,휠체어 탑승형 대형,뇌병변장애 1급
2025-01-13 08:42:55,2025-01-13 10:31:55,2025-01-13 08:45:39.949218,2025-01-13 08:59:46.411782,2025-01-13 09:12:26.952167,,중랑구,3동,종로구,2동,출퇴근,1500,3.4,휠체어 탑승형 중형,뇌병변장애 1급
2025-10-30 19:42:12,2025-10-30 22:04:12,2025-10-30 20:25:53.109457,2025-10-30 20:38:32.751312,2025-10-30 21:10:30.947048,,중랑구,1동,강남구,3동,출퇴근,2368,8.1,휠체어 탑승형 대형,지체장애 1급
2025-10-18 14:57:37,2025-10-18 15:35:37,2025-10-18 15:00:51.002835,2025-10-18 15:06:19.956652,2025-10-18 15:45:43.837704,,마포구,3동,관악구,2동,재활 치료,2963,10.9,휠체어 탑승형 대형,국가유공자(상이)
2025-12-29 07:25:12,2025-12-29 09:22:12,2025-12-29 07:43:21.864828,2025-12-29 08:05:08.024886,2025-12-29 08:49:32.865275,,관악구,2동,은평구,2동,병원 진료,3264,15.2,휠체어 탑승형 대형,지체장애 2급
2025-07-06 01:33:22,2025-07-06 02:40:22,2025-07-06 01:43:08.637959,2025-07-06 01:56:29.342479,2025-07-06 02:05:03.115576,,송파구,3동,성북구,3동,경조사,1500,2.3,휠체어 탑승형 중형,지체장애 1급
2025-02-27 11:31:07,2025-02-27 13:15:07,2025-02-27 12:00:57.511177,2025-02-27 12:27:56.021384,2025-02-27 13:11:38.338093,,양천구,3동,서대문구,1동,경조사,2984,11.2,휠체어 탑승형 중형,지체장애 2급
2025-05-30 13:22:42,2025-05-30 15:20:42,,,,2025-05-30 13:52:42,용산구,3동,서초구,1동,주간보호센터,2998,11.4,휠체어 탑승형 중형,신장장애
2025-03-28 04:56:52,2025-03-28 06:55:52,2025-03-28 05:37:49.001678,2025-03-28 05:40:14.511928,2025-03-28 06:00:00.202908,,은평구,3동,도봉구,1동,출퇴근,1584,5.3,일반 세단형,시각장애 1급
2025-10-31 16:31:21,2025-10-31 17:10:21,2025-10-31 16:59:21.680218,2025-10-31 17:00:21.680218,2025-10-31 18:31:36.699027,,노원구,1동,중구,2동,관공서 방문,4391,31.3,기타 차량,지체장애 1급
2025-11-28 04:22:07,2025-11-28 05:27:07,2025-11-28 04:29:19.525101,2025-11-28 04:34:21.035293,2025-11-28 05:17:24.150745,,서초구,1동,관악구,2동,재활 치료,3082,12.6,휠체어 탑승형 중형,신장장애
2025-08-15 06:05:04,2025-08-15 06:18:04,2025-08-15 06:40:36.490442,2025-08-15 07:10:03.345010,2025-08-15 07:30:15.937614,,노원구,3동,성동구,2동,복지관 이용,2032,6.9,휠체어 탑승형 대형,국가유공자(상이)
2025-03-22 14:48:52,2025-03-22 16:37:52,2025-03-22 14:51:56.600548,2025-03-22 15:00:41.783890,2025-03-22 15:09:48.691930,,종로구,2동,강북구,3동,경조사,1500,3.1,휠체어 탑승형 중형,시각장애 1급
2025-01-10 10:33:16,2025-01-10 13:15:16,2025-01-10 10:41:02.900766,2025-01-10 10:44:26.254991,2025-01-10 11:03:38.893629,,영등포구,3동,은평구,2동,주간보호센터,2144,7.3,일반 세단형,지체장애 2급
2025-10-12 13:54:47,2025-10-12 15:17:47,2025-10-12 14:14:31.415919,2025-10-12 14:34:18.672212,2025-10-12 14:49:30.813454,,마포구,1동,양천구,1동,학교 등하교,1500,4.4,휠체어 탑승형 대형,뇌병변장애 2급
2025-11-16 07:50:27,2025-11-16 08:28:27,2025-11-16 08:31:38.592653,2025-11-16 08:38:28.439608,2025-11-16 09:03:01.078370,,마포구,2동,영등포구,3동,학교 등하교,2284,7.8,휠체어 탑승형 대형,시각장애 1급
2025-09-28 13:26:47,2025-09-28 16:04:47,2025-09-28 13:27:47,2025-09-28 13:30:26.617997,2025-09-28 14:01:34.261438,,성동구,1동,도봉구,2동,여가 활동,2592,8.9,기타 차량,뇌병변장애 2급
2025-07-03 15:32:17,2025-07-03 16:47:17,,,,2025-07-03 15:34:17,동대문구,3동,도봉구,1동,관공서 방문,2088,7.1,일반 세단형,시각장애 1급
2025-04-22 15:11:24,2025-04-22 15:31:24,2025-04-22 15:41:50.311454,2025-04-22 15:54:50.200897,2025-04-22 16:05:25.297926,,노원구,3동,동작구,1동,출퇴근,1500,3.9,일반 세단형,지체장애 2급
2025-06-27 11:53:45,2025-06-27 14:25:45,2025-06-27 12:21:17.949704,2025-06-27 12:26:41.645949,2025-06-27 12:37:44.447437,,서대문구,3동,도봉구,1동,학교 등하교,1500,3.1,휠체어 탑승형 대형,국가유공자(상이)
2025-04-21 18:57:23,2025-04-21 20:14:23,2025-04-21 19:33:01.481814,2025-04-21 19:56:10.610979,2025-04-21 20:16:23.170499,,영등포구,1동,송파구,2동,경조사,2312,7.9,기타 차량,뇌병변장애 2급
2025-09-11 15:43:00,2025-09-11 18:29:00,2025-09-11 15:59:33.596632,2025-09-11 16:07:34.106831,2025-09-11 16:24:02.492553,,강서구,3동,강동구,2동,출퇴근,1752,5.9,기타 차량,지체장애 2급
2025-04-09 09:30:36,2025-04-09 10:44:36,2025-04-09 10:17:54.026221,2025-04-09 10:21:52.735150,2025-04-09 11:08:46.193040,,종로구,1동,강서구,3동,관공서 방문,3026,11.8,휠체어 탑승형 대형,뇌병변장애 2급
2025-02-04 10:21:49,2025-02-04 12:07:49,2025-02-04 10:49:19.296896,2025-02-04 10:53:46.180568,2025-02-04 11:14:47.825806,,노원구,1동,금천구,1동,재활 치료,2340,8.0,기타 차량,지체장애 2급
2025-08-23 05:03:41,2025-08-23 06:40:41,2025-08-23 05:13:09.153222,2025-08-23 05:20:51.757533,2025-08-23 05:52:30.815630,,강남구,2동,동대문구,3동,출퇴근,3019,11.7,휠체어 탑승형 중형,지체장애 2급
2025-11-18 10:45:21,2025-11-18 12:40:21,2025-11-18 10:47:26.015423,2025-11-18 10:54:41.319667,2025-11-18 11:44:08.856106,,성북구,1동,영등포구,2동,학교 등하교,3446,17.8,휠체어 탑승형 대형,지체장애 2급
2025-10-11 07:49:11,2025-10-11 08:20:11,2025-10-11 07:51:46.433204,2025-10-11 07:54:08.569418,2025-10-11 08:15:47.829600,,강동구,3동,용산구,1동,여가 활동,2424,8.3,기타 차량,지체장애 1급
2025-11-18 10:32:06,2025-11-18 12:51:06,2025-11-18 10:35:34.142758,2025-11-18 10:49:10.034461,2025-11-18 11:06:48.296330,,용산구,3동,서대문구,3동,기타,1500,4.5,휠체어 탑승형 대형,시각장애 1급
2025-06-30 08:48:49,2025-06-30 10:20:49,2025-06-30 09:03:05.849402,2025-06-30 09:04:05.849402,2025-06-30 09:51:29.958714,,마포구,1동,성동구,3동,여가 활동,3383,16.9,휠체어 탑승형 대형,시각장애 1급
2025-06-25 07:44:17,2025-06-25 08:48:17,2025-06-25 08:04:03.724296,2025-06-25 08:15:58.767176,2025-06-25 08:40:48.043651,,종로구,1동,양천구,2동,복지관 이용,2676,9.2,일반 세단형,뇌병변장애 1급
2025-03-20 17:31:26,2025-03-20 18:05:26,2025-03-20 17:39:26.598338,,,2025-03-20 17:48:26.598338,동대문구,3동,동대문구,1동,여가 활동,3327,16.1,휠체어 탑승형 중형,지체장애 1급
2025-07-30 17:19:47,2025-07-30 18:31:47,2025-07-30 17:27:20.767044,2025-07-30 17:35:26.693269,2025-07-30 17:47:44.254928,,서초구,3동,중랑구,2동,주간보호센터,1500,3.8,기타 차량,뇌병변장애 1급
2025-12-13 20:27:15,2025-12-13 21:51:15,2025-12-13 21:16:22.684808,2025-12-13 21:17:37.057641,2025-12-13 21:41:05.793776,,동대문구,3동,,3동,재활 치료,2088,7.1,일반 세단형,지체장애 1급
2025-09-03 08:08:29,2025-09-03 08:44:29,2025-09-03 08:28:41.962954,2025-09-03 08:37:18.342127,2025-09-03 08:40:35.866397,,양천구,1동,양천구,1동,경조사,1500,1.3,휠체어 탑승형 대형,뇌병변장애 1급
2025-08-19 15:49:19,2025-08-19 16:10:19,2025-08-19 16:22:25.218908,2025-08-19 16:23:25.218908,2025-08-19 16:33:48.239664,,광진구,3동,영등포구,2동,관공서 방문,1500,3.0,휠체어 탑승형 중형,뇌병변장애 2급
2025-08-31 08:28:24,2025-08-31 08:43:24,2025-08-31 08:32:10.375130,2025-08-31 08:33:20.910770,2025-08-31 08:48:54.966164,,강동구,3동,성북구,2동,여가 활동,1808,6.1,휠체어 탑승형 중형,지체장애 2급
2025-01-01 08:35:09,2025-01-01 09:21:09,2025-01-01 08:59:55.520221,2025-01-01 09:07:15.567956,2025-01-01 09:22:39.730394,,은평구,3동,강동구,3동,재활 치료,1556,5.2,휠체어 탑승형 대형,지체장애 1급
2025-12-09 11:23:54,2025-12-09 14:22:54,2025-12-09 11:27:24.915224,2025-12-09 11:28:51.292947,2025-12-09 11:50:38.451233,,구로구,2동,동대문구,1동,직업훈련,2620,9.0,휠체어 탑승형 중형,뇌병변장애 1급
2025-09-15 18:46:57,2025-09-15 19:28:57,2025-09-15 18:48:13.202031,2025-09-15 18:55:32.442903,2025-09-15 19:06:37.591604,,도봉구,2동,은평구,3동,출퇴근,1500,4.0,일반 세단형,시각장애 1급
2025-10-12 03:08:18,2025-10-12 03:46:18,2025-10-12 03:12:24.867506,2025-10-12 03:45:39.369935,2025-10-12 04:07:45.058249,,도봉구,3동,강남구,3동,학교 등하교,2144,7.3,휠체어 탑승형 중형,지체장애 1급
2025-12-11 08:41:27,2025-12-11 08:59:27,2025-12-11 09:10:01.449468,2025-12-11 09:12:00.232308,2025-12-11 09:16:54.456800,,송파구,3동,강서구,3동,출퇴근,1500,2.0,일반 세단형,국가유공자(상이)
2025-04-05 15:30:40,2025-04-05 15:58:40,2025-04-05 15:55:46.630521,2025-04-05 15:57:35.524671,2025-04-05 16:14:06.097861,,노원구,2동,영등포구,2동,주간보호센터,1500,4.6,기타 차량,뇌병변장애 1급
2025-01-15 08:57:12,2025-01-15 10:42:12,2025-01-15 08:58:12,2025-01-15 09:06:47.707459,2025-01-15 10:02:49.733030,,서초구,1동,도봉구,2동,출퇴근,3236,14.8,휠체어 탑승형 중형,국가유공자(상이)
2025-02-05 05:56:08,2025-02-05 08:29:08,2025-02-05 06:27:37.002405,2025-02-05 06:29:20.464742,2025-02-05 06:48:39.436829,,성동구,2동,강북구,3동,여가 활동,1808,6.1,기타 차량,시각장애 1급
2025-04-03 09:39:21,2025-04-03 11:31:21,2025-04-03 10:04:38.757935,2025-04-03 10:06:45.871437,2025-04-03 10:42:28.869879,,동작구,1동,서대문구,3동,직업훈련,2900,10.0,일반 세단형,국가유공자(상이)
2025-01-12 13:08:25,2025-01-12 15:51:25,2025-01-12 13:11:33.598728,2025-01-12 13:16:56.116116,2025-01-12 13:38:14.136265,,동작구,1동,종로구,1동,학교 등하교,2144,7.3,기타 차량,뇌병변장애 1급
2025-11-19 09:29:50,2025-11-19 10:22:50,2025-11-19 09:40:00.696313,2025-11-19 09:47:34.791254,2025-11-19 10:24:49.563108,,양천구,3동,강동구,3동,관공서 방문,3222,14.6,일반 세단형,국가유공자(상이)
2025-11-05 07:38:04,2025-11-05 09:21:04,2025-11-05 07:44:58.454561,2025-11-05 07:46:07.650804,2025-11-05 08:08:00.419520,,동대문구,1동,서대문구,3동,기타,2620,9.0,휠체어 탑승형 대형,시각장애 1급
2025-08-25 14:19:24,2025-08-25 17:05:24,2025-08-25 15:04:53.555373,2025-08-25 15:10:15.098793,2025-08-25 15:17:18.966276,,성북구,3동,강북구,3동,학교 등하교,1500,2.7,기타 차량,국가유공자(상이)
2025-04-09 15:05:33,2025-04-09 16:05:33,2025-04-09 15:06:48.671798,2025-04-09 15:28:22.455826,2025-04-09 15:34:30.265696,,중구,1동,동대문구,1동,주간보호센터,1500,1.9,휠체어 탑승형 중형,신장장애
2025-07-03 11:56:28,2025-07-03 14:17:28,2025-07-03 12:07:25.375912,2025-07-03 12:09:43.251865,2025-07-03 12:27:49.187639,,동작구,1동,중구,2동,직업훈련,1752,5.9,기타 차량,지체장애 2급
2025-01-30 14:02:05,2025-01-30 16:05:05,2025-01-30 14:52:34.783705,2025-01-30 15:07:10.258848,2025-01-30 15:16:32.099877,,서울특별시 강남구,2동,금천구,1동,경조사,1500,3.1,휠체어 탑승형 중형,지체장애 2급
2025-12-18 12:55:00,2025-12-18 13:28:00,2025-12-18 12:56:00,,,2025-12-18 13:14:00,광진구,2동,성북구,3동,기타,2977,11.1,휠체어 탑승형 대형,뇌병변장애 1급
2025-03-30 03:17:11,2025-03-30 03:55:11,2025-03-30 03:19:39.452951,2025-03-30 03:38:04.979435,2025-03-30 05:12:19.138848,,마포구,1동,서대문구,2동,직업훈련,4006,25.8,일반 세단형,신장장애
2025-05-31 08:33:18,2025-05-31 09:46:18,2025-05-31 08:49:15.109995,2025-05-31 09:04:57.045725,2025-05-31 09:18:15.516512,,동작구,3동,양천구,2동,경조사,1584,5.3,일반 세단형,뇌병변장애 1급
2025-09-05 07:19:33,2025-09-05 08:00:33,2025-09-05 07:23:56.984192,2025-09-05 08:22:27.604745,2025-09-05 08:48:54.307758,,강서구,1동,영등포구,1동,기타,2704,9.3,기타 차량,뇌병변장애 1급
2025-11-25 14:26:50,2025-11-25 15:48:50,2025-11-25 15:01:42.646108,2025-11-25 15:14:50.939761,2025-11-25 15:29:53.526978,,동대문구,1동,중구,2동,복지관 이용,1500,4.8,일반 세단형,국가유공자(상이)
2025-12-23 04:13:57,2025-12-23 06:47:57,2025-12-23 04:34:57.219467,2025-12-23 04:40:49.179101,2025-12-23 04:44:02.110373,,종로구,2동,성동구,1동,재활 치료,1500,0.9,일반 세단형,시각장애 1급
2025-06-26 12:04:30,2025-06-26 12:40:30,2025-06-26 12:49:19.943833,2025-06-26 13:06:18.777275,2025-06-26 13:56:42.794521,,강서구,1동,서초구,2동,직업훈련,3502,18.6,휠체어 탑승형 중형,시각장애 1급
2025-12-25 20:49:23,2025-12-25 21:28:23,2025-12-25 20:54:04.744686,2025-12-25 21:21:38.805497,2025-12-25 22:50:37.581443,,강남구,3동,동작구,1동,기타,4769,36.7,휠체어 탑승형 대형,지체장애 1급
2025-01-28 11:37:33,2025-01-28 13:53:33,2025-01-28 11:49:23.040902,2025-01-28 11:59:05.086262,2025-01-28 12:20:45.364572,,중구,1동,도봉구,1동,관공서 방문,1724,5.8,일반 세단형,신장장애
2025-02-01 20:18:09,2025-02-01 22:47:09,2025-02-01 20:29:50.419837,2025-02-01 20:30:50.419837,2025-02-01 20:49:35.844975,,서대문구,1동,동대문구,3동,직업훈련,2032,6.9,휠체어 탑승형 중형,국가유공자(상이)
2025-09-27 08:30:02,2025-09-27 09:10:02,2025-09-27 09:07:13.199526,2025-09-27 09:17:41.526406,2025-09-27 09:42:50.251383,,중구,3동,송파구,1동,재활 치료,2200,7.5,기타 차량,지체장애 1급
2025-10-14 10:29:23,2025-10-14 10:55:23,,,,2025-10-14 10:39:23,마포구,1동,도봉구,3동,경조사,3012,11.6,일반 세단형,국가유공자(상이)
2025-07-22 10:06:02,2025-07-22 12:52:02,2025-07-22 10:59:16.736716,2025-07-22 11:02:04.301342,2025-07-22 11:49:49.648875,,광진구,2동,종로구,1동,출퇴근,3103,12.9,휠체어 탑승형 대형,뇌병변장애 1급
2025-01-30 06:12:52,2025-01-30 09:07:52,2025-01-30 06:16:50.292669,2025-01-30 06:18:57.555644,2025-01-30 06:53:25.558147,,영등포구,3동,강남,1동,출퇴근,2921,10.3,휠체어 탑승형 대형,시각장애 1급
2025-08-11 13:47:53,2025-08-11 14:56:53,2025-08-11 13:55:52.649565,2025-08-11 14:04:29.731470,2025-08-11 14:42:44.569180,,성동구,1동,은평구,3동,주간보호센터,3110,13.0,기타 차량,국가유공자(상이)
2025-03-18 07:00:52,2025-03-18 09:09:52,2025-03-18 07:10:31.606168,2025-03-18 07:12:18.089691,2025-03-18 07:30:16.385975,,송파구,3동,강동구,2동,병원 진료,1500,5.0,일반 세단형,지체장애 1급
2025-11-14 10:52:41,2025-11-14 12:34:41,2025-11-14 11:17:33.888325,2025-11-14 11:25:48.570736,2025-11-14 12:10:56.479906,,중랑구,2동,동대문구,2동,주간보호센터,3229,14.7,기타 차량,뇌병변장애 2급
2025-12-28 15:19:10,2025-12-28 16:26:10,2025-12-28 16:07:04.173203,2025-12-28 16:32:49.776820,2025-12-28 16:56:50.893466,,은평구,1동,구로구,3동,병원 진료,2060,7.0,휠체어 탑승형 대형,지체장애 2급
2025-04-20 19:54:02,2025-04-20 21:43:02,,,,2025-04-20 20:05:02,양천구,2동,서초구,1동,재활 치료,2200,7.5,휠체어 탑승형 대형,뇌병변장애 1급
2025-10-10 07:56:46,2025-10-10 08:26:46,2025-10-10 08:15:25.208503,2025-10-10 08:47:25.331198,2025-10-10 09:06:08.948262,,중구,1동,마포구,1동,출퇴근,2284,7.8,기타 차량,국가유공자(상이)
2025-10-04 04:15:47,2025-10-04 06:52:47,,,,2025-10-04 04:22:47,강동구,3동,은평구,1동,주간보호센터,1500,4.9,일반 세단형,지체장애 1급
2025-03-07 16:30:10,2025-03-07 17:38:10,2025-03-07 16:51:53.313402,2025-03-07 16:56:33.695620,2025-03-07 17:47:06.186484,, 강남구 ,1동,구로구,2동,여가 활동,3642,20.6,휠체어 탑승형 중형,신장장애
2025-07-27 10:25:37,2025-07-27 12:49:37,,,,2025-07-27 10:55:37,구로구,2동,영등포구,1동,출퇴근,1612,5.4,기타 차량,뇌병변장애 1급
2025-09-05 00:21:01,2025-09-05 00:47:01,2025-09-05 00:39:03.189373,2025-09-05 00:56:41.283173,2025-09-05 01:18:59.371973,,은평구,2동,송파구,3동,주간보호센터,2144,7.3,일반 세단형,지체장애 2급
2025-09-20 08:30:22,2025-09-20 09:42:22,2025-09-20 08:36:01.007579,2025-09-20 08:46:25.052628,2025-09-20 09:02:47.197750,,은평구,2동,도봉구,3동,여가 활동,1612,5.4,일반 세단형,뇌병변장애 2급
2025-11-16 10:45:03,2025-11-16 13:07:03,2025-11-16 11:05:00.248971,,,2025-11-16 11:13:00.248971,영등포구,3동,강동구,2동,학교 등하교,2060,7.0,휠체어 탑승형 대형,지체장애 2급
2025-09-20 06:51:52,2025-09-20 09:28:52,2025-09-20 07:09:13.674700,2025-09-20 07:24:50.820584,2025-09-20 07:42:16.535612,,강남구,3동,강동구,1동,주간보호센터,2060,7.0,휠체어 탑승형 중형,뇌병변장애 2급
2025-02-20 08:19:04,2025-02-20 10:05:04,2025-02-20 08:33:25.214145,2025-02-20 08:36:32.704870,2025-02-20 08:55:05.646529,,구로구,2동,동대문구,1동,경조사,2032,6.9,일반 세단형,지체장애 1급
2025-11-08 15:59:55,2025-11-08 16:14:55,2025-11-08 16:16:04.926793,2025-11-08 16:21:08.717672,2025-11-08 17:11:53.999146,,동작구,2동,중구,2동,주간보호센터,3593,19.9,일반 세단형,뇌병변장애 2급
2025-06-23 06:42:34,2025-06-23 07:28:34,2025-06-23 06:44:22.886753,2025-06-23 06:45:44.112651,2025-06-23 07:28:12.584186,,도봉구,1동,양천구,1동,복지관 이용,3089,12.7,일반 세단형,지체장애 1급
2025-03-27 07:53:57,2025-03-27 09:06:57,2025-03-27 07:58:15.172223,2025-03-27 08:05:01.970676,2025-03-27 09:11:46.140064,,서대문구,2동,송파구,2동,기타,3369,16.7,일반 세단형,지체장애 1급
2025-03-30 16:37:30,2025-03-30 17:49:30,,,,2025-03-30 17:00:30,광진구,1동,중구,1동,출퇴근,1500,2.3,휠체어 탑승형 중형,국가유공자(상이)
2025-07-17 10:28:35,2025-07-17 11:24:35,2025-07-17 10:32:38.165836,2025-07-17 10:55:56.540209,2025-07-17 11:02:22.745588,,서초구,1동,성북구,3동,병원 진료,1500,2.5,일반 세단형,뇌병변장애 2급
2025-10-20 07:20:55,2025-10-20 09:46:55,2025-10-20 07:35:56.804875,2025-10-20 07:41:50.698128,2025-10-20 07:45:27.629556,,동대문구,1동,은평구,1동,학교 등하교,1500,1.4,일반 세단형,지체장애 1급
2025-08-07 13:31:26,2025-08-07 16:05:26,,,,2025-08-07 13:56:26,은평구,1동,종로구,2동,관공서 방문,3110,13.0,휠체어 탑승형 중형,지체장애 1급
2025-04-20 18:07:06,2025-04-20 19:20:06,2025-04-20 18:08:56.032161,,,2025-04-20 18:17:56.032161,은평구,2동,강북구,3동,학교 등하교,2088,7.1,휠체어 탑승형 중형,지체장애 2급
2025-07-25 17:44:05,2025-07-25 19:22:05,2025-07-25 18:23:02.772600,2025-07-25 18:40:36.984997,2025-07-25 19:16:53.296850,,성동구,2동,강동구,1동,주간보호센터,2900,10.0,기타 차량,시각장애 1급
2025-02-10 10:57:12,2025-02-10 12:52:12,2025-02-10 11:08:38.138714,2025-02-10 11:24:36.333125,2025-02-10 12:35:33.150429,,동작구,3동,영등포구,2동,학교 등하교,3698,21.4,기타 차량,지체장애 2급
2025-10-20 08:00:42,2025-10-20 08:39:42,2025-10-20 08:05:38.849040,2025-10-20 08:09:30.202664,2025-10-20 08:36:48.551725,,성북구,3동,마포구,1동,출퇴근,2921,10.3,휠체어 탑승형 대형,지체장애 1급
2025-03-01 01:05:56,2025-03-01 04:02:56,2025-03-01 01:27:31.754396,2025-03-01 01:41:19.068450,2025-03-01 02:16:06.139632,,마포구,1동,강북구,1동,경조사,3103,12.9,휠체어 탑승형 중형,지체장애 1급
2025-05-02 14:39:25,2025-05-02 16:05:25,2025-05-02 14:52:37.966835,2025-05-02 14:53:37.966835,2025-05-02 15:18:01.963732,,양천구,3동,동작구,1동,경조사,2480,8.5,휠체어 탑승형 중형,국가유공자(상이)
2025-06-26 12:30:47,2025-06-26 13:25:47,2025-06-26 12:55:40.721045,2025-06-26 13:08:33.550003,2025-06-26 13:33:11.809833,,용산구,2동,강서구,1동,병원 진료,1976,6.7,휠체어 탑승형 중형,신장장애
2025-07-11 12:23:36,2025-07-11 14:37:36,2025-07-11 12:25:25.350677,2025-07-11 12:30:24.523451,2025-07-11 12:49:01.140610,,구로구,3동,송파구,2동,주간보호센터,1920,6.5,일반 세단형,지체장애 1급
2025-04-16 18:41:45,2025-04-16 21:16:45,2025-04-16 19:12:31.389939,2025-04-16 19:13:31.389939,2025-04-16 19:37:24.500049,,노원구,1동,은평구,2동,기타,2088,7.1,일반 세단형,지체장애 2급
2025-03-22 13:32:48,2025-03-22 15:47:48,2025-03-22 13:36:40.002062,2025-03-22 13:39:51.604512,2025-03-22 13:57:33.358409,,광진구,1동,강동구,2동,여가 활동,1500,4.5,휠체어 탑승형 중형,지체장애 1급
2025-04-02 12:48:32,2025-04-02 15:01:32,,,,2025-04-02 13:09:32,마포구,1동,노원구,1동,관공서 방문,2228,7.6,기타 차량,지체장애 1급
2025-04-02 16:22:03,2025-04-02 17:08:03,2025-04-02 16:56:41.200206,2025-04-02 17:18:43.463629,2025-04-02 17:24:06.477463,,도봉구,3동,관악구,3동,기타,1500,2.2,휠체어 탑승형 중형,국가유공자(상이)
2025-04-24 17:28:43,2025-04-24 17:43:43,2025-04-24 17:35:02.216052,2025-04-24 17:47:48.581359,2025-04-24 18:36:34.774558,,서울 서초구,3동,양천구,2동,직업훈련,3215,14.5,기타 차량,뇌병변장애 2급
2025-10-09 07:26:32,2025-10-09 09:17:32,2025-10-09 07:34:37.215339,2025-10-09 07:35:37.215339,2025-10-09 08:21:31.404067,,강서구,1동,동대문구,1동,주간보호센터,3068,12.4,휠체어 탑승형 중형,시각장애 1급
2025-12-01 20:16:29,2025-12-01 23:16:29,2025-12-01 20:22:48.197543,2025-12-01 20:27:51.227599,2025-12-01 20:49:24.024678,,강남구,1동,강북구,3동,주간보호센터,2032,6.9,일반 세단형,시각장애 1급
2025-08-12 09:38:49,2025-08-12 11:04:49,2025-08-12 09:49:46.326179,2025-08-12 10:02:22.593486,2025-08-12 10:13:45.234431,,은평구,3동,금천구,3동,복지관 이용,1500,3.9,휠체어 탑승형 중형,뇌병변장애 2급
2025-03-12 12:43:36,2025-03-12 12:55:36,2025-03-12 13:28:22.085463,2025-03-12 13:33:13.327198,2025-03-12 13:50:58.592231,,동대문구,2동,서대문구,3동,직업훈련,1500,4.6,기타 차량,뇌병변장애 2급
2025-08-18 14:37:36,2025-08-18 17:36:36,2025-08-18 14:51:51.525119,2025-08-18 14:52:51.525119,2025-08-18 15:03:00.505036,,강서구,1동,서초구,3동,학교 등하교,1500,2.9,휠체어 탑승형 중형,뇌병변장애 2급
2025-01-21 11:28:21,2025-01-21 11:52:21,2025-01-21 11:53:33.989105,2025-01-21 12:02:25.615303,2025-01-21 12:57:34.709827,,성북구,2동,서대문구,2동,복지관 이용,3432,17.6,일반 세단형,신장장애
2025-02-10 10:17:12,2025-02-10 10:45:12,2025-02-10 11:50:49.967265,2025-02-10 11:51:49.967265,2025-02-10 12:41:23.544553,,서대문구,3동,노원구,1동,여가 활동,3621,20.3,휠체어 탑승형 중형,뇌병변장애 1급
2025-07-28 18:03:20,2025-07-28 18:38:20,2025-07-28 18:39:18.531378,2025-07-28 18:40:18.531378,2025-07-28 19:14:56.672828,,용산구,2동,성동구,2동,재활 치료,2872,9.9,기타 차량,지체장애 2급
2025-12-24 13:42:30,2025-12-24 13:55:30,,,,2025-12-24 13:44:30,강서구,1동,구로구,3동,직업훈련,2060,7.0,휠체어 탑승형 중형,지체장애 1급
2025-06-10 06:42:46,2025-06-10 09:41:46,2025-06-10 06:47:33.794571,2025-06-10 06:56:46.205016,2025-06-10 07:18:17.443569,,양천구,2동,동작구,1동,재활 치료,2396,8.2,휠체어 탑승형 대형,지체장애 1급
2025-11-06 18:50:22,2025-11-06 21:35:22,2025-11-06 18:51:35.452705,2025-11-06 18:59:42.144791,2025-11-06 19:38:46.373654,,서초구,2동,동작구,2동,학교 등하교,2970,11.0,휠체어 탑승형 대형,지체장애 1급
2025-09-02 02:50:21,2025-09-02 03:32:21,2025-09-02 03:03:28.781445,2025-09-02 03:12:50.658660,2025-09-02 03:26:39.113538,,금천구,1동,마포구,1동,병원 진료,1612,5.4,휠체어 탑승형 대형,지체장애 1급
2025-12-15 20:16:50,2025-12-15 21:37:50,2025-12-15 20:18:43.753413,2025-12-15 20:21:50.608804,2025-12-15 20:38:39.516511,,노원구,3동,용산구,3동,병원 진료,1556,5.2,기타 차량,지체장애 1급
2025-03-29 09:41:53,2025-03-29 10:11:53,2025-03-29 09:47:08.916620,2025-03-29 09:57:15.061781,2025-03-29 10:47:26.592100,,종로구,1동,종로구,1동,기타,3355,16.5,휠체어 탑승형 중형,국가유공자(상이)
2025-06-22 13:14:37,2025-06-22 15:08:37,2025-06-22 13:33:13.976444,2025-06-22 13:34:46.680219,2025-06-22 13:45:53.499386,,강동구,2동,영등포구,2동,관공서 방문,1500,3.7,기타 차량,뇌병변장애 2급
2025-07-18 07:48:12,2025-07-18 10:21:12,2025-07-18 08:14:11.332049,2025-07-18 08:16:24.040054,2025-07-18 08:33:41.414182,,성북구,1동,은평구,3동,경조사,1696,5.7,휠체어 탑승형 대형,국가유공자(상이)
2025-10-04 16:31:03,2025-10-04 18:02:03,2025-10-04 16:32:03,,,2025-10-04 16:39:03,성북구,3동,관악구,1동,경조사,1780,6.0,휠체어 탑승형 중형,국가유공자(상이)
2025-04-06 16:54:35,2025-04-06 19:05:35,2025-04-06 17:40:24.798477,2025-04-06 17:41:24.798477,2025-04-06 17:49:56.131441,,광진구,3동,강북구,1동,관공서 방문,1500,3.2,기타 차량,신장장애
2025-01-17 15:00:06,2025-01-17 17:05:06,2025-01-17 15:29:40.285905,2025-01-17 15:53:14.020645,2025-01-17 16:39:19.480557,,마포구,3동,동대문구,1동,관공서 방문,3026,11.8,휠체어 탑승형 대형,뇌병변장애 2급
2025-11-04 21:26:16,2025-11-05 00:04:16,2025-11-04 21:27:16,,,2025-11-04 21:34:16,성북구,3동,서초구,1동,기타,3250,15.0,기타 차량,신장장애
2025-11-04 21:41:52,2025-11-04 22:43:52,2025-11-04 21:45:42.636264,2025-11-04 22:14:27.580313,2025-11-04 22:29:10.141481,,도봉구,3동,금천구,1동,직업훈련,1752,5.9,일반 세단형,지체장애 2급
2025-03-01 18:53:33,2025-03-01 19:33:33,2025-03-01 19:46:34.605408,2025-03-01 20:09:27.236184,2025-03-01 20:36:35.359671,,도봉구,2동,성동구,2동,출퇴근,2088,7.1,일반 세단형,뇌병변장애 2급
2025-05-27 12:50:29,2025-05-27 15:31:29,2025-05-27 12:54:27.623975,2025-05-27 13:14:30.385253,2025-05-27 13:48:26.879788,,도봉구,2동,구로구,1동,학교 등하교,3033,11.9,휠체어 탑승형 대형,국가유공자(상이)
2025-12-03 14:42:10,2025-12-03 15:46:10,2025-12-03 15:12:20.772508,2025-12-03 15:19:39.581652,2025-12-03 15:39:57.690468,,관악구,3동,노원구,3동,출퇴근,1612,5.4,일반 세단형,지체장애 2급
2025-07-30 14:10:05,2025-07-30 16:04:05,2025-07-30 14:11:05,2025-07-30 14:12:05,2025-07-30 15:00:09.399554,,양천구,1동,노원구,1동,재활 치료,3299,15.7,휠체어 탑승형 대형,지체장애 2급
2025-11-23 13:17:34,2025-11-23 16:17:34,2025-11-23 13:20:11.996606,2025-11-23 13:42:51.412963,2025-11-23 14:18:35.815854,,노원구,2동,강서구,3동,병원 진료,2963,10.9,휠체어 탑승형 중형,국가유공자(상이)
2025-04-19 18:44:56,2025-04-19 20:38:56,2025-04-19 19:03:44.031257,2025-04-19 19:04:51.360677,2025-04-19 19:28:30.212042,,노원구,3동,성북구,2동,재활 치료,2592,8.9,휠체어 탑승형 중형,신장장애
2025-11-30 10:42:04,2025-11-30 11:27:04,2025-11-30 10:47:11.659298,2025-11-30 10:52:02.840534,2025-11-30 10:56:51.419640,,관악구,3동,강남구,2동,관공서 방문,1500,2.0,일반 세단형,지체장애 1급
2025-03-29 09:14:09,2025-03-29 11:31:09,2025-03-30 20:14:09,2025-03-29 09:20:24.425277,2025-03-29 09:48:15.580337,,노원구,1동,중구,3동,기타,2984,11.2,휠체어 탑승형 중형,뇌병변장애 1급
2025-07-15 18:24:33,2025-07-15 21:05:33,,,,2025-07-15 18:50:33,종로구,3동,종로구,3동,경조사,2452,8.4,일반 세단형,지체장애 2급
2025-08-01 00:33:47,2025-08-01 02:54:47,2025-08-01 00:51:50.692166,2025-08-01 00:53:18.541225,2025-08-01 01:16:22.909320,,노원구,2동,구로구,1동,여가 활동,1948,6.6,휠체어 탑승형 대형,시각장애 1급
2025-04-19 11:10:44,2025-04-19 12:50:44,2025-04-19 11:16:10.099687,2025-04-19 11:28:08.383249,2025-04-19 11:42:53.478616,,영등포구,3동,구로구,3동,관공서 방문,1724,5.8,일반 세단형,지체장애 1급
2025-09-21 07:26:36,2025-09-21 09:07:36,2025-09-21 07:40:37.147366,2025-09-21 07:52:07.134014,2025-09-21 08:11:30.558105,,은평구,3동,강남구,1동,출퇴근,2116,7.2,일반 세단형,뇌병변장애 1급
2025-02-09 10:15:25,2025-02-09 12:29:25,2025-02-09 10:18:34.854764,2025-02-09 10:36:21.863918,2025-02-09 12:34:09.126425,,은평구,1동,은평구,3동,여가 활동,4300,30.0,휠체어 탑승형 중형,뇌병변장애 2급
2025-05-05 19:35:49,2025-05-05 20:40:49,2025-05-05 19:52:59.103364,2025-05-05 19:55:25.726955,2025-05-05 20:57:26.649830,,강북구,1동,은평구,2동,재활 치료,3488,18.4,일반 세단형,국가유공자(상이)
2025-01-05 10:00:06,2025-01-05 11:16:06,2025-01-05 10:06:20.173954,2025-01-05 10:22:28.519656,2025-01-05 10:48:49.717425,,강남구,3동,은평구,1동,관공서 방문,2480,8.5,기타 차량,국가유공자(상이)
2025-04-17 18:43:08,2025-04-17 19:57:08,2025-04-17 19:35:37.917920,2025-04-17 19:52:51.738096,2025-04-17 21:23:39.595967,,노원구,1동,강동구,3동,경조사,3929,24.7,기타 차량,신장장애
2025-11-25 13:13:06,2025-11-25 16:04:06,2025-11-25 13:24:16.101754,2025-11-25 13:58:24.411996,2025-11-25 14:30:26.041349,,도봉구,2동,노원구,2동,병원 진료,2872,9.9,기타 차량,뇌병변장애 1급
2025-01-01 19:30:22,2025-01-01 21:20:22,2025-01-01 19:31:45.420056,2025-01-01 19:32:45.420056,2025-01-01 19:59:11.607420,, 강남구 ,3동,용산구,2동,주간보호센터,2508,8.6,휠체어 탑승형 중형,뇌병변장애 1급
2025-03-21 10:15:17,2025-03-21 12:53:17,2025-03-21 10:47:02.722871,2025-03-21 10:51:36.744597,2025-03-21 11:30:51.625296,,서대문구,2동,서초구,2동,경조사,3012,11.6,일반 세단형,뇌병변장애 1급
2025-05-13 13:46:17,2025-05-13 15:46:17,2025-05-13 13:51:32.690044,2025-05-13 14:10:00.233226,2025-05-13 14:19:04.361996,,양천구,2동,송파구,1동,여가 활동,1500,2.5,일반 세단형,국가유공자(상이)
2025-05-24 11:54:59,2025-05-24 12:15:59,,,,2025-05-24 12:06:59,중구,1동,중구,2동,학교 등하교,1556,5.2,휠체어 탑승형 중형,뇌병변장애 1급
2025-11-27 02:50:27,2025-11-27 03:26:27,2025-11-27 02:59:17.455191,2025-11-27 03:03:21.685404,2025-11-27 03:16:43.376060,,송파구,2동,용산구,2동,복지관 이용,1500,4.4,일반 세단형,뇌병변장애 2급
2025-05-16 18:44:04,2025-05-16 19:28:04,2025-05-16 20:54:46.528307,2025-05-16 21:00:56.489352,2025-05-16 21:46:18.094943,,양천구,3동,강동구,3동,기타,3082,12.6,휠체어 탑승형 중형,뇌병변장애 2급
2025-10-09 14:39:25,2025-10-09 17:11:25,2025-10-09 14:44:25.323478,2025-10-09 14:47:15.417710,2025-10-09 14:58:29.802627,,광진구,1동,서초구,2동,여가 활동,1500,4.0,기타 차량,시각장애 1급
2025-04-30 08:25:19,2025-04-30 08:42:19,2025-04-30 09:05:16.120310,2025-04-30 09:06:16.120310,2025-04-30 09:25:14.902074,,구로구,3동,강서구,1동,주간보호센터,1612,5.4,휠체어 탑승형 대형,지체장애 1급
2025-03-03 10:29:24,2025-03-03 12:44:24,2025-03-03 10:33:35.351878,2025-03-03 11:03:06.104067,2025-03-03 11:41:02.692694,,서대문구,1동,송파구,1동,복지관 이용,2935,10.5,휠체어 탑승형 대형,지체장애 2급
2025-12-26 10:23:34,2025-12-26 11:16:34,2025-12-26 10:24:49.639986,2025-12-26 10:26:05.828566,2025-12-26 11:00:25.600291,,중랑구,1동,서초구,2동,경조사,2648,9.1,휠체어 탑승형 대형,신장장애
2025-02-14 10:01:02,2025-02-14 10:11:02,2025-02-14 11:25:50.241071,2025-02-14 11:27:42.231410,2025-02-14 11:39:06.549085,,강서구,1동,금천구,2동,직업훈련,1500,3.2,일반 세단형,시각장애 1급
2025-10-10 10:25:57,2025-10-10 12:04:57,2025-10-10 10:55:24.697738,2025-10-10 11:03:04.077790,2025-10-10 11:39:26.562999,,양천구,3동,용산구,2동,직업훈련,3005,11.5,일반 세단형,뇌병변장애 1급
2025-04-08 16:00:04,2025-04-08 16:45:04,2025-04-08 16:33:10.677256,2025-04-08 16:36:38.043974,2025-04-08 17:12:41.743378,,서대문구,3동,금천구,1동,복지관 이용,2956,10.8,일반 세단형,뇌병변장애 1급
2025-08-23 15:36:23,2025-08-23 17:38:23,2025-08-23 15:45:15.503640,2025-08-23 15:52:05.853954,2025-08-23 16:28:48.133156,,강남구,2동,종로구,1동,직업훈련,2942,10.6,기타 차량,국가유공자(상이)
2025-04-24 14:10:10,2025-04-24 15:38:10,2025-04-24 14:50:41.009545,2025-04-24 15:02:11.850074,2025-04-24 15:12:05.224139,,노원구,1동,양천구,2동,직업훈련,1500,2.7,휠체어 탑승형 대형,지체장애 1급
2025-07-17 09:13:32,2025-07-17 11:33:32,2025-07-17 09:14:53.793379,2025-07-17 09:15:53.793379,2025-07-17 09:34:21.524729,,강동구,3동,중구,2동,복지관 이용,1948,6.6,휠체어 탑승형 중형,지체장애 1급
2025-12-30 15:32:57,2025-12-30 16:19:57,,,,2025-12-30 16:02:57,광진구,3동,강서구,1동,출퇴근,2676,9.2,휠체어 탑승형 중형,신장장애
2025-01-24 00:32:12,2025-01-24 02:48:12,2025-01-24 00:33:12,2025-01-24 00:46:14.032399,2025-01-24 01:08:12.656713,,노원구,3동,은평구,1동,복지관 이용,2564,8.8,휠체어 탑승형 중형,지체장애 1급
2025-02-03 09:48:40,2025-02-03 10:30:40,2025-02-03 09:58:46.896146,,,2025-02-03 10:00:46.896146,종로구,2동,도봉구,3동,복지관 이용,1612,5.4,기타 차량,신장장애
2025-03-01 11:08:46,2025-03-01 12:04:46,2025-03-01 11:25:40.046476,2025-03-01 11:27:34.916078,2025-03-01 12:40:18.375043,,용산구,2동,강동구,3동,학교 등하교,3586,19.8,일반 세단형,지체장애 1급
2025-05-11 09:53:05,2025-05-11 12:35:05,2025-05-11 10:02:07.451887,2025-05-11 10:06:55.349646,2025-05-11 10:14:26.725462,,송파구,3동,노원구,2동,병원 진료,1500,3.1,휠체어 탑승형 대형,지체장애 1급
2025-05-03 17:02:16,2025-05-03 19:47:16,2025-05-03 17:10:07.805235,2025-05-03 17:22:36.722162,2025-05-03 17:43:05.129426,,영등포구,1동,강동구,3동,학교 등하교,2004,6.8,기타 차량,뇌병변장애 2급
2025-12-20 13:21:50,2025-12-20 15:34:50,2025-12-20 14:45:00.297590,2025-12-20 14:46:00.297590,2025-12-20 15:37:15.175750,,강동구,3동,강남구,1동,주간보호센터,3586,19.8,일반 세단형,신장장애
2025-10-21 05:03:40,2025-10-21 05:14:40,2025-10-21 05:16:46.074472,2025-10-21 05:21:39.303430,2025-10-21 06:26:34.365605,,강남구,3동,도봉구,2동,주간보호센터,3383,16.9,휠체어 탑승형 중형,지체장애 1급
2025-10-30 11:07:21,2025-10-30 12:45:21,2025-10-30 11:08:21,2025-10-30 11:11:30.622260,2025-10-30 12:03:59.971208,,중랑구,1동,종로구,1동,학교 등하교,3523,18.9,휠체어 탑승형 중형,시각장애 1급
2025-07-29 06:40:03,2025-07-29 08:02:03,2025-07-29 06:55:33.224888,2025-07-29 07:10:58.572922,2025-07-29 07:29:36.372789,,성동구,1동,종로구,2동,경조사,2256,7.7,휠체어 탑승형 대형,국가유공자(상이)
2025-02-09 16:17:11,2025-02-09 18:54:11,2025-02-09 16:46:27.491611,2025-02-09 17:06:20.039090,2025-02-09 17:18:39.940732,,노원구,2동,관악구,3동,경조사,1500,4.3,기타 차량,뇌병변장애 1급
2025-08-10 00:27:55,2025-08-10 01:41:55,2025-08-10 00:58:01.789543,2025-08-10 01:03:49.927505,2025-08-10 01:08:58.300085,,강서구,2동,서초구,3동,기타,1500,1.8,기타 차량,지체장애 1급
2025-10-10 15:46:54,2025-10-10 16:22:54,,,,2025-10-10 16:10:54,중랑구,3동,관악구,2동,기타,2200,7.5,일반 세단형,시각장애 1급
2025-12-16 14:11:41,2025-12-16 15:51:41,2025-12-16 14:15:12.891076,2025-12-16 14:21:43.876615,2025-12-16 15:11:58.495089,,동대문구,3동,송파구,2동,학교 등하교,3110,13.0,기타 차량,지체장애 2급
2025-12-10 19:14:13,2025-12-10 22:03:13,,,,2025-12-10 19:43:13,종로구,3동,성북구,1동,경조사,1500,3.3,일반 세단형,국가유공자(상이)
2025-08-22 09:20:58,2025-08-22 12:14:58,2025-08-22 10:02:19.413647,2025-08-22 10:04:15.111226,2025-08-22 11:08:26.430357,,,1동,관악구,2동,병원 진료,3446,17.8,기타 차량,국가유공자(상이)
2025-06-01 08:04:03,2025-06-01 09:55:03,2025-06-01 08:35:49.655876,2025-06-01 08:38:47.385118,2025-06-01 08:42:20.711733,,강동구,2동,노원구,1동,관공서 방문,1500,1.4,기타 차량,신장장애
2025-11-08 11:14:23,2025-11-08 12:31:23,2025-11-08 11:26:54.336348,,,2025-11-08 11:27:54.336348,영등포구,1동,성동구,3동,주간보호센터,1892,6.4,일반 세단형,지체장애 2급
2025-06-01 19:26:46,2025-06-01 21:02:46,2025-06-01 19:34:58.087505,2025-06-01 19:56:08.210187,2025-06-01 19:59:08.210187,,관악구,1동,동작구,1동,여가 활동,1500,1.0,휠체어 탑승형 대형,지체장애 1급
2025-05-02 10:19:08,2025-05-02 12:44:08,2025-05-02 10:39:27.935261,2025-05-02 10:48:55.871132,2025-05-02 11:17:21.774169,,마포구,1동,중랑구,2동,기타,2900,10.0,휠체어 탑승형 중형,지체장애 1급
2025-07-05 07:24:06,2025-07-05 08:30:06,2025-07-05 07:47:19.331907,2025-07-05 08:02:06.937231,2025-07-05 08:32:07.584802,,마포구,1동,구로구,3동,학교 등하교,2284,7.8,휠체어 탑승형 중형,시각장애 1급
2025-08-23 09:05:14,2025-08-23 09:25:14,2025-08-23 09:12:24.730644,2025-08-23 09:46:50.061281,2025-08-23 10:02:57.115344,,은평구,3동,양천구,3동,병원 진료,1500,4.5,일반 세단형,시각장애 1급
2025-03-31 08:01:00,2025-03-31 10:04:00,2025-03-31 08:10:59.834692,2025-03-31 08:46:31.138814,2025-03-31 09:28:58.939801,,구로구,1동,광진구,1동,출퇴근,3397,17.1,기타 차량,뇌병변장애 1급
2025-06-29 21:11:56,2025-06-29 22:12:56,2025-06-29 21:49:47.561239,2025-06-29 21:53:49.952995,2025-06-29 22:59:07.242959,,동작구,3동,동작구,1동,주간보호센터,3369,16.7,휠체어 탑승형 중형,뇌병변장애 1급
2025-06-25 04:53:41,2025-06-25 05:57:41,2025-06-25 05:36:20.043283,2025-06-25 05:40:25.539426,2025-06-25 06:12:20.957604,,은평구,2동,영등포구,1동,학교 등하교,2942,10.6,일반 세단형,뇌병변장애 1급
2025-07-20 14:00:21,2025-07-20 16:25:21,2025-07-20 14:47:11.035230,2025-07-20 14:49:20.735833,2025-07-20 16:02:14.230484,,용산구,3동,양천구,2동,재활 치료,3670,21.0,일반 세단형,국가유공자(상이)
2025-12-21 12:08:53,2025-12-21 12:22:53,,,,2025-12-21 12:12:53,마포구,2동,송파구,3동,병원 진료,1500,4.9,일반 세단형,신장장애
2025-09-23 14:18:32,2025-09-23 16:37:32,2025-09-23 14:24:00.581507,2025-09-23 14:25:00.581507,2025-09-23 14:58:46.865406,,동대문구,3동,은평구,2동,주간보호센터,3061,12.3,휠체어 탑승형 대형,시각장애 1급
2025-04-02 19:33:49,2025-04-02 20:40:49,2025-04-02 19:47:18.916128,2025-04-02 19:53:24.679357,2025-04-02 20:06:52.167507,,관악구,1동,부산 해운대구,1동,재활 치료,1500,4.1,휠체어 탑승형 중형,지체장애 2급
2025-12-21 07:10:08,2025-12-21 09:10:08,,,,2025-12-21 07:27:08,관악구,3동,영등포구,2동,관공서 방문,1500,3.1,기타 차량,뇌병변장애 1급
2025-12-02 18:25:25,2025-12-02 20:33:25,,,,2025-12-02 18:41:25,은평구,1동,종로구,3동,주간보호센터,1920,6.5,휠체어 탑승형 중형,신장장애
2025-09-22 18:08:45,2025-09-22 20:55:45,2025-09-22 18:09:45,,,2025-09-22 18:12:45,동대문구,1동,강서구,2동,직업훈련,2648,9.1,기타 차량,뇌병변장애 1급
2025-03-14 17:33:50,2025-03-14 19:31:50,,,,2025-03-14 17:43:50,중랑구,3동,강서구,1동,출퇴근,1808,6.1,일반 세단형,신장장애
2025-10-23 07:59:53,2025-10-23 10:00:53,2025-10-23 08:10:51.590719,2025-10-23 08:14:33.332148,2025-10-23 08:23:10.855093,,용산구,3동,중구,1동,재활 치료,1500,3.4,휠체어 탑승형 대형,시각장애 1급
2025-04-15 13:37:43,2025-04-15 15:31:43,2025-04-15 13:42:42.185880,2025-04-15 13:44:39.944527,2025-04-15 13:47:39.944527,,강서구,3동,송파구,1동,복지관 이용,1500,1.1,일반 세단형,시각장애 1급
2025-10-26 12:00:55,2025-10-26 14:30:55,2025-10-26 12:52:13.508472,2025-10-26 13:00:57.537716,2025-10-26 13:11:26.693229,,동작구,3동,금천구,1동,재활 치료,1500,3.8,휠체어 탑승형 대형,뇌병변장애 1급
2025-11-12 10:54:19,2025-11-12 11:44:19,2025-11-12 10:57:29.971260,2025-11-12 11:28:28.199310,2025-11-12 11:39:04.712243,,영등포구,3동,동대문구,3동,복지관 이용,1500,2.8,일반 세단형,신장장애
2025-06-14 07:43:12,2025-06-14 10:17:12,2025-06-14 07:55:00.313816,2025-06-14 07:57:45.376616,2025-06-14 08:21:28.505694,,성북구,3동,양천구,2동,직업훈련,2732,9.4,일반 세단형,국가유공자(상이)
2025-03-03 17:54:54,2025-03-03 19:14:54,2025-03-03 18:01:05.961841,2025-03-03 18:26:56.638474,2025-03-03 19:06:07.062816,,강북구,3동,서초구,1동,재활 치료,3292,15.6,기타 차량,국가유공자(상이)
2025-07-16 19:58:59,2025-07-16 22:56:59,2025-07-16 20:44:34.536003,2025-07-16 21:02:34.106858,2025-07-16 21:36:50.352691,,관악구,2동,광진구,2동,복지관 이용,2949,10.7,휠체어 탑승형 중형,뇌병변장애 2급
2025-07-13 07:19:15,2025-07-13 10:02:15,2025-07-13 07:27:50.464693,2025-07-13 07:33:26.680507,2025-07-13 07:45:45.314890,,노원구,3동,종로구,3동,출퇴근,1500,3.9,휠체어 탑승형 대형,뇌병변장애 2급
2025-08-03 09:09:03,2025-08-03 11:50:03,2025-08-03 09:16:03.998375,,,2025-08-03 09:34:03.998375,구로구,2동,강북구,1동,관공서 방문,1500,3.2,휠체어 탑승형 대형,뇌병변장애 2급
2025-09-04 02:52:45,2025-09-04 03:21:45,2025-09-04 03:14:03.992314,,,2025-09-04 03:20:03.992314,강남구,2동,양천구,2동,경조사,2935,10.5,휠체어 탑승형 중형,국가유공자(상이)
2025-01-23 20:06:13,2025-01-23 20:56:13,2025-01-23 20:19:45.757980,2025-01-23 20:35:57.260306,2025-01-23 20:49:58.139618,,노원구,3동,금천구,3동,경조사,1640,5.5,휠체어 탑승형 대형,뇌병변장애 2급
2025-01-08 13:48:31,2025-01-08 14:53:31,2025-01-08 14:00:21.223723,2025-01-08 14:27:02.595993,2025-01-08 14:45:59.408845,,송파구,3동,종로구,3동,경조사,1976,6.7,휠체어 탑승형 중형,뇌병변장애 1급
2025-05-19 16:07:43,2025-05-19 17:11:43,,,,2025-05-19 16:13:43,영등포구,2동,성북구,3동,여가 활동,1584,5.3,기타 차량,지체장애 2급
2025-06-15 17:34:41,2025-06-15 19:07:41,2025-06-15 17:47:24.558052,2025-06-15 17:54:17.385302,2025-06-15 19:14:35.908847,,송파구,2동,영등포구,1동,직업훈련,4153,27.9,일반 세단형,시각장애 1급
2025-08-23 08:35:51,2025-08-23 09:29:51,2025-08-23 08:41:26.913325,2025-08-23 08:48:28.829482,2025-08-23 09:19:26.793496,,구로구,1동,영등포구,3동,직업훈련,2984,11.2,휠체어 탑승형 중형,뇌병변장애 1급
2025-01-25 11:08:15,2025-01-25 13:13:15,2025-01-25 11:16:40.349469,2025-01-25 11:30:40.020900,2025-01-25 12:19:26.315919,,도봉구,1동,동대문구,1동,출퇴근,3096,12.8,일반 세단형,뇌병변장애 1급
2025-07-10 19:37:55,2025-07-10 20:45:55,2025-07-10 20:00:46.091670,2025-07-10 20:04:29.254539,2025-07-10 20:32:29.195107,,강동구,3동,구로구,1동,복지관 이용,2480,8.5,휠체어 탑승형 중형,지체장애 2급
2025-03-11 09:32:31,2025-03-11 10:48:31,2025-03-11 09:39:34.299730,,,2025-03-11 09:41:34.299730,동대문구,1동,관악구,2동,여가 활동,1500,2.9,기타 차량,지체장애 2급
2025-01-18 03:04:51,2025-01-18 06:01:51,2025-01-18 03:16:04.816606,,,2025-01-18 03:33:04.816606,서대문구,3동,은평구,2동,관공서 방문,3572,19.6,일반 세단형,신장장애
2025-07-09 17:37:22,2025-07-09 18:25:22,2025-07-09 17:47:35.391909,2025-07-09 17:54:51.452044,2025-07-09 18:39:26.769823,,강남구,2동,중랑구,2동,주간보호센터,3026,11.8,기타 차량,뇌병변장애 2급
2025-11-28 12:03:13,2025-11-28 12:36:13,2025-11-28 12:17:10.578444,2025-11-28 12:20:28.611083,2025-11-28 12:31:44.646018,,은평구,2동,도봉구,1동,경조사,1500,3.7,기타 차량,시각장애 1급
2025-05-11 11:03:32,2025-05-11 13:00:32,2025-05-11 11:24:15.419395,2025-05-11 11:55:14.231905,2025-05-11 12:04:30.365901,,서대문구,1동,도봉구,1동,직업훈련,1500,3.7,일반 세단형,뇌병변장애 1급
2025-09-09 07:09:43,2025-09-09 09:07:43,2025-09-09 07:11:17.970775,2025-09-09 07:51:46.278601,2025-09-09 08:54:53.265194,,용산구,3동,용산구,3동,주간보호센터,3852,23.6,기타 차량,뇌병변장애 1급
2025-10-23 09:11:41,2025-10-23 11:46:41,2025-10-23 09:28:55.217455,2025-10-23 09:36:34.569358,2025-10-23 09:42:35.597144,,강남구,1동,광진구,3동,학교 등하교,1500,2.1,휠체어 탑승형 대형,뇌병변장애 1급
2025-08-25 04:13:59,2025-08-25 05:16:59,2025-08-25 04:30:46.817081,2025-08-25 04:35:20.097469,2025-08-25 04:56:53.815588,,송파구,2동,광진구,2동,직업훈련,2396,8.2,일반 세단형,지체장애 1급
2025-04-06 16:48:15,2025-04-06 18:58:15,2025-04-06 16:59:47.854660,2025-04-06 17:04:44.640019,2025-04-06 17:17:09.501853,,마포구,1동,성북구,3동,학교 등하교,1500,5.0,휠체어 탑승형 대형,신장장애
2025-02-17 12:04:40,2025-02-17 13:59:40,2025-02-17 12:11:46.022200,2025-02-17 12:12:46.022200,2025-02-17 13:08:26.844605,,용산구,3동,종로구,2동,병원 진료,3250,15.0,휠체어 탑승형 중형,지체장애 2급
2025-01-09 12:10:19,2025-01-09 13:00:19,2025-01-09 12:47:50.096479,2025-01-09 13:09:02.299848,2025-01-09 13:27:19.359524,,송파구,2동,구로구,1동,관공서 방문,1948,6.6,기타 차량,뇌병변장애 2급
2025-05-25 15:41:10,2025-05-25 16:14:10,2025-05-25 15:42:22.568939,2025-05-25 15:44:00.636210,2025-05-25 16:13:35.350957,,강동구,2동,도봉구,1동,주간보호센터,2172,7.4,기타 차량,신장장애
2025-05-20 14:27:16,2025-05-20 15:35:16,2025-05-20 14:36:00.151320,2025-05-20 14:56:39.752642,2025-05-20 15:12:14.868241,,관악구,3동,영등포구,2동,병원 진료,1640,5.5,기타 차량,뇌병변장애 1급
2025-06-06 12:13:56,2025-06-06 13:13:56,2025-06-06 12:19:26.960883,2025-06-06 12:21:26.779115,2025-06-06 13:03:06.335817,,송파구,3동,영등포구,2동,직업훈련,2970,11.0,기타 차량,국가유공자(상이)
2025-06-22 10:19:31,2025-06-22 11:19:31,2025-06-22 10:42:44.876893,2025-06-22 10:46:35.004521,2025-06-22 11:05:26.446275,,송파구,1동,용산구,3동,학교 등하교,2200,7.5,휠체어 탑승형 중형,시각장애 1급
2025-05-14 09:00:33,2025-05-14 10:38:33,2025-05-14 09:01:33,2025-05-14 09:02:33,2025-05-14 09:17:43.389072,,양천구,1동,관악구,1동,여가 활동,1500,4.3,휠체어 탑승형 대형,뇌병변장애 2급
2025-12-09 13:03:05,2025-12-09 15:32:05,2025-12-09 13:07:48.233349,2025-12-09 13:10:54.799124,2025-12-09 13:30:40.625312,,노원구,3동,서대문구,2동,여가 활동,2396,8.2,휠체어 탑승형 중형,신장장애
2025-11-02 16:29:03,2025-11-02 18:10:03,2025-11-02 16:30:53.972620,2025-11-02 16:44:22.286742,2025-11-02 16:58:25.886586,,광진구,1동,서초구,2동,경조사,1500,3.7,기타 차량,지체장애 2급
2025-04-15 08:16:30,2025-04-15 09:44:30,2025-04-15 08:34:18.365469,2025-04-15 08:40:23.083950,2025-04-15 10:07:31.380403,,도봉구,2동,도봉구,1동,직업훈련,4125,27.5,일반 세단형,뇌병변장애 2급
2025-02-24 20:26:42,2025-02-24 22:36:42,2025-02-24 20:41:14.950372,2025-02-24 20:43:16.469429,2025-02-24 21:05:44.027625,,송파구,1동,종로구,2동,학교 등하교,1780,6.0,휠체어 탑승형 중형,신장장애
2025-03-01 07:10:58,2025-03-01 07:59:58,2025-03-01 07:20:02.508856,2025-03-01 07:21:12.400448,2025-03-01 07:34:13.001224,,종로구,3동,용산구,3동,경조사,1612,5.4,일반 세단형,뇌병변장애 1급
2025-04-21 06:10:17,2025-04-21 06:26:17,2025-04-21 06:13:45.935062,2025-04-21 06:23:14.141690,2025-04-21 06:37:09.384743,,서초구,2동,서대문구,1동,주간보호센터,1500,4.4,기타 차량,뇌병변장애 1급
2025-03-13 08:46:42,2025-03-13 09:10:42,2025-03-13 09:09:27.637128,2025-03-13 09:17:26.812367,2025-03-13 09:48:36.252821,,성동구,1동,송파구,3동,관공서 방문,2949,10.7,기타 차량,지체장애 1급
2025-01-25 09:17:59,2025-01-25 11:51:59,2025-01-25 09:40:16.799063,2025-01-25 09:56:09.730059,2025-01-25 10:28:11.795263,,노원구,1동,영등포구,2동,직업훈련,3124,13.2,일반 세단형,지체장애 2급
2025-10-23 05:58:30,2025-10-23 06:42:30,2025-10-23 06:21:49.610378,,,2025-10-23 06:27:49.610378,광진구,1동,영등포구,3동,여가 활동,2508,8.6,휠체어 탑승형 중형,신장장애
2025-11-19 17:14:08,2025-11-19 19:54:08,2025-11-19 17:28:24.000465,2025-11-19 17:29:24.000465,2025-11-19 18:04:40.963456,,구로구,1동,동작구,1동,기타,3152,13.6,휠체어 탑승형 대형,시각장애 1급
2025-06-01 10:28:48,2025-06-01 11:12:48,2025-06-01 10:29:48,2025-06-01 10:44:35.207496,2025-06-01 11:47:43.952294,,동대문구,1동,중랑구,1동,복지관 이용,3418,17.4,휠체어 탑승형 중형,지체장애 2급
2025-11-07 13:04:47,2025-11-07 14:22:47,2025-11-07 13:08:25.859770,2025-11-07 13:09:25.859770,2025-11-07 13:47:40.687192,,성동구,3동,동작구,2동,경조사,3271,15.3,휠체어 탑승형 대형,시각장애 1급
2025-09-10 12:48:37,2025-09-10 15:06:37,2025-09-10 13:07:48.299974,2025-09-10 13:13:06.816447,2025-09-10 13:36:04.306489,,종로구,1동,중구,2동,직업훈련,2004,6.8,일반 세단형,뇌병변장애 1급
2025-08-04 14:13:15,2025-08-04 17:13:15,2025-08-04 14:29:05.706709,2025-08-04 14:31:42.350411,2025-08-04 15:49:45.041650,,서초구,2동,중랑구,2동,출퇴근,3621,20.3,기타 차량,뇌병변장애 2급
2025-03-12 06:52:56,2025-03-12 07:09:56,2025-03-12 07:03:40.616571,,,2025-03-12 07:16:40.616571,동작구,1동,은평구,2동,재활 치료,2004,6.8,휠체어 탑승형 중형,지체장애 2급
2025-04-26 20:30:48,2025-04-26 20:41:48,2025-04-26 20:43:55.579362,2025-04-26 20:53:10.347778,2025-04-26 21:23:53.137314,,강서구,1동,강서구,2동,관공서 방문,2928,10.4,일반 세단형,신장장애
2025-09-09 10:32:48,2025-09-09 12:53:48,2025-09-09 11:15:14.640965,2025-09-09 11:18:13.639110,2025-09-09 11:45:36.361185,,성북구,2동,강서구,1동,복지관 이용,2942,10.6,기타 차량,뇌병변장애 2급
2025-08-01 21:38:09,2025-08-01 23:07:09,2025-08-01 21:43:23.892060,2025-08-01 21:53:17.772005,2025-08-01 22:11:22.432777,,성북구,3동,성동구,1동,여가 활동,1920,6.5,일반 세단형,뇌병변장애 1급
2025-01-19 16:36:35,2025-01-19 17:38:35,2025-01-19 16:43:18.746640,2025-01-19 16:44:30.510529,2025-01-19 17:31:46.677253,,강남구,2동,구로구,3동,직업훈련,3089,12.7,휠체어 탑승형 중형,지체장애 2급
2025-09-02 16:47:59,2025-09-02 17:10:59,2025-09-02 17:24:35.693110,2025-09-02 17:57:23.660913,2025-09-02 18:10:40.033807,,송파구,1동,노원구,1동,학교 등하교,1500,3.8,휠체어 탑승형 중형,뇌병변장애 1급
2025-03-15 17:31:32,2025-03-15 18:36:32,2025-03-15 17:35:35.592379,2025-03-15 17:38:13.339258,2025-03-15 18:07:40.030009,,서초구,2동,서울특별시 강남구,2동,여가 활동,2228,7.6,기타 차량,지체장애 2급
2025-02-27 04:08:15,2025-02-27 04:20:15,2025-02-27 04:24:29.313371,2025-02-27 04:46:53.988881,2025-02-27 04:56:40.052182,,성북구,3동,노원구,2동,복지관 이용,1500,3.6,기타 차량,지체장애 1급
2025-04-21 10:45:05,2025-04-21 11:19:05,2025-04-21 11:39:11.622068,2025-04-21 11:41:21.004207,2025-04-21 11:45:03.226549,,관악구,2동,영등포구,1동,재활 치료,1500,1.4,일반 세단형,지체장애 1급
2025-05-12 10:35:19,2025-05-12 13:25:19,2025-05-12 10:49:22.453573,2025-05-12 10:56:45.651979,2025-05-12 11:20:34.460762,,양천구,2동,동작구,1동,출퇴근,1920,6.5,일반 세단형,지체장애 2급
2025-08-14 18:32:57,2025-08-14 21:04:57,2025-08-14 18:33:57,2025-08-14 18:38:12.644242,2025-08-14 19:02:02.411087,,광진구,1동,관악구,3동,기타,2200,7.5,일반 세단형,뇌병변장애 1급
2025-01-09 17:10:18,2025-01-09 17:41:18,2025-01-09 17:15:12.703541,2025-01-09 17:18:04.149182,2025-01-09 17:37:29.370669,,도봉구,3동,마포구,2동,경조사,1668,5.6,휠체어 탑승형 대형,시각장애 1급
2025-04-28 14:51:41,2025-04-28 15:28:41,2025-04-28 15:08:30.756081,2025-04-28 15:10:00.644460,2025-04-28 15:48:25.760784,,경기 성남시,2동,은평구,3동,복지관 이용,2942,10.6,일반 세단형,지체장애 1급
2025-05-05 12:03:26,2025-05-05 12:30:26,2025-05-05 12:23:11.516370,2025-05-05 12:33:07.322272,2025-05-05 12:49:56.423438,,은평구,3동,중구,3동,복지관 이용,1584,5.3,휠체어 탑승형 중형,지체장애 2급
2025-12-11 09:45:51,2025-12-11 09:59:51,,,,2025-12-11 10:06:51,강동구,3동,서대문구,3동,관공서 방문,3047,12.1,휠체어 탑승형 중형,지체장애 1급
2025-04-21 14:24:27,2025-04-21 16:25:27,2025-04-21 15:03:00.117889,2025-04-21 15:04:00.117889,2025-04-21 15:44:22.525224,,양천구,3동,관악구,1동,관공서 방문,3068,12.4,일반 세단형,국가유공자(상이)
2025-09-16 17:12:30,2025-09-16 19:53:30,2025-09-16 17:26:43.775711,2025-09-16 17:42:28.838953,2025-09-16 18:05:24.446460,,종로구,1동,강서구,1동,여가 활동,1864,6.3,휠체어 탑승형 중형,지체장애 2급
2025-06-23 14:19:21,2025-06-23 15:02:21,2025-06-23 14:20:45.545420,,,2025-06-23 14:35:45.545420,구로구,1동,은평구,2동,재활 치료,2816,9.7,기타 차량,시각장애 1급
2025-12-18 07:55:09,2025-12-18 09:20:09,2025-12-18 08:10:08.421108,2025-12-18 08:11:46.450415,2025-12-18 08:39:28.696379,,송파구,2동,용산구,1동,병원 진료,2760,9.5,일반 세단형,뇌병변장애 2급
2025-08-29 10:48:34,2025-08-29 11:47:34,2025-08-29 11:09:05.191952,,,2025-08-29 11:14:05.191952,성북구,3동,중랑구,2동,주간보호센터,1780,6.0,일반 세단형,지체장애 1급
2025-02-24 21:50:13,2025-02-24 22:26:13,2025-02-24 21:51:13,2025-02-24 21:52:13,2025-02-24 22:26:04.096563,,종로구,3동,서대문구,3동,여가 활동,2872,9.9,휠체어 탑승형 대형,시각장애 1급
2025-08-21 13:29:32,2025-08-21 15:34:32,2025-08-21 13:47:09.740336,2025-08-21 13:52:31.288728,2025-08-21 14:10:23.493477,,영등포구,2동,종로구,2동,기타,1696,5.7,휠체어 탑승형 중형,뇌병변장애 2급
2025-01-05 16:43:33,2025-01-05 19:06:33,2025-01-05 17:22:17.042901,2025-01-05 17:23:17.042901,2025-01-05 17:40:50.748353,,중랑구,2동,중구,3동,기타,1836,6.2,일반 세단형,시각장애 1급
2025-07-25 23:42:41,2025-07-26 01:24:41,2025-07-26 00:14:40.551977,2025-07-26 00:19:13.408152,2025-07-26 01:05:37.499638,,성동구,2동,강북구,2동,직업훈련,3054,12.2,기타 차량,지체장애 2급
2025-10-01 19:59:33,2025-10-01 22:11:33,2025-10-01 20:18:26.327387,2025-10-01 20:20:25.314931,2025-10-01 20:40:53.545448,,영등포구,1동,강서구,1동,여가 활동,1836,6.2,휠체어 탑승형 중형,지체장애 1급
2025-12-25 16:16:34,2025-12-25 17:03:34,2025-12-25 16:29:41.801537,2025-12-25 16:37:19.514168,2025-12-25 16:54:19.813026,,노원구,1동,성동구,3동,관공서 방문,2060,7.0,일반 세단형,지체장애 2급
2025-06-18 07:58:30,2025-06-18 08:29:30,2025-06-18 08:16:49.925723,2025-06-18 08:23:05.901749,2025-06-18 09:19:29.456825,,구로구,3동,노원구,3동,주간보호센터,3187,14.1,휠체어 탑승형 대형,뇌병변장애 2급
2025-05-10 15:04:47,2025-05-10 17:04:47,2025-05-10 16:48:26.236733,2025-05-10 16:53:22.123980,2025-05-10 17:02:35.535402,,종로구,1동,노원구,3동,출퇴근,1500,2.8,일반 세단형,뇌병변장애 1급
2025-11-22 12:46:53,2025-11-22 14:22:53,2025-11-22 12:51:46.640229,2025-11-22 12:55:08.300737,2025-11-22 13:53:42.759490,,양천구,3동,강동구,3동,학교 등하교,3250,15.0,기타 차량,뇌병변장애 1급
2025-02-21 18:44:25,2025-02-21 19:18:25,2025-02-21 18:55:58.343313,2025-02-21 19:09:56.300350,2025-02-21 19:48:35.719684,,은평구,1동,마포구,2동,경조사,2900,10.0,일반 세단형,지체장애 1급
2025-12-13 09:15:02,2025-12-13 11:01:02,2025-12-13 09:31:47.520040,2025-12-13 09:39:27.539836,2025-12-13 10:03:51.400359,,중랑구,1동,성동구,1동,관공서 방문,2704,9.3,일반 세단형,국가유공자(상이)
2025-07-23 20:38:49,2025-07-23 22:43:49,2025-07-23 21:47:08.446666,2025-07-23 21:49:07.797798,2025-07-23 22:31:07.468675,,관악구,1동,양천구,2동,재활 치료,3061,12.3,일반 세단형,시각장애 1급
2025-11-28 17:02:11,2025-11-28 19:31:11,2025-11-28 17:29:26.440829,2025-11-28 17:36:21.106950,2025-11-28 17:58:38.162788,,성북구,1동,금천구,3동,학교 등하교,2284,7.8,휠체어 탑승형 대형,뇌병변장애 1급
2025-05-16 09:12:20,2025-05-16 10:27:20,2025-05-16 09:17:19.427580,2025-05-16 09:39:13.424228,2025-05-16 09:47:06.844171,,서대문구,1동,노원구,3동,관공서 방문,1500,2.8,휠체어 탑승형 중형,시각장애 1급
2025-12-13 11:05:03,2025-12-13 12:34:03,2025-12-13 11:27:09.961331,2025-12-13 11:42:15.976905,2025-12-13 12:06:14.756815,,금천구,1동,동작구,3동,기타,2508,8.6,휠체어 탑승형 대형,시각장애 1급
2025-11-28 14:59:13,2025-11-28 15:34:13,2025-11-28 15:06:53.919151,2025-11-28 15:08:15.534993,2025-11-28 15:29:07.978955,,서초구,2동,노원구,1동,직업훈련,2004,6.8,휠체어 탑승형 대형,시각장애 1급
2025-02-05 02:26:48,2025-02-05 04:36:48,2025-02-05 02:32:21.836814,2025-02-05 02:33:48.967238,2025-02-05 03:31:32.401923,,종로구,1동,구로구,3동,재활 치료,3726,21.8,일반 세단형,뇌병변장애 1급
2025-02-19 09:34:05,2025-02-19 12:30:05,2025-02-19 09:36:34.217841,2025-02-19 09:56:18.172698,2025-02-19 10:42:35.555457,,서초구,2동,관악구,2동,주간보호센터,3348,16.4,기타 차량,시각장애 1급
2025-01-02 16:25:08,2025-01-02 19:18:08,2025-01-02 16:26:26.374470,2025-01-02 16:28:49.543118,2025-01-02 16:45:49.822979,,은평구,2동,강북구,1동,재활 치료,2060,7.0,기타 차량,지체장애 2급
2025-10-04 09:12:50,2025-10-04 09:34:50,2025-10-04 09:19:34.129679,2025-10-04 09:25:04.507829,2025-10-04 09:51:45.594560,,강동구,2동,도봉구,3동,병원 진료,2907,10.1,휠체어 탑승형 대형,뇌병변장애 2급
2025-05-26 14:13:43,2025-05-26 16:23:43,2025-05-26 14:21:30.583967,2025-05-26 14:22:30.583967,2025-05-26 14:30:35.816519,,광진구,3동,용산구,2동,재활 치료,1500,2.9,휠체어 탑승형 중형,지체장애 2급
2025-06-18 09:26:03,2025-06-18 11:35:03,2025-06-18 09:30:49.806024,2025-06-18 09:32:51.148774,2025-06-18 09:54:41.477542,,용산구,2동,강동구,1동,경조사,1640,5.5,기타 차량,지체장애 2급
2025-07-19 14:20:23,2025-07-19 15:04:23,2025-07-19 14:24:17.851202,2025-07-19 14:25:20.424906,2025-07-19 14:51:33.702016,,영등포구,2동,세종시,1동,경조사,2956,10.8,일반 세단형,국가유공자(상이)
2025-01-04 08:27:09,2025-01-04 11:27:09,2025-01-04 08:51:21.852574,2025-01-04 09:03:16.620257,2025-01-04 09:20:51.099646,,노원구,2동,양천구,3동,직업훈련,2004,6.8,기타 차량,신장장애
2025-04-01 15:28:47,2025-04-01 17:56:47,2025-04-01 15:35:08.220695,2025-04-01 15:42:59.179868,2025-04-01 16:05:11.893142,,노원구,1동,중랑구,3동,학교 등하교,2116,7.2,일반 세단형,뇌병변장애 2급
2025-09-08 16:53:19,2025-09-08 17:48:19,,,,2025-09-08 17:17:19,영등포구,3동,성동구,1동,경조사,2256,7.7,휠체어 탑승형 중형,신장장애
2025-11-13 13:15:39,2025-11-13 14:25:39,,,,2025-11-13 13:45:39,영등포구,2동,노원구,2동,재활 치료,3243,14.9,일반 세단형,뇌병변장애 2급
2025-11-28 15:35:43,2025-11-28 18:02:43,2025-11-28 16:16:37.492257,2025-11-28 16:17:49.811078,2025-11-28 16:49:17.972216,,도봉구,3동,동작구,2동,기타,2760,9.5,휠체어 탑승형 대형,시각장애 1급
2025-06-08 15:18:14,2025-06-08 16:56:14,2025-06-08 15:22:26.857280,2025-06-08 15:23:26.857280,2025-06-08 15:55:43.762716,,도봉구,2동,종로구,1동,주간보호센터,3082,12.6,기타 차량,지체장애 1급
2025-05-17 12:46:55,2025-05-17 15:39:55,2025-05-17 12:56:53.147121,2025-05-17 13:04:37.797262,2025-05-17 13:33:14.564438,,동작구,3동,서대문구,3동,병원 진료,2788,9.6,휠체어 탑승형 대형,신장장애
2025-05-01 17:09:51,2025-05-01 18:03:51,2025-05-01 18:10:47.698392,2025-05-01 18:27:10.770744,2025-05-01 19:05:08.710716,,동작구,1동,광진구,1동,기타,2900,10.0,휠체어 탑승형 중형,지체장애 2급
2025-02-09 11:00:20,2025-02-09 13:10:20,,,,2025-02-09 11:16:20,노원구,3동,서초구,2동,기타,1500,3.7,휠체어 탑승형 중형,뇌병변장애 2급
2025-09-24 23:56:34,2025-09-25 02:22:34,2025-09-25 00:12:26.106696,2025-09-25 00:18:43.850797,2025-09-25 00:37:39.024633,,종로구,3동,강남구,3동,병원 진료,1640,5.5,기타 차량,신장장애
2025-06-12 06:08:08,2025-06-12 07:12:08,2025-06-12 06:13:33.582202,2025-06-12 06:14:33.582202,2025-06-12 06:38:32.680165,,강북구,2동,성북구,2동,복지관 이용,2368,8.1,휠체어 탑승형 대형,뇌병변장애 2급
2025-03-14 14:55:50,2025-03-14 17:12:50,2025-03-14 15:08:47.014050,2025-03-14 15:18:58.117137,2025-03-14 15:32:06.754106,,중랑구,2동,동대문구,1동,학교 등하교,1500,4.1,기타 차량,지체장애 1급
2025-06-11 13:19:19,2025-06-11 15:20:19,2025-06-11 13:35:21.708682,,,2025-06-11 13:52:21.708682,강북구,2동,용산구,3동,복지관 이용,3173,13.9,기타 차량,국가유공자(상이)
2025-06-13 17:00:06,2025-06-13 18:48:06,2025-06-13 17:40:10.787504,2025-06-13 17:44:56.820982,2025-06-13 18:12:15.927378,,중랑구,2동,은평구,3동,출퇴근,2788,9.6,휠체어 탑승형 대형,시각장애 1급
2025-02-20 05:11:07,2025-02-20 06:34:07,2025-02-20 05:13:05.858391,2025-02-20 05:17:25.956785,2025-02-20 05:32:55.754025,,성동구,2동,성동구,2동,여가 활동,1752,5.9,일반 세단형,지체장애 2급
2025-12-15 08:47:38,2025-12-15 11:03:38,2025-12-15 08:48:38,2025-12-15 08:50:15.202521,2025-12-15 08:55:49.986178,,중구,2동,성북구,3동,병원 진료,1500,2.0,기타 차량,뇌병변장애 2급
2025-06-17 13:59:30,2025-06-17 14:43:30,2025-06-17 14:11:47.425048,2025-06-17 14:12:47.425048,2025-06-17 14:22:28.647968,,금천구,2동,동대문구,3동,출퇴근,1500,3.4,일반 세단형,국가유공자(상이)
2025-06-08 23:23:54,2025-06-08 23:39:54,2025-06-08 23:26:22.204933,2025-06-08 23:29:09.853125,2025-06-08 23:49:27.326387,,서울 강남구,2동,구로구,1동,기타,1724,5.8,기타 차량,신장장애
2025-08-17 01:20:54,2025-08-17 03:41:54,2025-08-17 01:39:09.167477,2025-08-17 01:57:43.411811,2025-08-17 02:16:52.044301,,구로구,2동,은평구,2동,복지관 이용,2060,7.0,일반 세단형,지체장애 2급
2025-05-14 23:31:22,2025-05-14 23:46:22,2025-05-14 23:48:16.839095,2025-05-15 00:01:55.534195,2025-05-15 00:41:28.234137,,중랑구,2동,마포구,3동,주간보호센터,2970,11.0,휠체어 탑승형 중형,지체장애 2급
2025-04-21 10:13:19,2025-04-21 10:24:19,2025-04-21 10:29:20.446626,2025-04-21 10:34:03.845456,2025-04-21 10:54:30.539097,,광진구,2동,도봉구,2동,학교 등하교,2088,7.1,기타 차량,뇌병변장애 2급
2025-11-20 14:24:51,2025-11-20 15:44:51,2025-11-20 14:31:05.740856,2025-11-20 14:41:26.152941,2025-11-20 15:11:31.995333,,중구,3동,서대문구,1동,재활 치료,2564,8.8,휠체어 탑승형 중형,지체장애 2급
2025-07-10 13:44:07,2025-07-10 15:55:07,2025-07-10 14:07:56.168438,2025-07-10 14:14:36.731649,2025-07-10 14:42:00.591791,,동대문구,1동,성동구,3동,학교 등하교,2942,10.6,휠체어 탑승형 중형,뇌병변장애 1급
2025-10-09 05:01:39,2025-10-09 06:28:39,2025-10-09 05:02:56.449647,2025-10-09 05:05:25.930183,2025-10-09 05:45:15.568956,,구로구,2동,중구,2동,복지관 이용,2956,10.8,일반 세단형,국가유공자(상이)
2025-12-17 13:40:03,2025-12-17 14:30:03,2025-12-18 17:40:03,2025-12-17 14:27:46.600046,2025-12-17 14:53:12.673189,,성북구,1동,용산구,1동,복지관 이용,2060,7.0,휠체어 탑승형 대형,뇌병변장애 2급
2025-12-19 20:48:19,2025-12-19 21:06:19,2025-12-19 21:24:17.190049,2025-12-19 21:37:13.246066,2025-12-19 21:53:20.012536,,성동구,2동,강서구,1동,출퇴근,1752,5.9,일반 세단형,신장장애
2025-12-05 16:26:31,2025-12-05 16:49:31,2025-12-05 16:27:31,2025-12-05 16:40:59.026215,2025-12-05 16:52:04.801398,,도봉구,2동,관악구,2동,경조사,1500,3.3,일반 세단형,뇌병변장애 1급
2025-03-06 08:01:08,2025-03-06 09:52:08,2025-03-06 08:23:17.957955,,,2025-03-06 08:26:17.957955,중구,2동,노원구,3동,재활 치료,1696,5.7,휠체어 탑승형 중형,지체장애 2급
2025-03-16 11:38:13,2025-03-16 13:06:13,2025-03-16 11:42:44.992606,2025-03-16 11:48:17.726200,2025-03-16 12:35:41.349833,,성북구,2동,동작구,1동,복지관 이용,3166,13.8,일반 세단형,지체장애 1급
2025-02-21 10:51:01,2025-02-21 12:42:01,,,,2025-02-21 10:57:01,성동구,1동,서대문구,1동,기타,1500,4.0,기타 차량,시각장애 1급
2025-07-08 08:42:32,2025-07-08 09:18:32,2025-07-08 08:45:38.830633,2025-07-08 09:01:41.283244,2025-07-08 09:24:26.712191,,강동구,2동,도봉구,1동,재활 치료,1836,6.2,휠체어 탑승형 대형,뇌병변장애 2급
2025-04-19 13:32:27,2025-04-19 15:57:27,2025-04-19 13:44:40.247760,2025-04-19 13:48:02.841698,2025-04-19 14:32:00.470324,,노원구,1동,강동구,1동,재활 치료,3110,13.0,휠체어 탑승형 중형,시각장애 1급
2025-04-18 05:01:37,2025-04-18 05:12:37,2025-04-18 05:07:01.618938,2025-04-18 05:08:01.618938,2025-04-18 06:01:13.990560,,금천구,1동,은평구,1동,병원 진료,3621,20.3,휠체어 탑승형 대형,뇌병변장애 1급
2025-09-25 13:51:58,2025-09-25 14:13:58,2025-09-25 14:08:30.897577,2025-09-25 14:13:31.406664,2025-09-25 14:47:41.054434,,중구,3동,은평구,1동,재활 치료,2991,11.3,기타 차량,국가유공자(상이)
2025-12-21 14:30:23,2025-12-21 16:15:23,2025-12-21 14:32:45.518655,2025-12-21 14:41:08.967367,2025-12-21 14:55:00.445482,,용산구,3동,노원구,1동,관공서 방문,1584,5.3,휠체어 탑승형 대형,국가유공자(상이)
2025-03-08 17:16:50,2025-03-08 18:06:50,2025-03-08 17:20:02.373962,2025-03-08 17:25:02.437300,2025-03-08 17:35:30.046379,,송파구,3동,영등포구,2동,직업훈련,1500,3.9,일반 세단형,시각장애 1급
2025-07-05 16:45:08,2025-07-05 17:08:08,2025-07-05 17:20:48.818747,2025-07-05 17:29:25.360297,2025-07-05 17:47:26.435006,,노원구,1동,영등포구,2동,경조사,2172,7.4,일반 세단형,지체장애 2급
2025-05-01 17:14:14,2025-05-01 17:45:14,2025-05-01 17:23:50.480451,2025-05-01 17:32:16.157259,2025-05-01 18:02:18.867242,,강동구,2동,강남구,3동,직업훈련,2648,9.1,기타 차량,뇌병변장애 2급
2025-01-02 05:14:43,2025-01-02 05:37:43,2025-01-02 05:19:41.098361,2025-01-02 05:31:53.166711,2025-01-02 05:51:59.328833,,중구,1동,강북구,2동,재활 치료,1920,6.5,일반 세단형,뇌병변장애 2급
2025-06-16 09:43:37,2025-06-16 12:28:37,2025-06-16 09:55:31.606335,2025-06-16 10:19:05.726080,2025-06-16 11:03:23.239453,,금천구,2동,영등포구,1동,여가 활동,3285,15.5,기타 차량,시각장애 1급
2025-04-12 10:56:31,2025-04-12 12:26:31,2025-04-12 11:15:39.021366,2025-04-12 11:16:39.021366,2025-04-12 11:36:08.461891,,서울 서초구,1동,성동구,3동,직업훈련,1976,6.7,휠체어 탑승형 중형,뇌병변장애 1급
2025-02-06 09:10:17,2025-02-06 11:28:17,2025-02-06 10:32:21.953908,2025-02-06 10:48:54.357895,2025-02-06 11:30:00.941050,,강북구,1동,서초구,1동,재활 치료,3208,14.4,휠체어 탑승형 중형,뇌병변장애 2급
2025-06-01 19:26:57,2025-06-01 20:40:57,2025-06-01 20:00:15.103253,2025-06-01 20:09:18.737700,2025-06-01 20:38:05.579252,,성동구,1동,관악구,3동,학교 등하교,2928,10.4,휠체어 탑승형 대형,지체장애 1급
2025-01-10 12:47:54,2025-01-10 14:34:54,2025-01-10 12:53:40.999422,2025-01-10 12:54:40.999422,2025-01-10 13:56:21.490314,,중구,1동,강동구,3동,출퇴근,3369,16.7,휠체어 탑승형 중형,지체장애 2급
2025-10-15 05:34:11,2025-10-15 07:37:11,2025-10-15 05:39:30.574051,2025-10-15 05:40:30.574051,2025-10-15 06:10:24.686686,,광진구,1동,성동구,3동,재활 치료,2648,9.1,휠체어 탑승형 중형,신장장애
2025-02-01 10:30:06,2025-02-01 11:59:06,2025-02-01 10:54:16.814054,2025-02-01 10:55:16.814054,2025-02-01 10:58:54.344846,,종로구,1동,성동구,2동,복지관 이용,1500,1.4,휠체어 탑승형 대형,시각장애 1급
2025-07-22 07:00:24,2025-07-22 09:56:24,2025-07-22 07:07:23.867027,2025-07-22 07:17:52.863329,2025-07-22 07:44:27.137663,,용산구,3동,동대문구,2동,재활 치료,2284,7.8,휠체어 탑승형 중형,뇌병변장애 2급
2025-07-28 12:33:01,2025-07-28 13:28:01,2025-07-28 12:58:11.630949,2025-07-28 13:18:35.832849,2025-07-28 13:56:11.349626,,종로구,1동,동대문구,3동,복지관 이용,3145,13.5,휠체어 탑승형 대형,국가유공자(상이)
2025-05-16 20:19:28,2025-05-16 23:07:28,2025-05-16 20:33:03.508174,2025-05-16 20:37:48.524232,2025-05-16 21:05:53.829932,,성북구,3동,서초구,3동,주간보호센터,2900,10.0,휠체어 탑승형 중형,지체장애 1급
2025-02-25 16:47:03,2025-02-25 17:47:03,2025-02-25 16:48:57.254336,2025-02-25 17:14:29.362154,2025-02-25 17:32:09.899627,,중구,3동,동작구,2동,학교 등하교,1528,5.1,휠체어 탑승형 중형,시각장애 1급
2025-08-07 08:01:38,2025-08-07 08:45:38,2025-08-07 08:12:51.414982,2025-08-07 08:17:27.031344,2025-08-07 08:22:15.228299,,동작구,2동,금천구,2동,복지관 이용,1500,2.0,기타 차량,지체장애 2급
2025-09-13 21:52:24,2025-09-13 23:46:24,2025-09-13 22:01:05.815262,2025-09-13 22:06:26.648472,2025-09-13 23:38:05.684317,,구로구,3동,성동구,3동,복지관 이용,3922,24.6,일반 세단형,뇌병변장애 1급
2025-07-17 20:59:37,2025-07-17 23:41:37,2025-07-17 21:00:37,2025-07-17 21:02:22.856088,2025-07-17 21:34:08.028624,,노원구,2동,은평구,1동,경조사,2844,9.8,일반 세단형,신장장애
2025-06-26 13:03:30,2025-06-26 14:55:30,2025-06-26 13:32:56.115569,2025-06-26 13:44:59.927357,2025-06-26 14:08:43.697675,,용산구,3동,양천구,1동,학교 등하교,2424,8.3,기타 차량,지체장애 2급
2025-03-21 03:57:58,2025-03-21 04:55:58,2025-03-21 04:28:03.715180,2025-03-21 04:29:48.842083,2025-03-21 04:39:56.110624,,노원구,2동,금천구,3동,출퇴근,1500,3.4,일반 세단형,신장장애
2025-03-17 09:47:03,2025-03-17 10:59:03,2025-03-17 10:04:17.553857,2025-03-17 10:05:46.983969,2025-03-17 10:35:53.194194,,중구,3동,동작구,3동,관공서 방문,2928,10.4,기타 차량,신장장애
2025-12-22 07:58:23,2025-12-22 09:19:23,2025-12-22 08:11:31.324471,2025-12-22 08:17:59.640483,2025-12-22 09:05:11.866754,,마포구,3동,영등포구,3동,출퇴근,3404,17.2,휠체어 탑승형 중형,지체장애 1급
2025-09-07 00:44:45,2025-09-07 03:01:45,2025-09-07 00:46:18.747476,2025-09-07 01:02:54.305543,2025-09-07 01:16:39.552277,,도봉구,2동,강동구,2동,경조사,1556,5.2,일반 세단형,뇌병변장애 2급
2025-08-23 14:30:48,2025-08-23 16:17:48,2025-08-23 14:36:33.918051,2025-08-23 14:43:19.344615,2025-08-23 15:07:00.063401,,강서구,3동,관악구,1동,재활 치료,2228,7.6,휠체어 탑승형 중형,지체장애 1급
2025-02-19 13:09:16,2025-02-19 14:00:16,,,,2025-02-19 13:14:16,중랑구,3동,용산구,1동,경조사,1500,4.0,휠체어 탑승형 대형,신장장애
2025-12-14 15:59:20,2025-12-14 17:21:20,2025-12-14 16:09:49.757997,2025-12-14 16:11:08.814998,2025-12-14 16:22:45.927069,,성동구,2동,성동구,1동,여가 활동,1500,3.5,휠체어 탑승형 대형,시각장애 1급
2025-07-25 08:12:18,2025-07-25 10:52:18,2025-07-25 08:21:39.098168,2025-07-25 08:30:23.499845,2025-07-25 09:09:35.438911,,광진구,1동,세종시,1동,주간보호센터,3194,14.2,기타 차량,뇌병변장애 1급
2025-06-02 15:42:23,2025-06-02 16:10:23,2025-06-02 16:02:28.707413,2025-06-02 16:04:46.968788,2025-06-02 16:30:09.375250,,강남구,1동,서초구,1동,출퇴근,2788,9.6,휠체어 탑승형 중형,신장장애
2025-12-20 06:24:56,2025-12-20 07:16:56,2025-12-20 06:30:56.328536,2025-12-20 06:32:47.173577,2025-12-20 07:12:10.080155,,영등포구,3동,양천구,2동,경조사,3033,11.9,일반 세단형,국가유공자(상이)
2025-10-12 10:22:51,2025-10-12 12:56:51,2025-10-12 10:29:42.845240,2025-10-12 10:33:56.784058,2025-10-12 10:41:33.272094,,도봉구,3동,강동구,1동,경조사,1500,2.7,일반 세단형,신장장애
2025-09-28 14:30:35,2025-09-28 15:13:35,2025-09-28 15:43:42.117989,2025-09-28 15:46:11.105726,2025-09-28 15:55:25.156515,,강동구,3동,관악구,2동,병원 진료,1500,3.1,일반 세단형,뇌병변장애 1급
2025-08-06 09:44:31,2025-08-06 12:27:31,2025-08-06 09:55:26.480215,2025-08-06 10:02:41.234944,2025-08-06 10:19:37.530568,,구로구,1동,송파구,3동,관공서 방문,1724,5.8,일반 세단형,국가유공자(상이)
2025-12-17 04:56:14,2025-12-17 06:55:14,2025-12-17 05:04:41.499355,2025-12-17 05:16:03.722706,2025-12-17 05:27:02.210041,,강서구,1동,도봉구,2동,직업훈련,1500,3.5,기타 차량,뇌병변장애 2급
2025-05-20 16:18:10,2025-05-20 16:28:10,,,,2025-05-20 16:21:10,강동구,1동,구로구,3동,관공서 방문,3243,14.9,일반 세단형,지체장애 2급
2025-06-23 15:41:37,2025-06-23 17:02:37,2025-06-23 15:46:42.011276,2025-06-23 15:48:18.716202,2025-06-23 16:08:29.403251,,서초구,1동,구로구,2동,병원 진료,2340,8.0,휠체어 탑승형 대형,지체장애 2급
2025-05-19 17:41:49,2025-05-19 19:16:49,2025-05-19 17:55:00.363113,2025-05-19 18:04:11.114170,2025-05-19 18:20:16.171682,,은평구,2동,광진구,2동,학교 등하교,1808,6.1,휠체어 탑승형 중형,국가유공자(상이)
2025-03-14 15:07:38,2025-03-14 15:21:38,2025-03-14 15:11:01.962826,2025-03-14 15:14:27.261078,2025-03-14 15:29:52.702272,,용산구,2동,도봉구,3동,기타,1612,5.4,휠체어 탑승형 중형,지체장애 2급
2025-10-09 16:59:50,2025-10-09 19:46:50,2025-10-09 17:04:30.173730,2025-10-09 17:15:59.515134,2025-10-09 17:26:41.192749,,종로구,3동,영등포구,2동,학교 등하교,1500,3.6,일반 세단형,지체장애 2급
2025-09-26 13:36:05,2025-09-26 15:08:05,2025-09-26 13:47:35.020653,2025-09-26 14:08:20.727186,2025-09-26 14:33:02.913034,,영등포구,1동,성북구,3동,관공서 방문,1864,6.3,일반 세단형,지체장애 1급
2025-12-09 17:46:23,2025-12-09 18:11:23,2025-12-09 17:54:08.011834,2025-12-09 17:55:28.502908,2025-12-09 18:20:51.338251,,서초구,3동,금천구,2동,복지관 이용,2200,7.5,기타 차량,시각장애 1급
2025-03-06 13:19:29,2025-03-06 14:16:29,2025-03-06 14:37:34.416786,2025-03-06 15:10:29.030841,2025-03-06 15:59:21.732082,,용산구,2동,도봉구,3동,출퇴근,3523,18.9,휠체어 탑승형 중형,지체장애 2급
2025-09-01 00:08:37,2025-09-01 02:22:37,2025-09-01 00:40:46.855905,2025-09-01 00:44:37.651849,2025-09-01 01:10:41.074783,,마포구,2동,금천구,1동,학교 등하교,2816,9.7,기타 차량,지체장애 2급
2025-07-21 09:26:57,2025-07-21 10:35:57,2025-07-21 09:41:31.736759,2025-07-21 09:49:02.807594,2025-07-21 10:04:09.416473,,노원구,1동,중구,2동,학교 등하교,1500,4.0,휠체어 탑승형 대형,뇌병변장애 2급
2025-11-15 07:58:47,2025-11-15 10:29:47,2025-11-15 08:10:00.322963,2025-11-15 08:35:27.840381,2025-11-15 08:49:40.213531,,영등포구,2동,중구,3동,주간보호센터,1668,5.6,일반 세단형,국가유공자(상이)
2025-06-15 16:31:45,2025-06-15 19:20:45,2025-06-15 16:35:00.561281,2025-06-15 17:11:20.016146,2025-06-15 17:46:46.599160,,서초,2동,동대문구,2동,재활 치료,3047,12.1,휠체어 탑승형 중형,뇌병변장애 1급
2025-10-17 10:01:20,2025-10-17 10:47:20,2025-10-17 10:10:12.416934,2025-10-17 10:46:48.225860,2025-10-17 10:52:22.686118,,강북구,3동,송파구,1동,학교 등하교,1500,1.5,휠체어 탑승형 중형,국가유공자(상이)
2025-03-24 05:24:10,2025-03-24 08:11:10,2025-03-24 05:27:42.402407,2025-03-24 05:36:02.991541,2025-03-24 05:54:24.101049,,강북구,3동,은평구,2동,직업훈련,1780,6.0,휠체어 탑승형 대형,뇌병변장애 1급
2025-06-17 12:20:42,2025-06-17 14:23:42,2025-06-17 12:21:42,,,2025-06-17 12:38:42,도봉구,3동,강남구,3동,여가 활동,3054,12.2,기타 차량,뇌병변장애 1급
2025-03-18 16:09:22,2025-03-18 16:54:22,2025-03-18 16:22:00.656221,2025-03-18 16:23:03.308552,2025-03-18 16:34:55.627866,,마포구,3동,성동구,1동,직업훈련,1500,4.7,휠체어 탑승형 중형,뇌병변장애 2급
2025-08-14 18:26:23,2025-08-14 19:22:23,2025-08-14 18:34:32.996062,2025-08-14 18:50:06.809891,2025-08-14 19:18:41.551069,,영등포구,1동,동대문구,1동,관공서 방문,2907,10.1,휠체어 탑승형 대형,신장장애
2025-01-06 16:34:38,2025-01-06 18:06:38,2025-01-06 17:30:16.913817,2025-01-06 17:43:45.154270,2025-01-06 18:19:51.428419,,관악구,2동,양천구,2동,주간보호센터,3145,13.5,일반 세단형,국가유공자(상이)
2025-11-06 15:44:59,2025-11-06 18:12:59,2025-11-06 15:53:34.864425,2025-11-06 16:03:11.666145,2025-11-06 16:35:53.458749,,송파구,2동,양천구,3동,병원 진료,2452,8.4,일반 세단형,국가유공자(상이)
2025-07-28 07:23:43,2025-07-28 08:32:43,2025-07-28 07:39:57.434576,2025-07-28 07:41:48.658667,2025-07-28 08:01:20.607275,,중구,3동,양천구,2동,기타,2032,6.9,일반 세단형,지체장애 1급
2025-12-27 08:13:12,2025-12-27 08:58:12,2025-12-27 08:26:01.033221,2025-12-27 08:27:01.033221,2025-12-27 08:43:27.783830,,도봉구,1동,노원구,2동,주간보호센터,1976,6.7,일반 세단형,지체장애 1급
2025-01-13 09:34:18,2025-01-13 10:13:18,2025-01-13 09:43:18.007396,2025-01-13 09:46:02.390879,2025-01-13 10:16:34.894756,,광진구,2동,양천구,3동,관공서 방문,2928,10.4,휠체어 탑승형 대형,시각장애 1급
2025-06-29 11:59:55,2025-06-29 12:27:55,2025-06-29 12:03:47.326449,2025-06-29 12:12:03.053752,2025-06-29 12:34:01.884210,,광진구,1동,서울 서초구,3동,직업훈련,2648,9.1,일반 세단형,지체장애 2급
2025-02-18 23:42:03,2025-02-19 00:50:03,2025-02-18 23:52:56.402528,2025-02-18 23:53:56.402528,2025-02-19 00:09:15.742045,,강서구,2동,동대문구,1동,관공서 방문,1612,5.4,기타 차량,국가유공자(상이)
2025-11-19 11:02:01,2025-11-19 12:11:01,2025-11-19 11:18:18.516720,2025-11-19 11:31:39.818274,2025-11-19 12:14:17.261681,,중구,3동,강서구,1동,관공서 방문,3348,16.4,기타 차량,뇌병변장애 1급
2025-08-01 19:22:36,2025-08-01 20:08:36,2025-08-01 19:38:19.230150,2025-08-01 19:41:42.621840,2025-08-01 19:48:06.323732,,용산구,2동,노원구,3동,학교 등하교,1500,2.3,휠체어 탑승형 대형,뇌병변장애 1급
2025-08-10 11:02:08,2025-08-10 11:41:08,2025-08-10 11:50:13.389173,2025-08-10 12:30:54.170929,2025-08-10 13:00:12.092073,,금천구,3동,동대문구,1동,경조사,2760,9.5,기타 차량,뇌병변장애 1급
2025-05-25 07:15:44,2025-05-25 10:10:44,2025-05-25 07:55:25.179160,2025-05-25 07:56:43.563805,2025-05-25 08:09:21.811132,,광진구,2동,송파구,2동,직업훈련,1500,3.8,휠체어 탑승형 중형,뇌병변장애 2급
2025-07-19 15:25:36,2025-07-19 16:51:36,2025-07-19 15:36:41.274227,2025-07-19 15:48:05.010505,2025-07-19 16:29:52.799680,,송파구,2동,도봉구,3동,재활 치료,3257,15.1,휠체어 탑승형 중형,국가유공자(상이)
2025-03-18 19:28:51,2025-03-18 22:04:51,2025-03-18 19:35:28.262390,2025-03-18 19:36:28.262390,2025-03-18 20:02:05.734326,,관악구,2동,동대문구,1동,관공서 방문,2760,9.5,휠체어 탑승형 대형,지체장애 2급
2025-03-02 11:22:41,2025-03-02 11:54:41,2025-03-02 11:32:24.840577,2025-03-02 11:45:19.379650,2025-03-02 11:57:39.973531,,송파구,3동,송파구,2동,기타,1500,4.1,휠체어 탑승형 중형,신장장애
2025-08-15 11:42:41,2025-08-15 12:26:41,2025-08-15 12:04:50.038442,2025-08-15 12:08:28.428784,2025-08-15 12:20:31.126812,,마포구,3동,관악구,3동,병원 진료,1500,3.7,일반 세단형,신장장애
2025-11-05 10:48:54,2025-11-05 11:52:54,2025-11-05 11:15:04.151707,2025-11-05 11:16:04.921199,2025-11-05 11:33:32.517276,,서초구,3동,용산구,3동,기타,1920,6.5,기타 차량,신장장애
2025-11-07 18:53:19,2025-11-07 20:36:19,2025-11-07 18:59:17.450162,2025-11-07 19:21:31.735060,2025-11-07 19:48:17.877259,,관악구,2동,금천구,3동,직업훈련,2200,7.5,일반 세단형,신장장애
2025-07-09 17:49:35,2025-07-09 20:07:35,2025-07-09 18:11:37.063240,2025-07-09 18:15:42.772540,2025-07-09 18:33:42.177717,,강서구,1동,동작구,1동,주간보호센터,1500,4.6,휠체어 탑승형 중형,뇌병변장애 1급
2025-11-08 08:38:11,2025-11-08 10:49:11,2025-11-08 08:39:11,2025-11-08 08:45:20.313074,2025-11-08 09:40:46.983859,,동작구,3동,마포구,1동,직업훈련,3481,18.3,기타 차량,시각장애 1급
2025-01-07 05:10:49,2025-01-07 07:27:49,2025-01-07 05:20:58.281467,2025-01-07 05:26:20.513789,2025-01-07 06:02:38.193072,,중구,2동,강서구,3동,병원 진료,3208,14.4,기타 차량,시각장애 1급
2025-11-19 08:13:24,2025-11-19 08:48:24,2025-11-19 08:38:02.024476,2025-11-19 08:39:02.024476,2025-11-19 09:10:11.849398,,은평구,3동,서대문구,2동,복지관 이용,3061,12.3,휠체어 탑승형 대형,지체장애 1급
2025-07-10 20:17:52,2025-07-10 21:20:52,2025-07-10 20:23:59.287175,2025-07-10 20:24:59.287175,2025-07-10 20:38:00.689559,,강동구,2동,동작구,1동,재활 치료,1500,4.7,일반 세단형,지체장애 1급
2025-01-26 17:50:48,2025-01-26 20:16:48,2025-01-26 18:04:09.814296,2025-01-26 18:08:54.512852,2025-01-26 18:36:16.830889,,노원구,3동,강서구,3동,직업훈련,2172,7.4,휠체어 탑승형 대형,시각장애 1급
2025-08-01 09:57:40,2025-08-01 12:38:40,2025-08-01 11:02:30.074007,2025-08-01 11:08:18.073317,2025-08-01 11:15:39.974006,,금천구,3동,은평구,3동,경조사,1500,3.0,휠체어 탑승형 대형,뇌병변장애 2급
2025-11-19 20:09:22,2025-11-19 22:11:22,2025-11-19 20:21:48.416658,2025-11-19 20:22:57.017562,2025-11-19 20:34:00.799919,,도봉구,1동,구로구,2동,직업훈련,1500,3.6,기타 차량,지체장애 1급
2025-05-31 11:21:43,2025-05-31 13:53:43,2025-05-31 11:25:36.088401,2025-05-31 11:56:41.327182,2025-05-31 12:20:54.122292,,영등포구,3동,용산구,3동,재활 치료,2116,7.2,일반 세단형,지체장애 1급
2025-12-26 06:00:11,2025-12-26 07:23:11,2025-12-26 06:11:01.398182,2025-12-26 06:29:33.546498,2025-12-26 06:34:35.427692,,구로구,1동,구로구,1동,기타,1500,1.3,기타 차량,지체장애 2급
2025-01-10 10:38:55,2025-01-10 12:17:55,2025-01-10 10:40:26.150499,2025-01-10 10:44:28.652384,2025-01-10 12:12:44.755895,,종로구,1동,노원구,2동,여가 활동,4209,28.7,휠체어 탑승형 중형,지체장애 2급
2025-02-04 09:09:16,2025-02-04 09:57:16,2025-02-04 09:10:16,,,2025-02-04 09:27:16,구로구,3동,은평구,3동,직업훈련,1500,3.1,일반 세단형,뇌병변장애 1급
2025-12-16 16:44:36,2025-12-16 17:10:36,2025-12-16 16:45:36,2025-12-16 16:54:48.940847,2025-12-16 17:18:03.800060,,광진구,2동,노원구,3동,직업훈련,2396,8.2,휠체어 탑승형 대형,뇌병변장애 1급
2025-04-07 10:55:14,2025-04-07 12:53:14,2025-04-07 11:00:56.995964,2025-04-07 11:08:28.658328,2025-04-07 11:40:00.002414,,금천구,1동,강남구,1동,병원 진료,2704,9.3,휠체어 탑승형 대형,뇌병변장애 2급
2025-08-04 13:19:11,2025-08-04 14:10:11,2025-08-04 13:26:29.558899,2025-08-04 13:56:14.652488,2025-08-04 14:20:16.412416,,용산구,2동,마포구,2동,재활 치료,1920,6.5,일반 세단형,지체장애 1급
2025-05-18 01:36:20,2025-05-18 03:34:20,2025-05-18 01:47:53.264251,2025-05-18 01:55:49.854731,2025-05-18 02:09:49.766778,,금천구,3동,구로구,1동,재활 치료,1640,5.5,기타 차량,국가유공자(상이)
2025-08-01 13:33:09,2025-08-01 16:13:09,2025-08-01 13:46:32.322837,2025-08-01 13:47:32.322837,2025-08-01 14:39:43.629574,,서초구,3동,서대문구,1동,주간보호센터,3418,17.4,일반 세단형,신장장애
2025-04-04 20:11:21,2025-04-04 22:10:21,2025-04-04 20:21:10.771634,2025-04-04 20:34:45.691544,2025-04-04 21:08:47.649420,,마포구,2동,관악구,3동,주간보호센터,2760,9.5,일반 세단형,국가유공자(상이)
2025-03-17 04:25:54,2025-03-17 05:50:54,2025-03-17 04:35:21.162536,2025-03-17 04:39:24.758214,2025-03-17 05:03:24.508771,,도봉구,3동,성북구,2동,출퇴근,2200,7.5,휠체어 탑승형 대형,뇌병변장애 2급
2025-09-28 14:33:34,2025-09-28 17:09:34,2025-09-28 15:20:27.165573,2025-09-28 15:30:07.241002,2025-09-28 16:01:14.152088,,영등포구,2동,송파구,1동,주간보호센터,2998,11.4,휠체어 탑승형 중형,신장장애
2025-02-21 21:18:25,2025-02-21 22:50:25,2025-02-21 21:50:08.275720,2025-02-21 21:53:52.478373,2025-02-21 22:06:11.467745,,구로구,3동,도봉구,3동,관공서 방문,1500,4.8,기타 차량,지체장애 2급
2025-03-21 09:10:12,2025-03-21 10:48:12,2025-03-21 09:20:54.104319,2025-03-21 09:22:31.550522,2025-03-21 09:53:55.323901,,강서구,3동,노원구,2동,복지관 이용,3103,12.9,휠체어 탑승형 대형,지체장애 2급
2025-05-04 17:23:46,2025-05-04 17:35:46,,,,2025-05-04 17:30:46,강동구,2동,송파구,1동,관공서 방문,1500,2.6,휠체어 탑승형 중형,신장장애
2025-07-26 17:34:31,2025-07-26 19:24:31,2025-07-26 17:38:12.544241,2025-07-26 17:45:49.776500,2025-07-26 18:14:20.927900,,구로구,3동,강동구,1동,관공서 방문,2200,7.5,휠체어 탑승형 중형,시각장애 1급
2025-06-25 18:06:11,2025-06-25 20:28:11,2025-06-25 18:13:31.362416,2025-06-25 18:17:29.324542,2025-06-25 18:21:27.019367,,동작구,3동,동작구,1동,병원 진료,1500,1.1,일반 세단형,지체장애 1급
2025-08-21 09:11:59,2025-08-21 09:32:59,2025-08-21 09:22:38.566682,2025-08-21 09:30:54.575654,2025-08-21 09:45:50.228595,,금천구,1동,동대문구,3동,복지관 이용,1780,6.0,기타 차량,지체장애 2급
2025-06-23 13:00:43,2025-06-23 15:52:43,2025-06-23 13:04:53.886966,2025-06-23 13:11:30.974748,2025-06-23 13:39:11.353675,,강북구,2동,송파구,2동,직업훈련,2060,7.0,일반 세단형,뇌병변장애 2급
2025-12-22 22:30:51,2025-12-23 01:27:51,2025-12-22 22:53:32.338127,2025-12-22 22:59:08.488139,2025-12-22 23:32:17.303530,,은평구,3동,양천구,3동,여가 활동,2984,11.2,휠체어 탑승형 대형,신장장애
2025-12-12 11:13:59,2025-12-12 12:54:59,2025-12-12 11:29:56.681927,2025-12-12 11:38:39.444682,2025-12-12 11:53:06.552282,,영등포구,1동,마포구,1동,관공서 방문,1500,4.1,휠체어 탑승형 중형,신장장애
2025-09-25 08:52:41,2025-09-25 11:18:41,2025-09-25 08:53:41,2025-09-25 08:56:00.019461,2025-09-25 09:31:33.158973,,성북구,3동,광진구,1동,병원 진료,3159,13.7,기타 차량,시각장애 1급
2025-09-14 17:49:39,2025-09-14 19:56:39,2025-09-14 17:56:51.302719,2025-09-14 18:01:41.798216,2025-09-14 18:05:08.902009,,강동구,1동,마포구,1동,출퇴근,1500,1.4,휠체어 탑승형 중형,국가유공자(상이)
2025-03-10 15:42:12,2025-03-10 18:42:12,,,,2025-03-10 15:54:12,송파구,2동,양천구,1동,복지관 이용,2788,9.6,기타 차량,뇌병변장애 2급
2025-01-10 12:55:23,2025-01-10 13:28:23,2025-01-10 13:04:58.827702,2025-01-10 13:09:17.991909,2025-01-10 13:30:26.859447,,노원구,3동,동작구,1동,경조사,1640,5.5,기타 차량,지체장애 1급
2025-03-03 07:58:02,2025-03-03 10:41:02,2025-03-03 08:35:02.630227,2025-03-03 08:49:56.754057,2025-03-03 09:30:02.550858,,동대문구,2동,영등포구,3동,주간보호센터,3019,11.7,기타 차량,신장장애
2025-08-22 11:04:28,2025-08-22 12:46:28,2025-08-22 11:21:22.248839,2025-08-22 11:40:34.827327,2025-08-22 11:54:20.827450,,광진구,2동,강동구,1동,복지관 이용,1640,5.5,휠체어 탑승형 대형,신장장애
2025-09-27 10:39:47,2025-09-27 11:42:47,2025-09-27 10:52:12.681634,2025-09-27 11:07:07.225529,2025-09-27 11:22:01.965045,,양천구,3동,강북구,1동,여가 활동,1500,4.2,기타 차량,지체장애 2급
2025-06-16 09:08:15,2025-06-16 09:24:15,2025-06-16 09:45:21.911143,2025-06-16 09:46:22.425029,2025-06-16 10:01:39.768929,,노원구,2동,금천구,1동,경조사,1640,5.5,일반 세단형,국가유공자(상이)
2025-06-05 10:27:50,2025-06-05 10:41:50,2025-06-05 10:33:48.882925,2025-06-05 10:36:57.196569,2025-06-05 11:24:57.371426,,은평구,2동,관악구,1동,복지관 이용,3124,13.2,휠체어 탑승형 중형,지체장애 1급
2025-11-16 14:02:29,2025-11-16 14:17:29,2025-11-16 14:05:09.845182,2025-11-16 14:09:46.734309,2025-11-16 14:38:32.286028,,강남구,1동,마포구,2동,직업훈련,2620,9.0,휠체어 탑승형 대형,지체장애 2급
2025-09-11 16:05:53,2025-09-11 16:27:53,2025-09-11 16:31:40.543717,2025-09-11 16:33:24.578381,2025-09-11 17:19:01.640390,,서대문구,2동,구로구,2동,학교 등하교,3250,15.0,휠체어 탑승형 중형,신장장애
2025-03-07 19:31:43,2025-03-07 21:31:43,2025-03-07 19:32:43,2025-03-07 19:35:41.174960,2025-03-07 20:21:42.975385,,강남,3동,마포구,3동,재활 치료,3257,15.1,휠체어 탑승형 대형,국가유공자(상이)
2025-05-17 18:06:30,2025-05-17 19:23:30,2025-05-17 18:10:25.243590,2025-05-17 18:27:02.085997,2025-05-17 18:41:56.482582,,관악구,2동,은평구,3동,여가 활동,1696,5.7,일반 세단형,지체장애 1급
2025-01-31 16:37:39,2025-01-31 18:44:39,2025-01-31 16:44:08.022976,2025-01-31 16:51:42.479230,2025-01-31 17:22:00.983257,,관악구,2동,중구,1동,직업훈련,2907,10.1,휠체어 탑승형 대형,지체장애 2급
2025-03-12 08:27:17,2025-03-12 09:56:17,2025-03-12 08:47:18.792959,2025-03-12 08:48:18.792959,2025-03-12 09:05:17.964935,,성북구,3동,영등포구,1동,여가 활동,1500,4.7,기타 차량,지체장애 1급
2025-10-31 00:28:10,2025-10-31 02:17:10,2025-10-31 00:40:46.559161,2025-10-31 00:41:46.559161,2025-10-31 01:01:39.791203,,성동구,3동,성동구,2동,기타,2116,7.2,휠체어 탑승형 중형,뇌병변장애 2급
2025-03-03 06:08:07,2025-03-03 07:28:07,2025-03-03 06:55:40.568737,2025-03-03 07:07:21.427257,2025-03-03 07:25:54.824486,,중랑구,2동,동작구,1동,경조사,2032,6.9,휠체어 탑승형 대형,신장장애
2025-02-08 20:49:13,2025-02-08 23:25:13,2025-02-08 20:50:31.868875,,,2025-02-08 21:06:31.868875,노원구,2동,동작구,3동,출퇴근,2032,6.9,휠체어 탑승형 중형,뇌병변장애 2급
2025-05-05 05:37:02,2025-05-05 08:27:02,2025-05-05 05:46:25.804059,2025-05-05 05:51:07.166938,2025-05-05 06:30:56.123574,,관악구,2동,동작구,2동,경조사,2942,10.6,휠체어 탑승형 대형,국가유공자(상이)
2025-10-31 07:58:51,2025-10-31 08:21:51,2025-10-31 08:11:23.610181,2025-10-31 08:21:05.411950,2025-10-31 08:55:12.763074,,서울 서초구,1동,용산구,3동,재활 치료,2949,10.7,휠체어 탑승형 대형,시각장애 1급
2025-12-05 16:06:06,2025-12-05 16:16:06,2025-12-05 16:07:06,2025-12-05 16:15:04.633826,2025-12-05 16:32:34.759545,,성동구,1동,은평구,3동,경조사,2032,6.9,일반 세단형,지체장애 2급
2025-10-02 17:23:51,2025-10-02 19:04:51,,,,2025-10-02 17:46:51,노원구,1동,동작구,2동,주간보호센터,1752,5.9,일반 세단형,시각장애 1급
2025-10-02 16:46:22,2025-10-02 18:04:22,2025-10-02 17:05:38.421830,2025-10-02 17:08:03.320640,2025-10-02 17:45:45.342980,,양천구,2동,구로구,3동,복지관 이용,3222,14.6,휠체어 탑승형 대형,뇌병변장애 2급
2025-12-13 14:06:39,2025-12-13 14:35:39,2025-12-13 14:18:15.714707,2025-12-13 14:30:49.233244,2025-12-13 14:48:58.727042,,강동구,3동,종로구,1동,관공서 방문,1808,6.1,기타 차량,지체장애 1급
2025-07-08 13:27:27,2025-07-08 14:48:27,2025-07-08 13:36:57.972306,2025-07-08 13:51:10.786173,2025-07-08 14:28:03.216182,,용산구,1동,구로구,3동,복지관 이용,2921,10.3,휠체어 탑승형 대형,뇌병변장애 1급
2025-05-14 20:35:57,2025-05-14 21:17:57,2025-05-14 20:43:53.130798,,,2025-05-14 20:55:53.130798,마포구,3동,동작구,3동,병원 진료,1640,5.5,기타 차량,지체장애 2급
2025-11-24 10:39:06,2025-11-24 11:32:06,2025-11-24 11:03:29.018997,,,2025-11-24 11:15:29.018997,강남구,3동,관악구,1동,직업훈련,2256,7.7,기타 차량,지체장애 2급
2025-12-21 04:44:16,2025-12-21 07:28:16,2025-12-21 04:53:12.802977,2025-12-21 04:55:39.638975,2025-12-21 05:10:40.282365,,마포구,2동,성동구,1동,학교 등하교,1752,5.9,휠체어 탑승형 중형,뇌병변장애 1급
2025-06-01 18:16:47,2025-06-01 20:07:47,2025-06-01 18:36:25.972169,2025-06-01 18:37:38.603210,2025-06-01 18:53:30.495585,,종로구,3동,도봉구,2동,병원 진료,1668,5.6,기타 차량,시각장애 1급
2025-05-01 16:45:49,2025-05-01 18:35:49,2025-05-01 16:53:06.677102,2025-05-01 16:59:29.149809,2025-05-01 17:19:50.364987,,서초구,2동,관악구,2동,경조사,2396,8.2,일반 세단형,뇌병변장애 1급
2025-06-24 20:23:28,2025-06-24 21:44:28,2025-06-24 20:24:32.059856,2025-06-24 20:36:34.125753,2025-06-24 21:31:14.056678,,중랑구,3동,관악구,1동,출퇴근,3229,14.7,일반 세단형,신장장애
2025-01-31 18:17:28,2025-01-31 19:15:28,2025-01-31 19:26:38.673868,,,2025-01-31 19:28:38.673868,강북구,1동,강남구,2동,직업훈련,3320,16.0,휠체어 탑승형 대형,지체장애 2급
2025-11-18 09:23:07,2025-11-18 09:35:07,2025-11-18 09:45:10.122883,2025-11-18 09:46:10.122883,2025-11-18 09:53:43.156760,,강동구,1동,송파구,2동,복지관 이용,1500,2.5,기타 차량,지체장애 2급
2025-03-26 17:27:53,2025-03-26 19:32:53,2025-03-26 17:30:27.800581,2025-03-26 17:34:24.139965,2025-03-26 17:42:53.173074,,구로구,3동,양천구,3동,재활 치료,1500,3.2,휠체어 탑승형 대형,지체장애 2급
2025-09-14 11:03:42,2025-09-14 12:20:42,2025-09-14 11:22:41.958078,2025-09-14 11:33:38.790225,2025-09-14 12:07:30.394268,,도봉구,1동,중랑구,2동,병원 진료,3026,11.8,일반 세단형,국가유공자(상이)
2025-12-11 20:34:47,2025-12-11 23:23:47,2025-12-11 21:15:55.480625,2025-12-11 21:17:16.693717,2025-12-11 21:26:22.969693,,성동구,1동,영등포구,3동,경조사,1500,2.5,휠체어 탑승형 대형,신장장애
2025-05-28 09:08:57,2025-05-28 09:33:57,2025-05-28 09:41:36.512421,2025-05-28 09:45:36.113069,2025-05-28 09:58:22.250724,,마포구,3동,강서구,3동,학교 등하교,1500,4.6,휠체어 탑승형 중형,시각장애 1급
2025-03-10 20:40:31,2025-03-10 23:30:31,2025-03-10 21:31:13.786515,2025-03-10 21:33:54.110875,2025-03-10 21:41:19.526156,,서초구,2동,서초구,2동,기타,1500,2.4,일반 세단형,국가유공자(상이)
2025-04-08 16:58:02,2025-04-08 18:07:02,2025-04-08 17:56:14.959691,2025-04-08 17:58:06.648283,2025-04-08 18:32:20.746587,,용산구,1동,중구,3동,직업훈련,3019,11.7,휠체어 탑승형 대형,신장장애
2025-06-22 16:05:27,2025-06-22 17:36:27,2025-06-22 16:18:15.998779,2025-06-22 16:20:30.699057,2025-06-22 16:41:49.857020,,서대문구,3동,강남구,3동,학교 등하교,2452,8.4,휠체어 탑승형 대형,뇌병변장애 1급
2025-01-01 18:40:40,2025-01-01 19:37:40,2025-01-01 18:57:06.505218,2025-01-01 19:12:13.022230,2025-01-01 19:24:39.955767,,광진구,3동,영등포구,1동,직업훈련,1500,4.8,휠체어 탑승형 중형,지체장애 1급
2025-12-28 08:43:18,2025-12-28 11:12:18,2025-12-28 09:53:14.566688,2025-12-28 10:09:57.951723,2025-12-28 10:16:50.050707,,용산구,3동,금천구,2동,기타,1500,2.5,휠체어 탑승형 대형,뇌병변장애 2급
2025-02-01 12:58:09,2025-02-01 15:52:09,2025-02-01 13:33:31.496831,2025-02-01 13:44:58.814356,2025-02-01 14:20:19.612106,,양천구,3동,동대문구,3동,기타,2984,11.2,휠체어 탑승형 중형,뇌병변장애 2급
2025-03-07 08:37:41,2025-03-07 09:45:41,2025-03-07 08:51:15.499264,,,2025-03-07 08:57:15.499264,성북구,1동,구로구,3동,출퇴근,1500,2.2,일반 세단형,지체장애 1급
2025-03-04 16:36:42,2025-03-04 18:23:42,2025-03-04 16:44:04.577123,2025-03-04 16:45:04.577123,2025-03-04 18:20:06.370063,,구로구,1동,은평구,2동,병원 진료,4048,26.4,휠체어 탑승형 중형,뇌병변장애 2급
2025-04-26 17:53:24,2025-04-26 19:39:24,2025-04-26 18:07:48.078933,,,2025-04-26 18:27:48.078933,노원구,3동,서대문구,3동,재활 치료,1864,6.3,휠체어 탑승형 중형,신장장애
2025-11-28 15:04:46,2025-11-28 17:32:46,2025-11-28 15:15:19.780146,2025-11-28 15:16:28.564159,2025-11-28 15:19:32.252780,,금천구,2동,영등포구,2동,주간보호센터,1500,1.1,일반 세단형,뇌병변장애 2급
2025-01-05 07:59:47,2025-01-05 10:07:47,2025-01-05 08:17:18.410435,2025-01-05 08:39:13.385507,2025-01-05 08:49:59.859095,,종로구,3동,용산구,2동,주간보호센터,1500,4.1,일반 세단형,뇌병변장애 1급
2025-01-10 16:15:08,2025-01-10 19:06:08,2025-01-10 16:19:40.586529,2025-01-10 16:21:11.313925,2025-01-10 16:35:45.495918,,강남구,1동,종로구,2동,직업훈련,1500,5.0,기타 차량,국가유공자(상이)
2025-07-17 11:26:45,2025-07-17 11:55:45,2025-07-17 11:38:06.989083,2025-07-17 11:45:15.661313,2025-07-17 12:24:34.479671,,마포구,2동,종로구,2동,복지관 이용,3173,13.9,휠체어 탑승형 중형,뇌병변장애 1급
2025-10-31 06:55:32,2025-10-31 08:37:32,2025-10-31 07:23:30.501710,2025-10-31 07:29:22.360590,2025-10-31 07:44:27.299776,,노원구,2동,동대문구,2동,관공서 방문,1640,5.5,기타 차량,시각장애 1급
2025-12-08 08:49:53,2025-12-08 10:02:53,2025-12-08 09:04:32.092690,2025-12-08 09:25:44.340054,2025-12-08 09:54:13.753464,,강서구,2동,종로구,1동,주간보호센터,2704,9.3,휠체어 탑승형 중형,신장장애
2025-11-30 17:44:15,2025-11-30 19:14:15,2025-11-30 18:28:40.355602,,,2025-11-30 18:48:40.355602,송파구,1동,강서구,3동,여가 활동,1864,6.3,기타 차량,시각장애 1급
2025-11-21 21:13:48,2025-11-21 23:09:48,2025-11-21 21:24:43.302016,2025-11-21 21:52:41.483003,2025-11-21 22:05:12.314315,,강동구,1동,동대문구,2동,학교 등하교,1500,3.9,휠체어 탑승형 중형,국가유공자(상이)
2025-12-29 19:37:42,2025-12-29 20:17:42,2025-12-29 20:03:29.507699,2025-12-29 20:05:41.006581,2025-12-29 20:19:35.365310,,송파구,3동,마포구,2동,복지관 이용,1668,5.6,휠체어 탑승형 중형,신장장애
2025-06-23 13:49:46,2025-06-23 15:23:46,2025-06-23 14:50:16.132552,2025-06-23 15:01:54.972307,2025-06-23 15:28:26.356514,,송파구,2동,마포구,2동,출퇴근,2228,7.6,일반 세단형,뇌병변장애 2급
2025-08-27 07:09:19,2025-08-27 10:01:19,2025-08-27 07:44:21.926666,,,2025-08-27 08:00:21.926666,용산구,1동,중랑구,3동,기타,2144,7.3,기타 차량,지체장애 2급
2025-08-28 23:33:15,2025-08-29 01:28:15,2025-08-28 23:42:17.206595,2025-08-28 23:56:04.907031,2025-08-29 00:30:10.020883,,금천구,2동,중랑구,2동,기타,2935,10.5,휠체어 탑승형 대형,지체장애 1급
2025-01-17 12:58:04,2025-01-17 14:57:04,2025-01-17 13:35:16.740741,2025-01-17 13:38:48.218512,2025-01-17 14:09:55.932635,,영등포구,3동,구로구,3동,병원 진료,2620,9.0,휠체어 탑승형 대형,국가유공자(상이)
2025-06-08 18:28:26,2025-06-08 21:03:26,2025-06-08 18:59:42.192740,2025-06-08 19:01:12.687325,2025-06-08 19:18:27.674295,,동작구,3동,광진구,3동,출퇴근,1836,6.2,휠체어 탑승형 대형,국가유공자(상이)
2025-08-27 20:24:29,2025-08-27 20:45:29,2025-08-27 20:43:42.923606,2025-08-27 20:47:08.441075,2025-08-27 20:54:34.128364,,은평구,2동,서초구,1동,기타,1500,2.8,기타 차량,지체장애 1급
2025-08-28 11:58:47,2025-08-28 12:47:47,2025-08-28 12:20:43.104032,2025-08-28 12:27:41.248219,2025-08-28 12:45:05.189440,,금천구,1동,영등포구,1동,기타,2032,6.9,기타 차량,뇌병변장애 2급
2025-04-30 21:33:01,2025-04-30 23:40:01,2025-04-30 21:42:10.756558,2025-04-30 21:49:54.396929,2025-04-30 22:09:01.306095,,중랑구,1동,서초구,3동,학교 등하교,1780,6.0,일반 세단형,신장장애
2025-03-14 14:09:16,2025-03-14 15:17:16,2025-03-14 14:20:15.494609,2025-03-14 14:37:50.573577,2025-03-14 14:47:23.994383,,동작구,2동,은평구,1동,기타,1500,3.5,휠체어 탑승형 중형,시각장애 1급
2025-06-03 00:54:29,2025-06-03 03:37:29,2025-06-03 01:02:41.945943,2025-06-03 01:03:41.945943,2025-06-03 01:55:30.007238,,동대문구,3동,도봉구,1동,관공서 방문,3558,19.4,기타 차량,지체장애 2급
2025-06-29 16:37:42,2025-06-29 16:53:42,2025-06-29 16:50:44.913610,2025-06-29 16:51:44.913610,2025-06-29 17:31:32.796396,,도봉구,3동,성동구,1동,직업훈련,3047,12.1,일반 세단형,뇌병변장애 1급
2025-03-04 19:07:52,2025-03-04 19:49:52,2025-03-04 19:10:54.240954,2025-03-04 19:22:43.506003,2025-03-04 19:47:20.161926,,마포구,2동,용산구,2동,경조사,2648,9.1,기타 차량,지체장애 1급
2025-06-18 01:37:35,2025-06-18 02:36:35,2025-06-18 01:41:44.894724,2025-06-18 01:59:55.511285,2025-06-18 03:03:49.887925,,구로구,3동,은평구,1동,여가 활동,3481,18.3,휠체어 탑승형 중형,신장장애
2025-07-14 09:05:40,2025-07-14 09:23:40,2025-07-14 09:39:37.179970,2025-07-14 09:40:48.711351,2025-07-14 10:21:03.732202,,강북구,3동,금천구,3동,기타,2949,10.7,휠체어 탑승형 중형,국가유공자(상이)
2025-08-19 13:25:11,2025-08-19 16:18:11,2025-08-19 13:27:50.540096,2025-08-19 13:39:12.241675,2025-08-19 14:09:03.208000,,중랑구,2동,중랑구,2동,경조사,2620,9.0,일반 세단형,뇌병변장애 2급
2025-10-27 18:26:32,2025-10-27 21:00:32,2025-10-27 18:36:45.490363,2025-10-27 18:40:44.111598,2025-10-27 19:17:29.014193,,노원구,1동,서초,1동,학교 등하교,2872,9.9,휠체어 탑승형 대형,뇌병변장애 2급
2025-06-22 06:47:30,2025-06-22 09:29:30,2025-06-22 06:52:09.194007,2025-06-22 06:54:22.473457,2025-06-22 07:11:35.452107,,종로구,2동,양천구,3동,병원 진료,2032,6.9,기타 차량,뇌병변장애 2급
2025-10-07 12:43:05,2025-10-07 13:48:05,2025-10-07 12:47:27.528408,2025-10-07 12:51:24.539395,2025-10-07 13:22:52.687375,,강북구,2동,은평구,2동,출퇴근,2907,10.1,기타 차량,지체장애 1급
2025-03-19 15:05:33,2025-03-19 16:00:33,,,,2025-03-19 15:28:33,중구,2동,강남구,3동,경조사,1500,0.7,휠체어 탑승형 중형,신장장애
2025-05-06 17:47:04,2025-05-06 19:39:04,2025-05-06 17:58:17.724378,,,2025-05-06 18:05:17.724378,송파구,1동,마포구,2동,학교 등하교,1500,5.0,휠체어 탑승형 중형,지체장애 2급
2025-08-11 08:27:54,2025-08-11 11:25:54,2025-08-11 08:33:11.534774,2025-08-11 08:48:58.031507,2025-08-11 09:27:19.655449,,송파구,1동,영등포구,2동,기타,2991,11.3,휠체어 탑승형 대형,시각장애 1급
2025-01-02 17:34:20,2025-01-02 18:11:20,,,,2025-01-02 17:57:20,동대문구,1동,양천구,1동,주간보호센터,1500,3.1,일반 세단형,뇌병변장애 1급
2025-11-17 07:37:02,2025-11-17 09:28:02,2025-11-17 08:27:11.910584,2025-11-17 08:34:48.297734,2025-11-17 09:29:40.569557,,마포구,2동,중랑구,3동,직업훈련,3173,13.9,기타 차량,뇌병변장애 1급
2025-03-21 19:13:48,2025-03-21 20:19:48,2025-03-21 19:35:58.932238,2025-03-21 19:43:43.145258,2025-03-21 19:59:35.465089,,동작구,1동,성북구,1동,직업훈련,1808,6.1,휠체어 탑승형 대형,뇌병변장애 2급
2025-05-15 10:01:31,2025-05-15 11:19:31,2025-05-15 11:12:30.887175,2025-05-15 11:17:26.740569,2025-05-15 11:42:54.913812,,서대문구,2동,서대문구,1동,학교 등하교,2942,10.6,일반 세단형,지체장애 2급
2025-01-21 15:20:20,2025-01-21 16:06:20,2025-01-21 15:37:34.447767,2025-01-21 15:38:34.447767,2025-01-21 15:59:51.786119,,영등포구,1동,도봉구,2동,학교 등하교,2116,7.2,휠체어 탑승형 중형,지체장애 1급
2025-05-05 12:48:31,2025-05-05 13:39:31,2025-05-05 13:05:20.775463,2025-05-05 13:06:20.775463,2025-05-05 13:22:57.461885,,성북구,1동,강서구,3동,관공서 방문,1808,6.1,일반 세단형,뇌병변장애 2급
2025-03-12 16:35:41,2025-03-12 19:17:41,2025-03-12 16:37:15.794717,2025-03-12 16:44:14.239413,2025-03-12 17:46:43.209192,,구로구,3동,중랑구,3동,주간보호센터,3964,25.2,휠체어 탑승형 대형,신장장애
2025-09-24 19:31:42,2025-09-24 20:34:42,2025-09-24 19:40:44.974161,2025-09-24 19:45:07.816661,2025-09-24 20:08:50.505842,,중구,2동,동대문구,1동,직업훈련,2452,8.4,일반 세단형,뇌병변장애 2급
2025-07-31 13:49:51,2025-07-31 14:58:51,2025-07-31 13:55:19.139684,2025-07-31 13:56:19.139684,2025-07-31 14:13:14.356683,,금천구,1동,구로구,2동,학교 등하교,1500,4.5,기타 차량,신장장애
2025-09-02 10:53:06,2025-09-02 11:05:06,2025-09-02 11:02:46.620399,2025-09-02 11:04:24.527090,2025-09-02 11:15:14.018600,,노원구,3동,은평구,3동,직업훈련,1500,4.4,일반 세단형,지체장애 2급
2025-10-13 10:50:18,2025-10-13 11:14:18,2025-10-13 10:57:42.404698,2025-10-13 11:02:29.034223,2025-10-13 11:12:15.162569,,중구,2동,강남구,2동,재활 치료,1500,3.7,휠체어 탑승형 대형,지체장애 2급
2025-04-20 10:48:36,2025-04-20 11:15:36,2025-04-20 10:50:45.966765,2025-04-20 10:52:35.772336,2025-04-20 11:19:33.494162,,강동구,1동,강동구,3동,복지관 이용,2116,7.2,기타 차량,지체장애 1급
2025-10-07 09:51:19,2025-10-07 11:48:19,2025-10-07 10:03:01.363880,2025-10-07 10:25:02.389071,2025-10-07 10:29:41.784778,,은평구,3동,성북구,1동,직업훈련,1500,1.9,휠체어 탑승형 중형,신장장애
2025-07-14 20:36:57,2025-07-14 22:34:57,2025-07-14 20:41:38.538412,2025-07-14 20:55:38.543253,2025-07-14 22:22:04.480689,,양천구,2동,강동구,1동,관공서 방문,3971,25.3,일반 세단형,지체장애 1급
2025-12-13 09:29:44,2025-12-13 09:58:44,2025-12-13 09:36:18.437626,2025-12-13 09:39:03.619194,2025-12-13 10:36:23.808634,,영등포구,3동,중구,3동,경조사,3229,14.7,기타 차량,지체장애 1급
2025-10-13 16:42:57,2025-10-13 18:41:57,2025-10-13 16:49:34.655752,2025-10-13 16:50:34.655752,2025-10-13 17:17:52.352606,,서대문구,3동,동작구,2동,병원 진료,2620,9.0,기타 차량,국가유공자(상이)
2025-07-08 07:26:33,2025-07-08 08:54:33,2025-07-08 07:43:02.059849,2025-07-08 07:44:02.059849,2025-07-08 08:08:17.546804,,중구,3동,중구,2동,기타,2844,9.8,일반 세단형,신장장애
2025-08-09 14:36:12,2025-08-09 17:20:12,2025-08-09 15:11:36.317205,2025-08-09 15:12:46.100080,2025-08-09 15:22:14.582325,,성동구,1동,광진구,2동,재활 치료,1500,3.2,휠체어 탑승형 대형,지체장애 2급
2025-05-06 16:11:18,2025-05-06 18:15:18,2025-05-06 16:34:48.287234,2025-05-06 16:36:30.504819,2025-05-06 16:51:22.465804,,강남,2동,구로구,1동,재활 치료,1528,5.1,기타 차량,지체장애 1급
2025-11-19 12:21:05,2025-11-19 14:34:05,2025-11-19 12:39:45.141523,2025-11-19 12:47:53.653269,2025-11-19 12:56:41.538864,,은평구,3동,양천구,3동,재활 치료,1500,2.3,휠체어 탑승형 대형,뇌병변장애 2급
2025-11-13 10:45:27,2025-11-13 11:37:27,2025-11-13 11:06:48.678021,2025-11-13 11:11:33.682418,2025-11-13 11:34:25.432382,,은평구,2동,중랑구,2동,복지관 이용,2144,7.3,휠체어 탑승형 대형,국가유공자(상이)
2025-07-10 13:00:57,2025-07-10 15:13:57,2025-07-10 14:20:23.500829,,,2025-07-10 14:34:23.500829,노원구,2동,강남구,2동,여가 활동,3824,23.2,기타 차량,뇌병변장애 2급
2025-08-02 08:01:07,2025-08-02 08:51:07,,,,2025-08-02 08:08:07,종로구,2동,금천구,1동,직업훈련,3838,23.4,휠체어 탑승형 대형,지체장애 1급
2025-12-21 08:43:27,2025-12-21 11:07:27,2025-12-21 09:00:04.662644,2025-12-21 09:01:04.662644,2025-12-21 09:15:47.602815,,송파구,1동,동작구,2동,기타,1500,4.7,기타 차량,국가유공자(상이)
2025-10-26 12:44:01,2025-10-26 13:40:01,,,,2025-10-26 12:49:01,동작구,3동,구로구,1동,출퇴근,1500,3.3,기타 차량,뇌병변장애 2급
2025-06-12 08:13:12,2025-06-12 08:53:12,2025-06-12 08:20:34.872077,2025-06-12 08:21:47.597873,2025-06-12 08:31:36.516939,,동작구,2동,도봉구,1동,직업훈련,1500,3.9,일반 세단형,국가유공자(상이)
2025-09-23 11:52:40,2025-09-23 14:24:40,2025-09-23 12:02:07.927465,2025-09-23 12:05:39.374497,2025-09-23 12:32:35.910650,,관악구,2동,노원구,3동,재활 치료,2396,8.2,휠체어 탑승형 대형,뇌병변장애 2급
2025-06-03 19:17:11,2025-06-03 21:57:11,2025-06-03 20:05:35.254970,2025-06-03 20:09:52.293744,2025-06-03 20:24:45.213049,,강동구,1동,관악구,3동,주간보호센터,1500,3.9,일반 세단형,시각장애 1급
2025-07-15 16:44:04,2025-07-15 19:07:04,2025-07-15 16:50:06.005768,2025-07-15 17:07:28.145121,2025-07-15 17:39:18.508154,,용산구,2동,용산구,1동,학교 등하교,2648,9.1,휠체어 탑승형 대형,뇌병변장애 1급
2025-10-31 05:30:58,2025-10-31 06:26:58,2025-10-31 05:39:19.394924,2025-10-31 05:41:32.878450,2025-10-31 06:28:32.809597,,강남구,2동,노원구,1동,병원 진료,3026,11.8,일반 세단형,지체장애 1급
2025-04-06 11:09:52,2025-04-06 11:55:52,2025-04-06 11:27:28.477538,,,2025-04-06 11:40:28.477538,금천구,1동,도봉구,1동,복지관 이용,2676,9.2,휠체어 탑승형 중형,뇌병변장애 1급
2025-08-10 15:20:10,2025-08-10 17:42:10,2025-08-10 15:30:04.213196,2025-08-10 15:31:04.213196,2025-08-10 16:17:19.242684,,구로구,2동,광진구,3동,경조사,3362,16.6,휠체어 탑승형 중형,뇌병변장애 1급
2025-07-07 00:38:48,2025-07-07 00:48:48,2025-07-07 00:51:57.614920,2025-07-07 01:03:30.194101,2025-07-07 01:42:54.763784,,동작구,2동,강북구,1동,관공서 방문,3068,12.4,일반 세단형,국가유공자(상이)
2025-02-20 10:52:35,2025-02-20 12:02:35,,,,2025-02-20 11:05:35,서초구,1동,성북구,2동,직업훈련,2144,7.3,휠체어 탑승형 대형,뇌병변장애 2급
2025-01-08 06:47:07,2025-01-08 07:01:07,2025-01-08 06:58:09.416579,2025-01-08 06:59:09.416579,2025-01-08 07:10:08.023221,,성북구,3동,마포구,1동,관공서 방문,1500,3.4,일반 세단형,신장장애
0000-00-00,2025-03-31 16:30:45,2025-03-31 15:21:37.824349,2025-03-31 15:23:13.773762,2025-03-31 15:54:52.856876,,노원구,3동,용산구,3동,병원 진료,2760,9.5,휠체어 탑승형 대형,국가유공자(상이)
2025-04-28 10:56:45,2025-04-28 12:47:45,2025-04-28 11:21:11.427147,2025-04-28 11:23:03.088875,2025-04-28 11:46:42.283105,,동작구,1동,용산구,3동,직업훈련,2396,8.2,기타 차량,뇌병변장애 1급
2025-03-10 07:19:53,2025-03-10 07:34:53,2025-03-10 07:30:47.748964,2025-03-10 07:35:08.099851,2025-03-10 08:30:59.349176,,서울 서초구,2동,금천구,3동,병원 진료,3271,15.3,휠체어 탑승형 대형,뇌병변장애 2급
2025-01-08 16:48:21,2025-01-08 18:37:21,,,,2025-01-08 17:07:21,서초구,2동,노원구,3동,기타,2452,8.4,휠체어 탑승형 대형,지체장애 1급
2025-11-05 10:26:28,2025-11-05 11:24:28,2025-11-05 10:45:17.432151,2025-11-05 10:55:53.200623,2025-11-05 11:24:48.531349,,동대문구,3동,영등포구,1동,재활 치료,3040,12.0,휠체어 탑승형 대형,신장장애
2025-07-21 15:17:16,2025-07-21 16:42:16,2025-07-21 15:28:50.511602,2025-07-21 15:32:44.742480,2025-07-21 15:59:05.726999,,영등포구,3동,은평구,3동,경조사,2788,9.6,휠체어 탑승형 중형,국가유공자(상이)
2025-12-28 16:03:16,2025-12-28 17:11:16,,,,2025-12-28 16:31:16,중구,1동,동작구,2동,복지관 이용,2844,9.8,휠체어 탑승형 중형,국가유공자(상이)
2025-11-29 16:47:58,2025-11-29 19:10:58,2025-11-29 16:49:02.944371,2025-11-29 17:05:06.262994,2025-11-29 17:56:49.105561,,구로구,3동,중랑구,3동,여가 활동,3432,17.6,기타 차량,뇌병변장애 2급
2025-05-01 15:56:03,2025-05-01 18:52:03,2025-05-01 16:28:41.551053,2025-05-01 16:31:15.284849,2025-05-01 17:37:57.089127,,광진구,3동,성북구,3동,출퇴근,3579,19.7,휠체어 탑승형 대형,지체장애 2급
2025-06-21 06:46:40,2025-06-21 08:22:40,,,,2025-06-21 07:11:40,송파구,1동,중랑구,1동,복지관 이용,3012,11.6,일반 세단형,국가유공자(상이)
2025-10-02 10:19:12,2025-10-02 12:47:12,2025-10-02 10:34:27.977287,2025-10-02 10:40:35.629775,2025-10-02 11:19:44.379092,,노원구,1동,마포구,2동,재활 치료,2907,10.1,휠체어 탑승형 대형,지체장애 2급
2025-11-24 23:17:07,2025-11-25 00:38:07,2025-11-24 23:21:05.490494,2025-11-24 23:36:16.283501,2025-11-24 23:53:23.635123,,은평구,2동,성동구,1동,병원 진료,1724,5.8,휠체어 탑승형 중형,지체장애 1급
2025-09-27 07:13:04,2025-09-27 10:11:04,2025-09-27 07:26:25.100946,2025-09-27 07:31:10.516023,2025-09-27 07:52:57.050846,,용산구,1동,용산구,2동,주간보호센터,2144,7.3,일반 세단형,시각장애 1급
2025-04-12 10:13:29,2025-04-12 10:43:29,2025-04-12 10:21:27.826957,2025-04-12 10:27:27.755461,2025-04-12 10:36:47.998417,,동대문구,1동,마포구,2동,출퇴근,1500,3.5,일반 세단형,국가유공자(상이)
2025-02-13 10:29:56,2025-02-13 13:12:56,2025-02-13 10:38:30.110405,2025-02-13 10:44:03.889152,2025-02-13 11:01:44.898052,,중구,1동,동대문구,2동,재활 치료,1864,6.3,기타 차량,지체장애 2급
2025-11-25 13:45:45,2025-11-25 13:55:45,2025-11-25 14:04:57.145958,2025-11-25 14:06:44.056043,2025-11-25 14:20:06.199237,,은평구,3동,강서구,2동,여가 활동,1500,3.4,일반 세단형,뇌병변장애 1급
2025-09-14 09:35:21,2025-09-14 10:10:21,2025-09-14 09:37:39.961752,2025-09-14 09:42:11.110192,2025-09-14 09:57:29.477581,,성북구,2동,금천구,3동,병원 진료,1556,5.2,기타 차량,국가유공자(상이)
2025-05-31 13:46:49,2025-05-31 15:58:49,2025-05-31 14:00:32.285162,2025-05-31 14:18:23.524192,2025-05-31 14:33:08.132272,,용산구,3동,서대문구,1동,주간보호센터,1640,5.5,휠체어 탑승형 대형,신장장애
2025-04-10 17:46:00,2025-04-10 19:32:00,2025-04-10 18:21:27.054570,2025-04-10 18:22:46.671149,2025-04-10 18:49:39.172238,,강동구,2동,중구,3동,복지관 이용,2452,8.4,기타 차량,뇌병변장애 2급
2025-04-30 08:56:31,2025-04-30 11:42:31,2025-04-30 09:12:56.384852,2025-04-30 09:19:02.192891,2025-04-30 10:18:10.997394,,마포구,3동,마포구,2동,주간보호센터,3467,18.1,일반 세단형,지체장애 2급
2025-10-13 11:39:36,2025-10-13 13:09:36,2025-10-13 11:48:34.252187,2025-10-13 11:59:55.193563,2025-10-13 12:13:32.232429,,양천구,2동,양천구,1동,복지관 이용,1500,5.0,휠체어 탑승형 대형,뇌병변장애 1급
2025-09-08 10:10:29,2025-09-08 12:59:29,2025-09-08 10:35:25.734890,2025-09-08 10:45:12.364429,2025-09-08 10:55:50.789531,,광진구,1동,도봉구,2동,주간보호센터,1500,3.7,기타 차량,뇌병변장애 1급
2025-12-28 15:18:30,2025-12-28 15:49:30,2025-12-28 16:02:41.117206,2025-12-28 16:03:41.117206,2025-12-28 16:31:50.065016,,송파구,3동,서초구,1동,복지관 이용,2914,10.2,휠체어 탑승형 대형,지체장애 2급
2025-06-22 21:42:34,2025-06-22 23:41:34,2025-06-22 21:44:03.651756,2025-06-22 21:53:52.392010,2025-06-22 22:26:25.335018,,강북구,3동, 강남구 ,1동,재활 치료,2949,10.7,일반 세단형,지체장애 2급
2025-08-10 16:14:20,2025-08-10 17:53:20,2025-08-10 16:15:20,,,2025-08-10 16:32:20,구로구,1동,동작구,2동,병원 진료,2564,8.8,휠체어 탑승형 중형,뇌병변장애 1급
2025-01-04 12:08:41,2025-01-04 13:54:41,2025-01-04 12:23:02.550140,2025-01-04 12:29:25.995017,2025-01-04 13:04:39.320278,,광진구,1동,강남구,2동,학교 등하교,3005,11.5,일반 세단형,뇌병변장애 2급
2025-11-14 11:26:38,2025-11-14 13:03:38,2025-11-14 11:51:22.184094,,,2025-11-14 12:10:22.184094,강동구,1동,동대문구,3동,관공서 방문,1500,2.4,일반 세단형,시각장애 1급
0000-00-00,2025-09-26 12:28:03,2025-09-26 10:23:37.948417,2025-09-26 10:32:11.093116,2025-09-26 10:59:23.209133,,금천구,2동,관악구,2동,재활 치료,2760,9.5,휠체어 탑승형 대형,지체장애 2급
2025-08-02 14:59:42,2025-08-02 16:56:42,2025-08-02 15:14:21.087140,2025-08-02 15:16:59.313367,2025-08-02 15:24:43.805651,,영등포구,2동,용산구,1동,기타,1500,2.5,휠체어 탑승형 대형,국가유공자(상이)
2025-04-16 13:40:08,2025-04-16 14:57:08,2025-04-16 13:48:13.227128,2025-04-16 13:59:20.815907,2025-04-16 14:34:11.770244,,부산 해운대구,3동,광진구,3동,복지관 이용,3005,11.5,일반 세단형,지체장애 1급
2025-12-13 06:43:52,2025-12-13 08:35:52,2025-12-13 06:49:44.558347,2025-12-13 07:00:38.269342,2025-12-13 07:08:24.505717,,중구,3동,서초구,2동,기타,1500,3.0,기타 차량,국가유공자(상이)
2025-02-09 07:02:53,2025-02-09 08:42:53,2025-02-09 07:03:53,2025-02-09 07:33:51.129457,2025-02-09 07:40:08.019249,,서대문구,1동,광진구,3동,복지관 이용,1500,2.3,기타 차량,뇌병변장애 2급
2025-05-02 16:44:20,2025-05-02 18:16:20,2025-05-02 16:50:11.967490,2025-05-02 16:59:18.921633,2025-05-02 17:17:40.305236,,강남구,2동,양천구,3동,출퇴근,2200,7.5,일반 세단형,뇌병변장애 1급
2025-11-14 21:35:13,2025-11-15 00:00:13,2025-11-14 21:39:26.142407,,,2025-11-14 21:46:26.142407,송파구,2동,도봉구,1동,기타,2620,9.0,휠체어 탑승형 중형,지체장애 1급
2025-05-15 15:31:10,2025-05-15 17:05:10,2025-05-15 15:46:06.490594,2025-05-15 15:50:57.032789,2025-05-15 16:16:04.615918,,중구,2동,마포구,3동,학교 등하교,2620,9.0,휠체어 탑승형 대형,신장장애
2025-01-05 20:18:37,2025-01-05 22:04:37,2025-01-05 21:01:27.791396,2025-01-05 21:26:02.868887,2025-01-05 21:41:05.618625,,구로구,2동,서대문구,1동,복지관 이용,1752,5.9,일반 세단형,뇌병변장애 1급
2025-03-02 17:07:58,2025-03-02 19:20:58,2025-03-02 17:17:47.548636,2025-03-02 17:38:20.224127,2025-03-02 18:18:59.333284,,강북구,3동,은평구,2동,병원 진료,3061,12.3,휠체어 탑승형 대형,국가유공자(상이)
2025-03-04 11:30:55,2025-03-04 12:45:55,2025-03-04 11:36:45.086667,2025-03-04 11:51:36.287655,2025-03-04 12:15:43.972019,,강동구,3동,강남구,2동,주간보호센터,2396,8.2,일반 세단형,지체장애 2급
2025-10-31 08:18:17,2025-10-31 08:31:17,,,,2025-10-31 08:44:17,은평구,2동,서대문구,3동,병원 진료,1500,2.9,기타 차량,지체장애 1급
2025-01-14 01:26:11,2025-01-14 02:07:11,2025-01-14 02:00:58.496678,2025-01-14 02:05:11.873980,2025-01-14 02:34:27.718376,,성동구,2동,동대문구,2동,경조사,2396,8.2,일반 세단형,신장장애
2025-12-24 02:59:31,2025-12-24 04:24:31,2025-12-24 03:02:57.619835,2025-12-24 03:03:57.619835,2025-12-24 03:34:48.077819,,중랑구,3동,서초구,3동,여가 활동,-2676,9.2,일반 세단형,신장장애
2025-08-12 08:04:53,2025-08-12 10:46:53,2025-08-12 08:08:17.574347,2025-08-12 08:16:00.039785,2025-08-12 08:34:15.264007,,양천구,1동,중랑구,3동,학교 등하교,1808,6.1,휠체어 탑승형 대형,지체장애 1급
2025-09-02 18:14:51,2025-09-02 19:11:51,2025-09-02 18:20:19.653824,2025-09-02 18:23:13.796684,2025-09-02 18:35:25.263789,,중랑구,1동,도봉구,2동,복지관 이용,1500,4.6,휠체어 탑승형 대형,뇌병변장애 2급
2025-06-11 22:00:58,2025-06-11 22:53:58,2025-06-11 22:06:50.194238,2025-06-11 22:09:59.751550,2025-06-11 22:27:28.919245,,광진구,2동,금천구,1동,학교 등하교,1528,5.1,기타 차량,시각장애 1급
2025-11-09 07:17:43,2025-11-09 09:41:43,2025-11-09 08:03:23.604891,2025-11-09 08:10:08.113394,2025-11-09 08:27:16.856980,,중구,1동,관악구,3동,출퇴근,1612,5.4,휠체어 탑승형 대형,신장장애
2025-09-25 12:56:49,2025-09-25 13:51:49,2025-09-25 13:19:36.302048,2025-09-25 13:43:58.472526,2025-09-25 14:21:26.888928,,마포구,2동,송파구,1동,여가 활동,2928,10.4,휠체어 탑승형 대형,지체장애 1급
2025-07-31 19:28:56,2025-07-31 21:24:56,2025-07-31 19:53:50.226111,2025-07-31 20:03:46.939491,2025-07-31 20:18:58.974743,,성북구,1동,은평구,1동,직업훈련,1500,4.5,기타 차량,시각장애 1급
2025-05-25 03:42:47,2025-05-25 04:19:47,2025-05-25 04:04:46.029703,2025-05-25 04:07:05.147965,2025-05-25 04:14:47.924308,,마포구,3동,구로구,2동,출퇴근,1500,2.6,일반 세단형,신장장애
2025-01-16 11:30:16,2025-01-16 13:40:16,2025-01-16 11:43:05.437183,2025-01-16 11:58:50.056671,2025-01-16 12:11:07.414946,,강북구,1동,도봉구,1동,직업훈련,1500,3.3,일반 세단형,국가유공자(상이)
2025-06-06 15:13:03,2025-06-06 16:04:03,2025-06-06 15:24:27.034422,2025-06-06 15:50:25.013356,2025-06-06 16:22:13.704322,,강동구,2동,관악구,3동,기타,2914,10.2,일반 세단형,뇌병변장애 1급
2025-01-28 21:28:36,2025-01-28 23:16:36,2025-01-28 22:05:33.405200,2025-01-28 22:09:55.988708,2025-01-28 22:42:49.280494,,중랑구,2동,은평구,3동,학교 등하교,3012,11.6,기타 차량,뇌병변장애 1급
2025-02-21 17:39:44,2025-02-21 18:34:44,2025-02-21 18:24:18.330725,2025-02-21 18:46:29.522595,2025-02-21 19:26:28.464741,,은평구,3동,종로구,2동,직업훈련,2928,10.4,일반 세단형,뇌병변장애 1급
2025-07-21 06:48:26,2025-07-21 07:00:26,2025-07-21 06:51:00.989034,2025-07-21 07:07:58.444612,2025-07-21 07:44:19.683499,,중랑구,3동,마포구,1동,학교 등하교,2963,10.9,휠체어 탑승형 중형,신장장애
2025-02-20 06:45:35,2025-02-20 09:32:35,2025-02-20 06:52:50.613469,2025-02-20 07:08:47.730601,2025-02-20 07:46:46.599706,,양천구,1동,송파구,2동,재활 치료,3278,15.4,휠체어 탑승형 대형,뇌병변장애 1급
2025-08-17 13:19:43,2025-08-17 15:37:43,2025-08-17 13:26:08.160063,2025-08-17 13:32:48.260703,2025-08-17 14:00:36.320950,,강서구,3동,구로구,3동,주간보호센터,2480,8.5,기타 차량,뇌병변장애 2급
2025-10-10 18:51:09,2025-10-10 19:42:09,2025-10-10 19:03:16.822051,2025-10-10 19:15:56.067027,2025-10-10 19:40:45.727739,,서초구,2동,관악구,3동,기타,2914,10.2,일반 세단형,지체장애 1급
2025-03-20 20:22:18,2025-03-20 23:13:18,,,,2025-03-20 20:25:18,관악구,3동,송파구,3동,기타,1724,5.8,휠체어 탑승형 중형,뇌병변장애 1급
2025-12-02 11:37:42,2025-12-02 12:37:42,,,,2025-12-02 11:39:42,구로구,1동,중구,1동,학교 등하교,1780,6.0,휠체어 탑승형 중형,신장장애
2025-03-23 16:46:45,2025-03-23 17:06:45,2025-03-23 17:45:23.619329,2025-03-23 17:46:23.619329,2025-03-23 18:05:37.640566,,동작구,2동,동작구,1동,기타,1696,5.7,기타 차량,지체장애 1급
2025-10-23 14:39:37,2025-10-23 15:30:37,2025-10-23 14:43:01.169027,2025-10-23 14:47:37.415316,2025-10-23 15:08:37.312237,,용산구,1동,성동구,2동,여가 활동,1612,5.4,기타 차량,뇌병변장애 1급
2025-11-03 09:22:39,2025-11-03 11:54:39,2025-11-03 09:23:39,2025-11-03 09:34:08.546166,2025-11-03 10:12:41.398877,,동대문구,1동,동작구,2동,복지관 이용,3173,13.9,휠체어 탑승형 대형,뇌병변장애 2급
2025-02-01 22:39:00,2025-02-02 01:20:00,2025-02-01 23:40:54.941401,2025-02-02 00:01:31.792308,2025-02-02 00:15:54.492160,,구로구,1동,마포구,3동,관공서 방문,1668,5.6,휠체어 탑승형 대형,뇌병변장애 1급
2025-03-06 09:32:02,2025-03-06 11:24:02,2025-03-06 09:33:35.747414,2025-03-06 09:38:36.557890,2025-03-06 10:03:36.024592,,서울 서초구,1동,종로구,2동,관공서 방문,2312,7.9,기타 차량,뇌병변장애 1급
2025-02-17 10:43:38,2025-02-17 12:16:38,2025-02-17 10:51:10.865699,2025-02-17 10:57:36.315668,2025-02-17 11:09:04.619721,,구로구,3동,용산구,2동,복지관 이용,1500,3.8,일반 세단형,뇌병변장애 1급
2025-11-18 15:15:17,2025-11-18 16:21:17,2025-11-18 15:46:42.350518,2025-11-18 15:49:05.334062,2025-11-18 15:54:38.540271,,종로구,2동,강동구,3동,재활 치료,1500,1.4,기타 차량,지체장애 1급
2025-12-22 18:37:27,2025-12-22 19:48:27,2025-12-22 18:45:17.969859,2025-12-22 19:06:07.431550,2025-12-22 19:45:11.469770,,중랑구,1동,강북구,3동,병원 진료,3222,14.6,일반 세단형,지체장애 1급
2025-10-05 18:10:04,2025-10-05 19:44:04,,,,2025-10-05 18:17:04,광진구,1동,중구,1동,복지관 이용,3411,17.3,휠체어 탑승형 대형,뇌병변장애 1급
2025-03-30 08:16:37,2025-03-30 09:53:37,2025-03-30 09:25:08.224687,,,2025-03-30 09:26:08.224687,서대문구,2동,중구,3동,직업훈련,3194,14.2,기타 차량,뇌병변장애 1급
2025-04-17 02:14:53,2025-04-17 02:27:53,2025-04-17 02:17:41.545547,2025-04-17 02:19:21.434030,2025-04-17 02:43:42.122946,,종로구,3동,금천구,2동,관공서 방문,2900,10.0,휠체어 탑승형 중형,지체장애 2급
2025-12-19 04:29:02,2025-12-19 05:30:02,2025-12-19 04:42:26.139740,2025-12-19 04:43:41.678466,2025-12-19 05:30:59.036507,,성북구,2동,영등포구,1동,재활 치료,3082,12.6,휠체어 탑승형 중형,국가유공자(상이)
2025-03-22 08:43:26,2025-03-22 10:26:26,2025-03-22 09:52:44.844931,2025-03-22 09:59:32.620438,2025-03-22 10:39:57.268691,,강남구,2동,중구,3동,주간보호센터,2942,10.6,휠체어 탑승형 중형,신장장애
2025-06-30 16:37:45,2025-06-30 18:17:45,2025-06-30 16:59:56.845438,2025-06-30 17:01:55.418476,2025-06-30 17:25:29.208718,,도봉구,3동,서대문구,1동,병원 진료,2032,6.9,휠체어 탑승형 대형,지체장애 1급
2025-08-03 13:12:54,2025-08-03 14:13:54,2025-08-03 13:13:54,2025-08-03 13:14:54.134029,2025-08-03 13:54:03.293250,,광진구,1동,중구,1동,복지관 이용,3019,11.7,기타 차량,신장장애
2025-10-25 07:31:38,2025-10-25 10:01:38,2025-10-25 08:13:48.899666,2025-10-25 08:15:11.379718,2025-10-25 08:29:23.069982,,서대문구,2동,서초구,2동,여가 활동,1640,5.5,휠체어 탑승형 대형,신장장애
2025-05-19 10:00:25,2025-05-19 11:21:25,2025-05-19 10:23:11.433138,2025-05-19 10:31:54.181218,2025-05-19 11:07:12.984032,,용산구,1동,마포구,1동,주간보호센터,2970,11.0,휠체어 탑승형 대형,신장장애
2025-01-14 16:50:48,2025-01-14 19:21:48,2025-01-14 16:51:48,2025-01-14 17:01:05.369673,2025-01-14 17:23:40.394629,,서대문구,2동,노원구,3동,여가 활동,2172,7.4,기타 차량,지체장애 1급
2025-06-26 19:17:49,2025-06-26 19:45:49,2025-06-26 19:23:39.945093,2025-06-26 19:27:52.731869,2025-06-26 19:49:00.023211,,서대문구,2동,은평구,2동,직업훈련,1640,5.5,일반 세단형,지체장애 2급
2025-03-29 11:43:48,2025-03-29 12:01:48,2025-03-29 11:47:18.654008,2025-03-29 11:49:21.030371,2025-03-29 12:05:18.887535,,마포구,2동,종로구,3동,직업훈련,1500,4.4,휠체어 탑승형 대형,시각장애 1급
2025-10-16 11:53:27,2025-10-16 12:58:27,2025-10-16 12:03:15.689884,2025-10-16 12:14:29.414144,2025-10-16 12:26:05.284326,,마포구,3동,중구,2동,기타,1500,4.7,기타 차량,지체장애 1급
2025-05-14 15:38:29,2025-05-14 18:32:29,,,,2025-05-14 15:48:29,용산구,3동,중구,3동,병원 진료,2907,10.1,기타 차량,뇌병변장애 2급
2025-10-24 08:36:26,2025-10-24 09:12:26,2025-10-24 08:59:48.844291,2025-10-24 09:00:48.844291,2025-10-24 09:35:42.378542,,강남구,3동,서초구,1동,여가 활동,3138,13.4,휠체어 탑승형 대형,국가유공자(상이)
2025-07-26 11:02:19,2025-07-26 13:08:19,2025-07-26 11:20:27.106050,2025-07-26 11:31:54.445916,2025-07-26 12:17:29.977153,,성동구,1동,금천구,2동,경조사,3264,15.2,휠체어 탑승형 대형,뇌병변장애 1급
2025-10-29 09:51:05,2025-10-29 11:38:05,2025-10-29 10:50:31.580336,2025-10-29 10:56:38.426528,2025-10-29 11:05:47.803130,,동작구,3동,송파구,2동,학교 등하교,1500,2.4,휠체어 탑승형 중형,신장장애
2025-01-24 12:33:29,2025-01-24 15:30:29,2025-01-24 12:54:06.676378,,,2025-01-24 13:03:06.676378,송파구,1동,구로구,2동,병원 진료,3663,20.9,일반 세단형,신장장애
2025-07-05 19:14:06,2025-07-05 21:07:06,2025-07-05 19:55:06.941323,2025-07-05 19:58:16.804564,2025-07-05 21:22:17.214275,,광진구,1동,강서구,3동,여가 활동,3677,21.1,기타 차량,뇌병변장애 2급
2025-09-18 15:49:53,2025-09-18 18:45:53,2025-09-18 15:52:09.686407,2025-09-18 16:07:49.776434,2025-09-18 16:50:15.825343,,서초구,2동,강남구,3동,병원 진료,3117,13.1,일반 세단형,지체장애 2급
2025-08-21 04:37:50,2025-08-21 05:24:50,2025-08-21 04:43:42.532025,2025-08-21 04:48:33.132835,2025-08-21 04:53:41.372538,,종로구,3동,마포구,1동,학교 등하교,1500,1.7,일반 세단형,시각장애 1급
2025-03-16 10:44:28,2025-03-16 12:16:28,2025-03-16 11:02:20.469223,2025-03-16 11:03:37.300572,2025-03-16 11:32:02.640995,,강남구,3동,중구,2동,복지관 이용,2907,10.1,휠체어 탑승형 중형,지체장애 1급
2025-01-14 13:13:52,2025-01-14 14:28:52,2025-01-14 13:15:12.201346,2025-01-14 13:16:12.201346,2025-01-14 13:36:14.709172,,동대문구,3동,광진구,3동,병원 진료,1528,5.1,일반 세단형,뇌병변장애 2급
2025-08-10 11:42:42,2025-08-10 13:52:42,,,,2025-08-10 11:55:42,강북구,2동,동작구,2동,여가 활동,2088,7.1,휠체어 탑승형 대형,뇌병변장애 2급
2025-01-07 23:52:46,2025-01-08 00:45:46,2025-01-08 00:24:29.697699,2025-01-08 00:29:47.563385,2025-01-08 01:01:11.158230,,관악구,1동,마포구,1동,출퇴근,2816,9.7,기타 차량,국가유공자(상이)
2025-07-29 08:38:29,2025-07-29 10:51:29,2025-07-29 08:43:59.320605,2025-07-29 08:47:07.509588,2025-07-29 09:18:37.553985,,용산구,2동,양천구,2동,기타,3047,12.1,일반 세단형,뇌병변장애 1급
2025-03-10 13:20:26,2025-03-10 14:00:26,2025-03-12 09:20:26,2025-03-10 13:39:01.531539,2025-03-10 14:34:23.181304,,강남구,2동,서초구,2동,경조사,3621,20.3,기타 차량,뇌병변장애 2급
2025-01-15 13:21:12,2025-01-15 16:05:12,2025-01-15 14:14:59.572433,2025-01-15 14:25:06.297386,2025-01-15 14:44:47.851171,,은평구,3동,도봉구,3동,기타,2396,8.2,일반 세단형,지체장애 2급
2025-05-23 09:38:33,2025-05-23 10:50:33,2025-05-23 10:13:07.408319,2025-05-23 10:14:45.694251,2025-05-23 10:37:09.115542,,광진구,3동,노원구,3동,여가 활동,2396,8.2,일반 세단형,신장장애
2025-01-28 09:28:17,2025-01-28 12:04:17,2025-01-28 09:35:31.067721,2025-01-28 09:44:43.455305,2025-01-28 09:57:15.936354,,동대문구,3동,용산구,3동,재활 치료,1500,4.7,휠체어 탑승형 중형,시각장애 1급
2025-09-17 11:18:10,2025-09-17 13:42:10,,,,2025-09-17 11:20:10,성북구,3동,금천구,1동,기타,3145,13.5,휠체어 탑승형 대형,뇌병변장애 2급
2025-06-18 09:40:40,2025-06-18 10:52:40,2025-06-18 09:43:26.756003,2025-06-18 09:52:31.653716,2025-06-18 09:59:04.517700,,동대문구,3동,구로구,1동,경조사,1500,2.0,휠체어 탑승형 중형,지체장애 1급
2025-07-02 06:41:53,2025-07-02 07:00:53,2025-07-02 06:51:40.418114,2025-07-02 06:52:40.418114,2025-07-02 07:10:21.636525,,송파구,3동,성북구,1동,출퇴근,1500,4.7,기타 차량,뇌병변장애 1급
2025-05-29 16:04:34,2025-05-29 16:29:34,2025-05-29 16:25:47.241376,2025-05-29 16:31:23.742150,2025-05-29 17:35:53.172277,,경기 성남시,1동,금천구,1동,병원 진료,3404,17.2,휠체어 탑승형 대형,뇌병변장애 2급
2025-09-14 17:12:27,2025-09-14 17:37:27,2025-09-14 17:01:27,2025-09-14 17:39:22.002488,2025-09-14 18:02:36.107120,,강서구,3동,용산구,3동,학교 등하교,2060,7.0,휠체어 탑승형 중형,지체장애 1급
2025-11-17 09:46:17,2025-11-17 11:40:17,2025-11-17 10:06:23.390637,2025-11-17 10:11:48.732073,2025-11-17 10:25:56.903101,,서대문구,3동,관악구,1동,출퇴근,1612,5.4,일반 세단형,뇌병변장애 2급
2025-04-27 10:14:04,2025-04-27 12:54:04,2025-04-27 10:26:15.154715,2025-04-27 10:27:54.346542,2025-04-27 10:42:32.001055,,강서구,1동,강동구,3동,출퇴근,1752,5.9,기타 차량,신장장애
2025-09-06 12:33:22,2025-09-06 15:19:22,2025-09-06 12:50:12.430002,2025-09-06 13:04:14.927965,2025-09-06 13:29:07.837851,,양천구,1동,성북구,1동,복지관 이용,2284,7.8,휠체어 탑승형 대형,뇌병변장애 2급
2025-12-21 14:34:41,2025-12-21 16:07:41,,,,2025-12-21 14:50:41,영등포구,2동,양천구,2동,여가 활동,1500,3.9,휠체어 탑승형 중형,지체장애 2급
2025-06-21 09:55:10,2025-06-21 12:46:10,2025-06-21 10:00:01.285148,2025-06-21 10:08:44.045647,2025-06-21 10:52:58.809650,,관악구,2동,동대문구,2동,기타,3278,15.4,일반 세단형,시각장애 1급
2025-04-19 08:03:28,2025-04-19 09:58:28,,,,2025-04-19 08:23:28,관악구,2동,노원구,2동,복지관 이용,2592,8.9,기타 차량,시각장애 1급
2025-05-28 20:51:52,2025-05-28 21:20:52,2025-05-28 20:53:19.606222,2025-05-28 20:56:05.978568,2025-05-28 21:28:29.379045,,금천구,1동,서초구,2동,관공서 방문,2368,8.1,기타 차량,뇌병변장애 1급
2025-06-25 06:17:51,2025-06-25 07:53:51,2025-06-25 06:30:04.711300,2025-06-25 06:38:43.384312,2025-06-25 06:41:43.384312,,강남구,2동,은평구,2동,기타,1500,0.9,일반 세단형,뇌병변장애 1급
2025-06-20 15:02:22,2025-06-20 16:22:22,2025-06-20 15:18:24.091799,2025-06-20 15:19:39.123129,2025-06-20 16:16:36.799808,,관악구,1동,성북구,2동,경조사,3383,16.9,휠체어 탑승형 중형,시각장애 1급
2025-02-14 08:42:15,2025-02-14 10:21:15,2025-02-14 08:51:57.397859,2025-02-14 08:56:48.173411,2025-02-14 09:24:08.820472,,강서구,3동,서대문구,1동,여가 활동,2704,9.3,휠체어 탑승형 중형,지체장애 2급
2025-10-23 19:26:25,2025-10-23 21:25:25,2025-10-23 19:31:45.552422,2025-10-23 19:42:41.705133,2025-10-23 19:48:27.470684,,성북구,1동,구로구,1동,경조사,1500,1.9,기타 차량,지체장애 2급
2025-04-10 14:46:30,2025-04-10 16:57:30,2025-04-10 15:24:41.536162,2025-04-10 15:28:04.292596,2025-04-10 15:58:13.298617,,구로구,1동,서대문구,3동,재활 치료,3040,12.0,휠체어 탑승형 중형,지체장애 2급
2025-09-28 14:28:26,2025-09-28 14:54:26,2025-09-28 14:44:05.255801,2025-09-28 14:45:39.952657,2025-09-28 14:59:45.231011,,동작구,2동,강북구,1동,여가 활동,1500,4.5,기타 차량,신장장애
2025-03-02 16:45:28,2025-03-02 17:30:28,2025-03-02 17:24:01.858750,2025-03-02 17:36:46.037350,2025-03-02 17:55:27.143667,,중랑구,2동,중구,1동,복지관 이용,1584,5.3,일반 세단형,뇌병변장애 1급
2025-11-16 10:46:17,2025-11-16 12:33:17,2025-11-16 10:50:37.289073,2025-11-16 10:51:55.169202,2025-11-16 11:43:28.471586,,광진구,3동,강남구,3동,경조사,3257,15.1,휠체어 탑승형 대형,신장장애
2025-04-06 08:25:30,2025-04-06 09:05:30,2025-04-06 08:50:31.809339,2025-04-06 08:52:10.910095,2025-04-06 09:11:15.416698,,용산구,3동,구로구,1동,출퇴근,1556,5.2,기타 차량,신장장애
2025-11-13 16:27:50,2025-11-13 16:56:50,2025-11-13 16:43:18.935275,2025-11-13 16:50:03.162186,2025-11-13 17:29:39.390333,,서대문구,2동,동대문구,1동,주간보호센터,3222,14.6,휠체어 탑승형 중형,신장장애
2025-06-02 00:12:51,2025-06-02 01:30:51,,,,2025-06-02 00:26:51,노원구,3동,서초구,2동,학교 등하교,3523,18.9,기타 차량,지체장애 2급
2025-01-04 22:18:43,2025-01-05 00:56:43,2025-01-04 22:38:38.994826,,,2025-01-04 22:47:38.994826,영등포구,2동,도봉구,1동,병원 진료,3453,17.9,휠체어 탑승형 중형,신장장애
2025-03-06 17:16:44,2025-03-06 19:11:44,2025-03-06 17:49:33.564877,2025-03-06 17:54:30.615169,2025-03-06 18:27:40.451009,,도봉구,1동,송파구,1동,출퇴근,3138,13.4,일반 세단형,신장장애
2025-12-21 14:14:29,2025-12-21 16:43:29,2025-12-21 14:15:29,2025-12-21 14:18:21.269482,2025-12-21 15:15:12.660735,,용산구,2동,노원구,3동,관공서 방문,3488,18.4,일반 세단형,신장장애
2025-07-11 15:39:14,2025-07-11 18:14:14,2025-07-11 15:48:57.405855,2025-07-11 15:55:08.137363,2025-07-11 16:02:32.459263,,서대문구,1동,은평구,3동,직업훈련,1500,2.8,기타 차량,신장장애
2025-04-05 21:45:32,2025-04-05 22:34:32,,,,2025-04-05 21:52:32,서대문구,1동,마포구,2동,기타,2088,7.1,휠체어 탑승형 중형,국가유공자(상이)
2025-01-07 00:04:11,2025-01-07 02:45:11,2025-01-07 00:21:12.707955,2025-01-07 00:23:47.316948,2025-01-07 00:34:57.251889,,은평구,2동,중구,2동,복지관 이용,1500,4.1,휠체어 탑승형 중형,지체장애 2급
2025-04-04 11:23:28,2025-04-04 12:26:28,2025-04-04 11:25:13.619991,2025-04-04 11:26:13.619991,2025-04-04 12:32:41.291899,,중구,1동,영등포구,1동,기타,3397,17.1,휠체어 탑승형 중형,국가유공자(상이)
2025-03-21 08:42:33,2025-03-21 10:37:33,2025-03-21 08:48:03.737478,2025-03-21 08:51:23.253035,2025-03-21 09:02:13.961250,,강북구,1동,동작구,3동,복지관 이용,1500,4.5,일반 세단형,국가유공자(상이)
2025-08-26 15:12:32,2025-08-26 15:40:32,2025-08-26 15:19:54.214431,2025-08-26 15:21:22.415810,2025-08-26 16:08:57.749956,,용산구,3동,중구,2동,복지관 이용,3264,15.2,일반 세단형,뇌병변장애 1급
2025-10-26 14:30:45,2025-10-26 16:10:45,2025-10-26 14:52:04.361767,2025-10-26 15:01:02.152842,2025-10-26 15:30:00.483246,,은평구,2동,서울 서초구,3동,주간보호센터,3033,11.9,휠체어 탑승형 대형,뇌병변장애 1급
2025-08-20 16:18:02,2025-08-20 16:43:02,2025-08-20 16:46:27.317781,2025-08-20 16:47:36.775074,2025-08-20 17:03:32.027757,,성동구,2동,성북구,3동,경조사,1528,5.1,기타 차량,지체장애 2급
2025-06-19 10:42:40,2025-06-19 13:09:40,2025-06-19 11:47:44.322219,2025-06-19 11:50:01.562106,2025-06-19 12:30:49.042474,,성북구,3동,마포구,3동,복지관 이용,2963,10.9,기타 차량,국가유공자(상이)
2025-12-24 15:47:47,2025-12-24 17:13:47,2025-12-24 16:04:09.979090,2025-12-24 16:05:09.979090,2025-12-24 16:17:59.552633,,동작구,1동,종로구,2동,주간보호센터,1528,5.1,휠체어 탑승형 중형,지체장애 2급
2025-12-03 09:14:06,2025-12-03 10:27:06,,,,2025-12-03 09:41:06,마포구,2동,종로구,3동,기타,1696,5.7,일반 세단형,지체장애 2급
2025-03-21 13:24:36,2025-03-21 14:10:36,2025-03-21 13:36:42.952106,2025-03-21 13:38:07.324235,2025-03-21 14:14:42.803571,,강동구,2동,성동구,2동,기타,2704,9.3,기타 차량,뇌병변장애 2급
2025-05-20 11:42:46,2025-05-20 12:47:46,2025-05-20 11:43:59.926269,2025-05-20 11:47:53.074945,2025-05-20 12:22:50.465906,,관악구,1동,구로구,2동,재활 치료,2963,10.9,일반 세단형,국가유공자(상이)
2025-09-24 16:45:41,2025-09-24 19:01:41,,,,2025-09-24 17:02:41,중랑구,2동,강서구,1동,병원 진료,1640,5.5,일반 세단형,지체장애 2급
2025-01-03 18:20:43,2025-01-03 19:40:43,2025-01-03 19:01:24.598751,2025-01-03 19:08:44.618481,2025-01-03 19:41:29.854352,,종로구,1동,서대문구,2동,재활 치료,2760,9.5,휠체어 탑승형 중형,지체장애 1급
2025-10-14 13:54:11,2025-10-14 14:51:11,2025-10-14 14:24:40.518671,2025-10-14 14:26:14.007096,2025-10-14 14:34:22.162419,,성북구,1동,종로구,3동,주간보호센터,1500,3.0,휠체어 탑승형 대형,뇌병변장애 2급
2025-07-13 12:11:56,2025-07-13 13:22:56,2025-07-13 12:36:23.078342,2025-07-13 12:38:05.516179,2025-07-13 13:03:58.002503,,중구,3동,서초,3동,병원 진료,2060,7.0,기타 차량,국가유공자(상이)
2025-01-16 18:43:45,2025-01-16 20:42:45,2025-01-16 18:48:31.995455,2025-01-16 18:49:31.995455,2025-01-16 19:21:37.302135,,성북구,2동,강북구,3동,관공서 방문,3047,12.1,휠체어 탑승형 중형,신장장애
2025-01-14 09:50:13,2025-01-14 11:01:13,2025-01-14 09:53:24.018614,2025-01-14 09:56:01.209361,2025-01-14 10:29:32.007294,,구로구,2동,경기 성남시,2동,주간보호센터,3131,13.3,기타 차량,신장장애
2025-03-29 07:04:43,2025-03-29 08:30:43,2025-03-29 07:06:40.676398,2025-03-29 07:10:25.556314,2025-03-29 07:53:07.082197,,강남구,1동,강북구,3동,기타,3250,15.0,휠체어 탑승형 대형,뇌병변장애 2급
2025-08-08 01:42:55,2025-08-08 02:06:55,2025-08-08 01:52:13.239611,2025-08-08 01:53:13.239611,2025-08-08 02:32:50.101665,,마포구,1동,강동구,1동,경조사,3082,12.6,휠체어 탑승형 중형,지체장애 2급
2025-10-30 09:39:56,2025-10-30 12:10:56,2025-10-30 09:43:27.074933,2025-10-30 09:53:10.379399,2025-10-30 10:19:05.747878,,송파구,1동,도봉구,2동,여가 활동,2368,8.1,기타 차량,시각장애 1급
2025-10-01 17:36:09,2025-10-01 19:30:09,2025-10-01 17:37:09,2025-10-01 17:38:09,2025-10-01 18:29:10.021948,,관악구,3동,용산구,2동,학교 등하교,3334,16.2,휠체어 탑승형 중형,뇌병변장애 2급
2025-08-18 23:32:47,2025-08-19 01:48:47,2025-08-19 00:29:51.678179,2025-08-19 00:30:55.127442,2025-08-19 00:53:53.911174,,중구,3동,양천구,3동,여가 활동,2200,7.5,휠체어 탑승형 중형,시각장애 1급
2025-03-14 12:57:33,2025-03-14 13:24:33,,,,2025-03-14 12:58:33,세종시,2동,구로구,1동,기타,2452,8.4,기타 차량,시각장애 1급
2025-03-14 17:36:39,2025-03-14 17:49:39,2025-03-14 18:10:57.643908,2025-03-14 18:15:01.291767,2025-03-14 18:34:57.001177,,마포구,2동,구로구,3동,출퇴근,2060,7.0,기타 차량,지체장애 1급
2025-10-20 12:39:11,2025-10-20 13:53:11,2025-10-20 13:02:20.843181,2025-10-20 13:08:42.600170,2025-10-20 13:40:02.553698,,노원구,1동,도봉구,3동,경조사,2592,8.9,기타 차량,지체장애 2급
2025-05-28 16:24:30,2025-05-28 17:54:30,2025-05-28 17:44:37.961825,2025-05-28 17:56:48.271487,2025-05-28 18:02:34.603524,,노원구,1동,서대문구,1동,관공서 방문,1500,2.1,기타 차량,신장장애
2025-09-14 13:34:36,2025-09-14 16:15:36,2025-09-14 13:36:27.592035,2025-09-14 13:40:36.800530,2025-09-14 13:55:38.101602,,성동구,2동,광진구,2동,출퇴근,1584,5.3,일반 세단형,뇌병변장애 2급
0000-00-00,2025-01-09 14:32:24,2025-01-09 12:42:35.182833,2025-01-09 12:49:07.491698,2025-01-09 13:19:13.234575,,서초구,2동,종로구,2동,기타,2648,9.1,기타 차량,지체장애 2급
2025-01-08 17:43:58,2025-01-08 18:49:58,2025-01-08 18:05:55.371578,2025-01-08 18:21:00.100511,2025-01-08 19:05:14.317074,,종로구,2동,강북구,1동,기타,3229,14.7,일반 세단형,국가유공자(상이)
2025-03-08 07:14:51,2025-03-08 10:01:51,2025-03-08 07:26:50.830701,2025-03-08 07:40:38.953017,2025-03-08 08:22:37.780098,,종로구,3동,강서구,1동,주간보호센터,3096,12.8,휠체어 탑승형 대형,뇌병변장애 2급
2025-06-12 13:41:18,2025-06-12 14:37:18,2025-06-12 13:55:32.787628,2025-06-12 14:13:23.904343,2025-06-12 15:00:20.878788,,중구,3동,광진구,1동,복지관 이용,3082,12.6,휠체어 탑승형 중형,뇌병변장애 2급
2025-02-19 11:22:16,2025-02-19 14:08:16,,,,2025-02-19 11:43:16,광진구,2동,노원구,2동,복지관 이용,3292,15.6,휠체어 탑승형 중형,지체장애 1급
2025-09-03 21:57:24,2025-09-03 22:28:24,2025-09-03 22:03:40.231104,2025-09-03 22:04:40.231104,2025-09-03 22:38:19.093839,,금천구,1동,구로구,1동,학교 등하교,3131,13.3,기타 차량,신장장애
2025-02-11 08:55:52,2025-02-11 09:30:52,2025-02-11 08:56:52,2025-02-11 08:57:52,2025-02-11 09:15:34.361386,,서대문구,1동,금천구,2동,복지관 이용,1500,4.8,일반 세단형,뇌병변장애 1급
2025-09-22 09:52:00,2025-09-22 11:05:00,2025-09-22 10:00:05.440987,2025-09-22 10:18:39.269796,2025-09-22 10:51:41.202739,,강남구,1동,강북구,2동,병원 진료,2872,9.9,기타 차량,지체장애 2급
2025-11-28 11:28:42,2025-11-28 11:49:42,2025-11-28 11:53:13.776017,2025-11-28 11:54:46.770001,2025-11-28 12:07:12.353318,,종로구,2동,영등포구,2동,여가 활동,1500,4.3,휠체어 탑승형 대형,시각장애 1급
2025-04-11 08:26:36,2025-04-11 10:38:36,2025-04-11 08:29:44.783563,2025-04-11 08:40:50.278090,2025-04-11 09:26:10.316801,,중랑구,3동,노원구,3동,주간보호센터,3495,18.5,일반 세단형,국가유공자(상이)
2025-09-18 13:31:42,2025-09-18 15:45:42,2025-09-18 14:01:25.222009,2025-09-18 14:04:34.770565,2025-09-18 14:46:31.197436,,강서구,1동,강남구,2동,복지관 이용,2963,10.9,휠체어 탑승형 중형,뇌병변장애 2급
2025-10-04 16:09:36,2025-10-04 19:08:36,2025-10-04 16:23:04.162125,2025-10-04 16:36:04.362555,2025-10-04 16:46:17.316888,,노원구,2동,양천구,1동,복지관 이용,1500,3.3,휠체어 탑승형 대형,신장장애
2025-06-11 07:03:33,2025-06-11 07:17:33,2025-06-11 07:06:03.794784,2025-06-11 07:27:10.713849,2025-06-11 08:04:55.893000,,도봉구,3동,동대문구,1동,경조사,3173,13.9,기타 차량,신장장애
2025-03-28 09:18:05,2025-03-28 11:02:05,2025-03-28 09:28:49.938723,2025-03-28 09:50:13.577464,2025-03-28 10:11:04.285888,,강서구,2동,중구,3동,주간보호센터,1864,6.3,휠체어 탑승형 대형,시각장애 1급
2025-10-25 08:15:23,2025-10-25 08:41:23,2025-10-25 08:16:23,2025-10-25 08:37:32.889057,2025-10-25 09:09:32.054048,,금천구,3동,강남구,1동,직업훈련,3089,12.7,휠체어 탑승형 중형,신장장애
2025-01-25 13:37:34,2025-01-25 16:20:34,2025-01-25 13:11:34,2025-01-25 13:43:01.624588,2025-01-25 13:59:22.144395,,종로구,2동,용산구,2동,주간보호센터,1500,4.1,휠체어 탑승형 대형,지체장애 2급
2025-05-07 17:12:06,2025-05-07 19:36:06,2025-05-07 17:35:23.725932,,,2025-05-07 17:49:23.725932,구로구,2동,동작구,2동,주간보호센터,1640,5.5,기타 차량,뇌병변장애 2급
2025-03-09 02:41:40,2025-03-09 03:37:40,2025-03-09 02:57:21.167998,2025-03-09 02:58:21.167998,2025-03-09 03:28:09.653830,,성동구,3동,광진구,2동,재활 치료,3068,12.4,일반 세단형,뇌병변장애 1급
2025-02-05 10:38:41,2025-02-05 11:09:41,2025-02-05 10:58:39.545236,2025-02-05 10:59:39.545236,2025-02-05 11:08:36.179775,,구로구,3동,금천구,1동,학교 등하교,1500,2.9,휠체어 탑승형 중형,지체장애 1급
2025-11-28 13:32:54,2025-11-28 13:57:54,2025-11-28 14:04:54.984536,2025-11-28 14:14:23.764070,2025-11-28 14:35:20.743514,,노원구,1동,도봉구,2동,재활 치료,1920,6.5,휠체어 탑승형 중형,시각장애 1급
2025-05-29 11:39:16,2025-05-29 13:01:16,2025-05-29 12:03:41.685907,2025-05-29 12:10:11.569488,2025-05-29 12:41:19.640605,,중구,2동,서대문구,3동,직업훈련,2949,10.7,일반 세단형,지체장애 2급
2025-12-11 11:42:38,2025-12-11 14:34:38,2025-12-11 11:45:41.401644,2025-12-11 12:03:18.193515,2025-12-11 12:13:40.384670,,강남구,2동,송파구,3동,주간보호센터,1500,3.3,휠체어 탑승형 대형,신장장애
2025-11-03 08:26:43,2025-11-03 10:24:43,2025-11-03 08:41:20.988633,2025-11-03 09:05:48.401319,2025-11-03 10:14:35.553003,,종로구,1동,동작구,1동,재활 치료,3481,18.3,휠체어 탑승형 중형,지체장애 2급
2025-02-05 12:10:10,2025-02-05 14:05:10,2025-02-05 12:59:30.393321,2025-02-05 13:04:33.846184,2025-02-05 14:05:57.875824,,은평구,3동,도봉구,2동,직업훈련,3460,18.0,휠체어 탑승형 대형,뇌병변장애 2급
2025-04-13 17:20:06,2025-04-13 19:42:06,,,,2025-04-13 17:30:06,도봉구,3동,도봉구,2동,직업훈련,1864,6.3,기타 차량,뇌병변장애 1급
2025-12-23 10:32:43,2025-12-23 12:03:43,2025-12-23 10:49:09.485221,2025-12-23 10:57:54.581513,2025-12-23 11:09:18.760285,,경기 성남시,1동,성북구,3동,학교 등하교,1500,3.0,기타 차량,국가유공자(상이)
2025-03-31 06:39:38,2025-03-31 07:09:38,2025-03-31 06:41:13.520069,2025-03-31 06:48:57.592080,2025-03-31 07:15:21.098555,,동작구,2동,강북구,3동,출퇴근,2340,8.0,휠체어 탑승형 중형,신장장애
2025-01-10 14:31:06,2025-01-10 17:04:06,2025-01-10 14:39:55.473644,,,2025-01-10 14:49:55.473644,서대문구,2동,중랑구,2동,기타,1584,5.3,일반 세단형,신장장애
2025-06-28 08:16:41,2025-06-28 09:37:41,2025-06-28 08:36:04.466525,2025-06-28 08:45:54.533509,2025-06-28 09:12:19.471115,,양천구,3동,도봉구,3동,주간보호센터,2942,10.6,기타 차량,시각장애 1급
2025-10-26 17:01:25,2025-10-26 19:07:25,2025-10-26 17:10:16.510675,2025-10-26 17:14:07.276219,2025-10-26 17:30:07.377964,,성북구,2동,노원구,2동,주간보호센터,1920,6.5,휠체어 탑승형 중형,지체장애 2급
2025-07-20 08:45:48,2025-07-20 09:11:48,2025-07-20 08:52:07.667915,2025-07-20 08:53:22.052501,2025-07-20 09:00:18.876476,,구로구,3동,강북구,2동,주간보호센터,1500,2.2,휠체어 탑승형 중형,신장장애
2025-08-20 12:06:18,2025-08-20 13:15:18,2025-08-20 12:09:40.295942,2025-08-20 12:25:41.766580,2025-08-20 13:07:49.773477,,은평구,3동,용산구,1동,관공서 방문,3054,12.2,휠체어 탑승형 대형,국가유공자(상이)
2025-11-11 16:37:53,2025-11-11 17:52:53,2025-11-11 18:00:32.520250,2025-11-11 18:23:34.432824,2025-11-11 18:51:37.769728,,성동구,2동,성북구,1동,기타,2200,7.5,휠체어 탑승형 대형,지체장애 2급
2025-06-05 14:38:16,2025-06-05 17:02:16,2025-06-05 14:43:46.810320,2025-06-05 14:59:51.106809,2025-06-05 15:08:16.894222,,관악구,2동,동작구,3동,경조사,1500,3.4,휠체어 탑승형 대형,지체장애 1급
2025-11-22 22:18:39,2025-11-22 23:06:39,2025-11-22 22:27:16.640985,2025-11-22 22:28:16.640985,2025-11-22 22:42:07.647339,,도봉구,3동,중랑구,2동,주간보호센터,1500,4.3,휠체어 탑승형 중형,시각장애 1급
2025-09-08 16:28:50,2025-09-08 18:59:50,2025-09-08 16:30:54.347031,2025-09-08 16:33:05.795084,2025-09-08 17:34:47.683365,,강남구,3동,마포구,3동,학교 등하교,3586,19.8,일반 세단형,뇌병변장애 2급
2025-10-24 16:46:36,2025-10-24 17:29:36,2025-10-24 16:47:36,2025-10-24 16:51:38.867641,2025-10-24 17:13:31.419730,,송파구,2동,강북구,1동,병원 진료,1780,6.0,휠체어 탑승형 중형,신장장애
2025-04-07 11:37:44,2025-04-07 13:08:44,2025-04-07 12:04:25.526232,2025-04-07 12:21:19.311682,2025-04-07 12:57:33.338423,,동작구,3동,서초구,3동,출퇴근,2977,11.1,기타 차량,신장장애
2025-05-24 12:06:41,2025-05-24 14:21:41,2025-05-24 12:08:33.992361,2025-05-24 12:21:15.600165,2025-05-24 13:16:34.014989,,도봉구,2동,용산구,3동,재활 치료,3222,14.6,휠체어 탑승형 중형,지체장애 2급
2025-09-09 09:27:56,2025-09-09 12:06:56,2025-09-09 09:38:23.098798,2025-09-09 09:39:57.175600,2025-09-09 09:57:22.457344,,영등포구,3동,강북구,1동,기타,1500,4.7,휠체어 탑승형 중형,신장장애
2025-08-27 14:43:31,2025-08-27 17:10:31,2025-08-27 14:51:17.759696,2025-08-27 15:01:04.093584,2025-08-27 15:30:42.840674,,강동구,3동,동작구,3동,관공서 방문,2760,9.5,기타 차량,국가유공자(상이)
2025-07-28 17:24:05,2025-07-28 19:06:05,,,,2025-07-28 17:52:05,양천구,1동,성북구,2동,주간보호센터,1696,5.7,휠체어 탑승형 대형,지체장애 2급
2025-05-11 17:36:43,2025-05-11 19:09:43,2025-05-11 18:02:56.363335,,,2025-05-11 18:06:56.363335,중랑구,1동,영등포구,1동,출퇴근,1500,2.8,기타 차량,시각장애 1급
2025-03-09 10:29:23,2025-03-09 10:39:23,2025-03-09 10:38:58.782831,2025-03-09 11:09:18.219438,2025-03-09 11:36:30.173749,,강남구,2동,서대문구,2동,주간보호센터,2942,10.6,일반 세단형,신장장애
2025-09-10 10:44:54,2025-09-10 13:17:54,2025-09-10 10:54:11.152006,2025-09-10 11:08:29.983568,2025-09-10 11:18:32.365895,,용산구,1동,강동구,1동,주간보호센터,1500,3.0,기타 차량,지체장애 2급
2025-10-16 20:11:05,2025-10-16 20:29:05,2025-10-16 20:49:15.613270,2025-10-16 20:50:37.593439,2025-10-16 22:11:11.424661,,마포구,3동,금천구,1동,경조사,3817,23.1,휠체어 탑승형 대형,국가유공자(상이)
2025-11-30 10:32:35,2025-11-30 11:58:35,2025-11-30 10:33:42.613284,2025-11-30 10:51:02.762001,2025-11-30 12:04:14.212668,,서초,1동,성동구,2동,경조사,3516,18.8,휠체어 탑승형 중형,지체장애 2급
2025-12-24 14:03:18,2025-12-24 14:59:18,2025-12-24 14:06:02.341466,2025-12-24 14:13:50.127145,2025-12-24 14:58:57.655882,,강남구,3동,광진구,2동,경조사,3138,13.4,기타 차량,뇌병변장애 1급
2025-08-22 17:39:27,2025-08-22 19:03:27,2025-08-22 18:13:25.329604,2025-08-22 18:36:52.865484,2025-08-22 18:58:47.242631,,종로구,1동,서초구,1동,복지관 이용,1752,5.9,기타 차량,지체장애 2급
2025-12-21 15:28:30,2025-12-21 16:33:30,2025-12-21 15:36:50.924074,2025-12-21 15:38:59.830303,2025-12-21 16:34:29.846099,,도봉구,3동,영등포구,2동,병원 진료,3579,19.7,휠체어 탑승형 대형,시각장애 1급
2025-04-17 04:35:34,2025-04-17 04:52:34,2025-04-17 05:20:47.663657,2025-04-17 05:28:34.361874,2025-04-17 05:40:06.901918,,금천구,1동,금천구,2동,여가 활동,1500,4.0,휠체어 탑승형 중형,시각장애 1급
2025-10-15 12:24:59,2025-10-15 13:48:59,,,,2025-10-15 12:45:59,성동구,1동,금천구,1동,관공서 방문,1500,4.3,휠체어 탑승형 중형,지체장애 1급
2025-12-13 17:00:32,2025-12-13 17:36:32,2025-12-13 17:53:04.820109,2025-12-13 18:05:01.761414,2025-12-13 18:10:11.278031,,중구,1동,동대문구,2동,병원 진료,1500,1.8,기타 차량,국가유공자(상이)
2025-08-22 07:14:44,2025-08-22 07:30:44,2025-08-22 07:19:43.288946,2025-08-22 07:46:38.037728,2025-08-22 08:07:53.968422,,동작구,1동,관악구,1동,직업훈련,2480,8.5,기타 차량,신장장애
2025-11-27 18:31:30,2025-11-27 19:20:30,2025-11-27 18:32:30,2025-11-27 18:34:02.512692,2025-11-27 18:56:11.188702,,도봉구,1동,동작구,2동,복지관 이용,2424,8.3,기타 차량,뇌병변장애 1급
2025-08-14 18:02:37,2025-08-14 18:16:37,,,,2025-08-14 18:15:37,동대문구,1동,영등포구,2동,출퇴근,2592,8.9,기타 차량,지체장애 2급
2025-09-22 19:04:56,2025-09-22 21:33:56,2025-09-22 19:26:49.319872,2025-09-22 19:33:16.275640,2025-09-22 19:58:50.285337,,광진구,3동,강동구,1동,복지관 이용,2340,8.0,일반 세단형,지체장애 2급
2025-04-21 15:58:40,2025-04-21 17:34:40,,,,2025-04-21 16:04:40,성동구,1동,영등포구,1동,재활 치료,3222,14.6,기타 차량,지체장애 1급
2025-05-08 17:58:10,2025-05-08 20:06:10,2025-05-08 17:59:10,2025-05-08 18:01:40.921741,2025-05-08 18:29:08.312620,,동작구,3동,강동구,1동,직업훈련,2228,7.6,휠체어 탑승형 중형,뇌병변장애 2급
2025-10-07 08:27:23,2025-10-07 09:53:23,2025-10-07 08:56:15.617007,2025-10-07 08:58:15.970824,2025-10-07 09:11:43.378058,,구로구,3동,용산구,2동,직업훈련,1500,4.7,기타 차량,국가유공자(상이)
2025-04-20 19:21:59,2025-04-20 21:55:59,2025-04-20 19:29:44.885862,2025-04-20 19:33:51.878831,2025-04-20 20:30:10.293722,,서초구,3동,양천구,3동,여가 활동,3243,14.9,기타 차량,뇌병변장애 1급
2025-03-20 11:57:26,2025-03-20 13:33:26,2025-03-20 12:00:44.453724,2025-03-20 12:01:44.453724,2025-03-20 12:41:17.591492,,동작구,1동,강남구,1동,관공서 방문,3103,12.9,일반 세단형,뇌병변장애 1급
2025-02-16 11:00:32,2025-02-16 11:20:32,2025-02-16 11:05:46.998466,2025-02-16 11:20:09.661990,2025-02-16 11:34:36.766732,,강동구,1동,송파구,1동,출퇴근,1584,5.3,기타 차량,뇌병변장애 2급
2025-07-14 13:53:17,2025-07-14 15:17:17,2025-07-14 13:54:50.992189,2025-07-14 14:07:21.409134,2025-07-14 14:42:01.634663,,동대문구,2동,관악구,1동,병원 진료,2620,9.0,일반 세단형,지체장애 1급
2025-02-25 21:41:49,2025-02-26 00:39:49,2025-02-25 22:33:57.896826,2025-02-25 22:44:07.502849,2025-02-25 23:04:13.867758,,관악구,3동,금천구,2동,복지관 이용,1808,6.1,휠체어 탑승형 중형,지체장애 1급
2025-08-19 09:04:20,2025-08-19 12:04:20,2025-08-19 08:41:20,2025-08-19 09:17:08.874945,2025-08-19 09:31:01.584800,,중랑구,2동,강동구,1동,직업훈련,1500,4.4,일반 세단형,국가유공자(상이)
2025-02-15 07:32:28,2025-02-15 09:42:28,2025-02-15 07:40:09.525801,2025-02-15 07:41:09.525801,2025-02-15 08:23:52.433606,,관악구,1동,중구,3동,주간보호센터,2956,10.8,기타 차량,시각장애 1급
2025-08-16 14:18:49,2025-08-16 16:03:49,,,,2025-08-16 14:24:49,강북구,3동,노원구,3동,재활 치료,1500,4.5,기타 차량,지체장애 1급
2025-05-12 18:49:31,2025-05-12 21:45:31,2025-05-12 19:43:36.658605,2025-05-12 19:53:09.831835,2025-05-12 20:16:38.282323,,도봉구,3동,종로구,3동,여가 활동,2256,7.7,휠체어 탑승형 중형,시각장애 1급
2025-11-03 21:20:35,2025-11-04 00:15:35,2025-11-03 21:25:34.081220,2025-11-03 21:36:22.978543,2025-11-03 21:39:49.836919,,강동구,3동,노원구,3동,관공서 방문,1500,1.2,휠체어 탑승형 중형,신장장애
2025-02-24 18:55:48,2025-02-24 19:47:48,,,,2025-02-24 19:16:48,성북구,3동,양천구,1동,복지관 이용,1500,2.4,휠체어 탑승형 중형,지체장애 2급
2025-08-15 21:53:59,2025-08-15 23:48:59,2025-08-15 22:09:08.605311,2025-08-15 22:10:08.605311,2025-08-15 22:23:49.672202,,강남구,3동,양천구,2동,경조사,1668,5.6,휠체어 탑승형 중형,신장장애
2025-02-01 09:42:08,2025-02-01 10:54:08,2025-02-01 09:43:08,2025-02-01 10:04:57.525037,2025-02-01 10:31:37.668846,,광진구,1동,강북구,1동,여가 활동,2970,11.0,휠체어 탑승형 중형,지체장애 2급
2025-06-27 15:42:54,2025-06-27 15:58:54,2025-06-27 15:45:33.191783,2025-06-27 15:48:07.935334,2025-06-27 16:04:21.968394,,동대문구,1동,노원구,2동,직업훈련,1500,4.4,기타 차량,신장장애
2025-12-08 17:58:31,2025-12-08 18:39:31,2025-12-08 19:03:33.813363,2025-12-08 19:11:50.028816,2025-12-08 19:28:19.276527,,서대문구,2동,관악구,2동,경조사,1500,4.8,기타 차량,국가유공자(상이)
2025-08-11 17:17:36,2025-08-11 17:52:36,2025-08-11 17:23:00.202872,2025-08-11 17:24:39.844062,2025-08-11 17:37:27.666104,,강동구,1동,서대문구,3동,복지관 이용,1500,4.7,일반 세단형,뇌병변장애 1급
2025-06-02 08:25:31,2025-06-02 10:51:31,2025-06-02 08:33:36.735825,2025-06-02 08:35:19.729166,2025-06-02 08:45:40.162391,,중랑구,3동,서초구,1동,출퇴근,1500,3.9,일반 세단형,지체장애 1급
2025-11-13 08:19:23,2025-11-13 09:34:23,2025-11-13 08:28:03.198584,2025-11-13 08:29:03.198584,2025-11-13 09:12:33.558969,,강동구,2동,관악구,2동,주간보호센터,3145,13.5,휠체어 탑승형 대형,지체장애 2급
2025-06-18 17:53:23,2025-06-18 18:19:23,2025-06-18 18:02:33.515866,2025-06-18 18:10:47.596826,2025-06-18 19:28:11.035263,,중랑구,1동,중랑구,1동,복지관 이용,3579,19.7,휠체어 탑승형 대형,뇌병변장애 1급
2025-02-20 05:39:01,2025-02-20 08:20:01,2025-02-20 05:45:58.041105,2025-02-20 06:10:35.831064,2025-02-20 06:13:40.948977,,은평구,1동,서대문구,2동,경조사,1500,1.1,일반 세단형,국가유공자(상이)
2025-11-06 15:43:37,2025-11-06 17:59:37,2025-11-06 16:07:17.689172,,,2025-11-06 16:22:17.689172,노원구,3동,영등포구,1동,관공서 방문,2284,7.8,일반 세단형,지체장애 1급
2025-11-23 06:53:51,2025-11-23 09:14:51,2025-11-23 07:06:14.433441,2025-11-23 07:13:04.659937,2025-11-23 07:35:55.309737,,노원구,3동, 강남구 ,2동,병원 진료,1920,6.5,휠체어 탑승형 대형,국가유공자(상이)
2025-11-10 13:51:25,2025-11-10 14:59:25,2025-11-10 13:55:48.700106,2025-11-10 14:13:21.917514,2025-11-10 14:25:56.294559,,구로구,2동,영등포구,3동,경조사,1528,5.1,휠체어 탑승형 대형,신장장애
2025-03-04 10:20:20,2025-03-04 12:02:20,2025-03-04 10:28:07.110707,2025-03-04 10:29:07.110707,2025-03-04 10:49:54.057856,,용산구,2동,노원구,2동,출퇴근,2060,7.0,일반 세단형,뇌병변장애 2급
2025-12-24 22:58:40,2025-12-25 01:02:40,2025-12-24 23:04:40.255020,2025-12-24 23:08:10.982763,2025-12-24 23:36:07.117874,,도봉구,3동,관악구,1동,직업훈련,2991,11.3,일반 세단형,지체장애 1급
2025-08-30 10:19:31,2025-08-30 10:37:31,2025-08-30 10:49:12.784508,2025-08-30 10:55:49.171440,2025-08-30 12:17:20.851363,,서대문구,3동,송파구,1동,병원 진료,3663,20.9,기타 차량,시각장애 1급
2025-10-09 10:25:59,2025-10-09 13:05:59,,,,2025-10-09 10:54:59,서대문구,1동,중구,1동,관공서 방문,1500,5.0,일반 세단형,신장장애
2025-07-27 07:52:32,2025-07-27 09:44:32,2025-07-27 08:30:43.680377,2025-07-27 08:31:43.680377,2025-07-27 09:01:10.424622,,관악구,3동,강북구,3동,관공서 방문,2984,11.2,일반 세단형,신장장애
2025-10-23 17:33:13,2025-10-23 20:00:13,2025-10-23 17:38:54.491269,2025-10-23 17:47:20.604433,2025-10-23 18:27:29.946570,,관악구,2동,구로구,2동,여가 활동,3222,14.6,일반 세단형,뇌병변장애 2급
2025-03-13 15:29:40,2025-03-13 18:12:40,2025-03-13 16:17:05.729068,2025-03-13 16:23:31.381363,2025-03-13 17:54:33.802566,,노원구,1동,서대문구,1동,출퇴근,4202,28.6,휠체어 탑승형 대형,신장장애
2025-03-08 15:24:49,2025-03-08 18:15:49,2025-03-08 15:46:14.901240,2025-03-08 15:47:41.401088,2025-03-08 15:55:24.095530,,종로구,1동,은평구,1동,관공서 방문,1500,2.4,기타 차량,뇌병변장애 1급
2025-09-23 14:15:05,2025-09-23 14:45:05,2025-09-23 14:16:42.573985,2025-09-23 14:21:27.476961,2025-09-23 14:39:16.368415,,금천구,3동,은평구,3동,학교 등하교,1696,5.7,기타 차량,국가유공자(상이)
2025-02-20 17:38:34,2025-02-20 18:59:34,2025-02-20 18:01:05.305997,2025-02-20 18:02:05.305997,2025-02-20 18:33:02.886110,,강북구,2동,양천구,2동,관공서 방문,2592,8.9,휠체어 탑승형 중형,지체장애 1급
2025-10-05 09:33:15,2025-10-05 10:48:15,2025-10-05 09:34:15.196706,2025-10-05 09:46:36.314405,2025-10-05 10:09:48.980455,,용산구,2동,마포구,2동,병원 진료,2704,9.3,휠체어 탑승형 중형,시각장애 1급
2025-07-09 16:07:07,2025-07-09 19:03:07,2025-07-09 16:28:41.888191,,,2025-07-09 16:32:41.888191,서대문구,3동,도봉구,3동,학교 등하교,3138,13.4,일반 세단형,뇌병변장애 2급
2025-05-22 10:32:18,2025-05-22 12:21:18,2025-05-22 10:43:53.001296,2025-05-22 10:45:21.635614,2025-05-22 11:25:58.349140,,관악구,2동,광진구,2동,재활 치료,3271,15.3,기타 차량,지체장애 2급
2025-11-14 07:33:11,2025-11-14 10:00:11,2025-11-14 07:37:51.578420,2025-11-14 07:39:13.379822,2025-11-14 07:55:51.687724,,송파구,3동,관악구,1동,병원 진료,1528,5.1,휠체어 탑승형 대형,지체장애 2급
2025-10-06 14:37:14,2025-10-06 15:04:14,2025-10-06 14:50:48.763314,2025-10-06 14:52:16.581244,2025-10-06 15:22:16.361928,,금천구,3동,마포구,3동,경조사,2788,9.6,휠체어 탑승형 중형,국가유공자(상이)
2025-08-12 12:52:38,2025-08-12 14:21:38,2025-08-12 13:17:12.565067,2025-08-12 13:23:55.571797,2025-08-12 13:43:03.283404,,용산구,2동,구로구,3동,출퇴근,1528,5.1,휠체어 탑승형 대형,뇌병변장애 2급
2025-04-30 05:10:31,2025-04-30 07:54:31,2025-04-30 05:26:04.391670,2025-04-30 05:35:28.787060,2025-04-30 06:01:03.714311,,성북구,2동,금천구,1동,학교 등하교,2452,8.4,휠체어 탑승형 대형,신장장애
2025-08-24 09:01:02,2025-08-24 10:13:02,2025-08-24 09:04:50.272363,2025-08-24 09:09:41.976962,2025-08-24 09:24:57.338107,,강남구,1동,동대문구,2동,주간보호센터,1500,4.0,휠체어 탑승형 중형,국가유공자(상이)
2025-04-10 14:11:01,2025-04-10 14:52:01,2025-04-10 14:12:01,,,2025-04-10 14:32:01,마포구,2동,노원구,1동,기타,2536,8.7,휠체어 탑승형 대형,국가유공자(상이)
2025-02-03 07:20:34,2025-02-03 08:46:34,2025-02-03 07:29:18.262663,2025-02-03 07:56:47.772678,2025-02-03 08:31:39.577735,,강북구,3동,서대문구,3동,학교 등하교,2984,11.2,휠체어 탑승형 중형,뇌병변장애 2급
2025-08-25 01:17:32,2025-08-25 02:25:32,2025-08-25 01:20:13.829011,2025-08-25 01:21:13.829011,2025-08-25 01:36:41.632391,,은평구,3동,노원구,1동,출퇴근,1696,5.7,기타 차량,신장장애
2025-04-06 07:37:22,2025-04-06 09:47:22,2025-04-06 08:10:51.953289,2025-04-06 08:14:07.621685,2025-04-06 09:24:33.423895,,중구,2동,경기 성남시,2동,복지관 이용,3558,19.4,일반 세단형,지체장애 2급
2025-11-25 14:08:54,2025-11-25 16:00:54,2025-11-25 14:12:09.356764,2025-11-25 14:13:34.765089,2025-11-25 14:28:00.414035,,동작구,2동,강남구,2동,병원 진료,1584,5.3,휠체어 탑승형 대형,신장장애
2025-01-21 12:00:27,2025-01-21 14:18:27,2025-01-21 12:10:15.621726,2025-01-21 12:14:34.666748,2025-01-21 12:26:44.540551,,동작구,1동,강남구,1동,직업훈련,1500,4.6,일반 세단형,국가유공자(상이)
2025-10-12 09:08:44,2025-10-12 11:39:44,2025-10-12 09:37:58.246524,,,2025-10-12 09:47:58.246524,동작구,1동,중구,1동,기타,2907,10.1,휠체어 탑승형 중형,지체장애 2급
2025-11-13 01:21:43,2025-11-13 03:32:43,2025-11-13 01:45:01.817525,2025-11-13 01:46:32.897627,2025-11-13 02:02:08.139993,,강서구,3동,양천구,3동,기타,1668,5.6,휠체어 탑승형 대형,시각장애 1급
2025-12-18 06:16:58,2025-12-18 08:54:58,2025-12-18 06:23:23.716978,2025-12-18 06:25:17.491012,2025-12-18 06:53:20.282699,,도봉구,2동,광진구,1동,기타,2942,10.6,일반 세단형,국가유공자(상이)
2025-11-15 09:05:13,2025-11-15 11:44:13,2025-11-15 09:29:51.981784,2025-11-15 09:35:30.048282,2025-11-15 10:40:47.083824,,서초구,3동,성동구,3동,출퇴근,3481,18.3,휠체어 탑승형 중형,국가유공자(상이)
2025-05-24 18:12:29,2025-05-24 19:34:29,2025-05-24 18:13:29,2025-05-24 18:17:08.353685,2025-05-24 18:26:28.042498,,용산구,1동,성동구,1동,병원 진료,1500,3.0,일반 세단형,지체장애 1급
2025-12-24 18:24:43,2025-12-24 19:46:43,2025-12-24 18:33:14.217833,2025-12-24 18:34:14.217833,2025-12-24 18:54:39.346140,,종로구,1동,강서구,2동,재활 치료,2116,7.2,휠체어 탑승형 중형,지체장애 1급
2025-12-29 08:03:16,2025-12-29 09:58:16,2025-12-29 08:22:25.283194,2025-12-29 08:25:14.410555,2025-12-29 08:31:08.699272,,은평구,2동,강서구,3동,관공서 방문,1500,2.4,휠체어 탑승형 중형,신장장애
2025-08-08 17:15:58,2025-08-08 19:59:58,2025-08-08 17:21:32.287601,2025-08-08 17:36:42.892908,2025-08-08 17:58:16.435025,,은평구,3동,구로구,2동,출퇴근,1948,6.6,휠체어 탑승형 중형,시각장애 1급
2025-07-15 12:19:55,2025-07-15 14:48:55,,,,2025-07-15 12:44:55,광진구,2동,마포구,3동,관공서 방문,3089,12.7,일반 세단형,지체장애 1급
2025-12-25 20:46:14,2025-12-25 22:07:14,2025-12-25 20:59:10.169314,2025-12-25 21:04:09.660028,2025-12-25 21:20:46.785629,,강남구,1동,관악구,1동,관공서 방문,1864,6.3,기타 차량,신장장애
2025-04-08 11:57:37,2025-04-08 13:13:37,2025-04-08 11:59:17.746465,2025-04-08 12:09:41.441686,2025-04-08 12:25:47.528330,,강동구,2동,도봉구,1동,병원 진료,1500,4.7,기타 차량,국가유공자(상이)
2025-08-22 16:09:08,2025-08-22 18:45:08,2025-08-22 16:24:19.426449,2025-08-22 16:32:12.396011,2025-08-22 16:57:06.894559,,송파구,1동,용산구,2동,재활 치료,1920,6.5,휠체어 탑승형 중형,지체장애 1급
2025-09-02 17:58:38,2025-09-02 19:46:38,2025-09-02 18:54:39.646922,2025-09-02 19:00:48.672211,2025-09-02 19:20:12.389334,,양천구,3동,마포구,2동,출퇴근,1556,5.2,휠체어 탑승형 대형,시각장애 1급
2025-02-17 16:17:21,2025-02-17 18:53:21,2025-02-17 16:24:39.010336,2025-02-17 16:38:07.973010,2025-02-17 16:58:42.367757,,성북구,1동,구로구,2동,경조사,2144,7.3,휠체어 탑승형 대형,지체장애 1급
2025-07-01 17:46:29,2025-07-01 19:24:29,,,,2025-07-01 18:07:29,양천구,1동,동작구,2동,경조사,2340,8.0,일반 세단형,국가유공자(상이)
2025-02-03 13:31:12,2025-02-03 13:50:12,2025-02-03 13:39:36.830040,2025-02-03 14:08:35.599457,2025-02-03 14:43:08.644827,,관악구,3동,강동구,1동,재활 치료,2816,9.7,휠체어 탑승형 대형,지체장애 2급
2025-09-23 05:47:14,2025-09-23 06:19:14,2025-09-23 05:55:00.992099,2025-09-23 05:56:00.992099,2025-09-23 06:47:57.575851,,강동구,1동,종로구,3동,관공서 방문,3362,16.6,기타 차량,뇌병변장애 2급
2025-10-30 11:09:01,2025-10-30 12:47:01,2025-10-30 11:16:22.276271,2025-10-30 11:58:01.144106,2025-10-30 12:40:06.839845,,성북구,3동,노원구,3동,재활 치료,3005,11.5,휠체어 탑승형 대형,지체장애 1급
2025-05-24 18:28:01,2025-05-24 20:16:01,2025-05-24 18:47:17.907783,2025-05-24 18:56:37.505448,2025-05-24 19:31:52.008689,,영등포구,2동,용산구,1동,기타,2872,9.9,기타 차량,지체장애 2급
2025-12-16 08:42:22,2025-12-16 11:17:22,,,,2025-12-16 09:09:22,서울 강남구,3동,양천구,1동,복지관 이용,1500,2.8,휠체어 탑승형 중형,시각장애 1급
2025-06-11 16:23:32,2025-06-11 18:58:32,2025-06-11 16:27:08.968376,2025-06-11 16:41:39.020330,2025-06-11 16:49:35.165112,,양천구,1동,중구,3동,관공서 방문,1500,2.9,기타 차량,지체장애 1급
2025-06-02 18:49:11,2025-06-02 20:31:11,2025-06-02 18:56:22.429562,2025-06-02 18:57:22.429562,2025-06-02 19:31:48.689953,,서초구,3동,부산 해운대구,2동,출퇴근,2907,10.1,휠체어 탑승형 대형,뇌병변장애 1급
2025-09-19 12:56:20,2025-09-19 13:47:20,2025-09-19 13:12:28.795672,2025-09-19 13:14:10.212332,2025-09-19 13:23:55.738659,,서대문구,3동,노원구,3동,병원 진료,1500,3.9,기타 차량,국가유공자(상이)
2025-11-14 01:15:27,2025-11-14 01:43:27,2025-11-14 01:49:07.616749,,,2025-11-14 01:58:07.616749,관악구,3동,강서구,1동,주간보호센터,2340,8.0,일반 세단형,지체장애 2급
2025-07-13 03:36:47,2025-07-13 06:29:47,2025-07-13 03:42:29.067886,,,2025-07-13 03:51:29.067886,종로구,3동,동작구,3동,재활 치료,2368,8.1,휠체어 탑승형 중형,뇌병변장애 2급
2025-02-14 12:37:42,2025-02-14 12:59:42,2025-02-14 12:59:24.128189,2025-02-14 13:08:01.606576,2025-02-14 13:33:59.830890,,강남구,2동,성북구,1동,병원 진료,2928,10.4,일반 세단형,국가유공자(상이)
2025-03-27 08:32:51,2025-03-27 10:25:51,2025-03-27 09:08:25.146381,2025-03-27 09:15:04.829962,2025-03-27 09:49:46.047272,,영등포구,3동,관악구,1동,직업훈련,3124,13.2,일반 세단형,국가유공자(상이)
2025-02-03 20:50:07,2025-02-03 23:08:07,2025-02-03 20:51:07,2025-02-03 20:54:12.755507,2025-02-03 21:23:24.410267,,구로구,1동,중구,1동,주간보호센터,2788,9.6,일반 세단형,국가유공자(상이)
2025-08-29 02:30:13,2025-08-29 03:05:13,2025-08-29 03:30:46.886149,2025-08-29 03:32:20.929344,2025-08-29 04:16:55.539569,,종로구,2동,강서구,3동,복지관 이용,3075,12.5,휠체어 탑승형 대형,신장장애
2025-07-09 04:57:41,2025-07-09 05:23:41,2025-07-09 04:58:52.381629,2025-07-09 05:00:23.201173,2025-07-09 06:16:44.527139,,구로구,1동,강북구,3동,복지관 이용,4097,27.1,휠체어 탑승형 대형,신장장애
2025-08-26 17:01:26,2025-08-26 19:07:26,2025-08-26 17:37:50.028598,2025-08-26 17:45:05.865635,2025-08-26 18:10:05.673378,,구로구,3동,노원구,3동,직업훈련,2312,7.9,휠체어 탑승형 중형,국가유공자(상이)
2025-05-08 07:19:33,2025-05-08 07:34:33,2025-05-08 07:21:38.429226,2025-05-08 07:24:43.287730,2025-05-08 07:41:03.109665,,노원구,1동,서초구,2동,주간보호센터,1500,4.8,휠체어 탑승형 중형,지체장애 2급
0000-00-00,2025-11-18 18:44:46,2025-11-18 17:22:32.836933,2025-11-18 17:24:43.343843,2025-11-18 18:10:20.262510,,금천구,1동,강동구,1동,복지관 이용,3432,17.6,기타 차량,신장장애
2025-03-25 20:27:11,2025-03-25 22:20:11,2025-03-25 20:53:33.459960,2025-03-25 20:54:47.300487,2025-03-25 20:59:48.282895,,영등포구,2동,서초구,1동,주간보호센터,1500,1.9,휠체어 탑승형 대형,지체장애 2급
2025-12-17 19:59:06,2025-12-17 22:25:06,2025-12-17 20:09:49.958373,2025-12-17 20:31:30.025243,2025-12-17 20:47:25.739823,,동대문구,2동,노원구,1동,기타,1752,5.9,일반 세단형,지체장애 2급
2025-02-15 02:24:47,2025-02-15 03:31:47,2025-02-15 03:08:48.948675,2025-02-15 03:12:36.816180,2025-02-15 03:47:32.203945,,금천구,3동,은평구,1동,병원 진료,2914,10.2,일반 세단형,시각장애 1급
2025-10-30 21:31:37,2025-10-30 21:48:37,2025-10-30 21:55:17.154387,2025-10-30 22:05:46.246444,2025-10-30 22:27:09.539548,,강북구,2동,용산구,1동,출퇴근,1864,6.3,일반 세단형,지체장애 1급
2025-08-24 07:59:59,2025-08-24 08:34:59,2025-08-24 08:00:59,2025-08-24 08:49:16.893961,2025-08-24 09:29:52.372542,,동대문구,2동,송파구,1동,복지관 이용,3278,15.4,기타 차량,신장장애
2025-03-16 12:13:28,2025-03-16 15:07:28,2025-03-16 12:15:24.241910,2025-03-16 12:23:23.982423,2025-03-16 12:39:08.835366,,성동구,1동,강북구,3동,직업훈련,1584,5.3,기타 차량,시각장애 1급
2025-02-17 20:59:01,2025-02-17 23:13:01,2025-02-17 21:06:06.965181,2025-02-17 21:07:06.965181,2025-02-17 21:18:23.169636,,강동구,2동,용산구,1동,관공서 방문,1500,4.1,일반 세단형,시각장애 1급
2025-03-27 17:35:01,2025-03-27 18:36:01,2025-03-27 17:42:13.061422,2025-03-27 17:43:34.025846,2025-03-27 19:12:47.677281,,송파구,2동,도봉구,2동,관공서 방문,3775,22.5,휠체어 탑승형 중형,지체장애 2급
2025-09-14 18:08:00,2025-09-14 18:31:00,2025-09-14 18:12:15.652500,2025-09-14 18:37:06.457373,2025-09-14 19:20:31.404144,,동작구,1동,금천구,3동,병원 진료,3173,13.9,휠체어 탑승형 중형,뇌병변장애 1급
2025-10-31 22:03:13,2025-10-31 22:49:13,2025-10-31 22:27:08.202065,2025-10-31 22:28:27.075437,2025-10-31 22:43:53.729181,,관악구,2동,구로구,3동,경조사,1500,4.7,일반 세단형,신장장애
2025-04-09 19:17:24,2025-04-09 20:17:24,2025-04-09 19:33:59.055105,2025-04-09 19:35:57.843117,2025-04-09 19:52:54.923160,,중구,2동,강북구,3동,관공서 방문,1500,4.5,일반 세단형,시각장애 1급
2025-09-10 10:11:41,2025-09-10 12:48:41,2025-09-10 10:51:51.535400,2025-09-10 11:08:09.597119,2025-09-10 11:22:51.081810,,양천구,2동,성북구,1동,출퇴근,1556,5.2,휠체어 탑승형 대형,뇌병변장애 2급
2025-05-26 07:43:10,2025-05-26 08:44:10,2025-05-26 08:09:47.570776,2025-05-26 08:10:47.570776,2025-05-26 08:31:17.310587,,용산구,2동,영등포구,2동,복지관 이용,2452,8.4,기타 차량,국가유공자(상이)
2025-08-10 11:28:33,2025-08-10 13:44:33,2025-08-10 11:47:57.153780,2025-08-10 12:02:27.842494,2025-08-10 12:40:46.845951,,관악구,2동,도봉구,3동,재활 치료,3257,15.1,기타 차량,뇌병변장애 2급
2025-04-07 03:32:44,2025-04-07 05:41:44,2025-04-07 03:50:08.771048,2025-04-07 04:04:33.584829,2025-04-07 05:12:33.094875,,관악구,1동,광진구,1동,기타,4111,27.3,휠체어 탑승형 중형,시각장애 1급
2025-01-25 13:16:35,2025-01-25 15:52:35,,,,2025-01-25 13:43:35,경기 성남시,2동,중구,3동,여가 활동,3348,16.4,기타 차량,시각장애 1급
2025-10-26 12:21:16,2025-10-26 13:24:16,2025-10-26 12:22:32.357936,2025-10-26 12:24:58.791845,2025-10-26 13:07:59.298570,,서초구,1동,중랑구,2동,학교 등하교,3124,13.2,휠체어 탑승형 대형,뇌병변장애 2급
2025-01-06 19:17:18,2025-01-06 21:45:18,2025-01-06 19:18:18,2025-01-06 19:23:32.773011,2025-01-06 19:47:51.728341,,서대문구,3동,도봉구,1동,출퇴근,2032,6.9,일반 세단형,시각장애 1급
2025-10-17 08:04:45,2025-10-17 08:52:45,2025-10-17 09:01:30.191648,2025-10-17 09:07:25.476197,2025-10-17 09:28:33.790734,,강서구,1동,동대문구,3동,기타,2172,7.4,기타 차량,지체장애 1급
2025-07-23 13:06:34,2025-07-23 14:18:34,2025-07-23 13:09:18.983747,2025-07-23 13:13:41.488253,2025-07-23 14:08:42.845527,,영등포구,3동,노원구,2동,출퇴근,3236,14.8,휠체어 탑승형 대형,뇌병변장애 2급
2025-07-13 00:47:03,2025-07-13 03:25:03,2025-07-13 00:50:02.959461,2025-07-13 00:51:02.959461,2025-07-13 01:07:38.102887,,송파구,1동,양천구,2동,여가 활동,1892,6.4,휠체어 탑승형 중형,신장장애
2025-06-22 17:08:00,2025-06-22 18:21:00,2025-06-22 16:44:00,2025-06-22 17:22:00.751900,2025-06-22 17:45:05.555334,,마포구,3동,도봉구,1동,재활 치료,2760,9.5,휠체어 탑승형 대형,지체장애 2급
2025-05-28 14:54:23,2025-05-28 17:31:23,2025-05-28 15:11:24.097973,,,2025-05-28 15:29:24.097973,서초구,2동,광진구,2동,학교 등하교,2452,8.4,휠체어 탑승형 중형,지체장애 2급
2025-08-15 15:27:38,2025-08-15 18:02:38,2025-08-15 15:35:17.017637,2025-08-15 15:38:08.604852,2025-08-15 15:46:22.016536,,광진구,3동,양천구,3동,주간보호센터,1500,3.2,기타 차량,지체장애 1급
2025-01-25 15:56:31,2025-01-25 18:48:31,2025-01-25 16:15:51.823387,2025-01-25 16:16:56.121985,2025-01-25 16:42:36.677959,,금천구,2동,용산구,2동,복지관 이용,2340,8.0,휠체어 탑승형 중형,뇌병변장애 1급
2025-02-03 10:56:13,2025-02-03 13:31:13,2025-02-03 10:58:27.510089,,,2025-02-03 11:01:27.510089,강남구,2동,강남구,2동,기타,1500,3.2,일반 세단형,신장장애
2025-01-29 10:35:07,2025-01-29 11:35:07,2025-01-29 10:46:05.673976,2025-01-29 10:51:27.647789,2025-01-29 10:57:11.703678,,관악구,2동,구로구,3동,직업훈련,1500,1.6,휠체어 탑승형 대형,지체장애 1급
2025-10-31 15:15:16,2025-10-31 15:50:16,2025-10-31 15:31:12.359050,2025-10-31 15:37:25.141733,2025-10-31 16:06:26.823253,,용산구,3동,서대문구,3동,재활 치료,2536,8.7,휠체어 탑승형 대형,뇌병변장애 1급
2025-11-05 12:16:06,2025-11-05 13:32:06,2025-11-05 12:26:37.072589,2025-11-05 12:41:06.788079,2025-11-05 12:58:55.674562,,동대문구,2동,강북구,2동,관공서 방문,1920,6.5,휠체어 탑승형 중형,국가유공자(상이)
2025-01-19 17:14:17,2025-01-19 19:11:17,2025-01-19 17:16:01.585724,2025-01-19 17:17:10.057639,2025-01-19 17:27:36.443666,,송파구,3동,용산구,1동,학교 등하교,1500,3.7,기타 차량,시각장애 1급
2025-04-08 12:10:48,2025-04-08 14:34:48,2025-04-08 12:11:48,2025-04-08 12:18:09.399700,2025-04-08 12:33:33.488667,,강북구,2동,양천구,2동,재활 치료,1500,4.1,휠체어 탑승형 대형,국가유공자(상이)
2025-06-22 12:47:56,2025-06-22 15:02:56,2025-06-22 13:17:48.209962,2025-06-22 13:23:12.124235,2025-06-22 13:32:32.931697,,마포구,2동,중랑구,2동,여가 활동,1500,3.7,일반 세단형,지체장애 2급
2025-09-28 14:43:38,2025-09-28 16:58:38,2025-09-28 14:45:03.467304,2025-09-28 14:46:03.467304,2025-09-28 14:51:04.538895,,영등포구,3동,양천구,3동,직업훈련,1500,1.7,휠체어 탑승형 대형,신장장애
2025-11-01 08:54:50,2025-11-01 11:09:50,2025-11-01 09:19:52.860082,2025-11-01 09:25:36.597426,2025-11-01 09:34:36.218757,,부산 해운대구,1동,강서구,1동,직업훈련,1500,3.4,휠체어 탑승형 중형,지체장애 2급
2025-08-10 18:11:11,2025-08-10 19:21:11,,,,2025-08-10 18:15:11,중랑구,1동,양천구,2동,출퇴근,1500,3.5,일반 세단형,지체장애 2급
2025-08-07 09:28:27,2025-08-07 11:01:27,2025-08-07 09:41:46.095654,2025-08-07 09:42:46.095654,2025-08-07 09:59:04.194831,,금천구,2동,강남구,3동,병원 진료,1500,4.5,기타 차량,국가유공자(상이)
2025-09-19 08:40:57,2025-09-19 08:51:57,2025-09-19 09:34:47.773331,2025-09-19 09:39:23.365657,2025-09-19 10:21:05.188314,,성동구,3동,관악구,3동,직업훈련,3103,12.9,휠체어 탑승형 대형,지체장애 1급
2025-08-11 16:49:33,2025-08-11 18:10:33,2025-08-11 16:53:33.918951,2025-08-11 16:54:33.918951,2025-08-11 17:23:41.800336,,노원구,1동,마포구,1동,주간보호센터,3033,11.9,휠체어 탑승형 중형,지체장애 1급
2025-08-27 03:35:24,2025-08-27 06:06:24,2025-08-27 03:42:15.734411,2025-08-27 03:52:38.088079,2025-08-27 04:07:09.237299,,구로구,2동,동대문구,2동,출퇴근,1696,5.7,일반 세단형,국가유공자(상이)
2025-07-19 13:37:47,2025-07-19 14:52:47,2025-07-19 14:02:31.664327,2025-07-19 14:09:57.731605,2025-07-19 14:59:19.963976,,강서구,1동,동대문구,1동,여가 활동,3474,18.2,휠체어 탑승형 중형,신장장애
2025-06-18 10:39:56,2025-06-18 11:22:56,2025-06-18 10:47:15.858809,2025-06-18 10:49:31.496403,2025-06-18 11:17:24.744759,,동작구,1동,강동구,2동,주간보호센터,2949,10.7,일반 세단형,뇌병변장애 1급
2025-01-12 10:33:47,2025-01-12 13:28:47,2025-01-12 11:24:19.702110,2025-01-12 11:41:26.515073,2025-01-12 11:50:39.938353,,동작구,3동,노원구,3동,병원 진료,1500,3.4,일반 세단형,시각장애 1급
2025-05-17 17:17:35,2025-05-17 20:08:35,2025-05-17 17:30:53.856236,2025-05-17 17:44:41.621981,2025-05-17 18:04:44.530809,,광진구,3동,서초구,1동,경조사,1528,5.1,기타 차량,시각장애 1급
2025-12-08 18:33:32,2025-12-08 18:45:32,2025-12-08 19:15:49.820555,2025-12-08 19:20:23.354534,2025-12-08 19:48:49.172100,,중구,1동,양천구,2동,여가 활동,2172,7.4,일반 세단형,뇌병변장애 2급
2025-06-01 17:23:58,2025-06-01 19:59:58,2025-06-01 17:43:16.699797,2025-06-01 17:44:26.074119,2025-06-01 17:52:55.630844,,마포구,2동,관악구,1동,경조사,1500,3.4,일반 세단형,뇌병변장애 2급
2025-05-09 10:52:57,2025-05-09 13:35:57,2025-05-09 11:16:58.537283,2025-05-09 11:20:22.745630,2025-05-09 11:40:21.597819,,종로구,2동,용산구,3동,병원 진료,1500,5.0,일반 세단형,뇌병변장애 2급
2025-06-07 12:40:01,2025-06-07 13:21:01,2025-06-07 12:58:05.445800,2025-06-07 12:59:05.445800,2025-06-07 13:24:48.956158,,성북구,3동,종로구,2동,병원 진료,2704,9.3,휠체어 탑승형 대형,뇌병변장애 1급
2025-08-10 05:48:30,2025-08-10 08:42:30,2025-08-10 06:25:13.868098,2025-08-10 06:30:30.625469,2025-08-10 06:53:37.745624,,중구,3동,용산구,1동,관공서 방문,1752,5.9,휠체어 탑승형 중형,뇌병변장애 2급
2025-07-19 02:42:35,2025-07-19 04:01:35,2025-07-19 02:54:03.322233,2025-07-19 02:55:04.841308,2025-07-19 03:11:24.571583,,동대문구,1동,구로구,3동,주간보호센터,1892,6.4,휠체어 탑승형 대형,지체장애 1급
2025-07-30 05:20:03,2025-07-30 07:40:03,2025-07-30 05:21:03,,,2025-07-30 05:27:03,강동구,1동,성북구,3동,여가 활동,1500,3.2,휠체어 탑승형 중형,지체장애 1급
2025-07-03 09:42:54,2025-07-03 09:58:54,2025-07-03 09:56:52.337971,2025-07-03 09:57:59.173675,2025-07-03 10:08:16.084688,,성북구,2동,마포구,1동,재활 치료,1500,3.3,휠체어 탑승형 중형,신장장애
2025-06-13 11:54:30,2025-06-13 14:49:30,2025-06-13 12:33:35.816815,2025-06-13 12:37:01.072746,2025-06-13 12:50:08.346541,,양천구,3동,중랑구,2동,병원 진료,1500,4.0,기타 차량,시각장애 1급
2025-11-25 13:35:44,2025-11-25 14:18:44,2025-11-25 13:36:44,2025-11-25 13:50:38.549298,2025-11-25 14:34:35.554566,,중랑구,2동,서대문구,3동,재활 치료,3215,14.5,휠체어 탑승형 대형,국가유공자(상이)
2025-08-19 10:05:06,2025-08-19 13:00:06,2025-08-19 10:33:31.637321,2025-08-19 11:01:06.028583,2025-08-19 11:35:08.110699,,강북구,2동,,1동,관공서 방문,2564,8.8,휠체어 탑승형 대형,국가유공자(상이)
2025-05-01 19:45:05,2025-05-01 21:21:05,2025-05-01 19:52:20.887608,2025-05-01 19:55:18.178899,2025-05-01 20:26:28.025545,,은평구,3동,은평구,2동,주간보호센터,3068,12.4,휠체어 탑승형 중형,시각장애 1급
2025-02-11 11:18:36,2025-02-11 12:53:36,,,,2025-02-11 11:45:36,강북구,3동,마포구,2동,기타,3117,13.1,기타 차량,시각장애 1급
2025-01-22 18:53:58,2025-01-22 21:04:58,2025-01-22 18:57:05.911717,2025-01-22 19:00:20.842460,2025-01-22 20:03:23.322202,,성북구,3동,구로구,1동,직업훈련,4034,26.2,휠체어 탑승형 중형,국가유공자(상이)
2025-08-13 01:14:21,2025-08-13 01:30:21,2025-08-13 01:15:21,2025-08-13 01:24:20.422892,2025-08-13 02:02:42.363240,,중랑구,3동,서초구,2동,재활 치료,3026,11.8,기타 차량,신장장애
2025-11-20 21:43:31,2025-11-21 00:23:31,2025-11-20 21:58:39.094609,2025-11-20 22:03:33.866778,2025-11-20 22:55:04.613928,,구로구,3동,광진구,3동,출퇴근,3306,15.8,휠체어 탑승형 대형,국가유공자(상이)
2025-08-04 10:12:06,2025-08-04 13:09:06,,,,2025-08-04 10:39:06,동작구,2동,종로구,3동,복지관 이용,1640,5.5,휠체어 탑승형 대형,신장장애
2025-08-28 11:55:45,2025-08-28 12:45:45,,,,2025-08-28 12:19:45,금천구,2동,강동구,2동,관공서 방문,2963,10.9,휠체어 탑승형 중형,뇌병변장애 2급
2025-11-09 12:49:06,2025-11-09 15:09:06,2025-11-09 12:52:17.530353,2025-11-09 12:59:30.065703,2025-11-09 13:29:12.103543,,은평구,3동,용산구,3동,직업훈련,2928,10.4,휠체어 탑승형 중형,뇌병변장애 1급
2025-09-11 21:00:03,2025-09-11 23:51:03,2025-09-11 21:06:08.307713,2025-09-11 21:14:10.274073,2025-09-11 21:36:28.344372,,성동구,2동,노원구,1동,출퇴근,2536,8.7,일반 세단형,국가유공자(상이)
2025-01-18 08:07:35,2025-01-18 09:46:35,2025-01-18 09:24:29.079710,2025-01-18 09:29:35.708739,2025-01-18 10:18:53.708933,,영등포구,1동,성동구,1동,재활 치료,3579,19.7,휠체어 탑승형 중형,시각장애 1급
2025-06-14 12:10:23,2025-06-14 13:36:23,2025-06-14 12:14:50.470524,2025-06-14 12:36:41.349939,2025-06-14 12:46:12.535404,,강서구,1동,은평구,3동,여가 활동,1500,2.8,휠체어 탑승형 대형,뇌병변장애 1급
2025-07-05 18:52:58,2025-07-05 20:11:58,2025-07-05 19:11:35.629486,2025-07-05 19:42:31.958362,2025-07-05 20:18:53.691652,,양천구,2동,구로구,1동,주간보호센터,2732,9.4,기타 차량,뇌병변장애 1급
2025-08-11 20:06:48,2025-08-11 21:31:48,2025-08-11 20:54:24.357581,2025-08-11 21:01:11.931958,2025-08-11 21:36:13.998899,,양천구,2동,성북구,2동,출퇴근,2872,9.9,휠체어 탑승형 중형,뇌병변장애 1급
2025-12-02 11:46:56,2025-12-02 12:04:56,2025-12-02 12:03:41.423401,2025-12-02 12:07:31.774104,2025-12-02 13:08:01.816068,,금천구,1동,송파구,3동,직업훈련,3670,21.0,일반 세단형,지체장애 1급
2025-07-16 06:23:16,2025-07-16 07:31:16,2025-07-16 06:51:31.684619,2025-07-16 06:53:55.726121,2025-07-16 07:49:14.002597,,관악구,2동,용산구,2동,기타,3180,14.0,기타 차량,지체장애 2급
2025-11-24 09:04:41,2025-11-24 11:40:41,2025-11-24 09:11:54.198462,2025-11-24 09:31:54.343818,2025-11-24 09:54:49.909658,,영등포구,3동,마포구,3동,복지관 이용,1808,6.1,휠체어 탑승형 중형,신장장애
2025-10-29 12:28:16,2025-10-29 13:15:16,2025-10-29 13:45:56.525901,2025-10-29 13:50:29.875904,2025-10-29 14:27:29.871809,,영등포구,1동,강남구,1동,복지관 이용,3019,11.7,휠체어 탑승형 중형,뇌병변장애 2급
2025-11-13 11:36:07,2025-11-13 13:47:07,2025-11-13 11:46:26.462473,2025-11-13 11:49:17.695803,2025-11-13 12:16:25.827112,,금천구,2동,강동구,3동,재활 치료,2816,9.7,휠체어 탑승형 대형,신장장애
2025-12-19 17:10:45,2025-12-19 19:56:45,2025-12-19 18:05:38.187508,2025-12-19 18:07:39.886899,2025-12-19 18:17:56.021553,,성동구,1동,마포구,3동,복지관 이용,1500,2.9,기타 차량,시각장애 1급
2025-10-13 20:05:13,2025-10-13 20:31:13,2025-10-13 20:33:15.448375,2025-10-13 20:36:18.566263,2025-10-13 20:48:58.603305,,동대문구,3동,중구,3동,기타,1556,5.2,일반 세단형,지체장애 2급
2025-04-07 11:28:15,2025-04-07 13:17:15,2025-04-07 11:47:30.423466,2025-04-07 11:49:46.735798,2025-04-07 12:13:37.113042,,중구,2동,구로구,1동,재활 치료,2116,7.2,휠체어 탑승형 중형,뇌병변장애 2급
2025-09-05 13:16:46,2025-09-05 16:08:46,2025-09-05 13:36:31.734600,2025-09-05 13:52:07.499471,2025-09-05 14:32:27.572570,,도봉구,2동,동작구,1동,재활 치료,3068,12.4,휠체어 탑승형 중형,신장장애
2025-04-07 16:21:06,2025-04-07 18:30:06,2025-04-07 16:23:53.012497,2025-04-07 16:28:24.616722,2025-04-07 17:03:55.154388,,구로구,1동,성북구,2동,재활 치료,3173,13.9,휠체어 탑승형 중형,뇌병변장애 2급
2025-06-19 11:22:57,2025-06-19 13:55:57,2025-06-19 11:42:02.847020,2025-06-19 12:06:34.777358,2025-06-19 12:23:37.638211,,은평구,1동,성동구,2동,병원 진료,1584,5.3,일반 세단형,지체장애 1급
2025-02-14 10:41:33,2025-02-14 13:37:33,2025-02-14 10:42:33,2025-02-14 10:45:12.628512,2025-02-14 11:01:34.796561,,양천구,3동,중랑구,3동,병원 진료,1920,6.5,휠체어 탑승형 대형,뇌병변장애 2급
2025-01-16 18:08:16,2025-01-16 18:23:16,2025-01-16 18:19:23.988135,2025-01-16 18:20:23.988135,2025-01-16 18:52:38.221665,,마포구,2동,중랑구,1동,경조사,2452,8.4,휠체어 탑승형 대형,뇌병변장애 2급
2025-03-26 10:02:16,2025-03-26 11:39:16,2025-03-26 10:54:44.945115,2025-03-26 11:02:10.637371,2025-03-26 11:26:19.656039,,강남구,1동,노원구,2동,관공서 방문,2480,8.5,휠체어 탑승형 중형,지체장애 1급
2025-02-13 08:18:27,2025-02-13 10:30:27,2025-02-13 08:25:25.889566,2025-02-13 08:26:25.889566,2025-02-13 08:46:38.558873,,도봉구,1동,광진구,2동,주간보호센터,2340,8.0,기타 차량,신장장애
2025-01-27 19:41:30,2025-01-27 21:13:30,2025-01-27 19:44:23.525980,2025-01-27 19:47:56.073735,2025-01-27 20:26:51.798378,,마포구,3동,영등포구,3동,경조사,3145,13.5,일반 세단형,지체장애 2급
2025-05-13 14:35:42,2025-05-13 16:24:42,2025-05-13 15:01:19.096312,2025-05-13 15:21:10.249209,2025-05-13 15:40:00.290637,,종로구,2동,영등포구,3동,재활 치료,1920,6.5,휠체어 탑승형 대형,시각장애 1급
2025-09-24 08:06:46,2025-09-24 08:54:46,2025-09-24 08:23:28.780461,2025-09-24 08:24:28.780461,2025-09-24 08:46:44.107697,,노원구,2동,송파구,2동,출퇴근,1668,5.6,휠체어 탑승형 중형,지체장애 2급
2025-12-28 11:46:46,2025-12-28 13:52:46,2025-12-28 11:48:31.340165,2025-12-28 11:54:29.321857,2025-12-28 12:35:50.635942,,서대문구,2동,서초구,2동,출퇴근,3096,12.8,일반 세단형,국가유공자(상이)
2025-02-26 17:43:37,2025-02-26 18:11:37,2025-02-26 17:49:31.790612,2025-02-26 17:50:52.645603,2025-02-26 18:16:53.412050,,동대문구,3동,영등포구,1동,직업훈련,2564,8.8,휠체어 탑승형 대형,국가유공자(상이)
2025-09-10 06:37:13,2025-09-10 08:03:13,,,,2025-09-10 06:49:13,마포구,3동,성동구,3동,경조사,3565,19.5,일반 세단형,신장장애
2025-08-27 16:09:10,2025-08-27 18:16:10,2025-08-27 16:29:56.779348,2025-08-27 16:35:27.611005,2025-08-27 17:18:11.517420,,도봉구,1동,은평구,1동,직업훈련,3425,17.5,휠체어 탑승형 중형,국가유공자(상이)
2025-06-13 16:49:10,2025-06-13 18:32:10,,,,2025-06-13 17:18:10,영등포구,2동,동작구,3동,주간보호센터,2956,10.8,휠체어 탑승형 대형,뇌병변장애 1급
2025-10-09 19:40:53,2025-10-09 22:06:53,2025-10-09 19:46:05.689223,2025-10-09 19:58:39.376581,2025-10-09 20:37:40.446068,,마포구,1동,성동구,2동,경조사,3222,14.6,휠체어 탑승형 대형,시각장애 1급
2025-10-24 07:59:43,2025-10-24 10:34:43,2025-10-24 08:02:04.948544,2025-10-24 08:07:47.707318,2025-10-24 08:46:47.977376,,강남구,2동,양천구,1동,여가 활동,3306,15.8,휠체어 탑승형 대형,신장장애
2025-05-22 10:43:28,2025-05-22 11:22:28,2025-05-22 11:13:53.263200,2025-05-22 11:16:52.675573,2025-05-22 11:31:28.658479,,영등포구,3동,중랑구,1동,관공서 방문,1500,4.4,휠체어 탑승형 대형,지체장애 1급
2025-02-28 11:52:26,2025-02-28 13:45:26,,,,2025-02-28 12:17:26,성북구,1동,광진구,1동,관공서 방문,1500,2.8,일반 세단형,신장장애
2025-07-02 12:00:57,2025-07-02 13:23:57,2025-07-02 11:42:57,2025-07-02 12:08:56.262348,2025-07-02 12:36:18.832696,,강북구,1동,구로구,2동,여가 활동,2172,7.4,기타 차량,지체장애 1급
2025-02-14 14:40:49,2025-02-14 15:49:49,2025-02-14 15:21:14.432667,2025-02-14 15:24:03.056354,2025-02-14 15:38:01.521899,,마포구,1동,구로구,3동,여가 활동,1500,3.6,일반 세단형,지체장애 2급
2025-07-18 21:41:28,2025-07-18 22:50:28,2025-07-18 21:50:27.529494,,,2025-07-18 22:04:27.529494,마포구,1동,양천구,1동,병원 진료,2844,9.8,기타 차량,시각장애 1급
2025-01-01 11:11:43,2025-01-01 12:53:43,2025-01-01 11:20:15.818664,2025-01-01 11:31:19.024400,2025-01-01 11:55:07.479110,,용산구,3동,동작구,3동,학교 등하교,2200,7.5,휠체어 탑승형 대형,신장장애
2025-03-05 10:48:59,2025-03-05 11:37:59,2025-03-05 10:59:22.991980,2025-03-05 11:01:06.086015,2025-03-05 11:24:48.932129,,도봉구,1동,송파구,1동,기타,2704,9.3,휠체어 탑승형 대형,지체장애 1급
2025-06-19 00:12:19,2025-06-19 03:08:19,,,,2025-06-19 00:25:19,영등포구,2동,노원구,2동,출퇴근,1808,6.1,기타 차량,뇌병변장애 2급
2025-12-15 10:26:56,2025-12-15 10:43:56,2025-12-15 10:31:18.819394,2025-12-15 10:56:36.936441,2025-12-15 11:34:09.837117,,은평구,1동,관악구,2동,경조사,3229,14.7,기타 차량,뇌병변장애 1급
2025-08-09 12:39:26,2025-08-09 13:45:26,2025-08-09 12:51:39.679625,2025-08-09 12:55:07.856404,2025-08-09 14:04:01.302306,,서초구,2동,은평구,1동,주간보호센터,3432,17.6,휠체어 탑승형 중형,뇌병변장애 1급
2025-02-22 11:20:14,2025-02-22 12:53:14,2025-02-22 11:21:14,2025-02-22 11:25:12.012369,2025-02-22 13:18:46.998196,,강동구,3동,강동구,2동,재활 치료,4314,30.2,기타 차량,국가유공자(상이)
2025-01-25 12:49:23,2025-01-25 15:43:23,2025-01-25 12:51:07.141833,2025-01-25 13:10:46.645275,2025-01-25 13:42:41.016982,,성북구,2동,서초구,2동,병원 진료,2424,8.3,일반 세단형,뇌병변장애 2급
2025-05-17 17:30:34,2025-05-17 17:56:34,2025-05-17 17:32:28.781021,2025-05-17 17:37:35.339205,2025-05-17 18:29:22.179110,,성동구,3동,도봉구,2동,출퇴근,3180,14.0,휠체어 탑승형 중형,뇌병변장애 1급
2025-04-12 16:08:05,2025-04-12 18:04:05,2025-04-12 16:09:48.270560,2025-04-12 16:10:48.270560,2025-04-12 16:35:56.054245,,동작구,3동,구로구,3동,직업훈련,2060,7.0,휠체어 탑승형 중형,국가유공자(상이)
2025-01-08 00:31:29,2025-01-08 03:23:29,2025-01-08 00:44:39.063012,2025-01-08 00:51:52.378383,2025-01-08 01:09:44.477592,,마포구,2동,광진구,1동,병원 진료,1500,4.5,휠체어 탑승형 중형,지체장애 2급
2025-11-24 07:38:35,2025-11-24 07:55:35,2025-11-24 08:35:42.813145,2025-11-24 08:44:37.203656,2025-11-24 08:57:54.830323,,강동구,1동,종로구,1동,기타,1500,4.8,일반 세단형,신장장애
2025-01-21 07:32:41,2025-01-21 08:12:41,2025-01-21 07:40:45.388160,2025-01-21 08:00:16.404316,2025-01-21 08:14:09.140129,,동대문구,3동,관악구,3동,출퇴근,1500,4.6,휠체어 탑승형 중형,지체장애 1급
2025-03-18 10:22:14,2025-03-18 12:59:14,2025-03-18 10:30:46.551672,2025-03-18 10:35:47.204143,2025-03-18 10:49:12.237882,,강남구,3동,중랑구,3동,복지관 이용,1500,4.1,기타 차량,시각장애 1급
2025-04-30 08:09:30,2025-04-30 09:10:30,2025-04-30 08:12:27.671017,2025-04-30 08:19:37.416252,2025-04-30 08:49:09.611151,,강서구,1동,서초구,3동,경조사,2907,10.1,기타 차량,지체장애 1급
2025-06-24 12:33:22,2025-06-24 13:16:22,2025-06-24 12:54:35.379627,2025-06-24 12:59:42.670219,2025-06-24 13:11:39.470818,,관악구,1동,중랑구,1동,경조사,1500,4.8,휠체어 탑승형 중형,국가유공자(상이)
2025-02-21 14:17:30,2025-02-21 15:18:30,2025-02-21 14:21:27.634944,2025-02-21 14:31:30.006973,2025-02-21 14:55:23.191997,,중랑구,1동,중구,1동,경조사,2676,9.2,휠체어 탑승형 중형,뇌병변장애 2급
2025-08-23 04:03:23,2025-08-23 04:44:23,2025-08-23 04:19:25.429607,2025-08-23 04:20:25.429607,2025-08-23 04:40:49.931490,,서대문구,2동,강동구,3동,복지관 이용,1724,5.8,일반 세단형,국가유공자(상이)
2025-03-28 04:25:38,2025-03-28 07:19:38,2025-03-28 04:30:47.356099,2025-03-28 04:38:51.397926,2025-03-28 04:51:56.236498,,서초구,3동,영등포구,3동,경조사,1612,5.4,일반 세단형,지체장애 1급
2025-08-21 17:58:04,2025-08-21 18:31:04,2025-08-21 18:07:13.249715,2025-08-21 18:08:13.249715,2025-08-21 18:49:10.022976,,용산구,2동,성동구,1동,주간보호센터,3229,14.7,일반 세단형,뇌병변장애 2급
2025-03-15 17:12:12,2025-03-15 17:25:12,2025-03-15 17:17:17.755851,2025-03-15 17:18:17.755851,2025-03-15 17:56:25.776781,,도봉구,3동,서초구,3동,관공서 방문,3236,14.8,휠체어 탑승형 중형,신장장애
2025-01-02 05:31:33,2025-01-02 06:04:33,2025-01-02 05:50:13.606433,2025-01-02 05:53:27.371098,2025-01-02 06:32:31.505320,,용산구,2동,성북구,3동,학교 등하교,3075,12.5,기타 차량,지체장애 2급
2025-04-20 17:28:24,2025-04-20 19:57:24,2025-04-20 18:00:13.876066,2025-04-20 18:27:35.474313,2025-04-20 18:56:16.149767,,마포구,2동,강남구,3동,복지관 이용,2914,10.2,기타 차량,국가유공자(상이)
2025-07-12 10:20:48,2025-07-12 12:21:48,2025-07-12 10:21:48,2025-07-12 10:23:16.564350,2025-07-12 10:49:51.213240,,구로구,2동,강남구,1동,직업훈련,2935,10.5,기타 차량,지체장애 2급
2025-02-10 08:16:59,2025-02-10 10:57:59,2025-02-10 08:25:14.794290,2025-02-10 08:28:13.759095,2025-02-10 09:23:11.197486,,영등포구,3동,종로구,2동,경조사,3523,18.9,일반 세단형,지체장애 1급
2025-03-02 17:54:05,2025-03-02 19:31:05,2025-03-02 18:28:51.037219,2025-03-02 18:58:04.933813,2025-03-02 19:53:33.968297,,강서구,2동,금천구,2동,복지관 이용,3243,14.9,일반 세단형,지체장애 1급
2025-09-07 13:31:56,2025-09-07 15:38:56,2025-09-07 14:01:33.525546,2025-09-07 14:08:00.916328,2025-09-07 14:28:50.353938,,관악구,1동,서초구,3동,직업훈련,2256,7.7,휠체어 탑승형 중형,신장장애
2025-07-25 05:35:49,2025-07-25 06:08:49,2025-07-25 05:52:45.903999,2025-07-25 06:06:24.238208,2025-07-25 06:27:20.469995,,성북구,3동,관악구,1동,병원 진료,2536,8.7,기타 차량,지체장애 1급
2025-12-28 13:36:19,2025-12-28 16:34:19,,,,2025-12-28 13:40:19,종로구,3동,강북구,1동,경조사,1500,4.1,일반 세단형,뇌병변장애 1급
2025-10-02 14:12:21,2025-10-02 14:42:21,2025-10-02 14:23:58.388174,2025-10-02 14:28:51.527670,2025-10-02 14:40:31.224866,,양천구,1동,은평구,2동,병원 진료,1500,4.1,기타 차량,국가유공자(상이)
2025-11-03 21:08:46,2025-11-03 23:07:46,2025-11-03 21:16:00.511310,2025-11-03 21:20:47.677049,2025-11-03 21:51:25.954432,,강동구,1동,강동구,1동,경조사,2977,11.1,일반 세단형,지체장애 1급
2025-03-27 14:37:20,2025-03-27 15:23:20,2025-03-27 14:38:20,2025-03-27 14:40:46.270743,2025-03-27 15:08:50.254586,,성북구,1동, 강남구 ,1동,학교 등하교,2704,9.3,휠체어 탑승형 대형,뇌병변장애 2급
2025-07-11 15:03:05,2025-07-11 15:50:05,2025-07-11 15:09:31.286588,2025-07-11 15:14:30.705371,2025-07-11 15:32:38.277219,,구로구,2동,양천구,2동,기타,1752,5.9,휠체어 탑승형 대형,국가유공자(상이)
2025-05-21 07:28:56,2025-05-21 08:08:56,2025-05-21 08:10:06.025913,2025-05-21 08:14:48.776595,2025-05-21 08:23:58.671213,,영등포구,1동,동대문구,3동,학교 등하교,1500,3.6,휠체어 탑승형 대형,신장장애
2025-09-08 19:39:13,2025-09-08 21:06:13,2025-09-08 19:51:26.021528,2025-09-08 19:52:26.021528,2025-09-08 20:33:29.876000,,성북구,3동,도봉구,2동,병원 진료,2921,10.3,휠체어 탑승형 대형,지체장애 2급
2025-01-16 14:26:29,2025-01-16 16:38:29,2025-01-16 15:25:00.909874,2025-01-16 15:31:44.679299,2025-01-16 16:15:01.310967,,송파구,2동,도봉구,1동,출퇴근,3075,12.5,일반 세단형,시각장애 1급
2025-04-06 02:38:41,2025-04-06 04:46:41,2025-04-06 02:44:26.436120,2025-04-06 02:45:26.436120,2025-04-06 03:06:43.375390,,양천구,1동,동작구,1동,병원 진료,1752,5.9,휠체어 탑승형 중형,신장장애
2025-10-31 08:19:15,2025-10-31 08:40:15,2025-10-31 08:22:15.046616,2025-10-31 08:41:08.320375,2025-10-31 08:53:43.517397,,성동구,3동,송파구,3동,여가 활동,1500,4.5,휠체어 탑승형 중형,뇌병변장애 2급
2025-02-09 11:50:32,2025-02-09 12:53:32,2025-02-09 11:51:32,2025-02-09 11:53:05.288568,2025-02-09 12:14:09.427944,,용산구,2동,서초,3동,병원 진료,1948,6.6,기타 차량,국가유공자(상이)
2025-02-19 16:50:05,2025-02-19 19:40:05,2025-02-19 16:51:05,2025-02-19 16:54:48.340072,2025-02-19 17:54:25.545408,,서대문구,1동,노원구,2동,주간보호센터,3670,21.0,일반 세단형,지체장애 1급
2025-04-04 12:26:50,2025-04-04 13:03:50,2025-04-04 12:35:45.417096,2025-04-04 12:49:56.595087,2025-04-04 13:10:31.342166,,동대문구,3동,노원구,1동,복지관 이용,2088,7.1,휠체어 탑승형 중형,신장장애
2025-01-01 16:08:40,2025-01-01 17:31:40,2025-01-01 16:13:36.173606,2025-01-01 16:16:28.123571,2025-01-01 17:41:37.716956,,도봉구,3동,도봉구,1동,학교 등하교,3838,23.4,휠체어 탑승형 중형,지체장애 2급
2025-03-08 04:36:19,2025-03-08 04:49:19,2025-03-08 04:54:52.995161,2025-03-08 05:20:46.316122,2025-03-08 05:46:55.787925,,강북구,3동,동대문구,3동,병원 진료,2172,7.4,일반 세단형,신장장애
2025-02-26 10:49:06,2025-02-26 12:31:06,2025-02-26 10:58:35.939226,,,2025-02-26 11:11:35.939226,마포구,2동,양천구,3동,복지관 이용,1500,5.0,기타 차량,뇌병변장애 1급
2025-06-25 09:49:04,2025-06-25 12:15:04,2025-06-25 10:15:30.480710,2025-06-25 10:16:30.480710,2025-06-25 10:23:51.230090,,영등포구,3동,용산구,3동,관공서 방문,1500,2.5,기타 차량,시각장애 1급
2025-09-26 10:03:30,2025-09-26 12:12:30,2025-09-26 10:31:10.522310,2025-09-26 10:38:35.194051,2025-09-26 10:57:43.226147,,영등포구,2동,강서구,2동,주간보호센터,1668,5.6,기타 차량,뇌병변장애 2급
2025-01-24 09:18:33,2025-01-24 10:32:33,2025-01-24 10:08:36.965373,2025-01-24 10:11:28.708601,2025-01-24 10:26:07.071108,,마포구,3동,도봉구,1동,출퇴근,1500,4.8,일반 세단형,시각장애 1급
2025-08-24 16:26:53,2025-08-24 17:26:53,2025-08-24 16:31:33.311230,2025-08-24 16:56:13.677710,2025-08-24 17:23:37.254323,,강서구,3동,영등포구,1동,재활 치료,2928,10.4,휠체어 탑승형 대형,뇌병변장애 2급
2025-07-04 21:52:07,2025-07-04 22:16:07,2025-07-04 21:54:46.333609,2025-07-04 22:44:40.893031,2025-07-04 23:13:26.504519,,동작구,3동,양천구,1동,학교 등하교,2732,9.4,휠체어 탑승형 중형,시각장애 1급
2025-07-16 18:28:32,2025-07-16 20:59:32,2025-07-16 18:32:59.853608,2025-07-16 18:47:10.618732,2025-07-16 19:27:54.958344,,은평구,3동,도봉구,2동,직업훈련,3187,14.1,기타 차량,뇌병변장애 1급
2025-06-17 09:03:15,2025-06-17 11:11:15,2025-06-17 09:14:11.450154,2025-06-17 09:32:18.154135,2025-06-17 09:54:48.384818,,서초구,3동,강서구,1동,여가 활동,2200,7.5,휠체어 탑승형 대형,지체장애 2급
2025-02-18 19:00:09,2025-02-18 20:59:09,2025-02-18 19:29:29.818892,2025-02-18 19:41:05.615553,2025-02-18 20:12:19.485463,,중랑구,2동,금천구,1동,직업훈련,2942,10.6,일반 세단형,뇌병변장애 1급
2025-05-09 11:13:52,2025-05-09 11:56:52,2025-05-09 12:04:12.285838,2025-05-09 12:13:15.418072,2025-05-09 13:14:12.027629,,서초구,2동,서대문구,1동,관공서 방문,3593,19.9,휠체어 탑승형 중형,국가유공자(상이)
2025-10-03 09:36:11,2025-10-03 11:06:11,2025-10-03 09:55:39.185685,2025-10-03 09:56:39.185685,2025-10-03 10:14:45.935054,,강북구,2동,관악구,3동,주간보호센터,1500,4.6,휠체어 탑승형 중형,지체장애 1급
2025-10-15 18:18:48,2025-10-15 18:29:48,2025-10-15 18:19:52.280484,2025-10-15 18:43:56.753281,2025-10-15 19:03:11.911385,,성동구,3동,중구,2동,경조사,1780,6.0,휠체어 탑승형 대형,지체장애 2급
2025-01-23 08:52:41,2025-01-23 10:19:41,2025-01-23 08:53:41,2025-01-23 08:57:15.600733,2025-01-23 09:38:29.757287,,용산구,2동,종로구,2동,관공서 방문,3180,14.0,기타 차량,시각장애 1급
2025-05-23 22:34:13,2025-05-23 23:10:13,2025-05-23 22:35:22.499777,2025-05-23 22:36:22.499777,2025-05-23 23:06:25.300766,,강서구,3동,도봉구,2동,관공서 방문,3054,12.2,휠체어 탑승형 대형,신장장애
2025-12-16 09:15:07,2025-12-16 10:11:07,2025-12-16 09:22:20.433897,2025-12-16 09:26:44.707575,2025-12-16 09:34:13.577908,,금천구,3동,종로구,1동,관공서 방문,1500,2.3,기타 차량,국가유공자(상이)
2025-04-27 15:25:48,2025-04-27 16:25:48,2025-04-27 15:26:48,2025-04-27 15:33:19.048326,2025-04-27 15:38:17.045254,,강북구,3동,중구,1동,재활 치료,1500,2.0,일반 세단형,신장장애
2025-01-20 18:17:59,2025-01-20 19:22:59,2025-01-20 19:03:30.726793,2025-01-20 19:04:30.726793,2025-01-20 19:09:51.252559,,강남구,3동,양천구,2동,재활 치료,1500,2.2,휠체어 탑승형 대형,뇌병변장애 1급
2025-12-29 09:25:52,2025-12-29 09:47:52,2025-12-29 10:13:16.745109,2025-12-29 10:16:52.084083,2025-12-29 11:05:20.500591,,송파구,1동,강동구,2동,주간보호센터,3236,14.8,일반 세단형,뇌병변장애 1급
2025-09-14 06:35:02,2025-09-14 08:22:02,2025-09-14 06:49:48.818394,2025-09-14 06:54:59.419341,2025-09-14 07:09:36.522842,,관악구,2동,영등포구,1동,경조사,1500,4.8,휠체어 탑승형 대형,뇌병변장애 1급
2025-10-18 12:02:39,2025-10-18 12:31:39,2025-10-18 13:00:16.458014,2025-10-18 13:15:16.355472,2025-10-18 13:33:32.616130,,양천구,3동,구로구,3동,복지관 이용,2032,6.9,휠체어 탑승형 대형,신장장애
2025-08-26 02:43:56,2025-08-26 04:45:56,,,,2025-08-26 02:52:56,중구,3동,관악구,2동,관공서 방문,2424,8.3,휠체어 탑승형 대형,뇌병변장애 2급
2025-02-05 16:43:54,2025-02-05 19:32:54,2025-02-05 16:49:22.313529,2025-02-05 16:53:15.352235,2025-02-05 17:29:25.924754,,강동구,2동,서울 서초구,2동,재활 치료,3110,13.0,휠체어 탑승형 중형,신장장애
2025-11-23 10:11:58,2025-11-23 12:49:58,2025-11-23 10:18:40.929995,2025-11-23 10:20:39.513845,2025-11-23 10:44:43.901319,,마포구,2동,노원구,2동,경조사,2480,8.5,휠체어 탑승형 중형,신장장애
2025-07-29 03:40:11,2025-07-29 06:23:11,2025-07-29 03:45:43.506659,2025-07-29 03:47:54.026794,2025-07-29 03:58:34.658445,,중랑구,2동,은평구,1동,학교 등하교,1500,4.1,휠체어 탑승형 중형,신장장애
2025-01-23 15:55:49,2025-01-23 18:55:49,2025-01-23 16:04:13.716757,2025-01-23 16:07:03.978659,2025-01-23 16:18:39.886725,,노원구,1동,중구,1동,학교 등하교,1500,4.8,일반 세단형,뇌병변장애 2급
2025-01-08 09:15:23,2025-01-08 10:28:23,2025-01-08 09:24:24.528951,2025-01-08 09:27:57.871850,2025-01-08 09:59:46.067402,,서대문구,3동,서대문구,3동,병원 진료,3096,12.8,휠체어 탑승형 중형,신장장애
2025-10-04 16:13:02,2025-10-04 18:04:02,2025-10-04 16:25:24.289357,2025-10-04 16:29:16.867751,2025-10-04 17:03:58.327640,,송파구,2동,도봉구,2동,기타,2872,9.9,휠체어 탑승형 중형,지체장애 1급
2025-11-22 06:04:48,2025-11-22 07:26:48,2025-11-22 06:35:35.088127,2025-11-22 06:37:48.023496,2025-11-22 07:18:24.855925,,노원구,1동,영등포구,1동,관공서 방문,3026,11.8,휠체어 탑승형 대형,뇌병변장애 1급
2025-10-28 07:58:46,2025-10-28 09:57:46,2025-10-28 07:59:46,2025-10-28 08:21:40.968717,2025-10-28 09:38:06.946410,,구로구,2동,용산구,1동,기타,4349,30.7,기타 차량,신장장애
2025-11-23 08:28:54,2025-11-23 09:57:54,2025-11-23 08:32:21.185203,2025-11-23 08:40:21.820288,2025-11-23 10:32:06.848621,,금천구,1동,관악구,3동,주간보호센터,4223,28.9,일반 세단형,지체장애 1급
2025-03-19 11:04:26,2025-03-19 13:27:26,2025-03-19 12:20:40.943483,2025-03-19 12:25:42.007162,2025-03-19 14:19:05.504412,,강동구,3동,금천구,2동,재활 치료,4202,28.6,기타 차량,국가유공자(상이)
2025-09-06 19:05:10,2025-09-06 20:02:10,2025-09-06 19:52:26.150139,2025-09-06 20:06:25.964317,2025-09-06 20:30:04.259733,,강서구,2동,광진구,2동,경조사,2760,9.5,기타 차량,지체장애 1급
2025-02-09 17:28:39,2025-02-09 19:21:39,2025-02-09 17:38:08.321319,2025-02-09 17:47:41.048973,2025-02-09 17:54:54.563538,,영등포구,2동,성북구,1동,경조사,1500,2.0,휠체어 탑승형 중형,뇌병변장애 1급
2025-11-19 07:53:02,2025-11-19 09:46:02,2025-11-19 08:02:29.339103,2025-11-19 08:04:32.913207,2025-11-19 08:22:03.681373,,금천구,2동,구로구,3동,기타,1976,6.7,일반 세단형,신장장애
2025-08-19 02:14:51,2025-08-19 04:29:51,2025-08-19 02:18:33.964303,2025-08-19 02:27:35.937299,2025-08-19 02:48:40.285878,,중구,1동,용산구,3동,직업훈련,2536,8.7,일반 세단형,국가유공자(상이)
2025-06-23 13:23:04,2025-06-23 14:56:04,2025-06-23 13:49:22.888851,2025-06-23 13:56:29.812334,2025-06-23 14:07:00.142151,,양천구,3동,송파구,1동,주간보호센터,1500,3.4,휠체어 탑승형 중형,지체장애 2급
2025-04-23 07:44:59,2025-04-23 08:55:59,,,,2025-04-23 08:14:59,은평구,3동,성동구,1동,병원 진료,3299,15.7,기타 차량,시각장애 1급
2025-01-08 06:23:24,2025-01-08 07:49:24,2025-01-08 06:25:22.475487,2025-01-08 06:37:50.900513,2025-01-08 07:25:30.354219,,영등포구,2동,서대문구,1동,재활 치료,3229,14.7,기타 차량,신장장애
2025-12-14 19:02:27,2025-12-14 20:23:27,2025-12-14 19:32:35.440491,2025-12-14 19:33:35.440491,2025-12-14 19:50:13.339016,,종로구,2동,노원구,2동,복지관 이용,1892,6.4,휠체어 탑승형 대형,국가유공자(상이)
2025-06-23 18:23:17,2025-06-23 20:01:17,2025-06-23 18:34:37.673740,2025-06-23 18:42:25.108215,2025-06-23 19:18:07.460933,,종로구,3동,성북구,1동,직업훈련,3145,13.5,휠체어 탑승형 대형,국가유공자(상이)
2025-06-14 18:13:34,2025-06-14 19:02:34,,,,2025-06-14 18:36:34,종로구,2동,중구,1동,기타,1500,3.6,휠체어 탑승형 대형,신장장애
2025-07-14 07:04:45,2025-07-14 07:30:45,2025-07-14 07:05:45,2025-07-14 07:09:36.425896,2025-07-14 07:31:15.841239,,노원구,3동,강북구,2동,복지관 이용,2172,7.4,일반 세단형,뇌병변장애 2급
2025-08-15 18:06:26,2025-08-15 19:23:26,2025-08-15 18:15:01.125734,2025-08-15 18:38:26.261403,2025-08-15 19:03:49.504441,,은평구,1동,종로구,2동,여가 활동,2060,7.0,일반 세단형,뇌병변장애 1급
2025-07-18 11:41:06,2025-07-18 12:53:06,,,,2025-07-18 12:11:06,송파구,3동,노원구,1동,경조사,1724,5.8,기타 차량,뇌병변장애 2급
2025-07-17 07:27:09,2025-07-17 10:15:09,2025-07-17 07:50:40.183973,2025-07-17 07:54:45.445004,2025-07-17 08:22:32.580788,,은평구,3동,중구,1동,여가 활동,2172,7.4,기타 차량,지체장애 2급
2025-09-26 01:18:22,2025-09-26 04:05:22,2025-09-26 01:43:06.010530,2025-09-26 01:48:05.414321,2025-09-26 02:21:38.552474,,중랑구,1동,서대문구,1동,출퇴근,2998,11.4,휠체어 탑승형 중형,지체장애 1급
2025-11-11 10:21:00,2025-11-11 11:06:00,2025-11-11 10:55:05.948967,2025-11-11 11:05:06.209049,2025-11-11 11:39:08.357888,,중랑구,3동,용산구,3동,직업훈련,2732,9.4,휠체어 탑승형 대형,뇌병변장애 2급
2025-11-06 18:42:42,2025-11-06 21:35:42,2025-11-06 19:23:47.897939,2025-11-06 19:36:12.318545,2025-11-06 20:14:01.701290,,용산구,2동,도봉구,3동,경조사,3131,13.3,기타 차량,신장장애
2025-02-21 13:21:01,2025-02-21 14:40:01,2025-02-21 13:24:15.088860,2025-02-21 13:25:45.911684,2025-02-21 13:40:23.175950,,서초구,3동,강남구,1동,여가 활동,1752,5.9,일반 세단형,시각장애 1급
2025-07-20 10:40:40,2025-07-20 12:59:40,2025-07-20 10:45:35.452335,2025-07-20 11:00:13.902169,2025-07-20 11:10:59.910427,,종로구,1동,중구,3동,경조사,1500,3.5,기타 차량,뇌병변장애 1급
2025-10-23 07:40:29,2025-10-23 10:29:29,2025-10-23 07:59:02.863302,2025-10-23 08:01:16.438492,2025-10-23 08:30:48.511074,,중랑구,1동,서울 서초구,2동,직업훈련,2732,9.4,휠체어 탑승형 대형,국가유공자(상이)
2025-12-26 09:49:48,2025-12-26 11:42:48,2025-12-26 10:17:08.140581,,,2025-12-26 10:32:08.140581,영등포구,2동,중랑구,3동,재활 치료,2816,9.7,휠체어 탑승형 중형,뇌병변장애 1급
2025-06-27 08:49:52,2025-06-27 10:27:52,2025-06-27 08:54:20.299439,2025-06-27 08:57:50.157818,2025-06-27 09:23:38.611794,,서대문구,2동,중랑구,2동,복지관 이용,2340,8.0,기타 차량,뇌병변장애 2급
2025-06-28 13:00:31,2025-06-28 14:41:31,2025-06-28 13:47:12.996565,,,2025-06-28 13:55:12.996565,강남구,1동,노원구,3동,여가 활동,3880,24.0,휠체어 탑승형 중형,신장장애
2025-08-23 17:35:50,2025-08-23 19:40:50,2025-08-23 17:48:19.813244,2025-08-23 17:49:19.813244,2025-08-23 18:19:53.639028,,동작구,3동,동작구,2동,재활 치료,2991,11.3,휠체어 탑승형 대형,뇌병변장애 1급
2025-12-08 21:16:15,2025-12-08 22:00:15,2025-12-08 21:55:59.036890,2025-12-08 22:03:20.610519,2025-12-08 22:16:08.724299,,서초구,2동,송파구,3동,기타,1500,4.3,휠체어 탑승형 대형,국가유공자(상이)
2025-06-28 17:34:54,2025-06-28 20:33:54,2025-06-28 18:07:24.431115,2025-06-28 18:27:42.747188,2025-06-28 18:50:39.482326,,광진구,3동,서대문구,1동,복지관 이용,1808,6.1,휠체어 탑승형 대형,신장장애
2025-07-31 09:19:30,2025-07-31 09:44:30,2025-07-31 10:00:22.397823,2025-07-31 10:04:39.753850,2025-07-31 10:56:58.160486,,금천구,2동,은평구,1동,관공서 방문,3369,16.7,휠체어 탑승형 대형,신장장애
2025-05-19 20:31:28,2025-05-19 21:10:28,2025-05-19 20:47:02.051997,2025-05-19 20:50:17.165849,2025-05-19 21:29:27.250886,,금천구,2동,서대문구,2동,경조사,2928,10.4,일반 세단형,시각장애 1급
2025-09-11 08:37:39,2025-09-11 09:57:39,2025-09-11 08:55:58.086186,2025-09-11 09:02:43.896271,2025-09-11 09:28:05.216492,,서대문구,3동,구로구,3동,재활 치료,2900,10.0,일반 세단형,뇌병변장애 1급
2025-08-04 18:46:05,2025-08-04 19:27:05,2025-08-04 19:07:00.664746,2025-08-04 19:28:58.829474,2025-08-04 20:03:39.752976,,강서구,1동,강북구,1동,병원 진료,2984,11.2,휠체어 탑승형 중형,시각장애 1급
2025-10-29 06:44:20,2025-10-29 09:16:20,2025-10-29 07:14:39.141300,2025-10-29 07:16:50.935182,2025-10-29 07:27:57.160634,,강동구,1동,종로구,3동,직업훈련,1500,4.4,휠체어 탑승형 중형,국가유공자(상이)
2025-10-31 14:33:33,2025-10-31 17:12:33,2025-10-31 14:39:50.781998,2025-10-31 14:40:50.781998,2025-10-31 14:51:51.385404,,서초구,2동,강북구,3동,병원 진료,1500,3.2,일반 세단형,지체장애 1급
2025-10-08 00:54:34,2025-10-08 01:09:34,2025-10-08 00:58:05.516935,2025-10-08 01:01:49.883665,2025-10-08 01:20:53.779790,,서대문구,3동,강남구,3동,직업훈련,1920,6.5,기타 차량,국가유공자(상이)
2025-03-31 17:03:26,2025-03-31 17:16:26,2025-03-31 17:12:12.180994,,,2025-03-31 17:30:12.180994,은평구,1동,광진구,3동,출퇴근,1500,3.7,일반 세단형,뇌병변장애 1급
2025-04-27 20:25:19,2025-04-27 21:57:19,2025-04-27 20:37:55.576529,2025-04-27 20:38:55.576529,2025-04-27 21:17:46.955355,,강북구,1동,영등포구,2동,직업훈련,3243,14.9,휠체어 탑승형 대형,지체장애 2급
2025-03-23 17:10:36,2025-03-23 19:09:36,2025-03-23 17:41:33.142318,2025-03-23 18:05:01.513599,2025-03-23 18:24:29.715228,,중랑구,2동,중랑구,1동,복지관 이용,2340,8.0,기타 차량,신장장애
2025-01-14 19:34:13,2025-01-14 21:02:13,2025-01-14 19:50:12.374087,2025-01-14 19:51:56.518986,2025-01-14 20:15:40.593136,,서초구,1동,성북구,2동,기타,2424,8.3,휠체어 탑승형 대형,뇌병변장애 2급
2025-05-09 11:07:35,2025-05-09 13:40:35,2025-05-09 11:43:06.239805,2025-05-09 11:44:06.239805,2025-05-09 12:01:23.886943,,금천구,1동,동대문구,2동,관공서 방문,1752,5.9,일반 세단형,신장장애
2025-10-24 19:28:00,2025-10-24 20:45:00,2025-10-24 20:09:28.633077,2025-10-24 20:11:07.909818,2025-10-24 20:23:59.735337,,중구,2동,동대문구,3동,직업훈련,1500,3.9,휠체어 탑승형 대형,시각장애 1급
2025-07-12 17:07:07,2025-07-12 17:26:07,2025-07-12 17:59:18.712746,2025-07-12 18:08:51.525653,2025-07-12 18:39:15.966008,,강서구,1동,도봉구,3동,주간보호센터,2998,11.4,휠체어 탑승형 중형,뇌병변장애 1급
2025-08-29 15:56:32,2025-08-29 16:19:32,2025-08-31 03:56:32,2025-08-29 16:04:42.052154,2025-08-29 16:33:52.668317,,송파구,2동,은평구,3동,직업훈련,2998,11.4,일반 세단형,국가유공자(상이)
2025-01-27 11:06:05,2025-01-27 13:28:05,2025-01-27 11:14:22.942606,2025-01-27 11:17:04.424497,2025-01-27 11:47:23.646522,,광진구,1동,강서구,3동,여가 활동,3082,12.6,일반 세단형,시각장애 1급
2025-09-02 19:40:11,2025-09-02 20:57:11,2025-09-02 20:07:20.829665,2025-09-02 20:12:33.010464,2025-09-02 20:20:09.420042,,성북구,3동,서대문구,2동,기타,1500,2.4,휠체어 탑승형 대형,뇌병변장애 2급
2025-08-02 10:50:45,2025-08-02 13:19:45,2025-08-02 11:09:36.072872,2025-08-02 11:34:45.863905,2025-08-02 12:19:36.910712,,동대문구,1동,광진구,1동,여가 활동,3033,11.9,휠체어 탑승형 중형,뇌병변장애 2급
2025-03-09 14:36:38,2025-03-09 15:55:38,,,,2025-03-09 14:58:38,강동구,1동,광진구,1동,출퇴근,1500,4.1,기타 차량,시각장애 1급
2025-02-05 07:12:21,2025-02-05 09:45:21,2025-02-05 07:14:08.488548,2025-02-05 07:15:59.759185,2025-02-05 07:32:21.298303,,은평구,2동,종로구,1동,출퇴근,1500,4.5,휠체어 탑승형 중형,뇌병변장애 1급
2025-07-09 07:38:33,2025-07-09 10:07:33,2025-07-09 07:45:45.404878,2025-07-09 07:50:55.373182,2025-07-09 09:16:02.280138,,종로구,3동,강북구,1동,재활 치료,-3817,23.1,일반 세단형,뇌병변장애 2급
2025-08-12 15:34:41,2025-08-12 16:24:41,2025-08-12 16:02:39.788913,,,2025-08-12 16:03:39.788913,중랑구,3동,양천구,2동,학교 등하교,3243,14.9,휠체어 탑승형 대형,지체장애 2급
2025-08-27 16:49:32,2025-08-27 18:53:32,2025-08-27 17:14:00.423730,2025-08-27 17:15:00.423730,2025-08-27 17:43:15.407577,,은평구,1동,영등포구,2동,직업훈련,2900,10.0,휠체어 탑승형 중형,국가유공자(상이)
2025-06-07 18:31:04,2025-06-07 18:49:04,2025-06-07 19:03:42.122313,2025-06-07 19:15:55.208257,2025-06-07 19:29:46.470111,,양천구,1동,종로구,3동,기타,1500,3.6,휠체어 탑승형 중형,국가유공자(상이)
2025-01-14 12:56:23,2025-01-14 14:38:23,2025-01-14 13:15:41.580932,2025-01-14 13:19:23.022931,2025-01-14 13:33:00.712091,,경기 성남시,3동,관악구,1동,경조사,1584,5.3,휠체어 탑승형 대형,지체장애 1급
2025-05-13 06:46:33,2025-05-13 07:34:33,2025-05-13 07:03:38.959859,2025-05-13 07:04:56.875765,2025-05-13 07:18:04.276333,,노원구,2동,마포구,2동,재활 치료,1500,4.4,휠체어 탑승형 중형,뇌병변장애 2급
2025-10-17 18:55:04,2025-10-17 19:05:04,2025-10-17 18:56:20.313193,2025-10-17 19:00:06.442969,2025-10-17 19:11:47.005034,,노원구,3동,서대문구,3동,여가 활동,1500,3.5,일반 세단형,국가유공자(상이)
2025-11-07 22:37:36,2025-11-08 01:10:36,2025-11-07 22:41:32.645068,2025-11-07 22:55:56.057098,2025-11-07 23:01:35.033212,,은평구,1동,강서구,3동,병원 진료,1500,2.3,기타 차량,지체장애 1급
2025-09-13 06:52:22,2025-09-13 09:40:22,2025-09-13 07:37:04.181606,2025-09-13 08:02:03.055939,2025-09-13 08:33:56.582727,,마포구,3동,종로구,3동,관공서 방문,2921,10.3,휠체어 탑승형 중형,국가유공자(상이)
2025-04-27 11:50:42,2025-04-27 13:58:42,2025-04-27 11:51:56.118824,2025-04-27 12:34:24.823656,2025-04-27 13:02:09.630100,,동작구,3동,광진구,3동,주간보호센터,2963,10.9,일반 세단형,뇌병변장애 2급
2025-08-20 11:04:22,2025-08-20 12:14:22,2025-08-20 11:07:19.336201,2025-08-20 11:11:55.116102,2025-08-20 12:24:18.946234,,성동구,1동,양천구,3동,경조사,3754,22.2,휠체어 탑승형 중형,국가유공자(상이)
2025-11-19 17:31:50,2025-11-19 17:48:50,2025-11-19 17:54:31.714915,2025-11-19 17:57:28.850972,2025-11-19 18:38:34.534286,,광진구,3동,강남구,2동,여가 활동,3103,12.9,기타 차량,지체장애 1급
2025-11-08 17:42:45,2025-11-08 19:26:45,2025-11-08 17:48:59.721823,2025-11-08 17:49:59.721823,2025-11-08 18:02:14.615794,,노원구,3동,강서구,2동,기타,1500,3.9,휠체어 탑승형 대형,국가유공자(상이)
2025-11-08 09:20:57,2025-11-08 11:03:57,2025-11-08 09:47:53.488476,2025-11-08 09:50:44.023505,2025-11-08 11:07:28.774303,,성북구,1동,강동구,1동,병원 진료,3579,19.7,기타 차량,뇌병변장애 2급
2025-04-12 17:45:59,2025-04-12 19:18:59,,,,2025-04-12 17:56:59,서초구,1동,성동구,3동,출퇴근,3194,14.2,기타 차량,신장장애
2025-04-01 18:46:31,2025-04-01 20:57:31,2025-04-01 19:02:38.236535,2025-04-01 19:08:35.246793,2025-04-01 19:29:24.155621,,노원구,2동,중랑구,3동,학교 등하교,2480,8.5,기타 차량,뇌병변장애 1급
2025-12-19 05:36:19,2025-12-19 06:50:19,2025-12-19 05:40:51.069409,2025-12-19 05:41:51.069409,2025-12-19 06:00:12.775695,,강북구,3동,종로구,3동,직업훈련,1584,5.3,휠체어 탑승형 대형,뇌병변장애 2급
2025-11-12 13:39:21,2025-11-12 15:41:21,2025-11-12 14:08:29.481395,2025-11-12 14:10:47.845048,2025-11-12 14:33:16.536080,,양천구,1동,강북구,3동,재활 치료,1892,6.4,휠체어 탑승형 대형,지체장애 2급
2025-08-01 11:05:25,2025-08-01 12:05:25,2025-08-01 11:29:10.361540,2025-08-01 11:33:08.959154,2025-08-01 12:00:44.901812,,성북구,1동,종로구,3동,복지관 이용,2872,9.9,기타 차량,시각장애 1급
2025-01-07 18:23:42,2025-01-07 20:18:42,2025-01-07 18:43:07.440217,2025-01-07 18:44:32.469578,2025-01-07 19:10:12.232116,,동작구,1동,부산 해운대구,3동,복지관 이용,2396,8.2,휠체어 탑승형 중형,지체장애 1급
2025-01-20 08:04:28,2025-01-20 08:49:28,2025-01-20 08:44:15.037979,2025-01-20 08:47:55.184217,2025-01-20 09:04:58.488950,,중구,3동,중구,3동,기타,1724,5.8,휠체어 탑승형 대형,국가유공자(상이)
2025-08-05 13:30:00,2025-08-05 14:00:00,2025-08-05 13:31:35.459671,2025-08-05 13:45:00.428730,2025-08-05 14:15:46.337156,,강남구,3동,광진구,1동,학교 등하교,2284,7.8,일반 세단형,신장장애
2025-06-04 00:02:18,2025-06-04 01:08:18,2025-06-04 00:08:48.773862,2025-06-04 00:15:47.572786,2025-06-04 00:35:37.717938,,영등포구,3동,관악구,2동,학교 등하교,1780,6.0,휠체어 탑승형 대형,뇌병변장애 1급
2025-07-27 11:53:43,2025-07-27 13:13:43,2025-07-27 13:06:45.819708,,,2025-07-27 13:17:45.819708,중구,3동,중구,2동,재활 치료,1864,6.3,휠체어 탑승형 중형,지체장애 1급
2025-06-13 15:40:00,2025-06-13 17:10:00,2025-06-13 17:17:28.864184,2025-06-13 18:04:06.639136,2025-06-13 18:58:10.059553,,동작구,2동,동대문구,3동,기타,3579,19.7,기타 차량,지체장애 2급
2025-08-08 11:02:32,2025-08-08 11:31:32,2025-08-08 11:27:19.263718,2025-08-08 11:42:35.225280,2025-08-08 12:01:15.574948,,동대문구,1동,성동구,3동,직업훈련,2256,7.7,휠체어 탑승형 대형,신장장애
2025-04-06 17:30:35,2025-04-06 18:39:35,2025-04-06 18:02:55.186100,2025-04-06 18:26:29.660557,2025-04-06 18:52:06.084916,,구로구,1동,용산구,2동,복지관 이용,2900,10.0,기타 차량,뇌병변장애 1급
2025-03-19 17:31:48,2025-03-19 17:57:48,2025-03-19 17:32:48,2025-03-19 17:53:30.825128,2025-03-19 18:06:24.663379,,강북구,3동,양천구,3동,직업훈련,1556,5.2,일반 세단형,신장장애
2025-01-20 08:05:40,2025-01-20 09:42:40,2025-01-20 08:09:20.190424,2025-01-20 08:22:26.790684,2025-01-20 08:56:34.409083,,양천구,1동,성북구,1동,기타,3047,12.1,휠체어 탑승형 대형,국가유공자(상이)
0000-00-00,2025-12-07 13:01:56,2025-12-07 11:02:58.372100,2025-12-07 11:04:03.040437,2025-12-07 11:33:12.946391,,양천구,1동,강남구,1동,기타,2949,10.7,휠체어 탑승형 중형,지체장애 1급
2025-09-25 13:41:43,2025-09-25 16:25:43,2025-09-25 14:41:18.559603,2025-09-25 14:42:18.559603,2025-09-25 15:10:04.568321,,송파구,3동,강북구,2동,여가 활동,2991,11.3,일반 세단형,신장장애
2025-03-20 07:13:41,2025-03-20 08:34:41,2025-03-20 07:20:07.125844,2025-03-20 07:25:53.801327,2025-03-20 07:41:38.282089,,강동구,1동,중구,3동,관공서 방문,1780,6.0,일반 세단형,지체장애 2급
2025-10-02 19:20:08,2025-10-02 19:55:08,2025-10-02 19:31:08.356047,2025-10-02 19:37:26.448657,2025-10-02 19:42:16.100480,,양천구,3동,성북구,3동,복지관 이용,1500,1.5,휠체어 탑승형 대형,국가유공자(상이)
2025-03-10 21:20:18,2025-03-10 22:41:18,2025-03-10 21:28:57.537448,2025-03-10 21:29:57.537448,2025-03-10 22:15:17.123513,,중구,1동,성동구,3동,주간보호센터,3201,14.3,일반 세단형,뇌병변장애 2급
2025-06-15 17:58:45,2025-06-15 20:18:45,2025-06-15 18:22:15.488179,2025-06-15 18:24:18.876666,2025-06-15 18:43:20.579288,,중랑구,3동,서초구,2동,여가 활동,2200,7.5,기타 차량,시각장애 1급
2025-06-25 21:40:40,2025-06-25 23:11:40,2025-06-25 21:57:44.839865,2025-06-25 21:59:37.668417,2025-06-25 22:20:54.614659,,노원구,1동,동작구,3동,복지관 이용,2508,8.6,일반 세단형,신장장애
2025-06-25 16:16:53,2025-06-25 19:12:53,2025-06-25 16:26:23.605372,2025-06-25 16:38:14.415069,2025-06-25 16:42:57.357568,,중랑구,2동,관악구,2동,기타,1500,1.4,일반 세단형,신장장애
2025-12-18 15:57:39,2025-12-18 17:59:39,2025-12-18 16:15:05.158477,2025-12-18 16:17:32.770193,2025-12-18 16:44:00.472708,,용산구,1동,양천구,2동,기타,2935,10.5,휠체어 탑승형 중형,뇌병변장애 2급
2025-03-19 03:47:24,2025-03-19 04:25:24,2025-03-19 03:49:49.111649,2025-03-19 04:03:36.023026,2025-03-19 04:24:48.395669,,노원구,2동,영등포구,1동,관공서 방문,2144,7.3,기타 차량,지체장애 1급
2025-05-23 15:18:28,2025-05-23 17:57:28,2025-05-23 15:47:11.118149,2025-05-23 15:50:32.547827,2025-05-23 16:27:33.270860,,은평구,2동,용산구,1동,출퇴근,2928,10.4,기타 차량,지체장애 2급
2025-01-09 17:41:36,2025-01-09 19:08:36,2025-01-09 17:49:26.741116,2025-01-09 17:50:26.741116,2025-01-09 17:57:52.389916,,광진구,3동,중구,3동,직업훈련,1500,2.2,휠체어 탑승형 대형,지체장애 1급
2025-07-26 10:23:20,2025-07-26 12:50:20,2025-07-26 11:50:21.293576,2025-07-26 11:52:43.001534,2025-07-26 12:05:27.301718,,영등포구,1동,용산구,1동,병원 진료,1500,3.5,휠체어 탑승형 중형,국가유공자(상이)
2025-07-09 04:46:38,2025-07-09 07:33:38,2025-07-09 05:29:28.602622,,,2025-07-09 05:39:28.602622,송파구,1동,강동구,1동,병원 진료,2760,9.5,휠체어 탑승형 대형,시각장애 1급
2025-12-27 07:26:54,2025-12-27 09:52:54,2025-12-27 07:39:00.704066,2025-12-27 08:08:06.575037,2025-12-27 08:24:58.509202,,중구,2동,노원구,1동,직업훈련,1556,5.2,휠체어 탑승형 중형,뇌병변장애 1급
2025-06-27 10:03:41,2025-06-27 11:00:41,2025-06-27 10:36:33.134236,2025-06-27 10:44:30.591689,2025-06-27 11:01:28.287689,,강북구,2동,서대문구,2동,기타,2032,6.9,휠체어 탑승형 중형,뇌병변장애 2급
2025-12-20 09:01:24,2025-12-20 11:30:24,2025-12-20 09:19:31.896048,2025-12-20 09:42:32.036146,2025-12-20 10:01:55.975546,,강서구,2동,노원구,3동,병원 진료,2172,7.4,휠체어 탑승형 대형,신장장애
2025-10-13 20:52:29,2025-10-13 21:18:29,2025-10-13 21:02:17.724285,2025-10-13 21:24:00.242878,2025-10-13 21:30:24.302679,,동대문구,1동,용산구,1동,출퇴근,1500,1.7,일반 세단형,뇌병변장애 2급
2025-05-05 16:54:50,2025-05-05 18:31:50,2025-05-05 17:16:22.771442,2025-05-05 17:19:03.153111,2025-05-05 18:05:54.249565,,용산구,1동,구로구,1동,병원 진료,3320,16.0,기타 차량,뇌병변장애 2급
2025-11-21 17:50:32,2025-11-21 18:11:32,2025-11-21 18:14:48.629657,2025-11-21 18:18:13.993126,2025-11-21 18:59:10.556274,,도봉구,1동,서초구,3동,주간보호센터,3047,12.1,일반 세단형,국가유공자(상이)
2025-03-16 02:34:07,2025-03-16 04:38:07,2025-03-16 02:52:45.525665,2025-03-16 03:03:41.849198,2025-03-16 03:20:07.000892,,서초구,3동,마포구,3동,관공서 방문,1808,6.1,일반 세단형,신장장애
2025-10-25 15:46:41,2025-10-25 18:45:41,2025-10-25 16:59:28.443071,2025-10-25 17:11:52.062579,2025-10-25 17:32:48.653399,,서대문구,2동,마포구,1동,출퇴근,1696,5.7,기타 차량,지체장애 1급
2025-04-27 08:56:59,2025-04-27 11:17:59,2025-04-27 09:09:32.534198,2025-04-27 09:14:38.039469,2025-04-27 09:19:57.825410,,용산구,1동,마포구,1동,여가 활동,1500,1.8,기타 차량,지체장애 1급
2025-02-15 11:53:12,2025-02-15 12:17:12,2025-02-15 12:04:26.661026,2025-02-15 12:09:31.915216,2025-02-15 12:23:05.708568,,은평구,2동,용산구,1동,재활 치료,1612,5.4,휠체어 탑승형 대형,신장장애
2025-02-20 09:29:38,2025-02-20 12:15:38,2025-02-20 09:32:14.317772,2025-02-20 09:33:58.684842,2025-02-20 10:07:04.188133,,용산구,2동,금천구,3동,직업훈련,3054,12.2,휠체어 탑승형 중형,지체장애 1급
2025-09-01 07:33:53,2025-09-01 10:01:53,2025-09-01 08:48:19.994494,2025-09-01 08:50:51.657477,2025-09-01 09:10:46.651813,,광진구,1동,은평구,3동,직업훈련,2004,6.8,기타 차량,뇌병변장애 2급
2025-12-22 08:00:53,2025-12-22 10:50:53,2025-12-22 08:41:31.794621,2025-12-22 08:46:15.726569,2025-12-22 09:22:48.430491,,광진구,2동,성동구,1동,경조사,3061,12.3,휠체어 탑승형 중형,지체장애 1급
2025-06-18 08:46:30,2025-06-18 09:05:30,2025-06-18 09:34:45.988306,2025-06-18 09:45:39.759027,2025-06-18 10:07:10.768502,,강서구,2동,중랑구,2동,주간보호센터,2256,7.7,일반 세단형,지체장애 1급
2025-08-21 15:45:07,2025-08-21 16:42:07,2025-08-21 16:57:37.012766,2025-08-21 17:17:11.771251,2025-08-21 17:52:34.849193,,강북구,1동,관악구,3동,기타,3012,11.6,휠체어 탑승형 중형,지체장애 1급
2025-04-23 14:33:45,2025-04-23 15:21:45,2025-04-23 14:36:52.863633,2025-04-23 14:51:32.991137,2025-04-23 15:38:34.383416,,용산구,1동,서대문구,3동,주간보호센터,3180,14.0,휠체어 탑승형 중형,뇌병변장애 1급
2025-02-06 06:54:23,2025-02-06 09:44:23,,,,2025-02-06 07:16:23,구로구,2동,성동구,2동,출퇴근,1556,5.2,휠체어 탑승형 대형,뇌병변장애 2급
2025-12-22 19:20:27,2025-12-22 19:37:27,,,,2025-12-22 19:47:27,양천구,2동,영등포구,2동,여가 활동,2970,11.0,휠체어 탑승형 중형,지체장애 1급
2025-01-31 08:08:30,2025-01-31 10:44:30,2025-01-31 08:48:40.787685,2025-01-31 08:55:21.369954,2025-01-31 09:38:40.552350,,구로구,1동,용산구,3동,주간보호센터,3313,15.9,일반 세단형,신장장애
2025-05-09 10:42:41,2025-05-09 12:47:41,2025-05-09 11:13:48.664734,2025-05-09 11:17:13.412835,2025-05-09 12:18:21.060511,,금천구,3동,영등포구,3동,주간보호센터,3740,22.0,일반 세단형,뇌병변장애 2급
2025-02-02 11:45:19,2025-02-02 12:42:19,2025-02-02 12:07:47.331579,2025-02-02 12:13:52.241804,2025-02-02 12:48:05.186839,,동대문구,3동,서초구,2동,학교 등하교,2620,9.0,일반 세단형,국가유공자(상이)
2025-12-30 13:39:56,2025-12-30 14:00:56,2025-12-30 14:19:42.531206,2025-12-30 15:05:30.365064,2025-12-30 15:43:16.752123,,은평구,2동,서초구,2동,병원 진료,2788,9.6,기타 차량,국가유공자(상이)
2025-08-22 07:35:29,2025-08-22 10:27:29,2025-08-22 07:38:00.349934,2025-08-22 07:52:09.745044,2025-08-22 08:22:56.877502,,마포구,1동,송파구,3동,주간보호센터,2676,9.2,기타 차량,지체장애 1급
2025-09-19 07:00:41,2025-09-19 09:18:41,2025-09-19 07:10:32.015533,,,2025-09-19 07:20:32.015533,중구,3동,중랑구,1동,병원 진료,1500,4.8,휠체어 탑승형 대형,뇌병변장애 1급
2025-07-06 09:31:05,2025-07-06 10:52:05,2025-07-06 09:32:13.762558,2025-07-06 09:48:01.860424,2025-07-06 09:52:35.952759,,중랑구,3동,영등포구,1동,여가 활동,1500,1.8,휠체어 탑승형 중형,지체장애 2급
2025-05-17 17:34:34,2025-05-17 20:30:34,2025-05-17 17:45:51.847760,2025-05-17 17:52:24.635407,2025-05-17 18:09:07.494405,,서초,3동,도봉구,3동,병원 진료,1500,4.3,휠체어 탑승형 대형,국가유공자(상이)
2025-08-20 15:02:59,2025-08-20 17:53:59,2025-08-20 15:34:07.059804,2025-08-20 15:36:16.154067,2025-08-20 15:48:01.812591,,서울 강남구,2동,용산구,1동,병원 진료,1500,3.7,일반 세단형,신장장애
2025-11-15 16:20:21,2025-11-15 19:14:21,2025-11-15 16:27:31.038061,2025-11-15 16:42:53.970557,2025-11-15 17:04:33.290417,,광진구,3동,서대문구,2동,출퇴근,1668,5.6,휠체어 탑승형 중형,시각장애 1급
2025-11-29 19:13:20,2025-11-29 21:29:20,2025-11-29 19:45:44.671772,2025-11-29 19:47:12.601666,2025-11-29 20:05:55.534265,,송파구,2동,노원구,1동,관공서 방문,2116,7.2,기타 차량,신장장애
2025-08-30 17:20:24,2025-08-30 20:19:24,2025-08-30 17:48:08.180047,2025-08-30 18:03:48.576335,2025-08-30 18:36:48.396786,,성동구,2동,서대문구,3동,병원 진료,2788,9.6,휠체어 탑승형 대형,지체장애 1급
2025-10-28 15:43:40,2025-10-28 17:40:40,2025-10-28 15:44:40,2025-10-28 15:45:40,2025-10-28 16:29:35.765587,,동대문구,1동,광진구,1동,여가 활동,3376,16.8,휠체어 탑승형 중형,뇌병변장애 2급
2025-07-21 18:42:24,2025-07-21 19:16:24,2025-07-21 19:50:09.819800,,,2025-07-21 19:58:09.819800,강동구,2동,양천구,3동,기타,3334,16.2,휠체어 탑승형 대형,시각장애 1급
2025-03-31 14:00:04,2025-03-31 16:21:04,2025-03-31 15:11:59.416773,2025-03-31 15:16:29.915057,2025-03-31 15:42:46.694697,,종로구,1동,금천구,3동,병원 진료,2760,9.5,일반 세단형,지체장애 1급
2025-09-09 09:30:25,2025-09-09 09:47:25,2025-09-09 09:47:44.407510,2025-09-09 10:06:23.554120,2025-09-09 10:26:09.923312,,강동구,3동,종로구,3동,기타,2340,8.0,휠체어 탑승형 대형,시각장애 1급
2025-11-28 13:39:32,2025-11-28 16:36:32,,,,2025-11-28 13:50:32,도봉구,2동,강동구,2동,재활 치료,2970,11.0,기타 차량,뇌병변장애 1급
2025-06-15 08:50:04,2025-06-15 10:46:04,2025-06-15 09:03:45.765490,2025-06-15 09:12:20.378368,2025-06-15 09:31:15.456487,,용산구,2동,성북구,3동,출퇴근,1976,6.7,일반 세단형,지체장애 2급
2025-09-19 08:32:58,2025-09-19 09:19:58,2025-09-19 09:33:48.561260,2025-09-19 09:46:12.460946,2025-09-19 10:18:13.593366,,동작구,2동,종로구,2동,복지관 이용,2368,8.1,휠체어 탑승형 중형,뇌병변장애 2급
2025-05-10 10:51:40,2025-05-10 12:17:40,2025-05-10 11:16:31.000913,2025-05-10 11:27:06.040332,2025-05-10 11:50:07.676969,,구로구,1동,구로구,1동,학교 등하교,2060,7.0,휠체어 탑승형 대형,뇌병변장애 1급
2025-09-12 08:49:28,2025-09-12 10:26:28,2025-09-12 09:21:06.658661,2025-09-12 09:23:48.343369,2025-09-12 09:55:17.909403,,동작구,1동,강서구,3동,병원 진료,3089,12.7,일반 세단형,지체장애 2급
2025-05-20 10:53:00,2025-05-20 11:39:00,2025-05-20 11:22:03.894130,2025-05-20 11:25:19.196089,2025-05-20 12:05:07.101984,,양천구,2동,노원구,2동,기타,3054,12.2,일반 세단형,국가유공자(상이)
2025-12-27 18:28:29,2025-12-27 19:48:29,2025-12-27 18:42:17.920001,,,2025-12-27 18:54:17.920001,강남구,2동,종로구,1동,기타,2956,10.8,일반 세단형,지체장애 2급
2025-12-22 10:10:52,2025-12-22 12:39:52,2025-12-22 10:53:51.284068,2025-12-22 10:54:51.284068,2025-12-22 11:02:00.579091,,동대문구,1동,은평구,1동,복지관 이용,1500,2.0,기타 차량,뇌병변장애 2급
2025-09-11 14:18:26,2025-09-11 17:11:26,2025-09-11 14:25:49.447941,2025-09-11 14:28:57.261771,2025-09-11 14:40:57.107048,,종로구,1동,중랑구,1동,복지관 이용,1500,3.9,휠체어 탑승형 중형,지체장애 2급
2025-04-30 18:59:09,2025-04-30 19:51:09,2025-04-30 19:04:26.573407,2025-04-30 19:05:26.573407,2025-04-30 19:25:26.292332,,은평구,3동,구로구,3동,주간보호센터,1864,6.3,일반 세단형,시각장애 1급
2025-05-20 12:55:41,2025-05-20 14:48:41,2025-05-20 13:13:37.413782,2025-05-20 13:15:47.521278,2025-05-20 13:38:35.809497,,서초구,3동,구로구,2동,기타,2340,8.0,일반 세단형,뇌병변장애 2급
2025-01-02 08:44:22,2025-01-02 10:48:22,2025-01-02 08:50:39.294784,2025-01-02 08:54:29.298689,2025-01-02 09:00:51.503031,,강동구,3동,중구,2동,관공서 방문,1500,2.2,일반 세단형,신장장애
2025-10-22 14:52:52,2025-10-22 15:13:52,2025-10-22 15:37:22.148256,2025-10-22 15:39:56.127769,2025-10-22 16:15:03.026912,,강북구,3동,강북구,3동,기타,3033,11.9,기타 차량,뇌병변장애 2급
2025-01-16 12:37:12,2025-01-16 15:15:12,2025-01-16 13:00:12.046102,2025-01-16 13:02:17.890462,2025-01-16 13:36:08.831258,,마포구,3동,성북구,3동,직업훈련,2963,10.9,기타 차량,국가유공자(상이)
2025-12-26 14:45:17,2025-12-26 15:45:17,2025-12-26 14:53:48.489131,2025-12-26 14:56:22.107443,2025-12-26 15:19:44.669748,,동대문구,1동,마포구,3동,관공서 방문,1976,6.7,휠체어 탑승형 대형,뇌병변장애 2급
2025-02-05 08:54:58,2025-02-05 10:30:58,2025-02-05 08:56:34.003878,2025-02-05 09:01:58.196887,2025-02-05 09:34:31.628993,,관악구,2동,마포구,1동,직업훈련,2900,10.0,일반 세단형,시각장애 1급
2025-02-15 14:20:21,2025-02-15 15:27:21,2025-02-15 14:23:01.567278,2025-02-15 14:24:01.567278,2025-02-15 14:31:58.376555,,중구,3동,성북구,1동,재활 치료,1500,2.7,기타 차량,국가유공자(상이)
2025-10-18 08:53:36,2025-10-18 09:29:36,2025-10-18 09:42:17.403398,2025-10-18 09:53:22.564608,2025-10-18 10:07:12.528850,,영등포구,3동,성동구,2동,경조사,1668,5.6,휠체어 탑승형 중형,뇌병변장애 2급
2025-01-08 18:37:15,2025-01-08 20:37:15,2025-01-08 18:47:12.989847,2025-01-08 18:55:00.700682,2025-01-08 19:11:37.032028,,구로구,3동,마포구,3동,병원 진료,1920,6.5,휠체어 탑승형 대형,신장장애
2025-04-29 09:18:42,2025-04-29 10:33:42,2025-04-29 09:19:42,2025-04-29 09:24:14.290874,2025-04-29 09:38:30.648116,,종로구,1동,동대문구,2동,관공서 방문,1500,4.7,휠체어 탑승형 대형,뇌병변장애 2급
2025-01-13 15:37:59,2025-01-13 16:30:59,2025-01-13 15:56:14.907760,2025-01-13 16:36:07.381131,2025-01-13 18:12:56.896313,,동작구,2동,중구,1동,병원 진료,3922,24.6,휠체어 탑승형 중형,지체장애 2급
2025-06-18 10:38:53,2025-06-18 13:04:53,,,,2025-06-18 10:39:53,성동구,1동,강남구,3동,여가 활동,1976,6.7,일반 세단형,신장장애
2025-05-09 08:48:56,2025-05-09 11:27:56,2025-05-09 08:58:58.516617,2025-05-09 09:01:36.736514,2025-05-09 09:11:27.479705,,종로구,3동,은평구,1동,직업훈련,1500,3.3,휠체어 탑승형 대형,시각장애 1급
2025-08-28 14:10:15,2025-08-28 14:20:15,2025-08-28 14:16:17.913897,2025-08-28 14:23:40.912527,2025-08-28 14:47:30.278594,,송파구,3동,동작구,3동,복지관 이용,1892,6.4,휠체어 탑승형 대형,지체장애 1급
2025-09-15 08:51:39,2025-09-15 11:25:39,2025-09-15 09:20:28.555414,2025-09-15 09:21:28.555414,2025-09-15 09:28:46.203604,,은평구,3동,성북구,3동,복지관 이용,1500,3.0,휠체어 탑승형 중형,시각장애 1급
2025-03-24 22:08:37,2025-03-25 00:28:37,2025-03-24 22:11:30.329153,2025-03-24 22:12:33.177966,2025-03-24 22:34:13.934045,,광진구,3동,서대문구,2동,학교 등하교,2312,7.9,기타 차량,국가유공자(상이)
2025-06-24 16:47:31,2025-06-24 17:17:31,2025-06-24 17:07:58.975674,2025-06-24 17:13:57.715822,2025-06-24 17:41:59.847399,,성동구,1동,중랑구,3동,학교 등하교,2396,8.2,기타 차량,지체장애 1급
2025-12-28 17:00:59,2025-12-28 18:58:59,,,,2025-12-28 17:24:59,노원구,1동,종로구,1동,학교 등하교,1724,5.8,휠체어 탑승형 중형,신장장애
2025-08-28 14:12:13,2025-08-28 15:50:13,2025-08-28 14:40:29.004093,2025-08-28 15:17:30.736253,2025-08-28 15:38:49.828534,,은평구,3동,도봉구,3동,기타,2172,7.4,일반 세단형,뇌병변장애 2급
2025-06-25 07:15:20,2025-06-25 08:34:20,2025-06-25 07:20:27.662753,2025-06-25 07:21:27.662753,2025-06-25 08:22:32.547377,,강동구,3동,용산구,2동,병원 진료,3894,24.2,휠체어 탑승형 중형,신장장애
2025-12-18 14:09:21,2025-12-18 16:51:21,2025-12-18 14:10:21,2025-12-18 14:11:42.496162,2025-12-18 14:52:35.927951,,강북구,3동,관악구,2동,학교 등하교,2956,10.8,기타 차량,지체장애 2급
2025-01-08 12:26:09,2025-01-08 12:51:09,2025-01-08 13:10:40.763386,2025-01-08 13:15:25.355975,2025-01-08 13:43:03.862858,,서대문구,3동,서대문구,2동,경조사,2704,9.3,기타 차량,국가유공자(상이)
2025-09-15 17:41:23,2025-09-15 19:50:23,2025-09-15 17:55:08.894324,2025-09-15 18:03:58.766631,2025-09-15 18:54:00.643672,,노원구,3동,양천구,2동,학교 등하교,3173,13.9,휠체어 탑승형 중형,뇌병변장애 2급
2025-02-15 08:10:16,2025-02-15 09:52:16,2025-02-15 08:23:14.242210,2025-02-15 08:27:47.078214,2025-02-15 08:43:14.843789,,서초구,3동,송파구,3동,기타,1892,6.4,일반 세단형,지체장애 1급
2025-07-12 10:42:51,2025-07-12 11:01:51,2025-07-12 11:23:32.258324,2025-07-12 11:24:38.105147,2025-07-12 12:08:08.027850,,송파구,1동,성동구,1동,주간보호센터,3446,17.8,일반 세단형,신장장애
2025-11-03 18:59:39,2025-11-03 20:34:39,,,,2025-11-03 19:10:39,영등포구,3동,강북구,3동,관공서 방문,2060,7.0,휠체어 탑승형 대형,뇌병변장애 1급
2025-12-06 07:08:59,2025-12-06 08:52:59,2025-12-06 07:40:33.091585,2025-12-06 07:49:29.629472,2025-12-06 08:09:44.882858,,강남구,3동,양천구,2동,주간보호센터,2256,7.7,휠체어 탑승형 대형,지체장애 1급
2025-09-15 15:57:31,2025-09-15 16:55:31,2025-09-15 15:59:41.303308,2025-09-15 16:22:28.776481,2025-09-15 16:44:49.565655,,서초구,2동,광진구,3동,병원 진료,2144,7.3,일반 세단형,시각장애 1급
2025-10-02 13:22:05,2025-10-02 16:12:05,,,,2025-10-02 13:41:05,성북구,2동,동작구,2동,경조사,1500,2.9,휠체어 탑승형 대형,뇌병변장애 1급
2025-01-14 07:49:52,2025-01-14 10:15:52,2025-01-14 08:02:29.272842,2025-01-14 08:20:46.500684,2025-01-14 08:35:46.793108,,양천구,3동,서대문구,2동,여가 활동,1528,5.1,기타 차량,국가유공자(상이)
2025-10-31 08:49:33,2025-10-31 10:13:33,2025-10-31 08:59:01.300462,2025-10-31 09:18:40.173176,2025-10-31 09:44:29.122767,,송파구,2동,강동구,3동,직업훈련,1976,6.7,휠체어 탑승형 대형,신장장애
2025-11-03 16:26:43,2025-11-03 16:58:43,,,,2025-11-03 16:49:43,광진구,2동,강동구,2동,출퇴근,1724,5.8,일반 세단형,시각장애 1급
2025-01-22 18:36:44,2025-01-22 19:19:44,2025-01-22 18:38:18.430762,2025-01-22 18:44:03.906715,2025-01-22 19:26:08.076627,,중구,2동,은평구,2동,여가 활동,2963,10.9,일반 세단형,지체장애 2급
2025-06-11 06:44:56,2025-06-11 08:24:56,2025-06-11 07:01:50.532598,2025-06-11 07:29:20.631237,2025-06-11 08:02:45.475035,,도봉구,2동,성북구,1동,출퇴근,3061,12.3,기타 차량,지체장애 2급
2025-01-01 09:33:51,2025-01-01 11:56:51,2025-01-01 09:37:24.974469,2025-01-01 09:38:40.531306,2025-01-01 10:14:00.675508,,성동구,3동,마포구,3동,출퇴근,3068,12.4,기타 차량,신장장애
2025-06-19 12:19:34,2025-06-19 14:30:34,2025-06-19 12:37:28.123069,2025-06-19 12:40:46.876268,2025-06-19 12:56:14.541555,,서초구,2동,광진구,2동,직업훈련,1668,5.6,휠체어 탑승형 대형,국가유공자(상이)
2025-09-14 16:43:43,2025-09-14 19:18:43,2025-09-14 17:07:59.219037,2025-09-14 17:13:20.513919,2025-09-14 17:39:32.960427,,영등포구,3동,강북구,2동,재활 치료,2928,10.4,휠체어 탑승형 중형,뇌병변장애 1급
2025-01-17 16:34:51,2025-01-17 18:50:51,2025-01-17 16:46:07.090685,2025-01-17 16:56:12.622138,2025-01-17 17:21:07.697648,,중랑구,1동,금천구,1동,재활 치료,2088,7.1,휠체어 탑승형 중형,뇌병변장애 2급
2025-08-29 06:49:35,2025-08-29 09:39:35,2025-08-29 07:01:58.441719,2025-08-29 07:10:30.444698,2025-08-29 07:20:38.453905,,관악구,2동,동대문구,2동,재활 치료,1500,3.6,기타 차량,지체장애 1급
2025-12-13 17:37:35,2025-12-13 18:03:35,2025-12-13 17:44:28.051006,2025-12-13 17:45:54.390005,2025-12-13 18:09:14.119262,,성동구,3동,서초구,1동,관공서 방문,2256,7.7,일반 세단형,국가유공자(상이)
2025-07-21 14:12:47,2025-07-21 14:50:47,2025-07-21 14:24:35.144913,2025-07-21 14:25:53.217882,2025-07-21 14:52:49.619623,,마포구,1동,강동구,3동,주간보호센터,2788,9.6,기타 차량,뇌병변장애 2급
2025-11-28 19:15:10,2025-11-28 22:15:10,2025-11-28 19:42:20.218448,2025-11-28 19:47:23.823905,2025-11-28 20:27:18.518740,,동대문구,1동,광진구,2동,관공서 방문,3054,12.2,휠체어 탑승형 중형,지체장애 1급
2025-03-07 08:42:01,2025-03-07 09:16:01,2025-03-07 09:01:30.402381,2025-03-07 09:05:42.864210,2025-03-07 10:06:22.354426,,동작구,1동,중구,3동,출퇴근,3502,18.6,기타 차량,뇌병변장애 2급
2025-04-16 18:59:09,2025-04-16 20:34:09,2025-04-16 19:00:11.283658,2025-04-16 19:05:04.762915,2025-04-16 19:15:28.638254,,강북구,1동,서초구,3동,학교 등하교,1500,3.1,일반 세단형,시각장애 1급
2025-02-24 11:39:54,2025-02-24 12:15:54,,,,2025-02-24 11:43:54,영등포구,3동,관악구,3동,학교 등하교,2368,8.1,휠체어 탑승형 대형,시각장애 1급
2025-02-25 11:04:06,2025-02-25 12:19:06,2025-02-25 11:07:47.607072,2025-02-25 11:21:13.211965,2025-02-25 11:37:52.467103,,중구,1동,서초구,3동,병원 진료,1640,5.5,기타 차량,지체장애 2급
2025-07-25 09:37:44,2025-07-25 11:02:44,2025-07-25 09:41:49.470257,2025-07-25 09:45:56.883687,2025-07-25 09:51:17.129559,,동대문구,3동,서대문구,3동,병원 진료,1500,2.1,기타 차량,시각장애 1급
2025-09-08 08:15:34,2025-09-08 08:41:34,2025-09-08 08:22:44.595246,2025-09-08 08:31:10.885622,2025-09-08 09:40:38.621074,,종로구,1동,영등포구,1동,출퇴근,3446,17.8,일반 세단형,시각장애 1급
2025-07-22 14:49:36,2025-07-22 15:22:36,2025-07-22 15:12:19.213876,2025-07-22 15:15:36.495406,2025-07-22 15:44:54.176384,,강북구,3동,강서구,1동,병원 진료,2970,11.0,휠체어 탑승형 대형,시각장애 1급
2025-09-23 16:49:31,2025-09-23 18:22:31,2025-09-23 17:16:04.401703,2025-09-23 17:30:10.167545,2025-09-23 18:27:04.060893,,종로구,2동,종로구,2동,경조사,3257,15.1,기타 차량,신장장애
2025-05-16 10:00:54,2025-05-16 10:35:54,2025-05-16 10:17:09.598148,2025-05-16 10:21:54.765012,2025-05-16 10:42:44.793990,,금천구,3동,금천구,2동,복지관 이용,2480,8.5,휠체어 탑승형 대형,지체장애 1급
2025-11-24 22:28:02,2025-11-25 00:29:02,2025-11-24 22:33:28.591567,2025-11-24 22:36:23.600555,2025-11-24 22:49:55.335300,,금천구,1동,중랑구,1동,기타,1640,5.5,기타 차량,신장장애
2025-06-04 03:31:49,2025-06-04 05:49:49,2025-06-04 03:38:53.488607,2025-06-04 03:39:53.488607,2025-06-04 04:27:30.728291,,마포구,1동,종로구,1동,기타,3320,16.0,기타 차량,지체장애 2급
2025-03-31 08:00:01,2025-03-31 08:17:01,2025-03-31 08:01:01,2025-03-31 08:04:26.359352,2025-03-31 08:19:04.663925,,강북구,3동,마포구,3동,출퇴근,1556,5.2,휠체어 탑승형 대형,지체장애 1급
2025-07-19 23:04:40,2025-07-20 00:58:40,2025-07-19 23:14:10.660158,2025-07-19 23:30:14.526434,2025-07-19 23:39:52.187084,,서대문구,3동,금천구,2동,학교 등하교,1500,3.8,휠체어 탑승형 중형,국가유공자(상이)
2025-09-10 17:24:56,2025-09-10 18:01:56,2025-09-10 17:12:56,2025-09-10 17:35:39.611453,2025-09-10 18:03:17.787898,,용산구,3동,송파구,1동,경조사,2060,7.0,휠체어 탑승형 대형,신장장애
2025-05-20 10:09:15,2025-05-20 12:55:15,2025-05-20 10:18:11.039969,2025-05-20 10:19:11.995717,2025-05-20 10:46:39.390593,,성북구,1동,은평구,2동,복지관 이용,2816,9.7,휠체어 탑승형 중형,지체장애 1급
2025-01-16 10:25:17,2025-01-16 12:35:17,2025-01-16 10:53:04.035233,2025-01-16 11:18:09.977914,2025-01-16 11:25:48.067525,,서초구,3동,동대문구,3동,여가 활동,1500,2.4,일반 세단형,뇌병변장애 1급
2025-07-10 12:10:12,2025-07-10 13:11:12,2025-07-10 12:37:22.260783,2025-07-10 12:43:14.081437,2025-07-10 12:49:44.852017,,금천구,2동,중랑구,3동,학교 등하교,1500,1.7,기타 차량,지체장애 2급
2025-11-01 21:23:34,2025-11-01 21:33:34,2025-11-01 22:21:15.652326,2025-11-01 22:34:09.737737,2025-11-01 22:56:50.097069,,광진구,3동,송파구,2동,여가 활동,2704,9.3,기타 차량,지체장애 1급
2025-12-12 18:09:48,2025-12-12 19:52:48,2025-12-12 18:30:42.647630,2025-12-12 18:32:31.561037,2025-12-12 19:03:55.110188,,강동구,3동,서울특별시 강남구,1동,경조사,3089,12.7,휠체어 탑승형 대형,뇌병변장애 1급
2025-09-02 07:33:01,2025-09-02 07:58:01,2025-09-02 07:50:15.158710,2025-09-02 08:05:37.694702,2025-09-02 08:15:33.629895,,관악구,2동,강서구,3동,학교 등하교,1500,3.7,휠체어 탑승형 대형,뇌병변장애 1급
2025-03-13 14:30:02,2025-03-13 14:44:02,2025-03-13 14:38:08.852548,2025-03-13 14:57:32.633717,2025-03-13 16:13:03.555987,,송파구,3동,성동구,1동,경조사,3698,21.4,휠체어 탑승형 중형,지체장애 1급
2025-09-05 10:15:56,2025-09-05 10:51:56,2025-09-05 10:21:39.728347,2025-09-05 10:25:05.036676,2025-09-05 11:00:30.989205,,강서구,1동,동대문구,3동,병원 진료,2942,10.6,일반 세단형,뇌병변장애 2급
2025-05-03 04:31:45,2025-05-03 05:35:45,2025-05-03 04:39:24.100332,2025-05-03 04:40:24.100332,2025-05-03 04:54:49.347836,,은평구,2동,양천구,1동,기타,1640,5.5,기타 차량,국가유공자(상이)
2025-03-21 17:01:48,2025-03-21 17:30:48,2025-03-21 17:03:28.778388,2025-03-21 17:05:17.713294,2025-03-21 17:45:42.389567,,금천구,2동,노원구,2동,출퇴근,3152,13.6,휠체어 탑승형 대형,뇌병변장애 2급
2025-03-16 18:09:02,2025-03-16 20:35:02,2025-03-16 18:19:08.409889,2025-03-16 18:40:51.530460,2025-03-16 19:27:53.431481,,금천구,2동,중구,1동,관공서 방문,3222,14.6,기타 차량,뇌병변장애 1급
2025-01-07 08:00:38,2025-01-07 09:51:38,2025-01-07 09:10:06.790137,2025-01-07 09:18:12.409576,2025-01-07 09:26:59.050381,,관악구,3동,강동구,1동,기타,1500,2.9,기타 차량,지체장애 2급
2025-07-31 17:06:47,2025-07-31 20:01:47,,,,2025-07-31 17:16:47,관악구,3동,강북구,1동,경조사,3019,11.7,휠체어 탑승형 중형,국가유공자(상이)
2025-11-17 07:16:32,2025-11-17 07:33:32,2025-11-17 07:27:35.077757,2025-11-17 08:00:45.234878,2025-11-17 08:34:56.255609,,강북구,1동,영등포구,3동,여가 활동,3054,12.2,일반 세단형,뇌병변장애 2급
2025-01-15 16:36:24,2025-01-15 17:16:24,2025-01-15 16:38:43.624011,2025-01-15 16:39:48.793692,2025-01-15 17:02:44.814821,,강북구,3동,중랑구,3동,출퇴근,1948,6.6,기타 차량,국가유공자(상이)
2025-10-07 13:43:08,2025-10-07 15:30:08,,,,2025-10-07 13:47:08,노원구,1동,종로구,3동,여가 활동,3040,12.0,일반 세단형,지체장애 1급
2025-06-11 09:44:36,2025-06-11 11:35:36,,,,2025-06-11 10:03:36,관악구,1동,동작구,1동,학교 등하교,1500,3.1,휠체어 탑승형 중형,국가유공자(상이)
2025-02-27 00:15:34,2025-02-27 02:45:34,2025-02-27 00:17:50.561308,2025-02-27 00:25:42.332342,2025-02-27 00:45:12.050736,,은평구,1동,동작구,3동,복지관 이용,2088,7.1,휠체어 탑승형 대형,국가유공자(상이)
2025-09-21 10:20:20,2025-09-21 11:39:20,2025-09-21 10:25:37.998521,2025-09-21 10:30:14.533677,2025-09-21 11:09:08.773318,,금천구,3동,마포구,3동,직업훈련,3306,15.8,기타 차량,지체장애 1급
2025-12-12 06:39:18,2025-12-12 09:25:18,2025-12-12 06:54:22.022311,2025-12-12 06:58:20.969926,2025-12-12 07:51:59.496690,,서초구,1동,광진구,1동,직업훈련,3670,21.0,기타 차량,신장장애
2025-03-07 08:54:34,2025-03-07 11:37:34,2025-03-07 08:58:13.375288,2025-03-07 09:16:43.277420,2025-03-07 09:35:17.763537,,서대문구,2동,동작구,2동,복지관 이용,1920,6.5,일반 세단형,신장장애
2025-05-29 11:10:49,2025-05-29 12:31:49,2025-05-29 11:15:21.582811,2025-05-29 11:19:22.273170,2025-05-29 11:40:09.666931,,중구,1동,금천구,3동,여가 활동,2228,7.6,기타 차량,신장장애
2025-03-02 13:05:52,2025-03-02 13:29:52,2025-03-02 13:07:51.168885,2025-03-02 13:08:51.168885,2025-03-02 13:46:45.569952,,구로구,1동,강서구,3동,학교 등하교,3110,13.0,휠체어 탑승형 중형,지체장애 2급
2025-04-20 12:45:45,2025-04-20 14:06:45,2025-04-20 12:50:16.833241,2025-04-20 12:51:44.662099,2025-04-20 13:27:33.095237,,영등포구,3동,구로구,1동,기타,3033,11.9,기타 차량,지체장애 1급
2025-07-08 17:03:55,2025-07-08 20:01:55,2025-07-08 17:10:00.132236,2025-07-08 17:12:39.443130,2025-07-08 17:36:22.821824,,강북구,3동,도봉구,1동,출퇴근,2200,7.5,일반 세단형,신장장애
2025-11-08 02:17:57,2025-11-08 03:55:57,2025-11-08 02:50:18.458172,2025-11-08 03:01:39.775797,2025-11-08 03:52:40.864149,,서초구,2동,중구,1동,경조사,3418,17.4,일반 세단형,지체장애 1급
2025-10-20 08:59:50,2025-10-20 10:31:50,2025-10-20 09:05:13.597403,2025-10-20 09:09:09.276122,2025-10-20 09:29:11.788852,,중랑구,3동,영등포구,2동,여가 활동,1584,5.3,기타 차량,시각장애 1급
2025-07-05 08:11:24,2025-07-05 08:53:24,2025-07-05 08:25:23.199132,2025-07-05 08:29:15.798480,2025-07-05 08:59:53.646536,,송파구,1동,송파구,2동,재활 치료,2452,8.4,휠체어 탑승형 중형,신장장애
2025-10-28 11:02:47,2025-10-28 13:43:47,,,,2025-10-28 11:06:47,은평구,2동,광진구,2동,병원 진료,3103,12.9,일반 세단형,뇌병변장애 2급
2025-10-10 15:46:54,2025-10-10 16:22:54,,,,2025-10-10 16:10:54,중랑구,3동,관악구,2동,기타,2200,7.5,일반 세단형,시각장애 1급
2025-05-27 07:01:06,2025-05-27 08:04:06,2025-05-27 07:15:34.909654,2025-05-27 07:26:59.519771,2025-05-27 08:36:23.909581,,은평구,1동,중랑구,3동,재활 치료,3663,20.9,휠체어 탑승형 대형,국가유공자(상이)
2025-01-12 22:39:01,2025-01-13 00:53:01,2025-01-12 23:09:48.828343,2025-01-12 23:14:05.342961,2025-01-13 00:12:48.140315,,성북구,2동,용산구,3동,관공서 방문,3621,20.3,기타 차량,뇌병변장애 1급
2025-06-28 18:05:03,2025-06-28 19:29:03,2025-06-28 18:51:25.993700,2025-06-28 19:15:30.182924,2025-06-28 19:33:34.820785,,노원구,1동,용산구,1동,경조사,1948,6.6,휠체어 탑승형 대형,국가유공자(상이)
2025-03-12 10:02:04,2025-03-12 11:48:04,2025-03-12 10:06:19.424540,2025-03-12 10:14:26.680937,2025-03-12 10:43:33.764582,,마포구,1동,동작구,1동,관공서 방문,2340,8.0,일반 세단형,시각장애 1급
2025-06-07 18:06:26,2025-06-07 19:01:26,2025-06-07 18:36:57.715925,2025-06-07 18:43:21.424030,2025-06-07 19:15:50.570072,,구로구,1동,광진구,2동,직업훈련,3054,12.2,일반 세단형,뇌병변장애 2급
2025-08-02 08:03:45,2025-08-02 10:42:45,2025-08-02 08:37:09.181168,2025-08-02 08:40:00.106525,2025-08-02 08:49:31.235127,,동대문구,1동,도봉구,3동,복지관 이용,1500,3.4,휠체어 탑승형 대형,국가유공자(상이)
2025-06-24 11:46:50,2025-06-24 12:45:50,2025-06-24 11:52:19.277823,2025-06-24 11:54:10.208288,2025-06-24 12:10:06.230584,,서초구,2동,광진구,3동,관공서 방문,1500,4.1,휠체어 탑승형 대형,뇌병변장애 2급
2025-11-18 15:47:32,2025-11-18 16:29:32,2025-11-18 15:48:32,2025-11-18 15:53:10.313696,2025-11-18 16:33:49.827197,,송파구,3동,중랑구,1동,병원 진료,2921,10.3,일반 세단형,지체장애 2급
2025-11-02 20:36:24,2025-11-02 21:56:24,2025-11-02 20:44:09.974091,2025-11-02 21:24:01.393795,2025-11-02 21:37:30.840454,,마포구,3동,서초구,3동,주간보호센터,1500,4.2,휠체어 탑승형 대형,뇌병변장애 2급
2025-12-30 19:33:19,2025-12-30 21:24:19,2025-12-30 19:42:43.882904,2025-12-30 19:56:20.605520,2025-12-30 20:12:51.643761,,서대문구,3동,금천구,3동,주간보호센터,1668,5.6,휠체어 탑승형 중형,시각장애 1급
2025-07-22 09:58:25,2025-07-22 11:52:25,2025-07-22 10:28:00.381567,2025-07-22 10:32:28.814090,2025-07-22 10:57:00.519921,,노원구,3동,중랑구,3동,관공서 방문,1976,6.7,기타 차량,뇌병변장애 1급
2025-01-27 17:35:13,2025-01-27 18:22:13,2025-01-27 17:37:52.807728,2025-01-27 17:41:35.289468,2025-01-27 18:19:13.874454,,양천구,1동,금천구,1동,복지관 이용,3096,12.8,휠체어 탑승형 대형,뇌병변장애 1급
2025-07-02 10:50:00,2025-07-02 13:21:00,2025-07-02 10:51:02.827995,2025-07-02 10:52:29.967158,2025-07-02 11:26:46.865572,,도봉구,2동,영등포구,1동,기타,2592,8.9,일반 세단형,신장장애
2025-12-30 09:42:45,2025-12-30 11:12:45,2025-12-30 09:47:56.885634,2025-12-30 09:49:01.405914,2025-12-30 10:10:42.040395,,동대문구,1동,마포구,2동,기타,2564,8.8,일반 세단형,뇌병변장애 2급
2025-02-18 11:24:00,2025-02-18 13:30:00,2025-02-18 12:02:00.581180,2025-02-18 12:03:00.581180,2025-02-18 12:14:05.699710,,양천구,2동,강남구,3동,직업훈련,1500,2.8,휠체어 탑승형 대형,지체장애 1급
2025-07-18 16:28:52,2025-07-18 17:52:52,2025-07-18 16:33:54.399979,2025-07-18 16:43:44.398772,2025-07-18 16:50:07.515740,,은평구,1동,강북구,2동,재활 치료,1500,2.2,휠체어 탑승형 대형,뇌병변장애 2급
2025-11-14 16:22:15,2025-11-14 17:13:15,2025-11-14 16:43:37.176782,2025-11-14 16:48:21.372742,2025-11-14 17:07:06.962832,,노원구,3동,강동구,3동,기타,2088,7.1,일반 세단형,국가유공자(상이)
2025-06-22 13:00:09,2025-06-22 15:01:09,2025-06-22 12:43:09,2025-06-22 13:28:13.911805,2025-06-22 14:05:29.875598,,마포구,1동,영등포구,3동,재활 치료,2942,10.6,기타 차량,뇌병변장애 1급
2025-03-14 07:23:10,2025-03-14 09:53:10,2025-03-14 07:27:44.067927,2025-03-14 07:28:44.067927,2025-03-14 08:15:52.171003,,중구,3동,마포구,3동,관공서 방문,3264,15.2,일반 세단형,뇌병변장애 2급
2025-12-23 08:06:00,2025-12-23 09:10:00,2025-12-23 08:08:35.769400,2025-12-23 08:09:35.769400,2025-12-23 08:29:01.372747,,금천구,2동,서대문구,3동,경조사,2228,7.6,기타 차량,뇌병변장애 2급
2025-09-01 11:47:28,2025-09-01 14:37:28,,,,2025-09-01 11:58:28,도봉구,1동,관악구,2동,재활 치료,1500,2.7,기타 차량,시각장애 1급
2025-06-13 11:17:36,2025-06-13 12:02:36,2025-06-13 11:28:58.921799,2025-06-13 11:46:49.942603,2025-06-13 12:33:57.866210,,마포구,1동,광진구,1동,학교 등하교,3208,14.4,휠체어 탑승형 중형,시각장애 1급
2025-09-23 19:03:50,2025-09-23 21:26:50,2025-09-23 19:12:38.146169,2025-09-23 19:13:38.146169,2025-09-23 19:18:50.063496,,강서구,3동,광진구,2동,기타,1500,2.1,휠체어 탑승형 대형,뇌병변장애 1급
2025-11-17 22:31:02,2025-11-17 23:09:02,2025-11-17 22:34:54.396160,2025-11-17 22:41:07.082025,2025-11-17 22:49:12.142814,,은평구,2동,노원구,2동,관공서 방문,1500,2.5,기타 차량,국가유공자(상이)
2025-09-03 11:26:15,2025-09-03 13:02:15,,,,2025-09-03 11:36:15,구로구,2동,동대문구,1동,관공서 방문,2340,8.0,일반 세단형,시각장애 1급
2025-03-24 16:30:07,2025-03-24 17:34:07,2025-03-24 16:46:10.201239,2025-03-24 16:47:10.201239,2025-03-24 19:01:33.815481,,노원구,3동,송파구,2동,관공서 방문,4601,34.3,휠체어 탑승형 중형,신장장애
2025-12-12 08:53:26,2025-12-12 11:00:26,2025-12-12 08:59:54.351017,2025-12-12 09:26:48.067105,2025-12-12 09:43:47.825992,,광진구,1동,중구,3동,주간보호센터,1500,5.0,휠체어 탑승형 중형,뇌병변장애 1급
2025-01-30 17:12:29,2025-01-30 20:08:29,2025-01-30 18:46:31.553302,2025-01-30 18:52:36.781646,2025-01-30 19:04:02.841036,,송파구,1동,광진구,3동,직업훈련,1500,3.5,일반 세단형,신장장애
2025-12-27 14:58:27,2025-12-27 17:10:27,2025-12-27 15:24:34.292131,2025-12-27 15:32:44.184413,2025-12-27 16:48:23.268177,,관악구,1동,금천구,1동,여가 활동,3754,22.2,기타 차량,뇌병변장애 2급
2025-02-15 21:40:48,2025-02-15 21:51:48,2025-02-15 21:42:26.496149,2025-02-15 21:50:31.072781,2025-02-15 22:07:58.588221,,중랑구,2동,강남구,2동,학교 등하교,2116,7.2,휠체어 탑승형 중형,시각장애 1급
2025-04-02 10:34:08,2025-04-02 13:10:08,2025-04-02 12:14:10.397731,2025-04-02 12:15:10.397731,2025-04-02 12:56:46.916296,,마포구,3동,강서구,2동,주간보호센터,3348,16.4,휠체어 탑승형 중형,지체장애 1급
2025-12-26 08:03:11,2025-12-26 10:02:11,2025-12-26 08:27:37.186057,2025-12-26 08:41:43.706895,2025-12-26 09:08:13.330897,,동대문구,2동,중구,3동,관공서 방문,2228,7.6,휠체어 탑승형 중형,지체장애 1급
2025-10-13 18:31:13,2025-10-13 20:48:13,2025-10-13 18:47:49.120609,2025-10-13 19:02:18.002246,2025-10-13 19:47:48.548713,,동대문구,3동,성동구,3동,재활 치료,3362,16.6,휠체어 탑승형 대형,신장장애
2025-05-20 12:32:07,2025-05-20 14:01:07,2025-05-20 12:48:11.242116,2025-05-20 13:09:01.189021,2025-05-20 14:15:42.949206,,서초구,3동,서대문구,2동,재활 치료,3705,21.5,일반 세단형,뇌병변장애 1급
2025-11-04 17:48:00,2025-11-04 19:45:00,2025-11-06 09:48:00,2025-11-04 18:24:11.180425,2025-11-04 19:13:03.816832,,송파구,1동,마포구,1동,경조사,3516,18.8,기타 차량,뇌병변장애 2급
2025-04-13 15:25:22,2025-04-13 16:09:22,2025-04-13 15:41:55.706210,2025-04-13 15:44:02.221983,2025-04-13 16:02:28.135783,,노원구,3동,동대문구,2동,관공서 방문,1696,5.7,일반 세단형,뇌병변장애 1급
2025-12-25 19:05:57,2025-12-25 21:03:57,2025-12-25 19:46:49.384591,2025-12-25 19:47:49.384591,2025-12-25 20:04:09.417851,,강동구,2동,광진구,3동,직업훈련,1752,5.9,휠체어 탑승형 중형,신장장애
2025-11-07 09:00:47,2025-11-07 11:24:47,2025-11-07 09:17:09.815999,2025-11-07 09:39:20.017537,2025-11-07 09:48:05.608477,,동대문구,3동,동작구,2동,출퇴근,1500,3.3,기타 차량,지체장애 1급
2025-12-24 17:56:33,2025-12-24 18:25:33,2025-12-24 18:08:31.272934,2025-12-24 18:10:21.115369,2025-12-24 18:48:33.380663,,은평구,2동,영등포구,1동,복지관 이용,2928,10.4,휠체어 탑승형 중형,지체장애 2급
2025-06-30 14:58:32,2025-06-30 15:28:32,2025-06-30 15:02:55.600188,2025-06-30 15:05:12.823235,2025-06-30 15:15:58.665104,,영등포구,3동,종로구,1동,직업훈련,1500,3.7,일반 세단형,시각장애 1급
2025-03-07 11:25:46,2025-03-07 14:23:46,2025-03-07 11:33:50.566332,2025-03-07 11:53:50.915551,2025-03-07 12:11:31.444629,,중구,1동,용산구,1동,관공서 방문,1724,5.8,휠체어 탑승형 중형,지체장애 2급
2025-07-19 06:13:00,2025-07-19 06:44:00,2025-07-19 06:27:38.848812,2025-07-19 06:29:12.952106,2025-07-19 06:36:14.474750,,경기 성남시,1동,금천구,3동,주간보호센터,1500,2.4,휠체어 탑승형 대형,뇌병변장애 1급
2025-09-27 11:25:30,2025-09-27 11:45:30,2025-09-27 11:26:30,2025-09-27 11:29:41.585029,2025-09-27 11:51:38.972471,,금천구,3동,동작구,1동,관공서 방문,2536,8.7,기타 차량,뇌병변장애 1급
2025-09-29 09:17:38,2025-09-29 11:51:38,2025-09-29 09:20:27.786770,2025-09-29 09:33:09.160517,2025-09-29 10:06:18.867748,,강동구,3동,관악구,1동,병원 진료,2872,9.9,휠체어 탑승형 중형,뇌병변장애 1급
2025-10-07 16:26:25,2025-10-07 16:57:25,2025-10-07 16:54:17.308454,2025-10-07 16:57:45.142052,2025-10-07 17:23:59.058887,,강동구,1동,구로구,2동,경조사,2200,7.5,휠체어 탑승형 대형,뇌병변장애 1급
2025-10-22 14:24:02,2025-10-22 16:13:02,2025-10-22 14:48:35.759943,2025-10-22 14:53:13.506053,2025-10-22 15:39:41.812822,,도봉구,1동,노원구,2동,복지관 이용,3047,12.1,일반 세단형,국가유공자(상이)
2025-08-23 16:50:21,2025-08-23 19:49:21,2025-08-23 16:53:11.752767,2025-08-23 16:57:59.180432,2025-08-23 18:32:58.977256,,금천구,1동,송파구,2동,주간보호센터,3887,24.1,휠체어 탑승형 대형,뇌병변장애 1급
2025-11-07 10:54:37,2025-11-07 12:27:37,2025-11-07 11:28:15.115864,2025-11-07 11:47:51.864137,2025-11-07 12:16:11.773591,,강북구,1동,금천구,3동,복지관 이용,2928,10.4,휠체어 탑승형 중형,지체장애 2급
2025-07-18 11:31:20,2025-07-18 13:30:20,2025-07-18 11:32:20,2025-07-18 11:35:22.372381,2025-07-18 12:20:32.707478,,영등포구,2동,강동구,2동,직업훈련,3187,14.1,기타 차량,지체장애 2급
2025-03-13 11:18:22,2025-03-13 14:00:22,2025-03-13 11:26:58.498768,2025-03-13 11:32:26.776077,2025-03-13 12:07:40.995350,,은평구,2동,중구,1동,경조사,3222,14.6,기타 차량,신장장애
2025-01-02 13:00:41,2025-01-02 13:42:41,2025-01-02 13:07:07.863914,2025-01-02 13:13:25.515151,2025-01-02 13:24:48.105588,,서초,1동,마포구,3동,주간보호센터,1500,3.2,기타 차량,지체장애 1급
2025-09-17 12:05:49,2025-09-17 13:30:49,2025-09-17 12:47:23.141441,2025-09-17 13:00:45.689052,2025-09-17 13:30:33.983624,,성북구,1동,중구,1동,학교 등하교,2256,7.7,휠체어 탑승형 중형,뇌병변장애 2급
2025-09-24 11:26:24,2025-09-24 13:26:24,2025-09-24 11:37:40.311186,2025-09-24 11:41:52.534517,2025-09-24 12:27:10.966987,,종로구,1동,동대문구,2동,학교 등하교,3257,15.1,일반 세단형,지체장애 2급
2025-04-23 07:22:45,2025-04-23 09:07:45,2025-04-23 07:27:42.768382,2025-04-23 07:34:51.164881,2025-04-23 08:05:26.719808,,동대문구,1동,강동구,2동,주간보호센터,2816,9.7,기타 차량,뇌병변장애 1급
2025-12-21 20:24:10,2025-12-21 23:09:10,2025-12-21 20:29:02.163244,2025-12-21 20:33:35.029134,2025-12-21 20:51:13.823287,,양천구,1동,양천구,3동,주간보호센터,1640,5.5,일반 세단형,시각장애 1급
2025-07-13 15:28:44,2025-07-13 17:35:44,2025-07-13 15:31:05.524051,2025-07-13 15:32:14.047733,2025-07-13 16:27:29.048037,,성동구,3동,서대문구,1동,복지관 이용,3621,20.3,휠체어 탑승형 중형,뇌병변장애 2급
2025-03-06 11:57:30,2025-03-06 14:53:30,2025-03-06 12:06:27.296201,2025-03-06 12:10:11.288640,2025-03-06 12:34:17.875765,,금천구,2동,영등포구,2동,복지관 이용,2648,9.1,휠체어 탑승형 중형,뇌병변장애 2급
2025-12-27 15:53:24,2025-12-27 18:08:24,2025-12-27 16:14:32.087418,2025-12-27 16:21:58.660517,2025-12-27 16:44:39.801532,,서초구,2동,강북구,1동,직업훈련,2116,7.2,휠체어 탑승형 중형,지체장애 2급
2025-03-10 01:03:09,2025-03-10 03:51:09,2025-03-10 02:25:48.358093,2025-03-10 02:40:31.017158,2025-03-10 03:10:51.602988,,동작구,3동,양천구,1동,기타,2340,8.0,휠체어 탑승형 중형,신장장애
2025-04-05 06:23:48,2025-04-05 07:44:48,2025-04-05 06:31:22.928407,2025-04-05 06:39:27.032352,2025-04-05 07:43:39.078604,,마포구,1동,동작구,1동,주간보호센터,3488,18.4,휠체어 탑승형 대형,지체장애 2급
2025-03-04 16:36:04,2025-03-04 17:39:04,2025-03-04 16:58:16.914891,2025-03-04 17:15:07.103367,2025-03-04 17:42:57.149480,,도봉구,2동,종로구,3동,복지관 이용,2998,11.4,일반 세단형,뇌병변장애 2급
2025-04-15 17:30:02,2025-04-15 20:00:02,2025-04-15 18:38:06.901744,2025-04-15 18:42:43.908974,2025-04-15 18:52:57.357790,,성북구,2동,동작구,3동,주간보호센터,1500,3.5,기타 차량,뇌병변장애 2급
2025-09-01 08:42:46,2025-09-01 09:33:46,2025-09-01 09:01:59.448096,2025-09-01 09:04:41.453671,2025-09-01 09:16:37.311473,,서초구,1동,강북구,1동,경조사,1500,4.9,일반 세단형,시각장애 1급
2025-09-13 00:19:02,2025-09-13 02:34:02,2025-09-13 00:38:47.162999,2025-09-13 00:49:43.424394,2025-09-13 00:55:21.591898,,성북구,2동,도봉구,3동,관공서 방문,1500,1.9,휠체어 탑승형 중형,시각장애 1급
2025-08-27 15:58:28,2025-08-27 18:02:28,,,,2025-08-27 16:14:28,종로구,1동,강동구,3동,경조사,3243,14.9,일반 세단형,국가유공자(상이)
2025-04-19 10:16:56,2025-04-19 12:54:56,2025-04-19 10:17:56,2025-04-19 10:20:29.384828,2025-04-19 10:41:44.890350,,서초구,2동,금천구,1동,재활 치료,2564,8.8,휠체어 탑승형 중형,신장장애
2025-04-20 07:22:21,2025-04-20 07:54:21,2025-04-20 07:36:35.862184,2025-04-20 07:38:25.262452,2025-04-20 08:31:43.747652,,마포구,1동,구로구,3동,출퇴근,3292,15.6,휠체어 탑승형 중형,국가유공자(상이)
2025-05-01 18:39:25,2025-05-01 20:58:25,2025-05-01 18:54:10.591003,2025-05-01 18:58:29.936232,2025-05-01 19:28:51.815435,,서초구,1동,세종시,2동,경조사,2312,7.9,휠체어 탑승형 중형,뇌병변장애 1급
2025-07-12 02:57:05,2025-07-12 05:48:05,2025-07-12 03:34:37.427040,2025-07-12 03:46:04.550914,2025-07-12 04:02:18.504414,,동대문구,1동,동대문구,2동,기타,1500,4.6,휠체어 탑승형 대형,지체장애 2급
2025-07-01 08:31:45,2025-07-01 10:52:45,2025-07-01 08:36:53.116721,2025-07-01 08:46:06.761794,2025-07-01 09:18:05.835467,,송파구,3동,강동구,3동,기타,3103,12.9,휠체어 탑승형 대형,지체장애 2급
2025-08-29 07:24:26,2025-08-29 09:02:26,2025-08-29 07:28:59.419211,2025-08-29 07:30:43.085583,2025-08-29 08:45:48.034640,,마포구,3동,서초구,3동,출퇴근,4377,31.1,휠체어 탑승형 중형,지체장애 2급
2025-05-01 14:00:30,2025-05-01 15:36:30,2025-05-01 15:28:26.895398,2025-05-01 15:31:12.216230,2025-05-01 15:55:13.714382,,광진구,1동,종로구,2동,여가 활동,2060,7.0,휠체어 탑승형 대형,지체장애 1급
2025-04-22 17:14:00,2025-04-22 17:52:00,2025-04-22 17:17:32.235375,2025-04-22 17:33:58.693217,2025-04-22 18:34:34.708556,,구로구,1동,영등포구,1동,기타,3684,21.2,휠체어 탑승형 대형,국가유공자(상이)
2025-05-13 16:57:52,2025-05-13 18:18:52,2025-05-13 17:13:09.264378,2025-05-13 17:15:47.589019,2025-05-13 17:43:44.125462,,금천구,3동,양천구,1동,재활 치료,2340,8.0,휠체어 탑승형 중형,뇌병변장애 2급
2025-09-19 16:53:34,2025-09-19 18:40:34,2025-09-19 17:18:10.058595,2025-09-19 17:21:47.504694,2025-09-19 18:08:30.862964,,도봉구,1동,서대문구,2동,여가 활동,3383,16.9,휠체어 탑승형 대형,지체장애 1급
2025-06-29 07:17:48,2025-06-29 09:51:48,2025-06-29 07:39:14.724898,2025-06-29 07:45:23.377946,2025-06-29 08:11:08.509866,,노원구,1동,강동구,3동,관공서 방문,2228,7.6,일반 세단형,지체장애 1급
2025-11-08 12:19:02,2025-11-08 14:34:02,2025-11-08 12:22:18.405257,2025-11-08 12:30:33.944668,2025-11-08 13:38:00.751625,,관악구,2동,은평구,2동,여가 활동,3516,18.8,일반 세단형,국가유공자(상이)
2025-09-19 07:52:24,2025-09-19 09:36:24,2025-09-19 07:57:18.780475,2025-09-19 08:00:20.214774,2025-09-19 08:17:36.943749,,영등포구,1동,광진구,3동,병원 진료,1668,5.6,휠체어 탑승형 대형,뇌병변장애 2급
2025-10-29 14:08:34,2025-10-29 14:37:34,2025-10-29 14:35:36.252923,2025-10-29 14:44:03.128544,2025-10-29 15:03:57.694762,,성동구,2동,중랑구,3동,여가 활동,1640,5.5,기타 차량,지체장애 2급
2025-06-09 11:57:31,2025-06-09 12:32:31,2025-06-09 12:18:27.736171,2025-06-09 12:29:11.527323,2025-06-09 12:48:29.587967,,강동구,3동,은평구,2동,주간보호센터,2340,8.0,휠체어 탑승형 중형,지체장애 1급
2025-08-18 14:20:35,2025-08-18 14:57:35,2025-08-18 14:23:01.327251,2025-08-18 14:38:38.344305,2025-08-18 14:58:40.401876,,강서구,2동,광진구,2동,출퇴근,2060,7.0,휠체어 탑승형 대형,시각장애 1급
2025-04-10 10:20:57,2025-04-10 13:16:57,2025-04-10 11:42:56.801521,2025-04-10 11:50:54.520154,2025-04-10 12:09:56.361991,,노원구,1동,용산구,1동,병원 진료,2116,7.2,기타 차량,시각장애 1급
2025-06-13 08:58:49,2025-06-13 09:55:49,2025-06-13 09:07:33.635292,2025-06-13 09:12:16.084462,2025-06-13 09:24:53.740579,,성북구,3동,동작구,3동,병원 진료,1500,4.9,기타 차량,신장장애
2025-09-11 16:50:30,2025-09-11 17:44:30,2025-09-11 17:14:21.655369,2025-09-11 17:15:27.128416,2025-09-11 17:47:38.982586,,광진구,1동,도봉구,2동,재활 치료,2991,11.3,기타 차량,지체장애 2급
2025-03-29 20:57:41,2025-03-29 23:42:41,2025-03-29 21:02:29.949632,2025-03-29 21:24:31.818076,2025-03-29 21:37:18.770819,,강남구,1동,동작구,2동,기타,1500,4.7,기타 차량,뇌병변장애 2급
2025-07-26 08:26:35,2025-07-26 10:29:35,2025-07-26 08:30:42.898307,2025-07-26 08:35:10.605145,2025-07-26 09:20:51.636337,,노원구,2동,성북구,2동,출퇴근,3285,15.5,휠체어 탑승형 대형,뇌병변장애 2급
2025-03-14 18:04:35,2025-03-14 18:20:35,2025-03-14 18:06:16.317982,2025-03-14 18:12:44.282387,2025-03-14 18:25:12.702779,,강서구,2동,동대문구,3동,재활 치료,1500,4.1,휠체어 탑승형 대형,뇌병변장애 2급
2025-08-14 17:09:22,2025-08-14 18:48:22,2025-08-14 17:22:19.267652,2025-08-14 17:25:50.581131,2025-08-14 18:29:47.247023,,성북구,2동,서초구,1동,출퇴근,3425,17.5,휠체어 탑승형 대형,뇌병변장애 2급
2025-06-23 16:10:31,2025-06-23 16:34:31,2025-06-23 16:16:20.678280,2025-06-23 16:28:34.424321,2025-06-23 16:58:03.434191,,금천구,1동,도봉구,1동,출퇴근,2536,8.7,휠체어 탑승형 중형,뇌병변장애 2급
2025-12-03 18:11:25,2025-12-03 19:10:25,2025-12-03 18:32:51.956849,2025-12-03 18:33:52.223110,2025-12-03 18:58:00.324746,,금천구,1동,동작구,3동,기타,2816,9.7,휠체어 탑승형 중형,뇌병변장애 1급
2025-06-01 16:52:39,2025-06-01 18:41:39,2025-06-01 16:58:48.598782,2025-06-01 17:11:21.062581,2025-06-01 17:59:52.344711,,양천구,2동,금천구,1동,출퇴근,3124,13.2,기타 차량,국가유공자(상이)
2025-03-25 06:12:15,2025-03-25 06:23:15,2025-03-25 06:20:17.758661,2025-03-25 06:21:42.270507,2025-03-25 06:40:39.722687,,마포구,1동,은평구,2동,재활 치료,1584,5.3,일반 세단형,국가유공자(상이)
2025-02-14 19:22:47,2025-02-14 21:02:47,2025-02-14 19:42:41.191163,2025-02-14 19:45:30.351905,2025-02-14 20:27:47.955526,,중랑구,3동,용산구,1동,복지관 이용,3075,12.5,휠체어 탑승형 중형,지체장애 1급
2025-03-11 11:19:11,2025-03-11 12:37:11,2025-03-11 11:21:37.710028,2025-03-11 11:29:23.684722,2025-03-11 11:55:32.149110,,구로구,1동,종로구,1동,주간보호센터,2760,9.5,일반 세단형,뇌병변장애 1급
2025-12-02 11:02:15,2025-12-02 11:40:15,2025-12-02 11:10:30.483547,2025-12-02 11:11:30.483547,2025-12-02 11:40:17.640586,,구로구,1동,관악구,3동,주간보호센터,2312,7.9,기타 차량,뇌병변장애 1급
2025-06-14 19:19:39,2025-06-14 21:17:39,2025-06-14 19:24:58.503923,2025-06-14 19:44:12.448828,2025-06-14 19:56:57.851904,,강북구,2동,양천구,2동,직업훈련,1556,5.2,일반 세단형,뇌병변장애 1급
2025-08-30 12:14:12,2025-08-30 12:35:12,2025-08-30 12:27:59.782448,2025-08-30 12:48:23.712229,2025-08-30 13:04:13.809392,,서대문구,2동,서초구,2동,병원 진료,1640,5.5,휠체어 탑승형 대형,지체장애 2급
2025-12-04 16:12:51,2025-12-04 17:21:51,,,,2025-12-04 16:40:51,광진구,2동,동작구,2동,주간보호센터,3089,12.7,휠체어 탑승형 중형,국가유공자(상이)
2025-03-01 06:42:32,2025-03-01 08:50:32,2025-03-01 06:51:23.279898,2025-03-01 06:53:10.587157,2025-03-01 06:59:55.551104,,강북구,2동,노원구,1동,여가 활동,1500,2.2,휠체어 탑승형 중형,국가유공자(상이)
2025-11-06 10:51:49,2025-11-06 12:43:49,2025-11-06 11:34:10.806015,2025-11-06 11:39:31.784200,2025-11-06 11:46:39.212907,,금천구,1동,중랑구,2동,경조사,1500,2.2,기타 차량,뇌병변장애 2급
2025-09-06 17:47:02,2025-09-06 18:13:02,2025-09-06 17:52:24.652978,2025-09-06 18:03:15.695114,2025-09-06 18:22:40.705287,,도봉구,3동,강북구,2동,병원 진료,1808,6.1,일반 세단형,지체장애 2급
2025-08-26 16:33:27,2025-08-26 16:57:27,2025-08-26 17:13:12.781027,2025-08-26 17:14:12.781027,2025-08-26 18:02:12.814247,,강남구,3동,관악구,1동,기타,3075,12.5,기타 차량,지체장애 1급
2025-08-30 06:34:22,2025-08-30 07:37:22,2025-08-30 06:39:28.222052,2025-08-30 06:43:44.130760,2025-08-30 06:56:41.795129,,강서구,2동,서초구,3동,출퇴근,1500,4.5,휠체어 탑승형 대형,국가유공자(상이)
2025-09-10 07:17:26,2025-09-10 07:46:26,2025-09-10 08:30:07.483880,2025-09-10 08:40:45.157715,2025-09-10 08:50:52.084716,,금천구,3동,서대문구,2동,출퇴근,1500,4.0,휠체어 탑승형 중형,국가유공자(상이)
2025-05-18 07:08:02,2025-05-18 08:12:02,2025-05-18 07:11:26.650077,2025-05-18 07:16:27.755942,2025-05-18 07:59:28.374453,,양천구,2동,중랑구,2동,병원 진료,3292,15.6,휠체어 탑승형 대형,국가유공자(상이)
2025-06-15 18:16:28,2025-06-15 20:24:28,2025-06-15 18:20:28.165244,2025-06-15 18:25:38.496195,2025-06-15 18:41:26.736931,,관악구,3동,노원구,2동,직업훈련,1612,5.4,휠체어 탑승형 중형,뇌병변장애 1급
2025-06-23 17:33:04,2025-06-23 19:26:04,2025-06-23 17:36:35.646178,2025-06-23 17:40:22.378477,2025-06-23 18:01:42.529520,,노원구,1동,광진구,3동,복지관 이용,2200,7.5,일반 세단형,국가유공자(상이)
2025-07-04 17:26:59,2025-07-04 18:43:59,2025-07-04 17:41:18.638570,2025-07-04 17:42:18.638570,2025-07-04 18:00:59.427927,,서초구,1동,금천구,1동,경조사,1976,6.7,휠체어 탑승형 중형,뇌병변장애 2급
2025-11-27 13:04:32,2025-11-27 13:53:32,2025-11-27 13:41:33.967207,2025-11-27 13:50:17.126166,2025-11-27 14:05:31.350076,,송파구,3동,영등포구,1동,경조사,1780,6.0,휠체어 탑승형 대형,지체장애 2급
2025-12-19 05:24:36,2025-12-19 07:25:36,2025-12-19 05:40:12.728740,2025-12-19 05:41:12.728740,2025-12-19 06:18:41.794711,,구로구,1동,중구,1동,병원 진료,3250,15.0,기타 차량,뇌병변장애 2급
2025-01-12 15:54:16,2025-01-12 16:07:16,2025-01-12 16:15:19.706606,2025-01-12 16:18:18.787686,2025-01-12 16:39:52.977159,,도봉구,3동,강동구,2동,관공서 방문,1948,6.6,휠체어 탑승형 중형,지체장애 2급
2025-04-02 10:26:08,2025-04-02 10:41:08,2025-04-02 10:49:23.014696,2025-04-02 10:50:50.439528,2025-04-02 11:21:19.827410,,구로구,1동,구로구,2동,관공서 방문,2914,10.2,일반 세단형,뇌병변장애 1급
2025-07-06 13:11:33,2025-07-06 15:46:33,2025-07-06 13:17:10.673130,2025-07-06 13:18:10.673130,2025-07-06 13:29:52.541665,,성북구,1동,서초구,3동,기타,1500,4.4,일반 세단형,신장장애
2025-12-04 18:09:47,2025-12-04 18:23:47,2025-12-04 18:31:30.550122,2025-12-04 18:33:20.430586,2025-12-04 18:46:59.282687,,양천구,1동,강북구,1동,복지관 이용,1640,5.5,기타 차량,신장장애
2025-06-29 16:04:00,2025-06-29 17:52:00,,,,2025-06-29 16:18:00,중구,2동,은평구,3동,여가 활동,1500,3.1,기타 차량,국가유공자(상이)
2025-09-21 10:33:09,2025-09-21 13:00:09,2025-09-21 10:34:09,,,2025-09-21 10:43:09,도봉구,1동,관악구,1동,직업훈련,1808,6.1,휠체어 탑승형 중형,신장장애
2025-10-30 13:55:33,2025-10-30 15:51:33,2025-10-30 14:03:49.233240,,,2025-10-30 14:08:49.233240,강남구,3동,구로구,3동,병원 진료,2424,8.3,휠체어 탑승형 대형,뇌병변장애 1급
2025-03-16 05:52:12,2025-03-16 08:37:12,2025-03-16 05:59:27.806041,2025-03-16 06:00:54.278518,2025-03-16 06:24:36.611782,,강남구,1동,강북구,3동,경조사,1920,6.5,기타 차량,지체장애 1급
2025-10-05 09:17:21,2025-10-05 10:06:21,2025-10-05 09:28:23.033451,2025-10-05 09:29:23.033451,2025-10-05 09:47:01.702072,,동대문구,2동,강북구,2동,주간보호센터,1500,4.6,기타 차량,신장장애
2025-05-06 16:48:22,2025-05-06 19:15:22,2025-05-06 17:03:13.142095,2025-05-06 17:08:11.614855,2025-05-06 17:23:36.179122,,중랑구,1동,성동구,2동,직업훈련,1780,6.0,일반 세단형,시각장애 1급
2025-05-16 16:41:35,2025-05-16 19:22:35,2025-05-16 17:03:27.665636,2025-05-16 17:18:03.227221,2025-05-16 17:35:39.821883,,금천구,1동,양천구,1동,관공서 방문,2116,7.2,기타 차량,뇌병변장애 2급
2025-04-10 17:58:58,2025-04-10 18:45:58,2025-04-10 18:00:58.970428,,,2025-04-10 18:16:58.970428,양천구,1동,성북구,1동,재활 치료,2970,11.0,기타 차량,뇌병변장애 2급
2025-10-11 07:19:11,2025-10-11 09:55:11,2025-10-11 07:38:03.594114,2025-10-11 07:39:47.763755,2025-10-11 07:54:56.956639,,동대문구,1동,구로구,2동,병원 진료,1500,4.1,일반 세단형,지체장애 2급
2025-09-17 07:59:34,2025-09-17 09:22:34,2025-09-17 09:02:16.835949,2025-09-17 09:11:14.160743,2025-09-17 09:32:36.338014,,양천구,2동,강북구,2동,출퇴근,2396,8.2,기타 차량,국가유공자(상이)
2025-07-29 16:34:51,2025-07-29 18:23:51,2025-07-29 16:41:24.502789,2025-07-29 16:46:45.458754,2025-07-29 16:53:05.424834,,영등포구,2동,성동구,3동,출퇴근,1500,2.3,기타 차량,지체장애 1급
2025-09-03 04:51:11,2025-09-03 07:22:11,2025-09-03 05:02:40.125344,2025-09-03 05:08:31.371480,2025-09-03 05:13:57.982236,,노원구,3동,성북구,1동,여가 활동,1500,2.2,휠체어 탑승형 대형,뇌병변장애 1급
2025-07-20 09:00:12,2025-07-20 10:07:12,2025-07-20 09:01:12,2025-07-20 09:20:01.469056,2025-07-20 10:06:48.229130,,구로구,3동,성동구,3동,복지관 이용,3138,13.4,일반 세단형,지체장애 1급
2025-02-26 01:35:59,2025-02-26 03:22:59,2025-02-26 02:03:06.217796,2025-02-26 02:10:34.518300,2025-02-26 02:48:02.288553,,양천구,3동,서대문구,3동,주간보호센터,2963,10.9,일반 세단형,지체장애 2급
2025-02-05 14:37:25,2025-02-05 16:58:25,2025-02-05 14:51:03.493630,2025-02-05 15:01:24.654231,2025-02-05 15:26:39.060249,,관악구,3동,광진구,2동,경조사,2396,8.2,기타 차량,뇌병변장애 1급
2025-02-01 08:07:51,2025-02-01 09:37:51,2025-02-01 08:15:27.429024,2025-02-01 08:28:40.605815,2025-02-01 08:54:25.030596,,동대문구,2동,중랑구,3동,경조사,2564,8.8,기타 차량,신장장애
2025-10-21 11:47:29,2025-10-21 14:02:29,2025-10-21 12:07:51.918688,2025-10-21 12:08:51.918688,2025-10-21 12:20:03.367420,,강서구,2동,성북구,2동,재활 치료,1500,4.0,휠체어 탑승형 중형,신장장애
2025-06-29 14:50:56,2025-06-29 17:29:56,2025-06-29 15:29:44.684616,,,2025-06-29 15:33:44.684616,송파구,1동,용산구,2동,기타,3208,14.4,기타 차량,지체장애 1급
2025-03-17 19:40:16,2025-03-17 21:57:16,,,,2025-03-17 20:09:16,종로구,2동,양천구,2동,출퇴근,3096,12.8,일반 세단형,지체장애 2급
2025-12-23 14:40:08,2025-12-23 15:13:08,2025-12-23 15:13:11.024664,2025-12-23 15:15:55.081324,2025-12-23 15:23:10.498227,,노원구,2동,관악구,3동,학교 등하교,1500,2.1,휠체어 탑승형 중형,지체장애 2급
2025-03-18 02:36:27,2025-03-18 04:35:27,2025-03-18 02:43:43.158402,2025-03-18 02:44:43.158402,2025-03-18 02:51:19.917374,,광진구,1동,성북구,1동,관공서 방문,1500,2.2,기타 차량,신장장애
2025-10-30 16:15:30,2025-10-30 17:38:30,2025-10-30 16:25:14.060464,2025-10-30 16:49:35.718561,2025-10-30 17:14:58.305457,,성북구,2동,은평구,1동,주간보호센터,2704,9.3,휠체어 탑승형 중형,시각장애 1급
2025-05-23 19:43:49,2025-05-23 22:38:49,2025-05-23 19:50:53.560504,2025-05-23 19:53:50.970949,2025-05-23 19:57:17.549976,,성동구,1동,중구,2동,관공서 방문,1500,1.4,휠체어 탑승형 중형,뇌병변장애 1급
2025-05-04 11:05:07,2025-05-04 12:33:07,2025-05-04 11:07:05.666137,2025-05-04 11:08:05.666137,2025-05-04 11:22:41.454486,,강서구,1동,도봉구,3동,학교 등하교,1584,5.3,휠체어 탑승형 대형,지체장애 2급
2025-11-29 01:17:53,2025-11-29 02:31:53,,,,2025-11-29 01:20:53,성동구,1동,영등포구,1동,복지관 이용,2116,7.2,휠체어 탑승형 중형,지체장애 1급
2025-04-21 09:43:52,2025-04-21 10:14:52,2025-04-21 09:57:09.752513,2025-04-21 09:58:09.752513,2025-04-21 10:13:12.707005,,성동구,3동,서대문구,2동,출퇴근,1668,5.6,휠체어 탑승형 대형,뇌병변장애 2급
2025-07-15 07:09:49,2025-07-15 08:24:49,2025-07-15 07:33:15.780745,2025-07-15 08:06:40.733604,2025-07-15 08:55:57.044453,,강서구,2동,중구,1동,관공서 방문,3208,14.4,일반 세단형,시각장애 1급
2025-03-11 23:25:33,2025-03-12 01:54:33,2025-03-11 23:27:20.643047,2025-03-11 23:46:18.382154,2025-03-12 00:20:47.263485,,관악구,1동,금천구,1동,병원 진료,2956,10.8,일반 세단형,뇌병변장애 2급
2025-04-18 07:48:21,2025-04-18 08:09:21,2025-04-18 07:49:46.637733,2025-04-18 07:58:08.986939,2025-04-18 08:23:29.445287,,강서구,2동,강서구,1동,직업훈련,2508,8.6,일반 세단형,국가유공자(상이)
2025-11-06 16:29:28,2025-11-06 18:21:28,2025-11-06 16:40:42.199928,2025-11-06 16:47:14.318506,2025-11-06 16:56:38.075231,,서대문구,1동,양천구,3동,복지관 이용,1500,2.5,일반 세단형,시각장애 1급
2025-05-23 12:47:56,2025-05-23 15:07:56,2025-05-23 12:53:32.544916,2025-05-23 12:58:24.361540,2025-05-23 13:08:09.633295,,강서구,3동,세종시,1동,기타,1500,2.5,일반 세단형,지체장애 1급
2025-12-12 18:26:03,2025-12-12 20:29:03,2025-12-12 18:54:45.777745,2025-12-12 19:01:04.640805,2025-12-12 19:17:26.068990,,송파구,1동,노원구,2동,출퇴근,1500,4.8,기타 차량,국가유공자(상이)
2025-03-15 11:56:13,2025-03-15 12:29:13,2025-03-15 12:53:03.843480,2025-03-15 12:55:55.733700,2025-03-15 13:27:26.683924,,마포구,3동,노원구,1동,복지관 이용,2536,8.7,기타 차량,시각장애 1급
2025-10-17 00:08:49,2025-10-17 00:25:49,2025-10-17 00:22:06.036922,2025-10-17 00:42:32.070159,2025-10-17 01:00:25.636431,,서초구,3동,금천구,2동,출퇴근,1780,6.0,휠체어 탑승형 대형,뇌병변장애 2급
2025-08-16 07:30:49,2025-08-16 08:50:49,2025-08-16 08:50:57.888599,2025-08-16 08:54:50.636809,2025-08-16 08:59:54.905386,,관악구,2동,관악구,3동,경조사,1500,1.7,휠체어 탑승형 중형,지체장애 2급
2025-10-11 05:41:44,2025-10-11 08:24:44,2025-10-11 06:08:06.055087,2025-10-11 06:21:54.864338,2025-10-11 06:44:17.568596,,중구,1동,금천구,1동,출퇴근,2536,8.7,휠체어 탑승형 중형,뇌병변장애 2급
2025-02-25 10:49:03,2025-02-25 11:36:03,2025-02-25 11:13:01.065426,2025-02-25 11:45:34.559159,2025-02-25 12:13:39.768812,,성동구,2동,경기 성남시,2동,경조사,3005,11.5,기타 차량,시각장애 1급
2025-10-23 13:04:32,2025-10-23 14:13:32,2025-10-23 13:17:20.629324,2025-10-23 13:30:22.105072,2025-10-23 13:44:49.835254,,성동구,2동,성동구,2동,직업훈련,1500,4.3,휠체어 탑승형 중형,신장장애
2025-10-20 08:31:09,2025-10-20 10:00:09,2025-10-20 08:37:08.485562,2025-10-20 08:39:12.159215,2025-10-20 08:55:24.920765,,중랑구,3동,동대문구,1동,복지관 이용,1584,5.3,휠체어 탑승형 대형,지체장애 1급
2025-03-13 21:16:55,2025-03-13 22:04:55,2025-03-13 21:22:08.716409,2025-03-13 21:36:01.890761,2025-03-13 21:47:03.351313,,성동구,1동,강북구,1동,재활 치료,1500,4.5,휠체어 탑승형 대형,지체장애 2급
2025-07-10 17:40:38,2025-07-10 20:31:38,2025-07-10 17:56:07.552254,2025-07-10 17:57:07.552254,2025-07-10 18:18:18.922826,,종로구,3동,금천구,3동,관공서 방문,1696,5.7,휠체어 탑승형 중형,신장장애
2025-07-13 15:18:00,2025-07-13 17:47:00,2025-07-13 15:52:14.037425,2025-07-13 15:55:31.344921,2025-07-13 16:37:43.563114,,강동구,2동,종로구,3동,기타,2963,10.9,휠체어 탑승형 중형,지체장애 1급
2025-03-05 09:40:20,2025-03-05 09:58:20,2025-03-05 09:44:32.075958,2025-03-05 09:45:32.075958,2025-03-05 10:15:22.744288,,송파구,2동,양천구,1동,여가 활동,2956,10.8,기타 차량,신장장애
2025-09-21 10:44:15,2025-09-21 12:45:15,2025-09-21 12:27:35.569356,2025-09-21 12:30:01.512604,2025-09-21 13:21:55.460040,,관악구,2동,성동구,1동,기타,3264,15.2,휠체어 탑승형 중형,뇌병변장애 2급
2025-09-16 15:33:21,2025-09-16 16:05:21,2025-09-16 15:43:15.694538,2025-09-16 15:45:55.727677,2025-09-16 16:18:55.232158,,강남구,1동,은평구,1동,여가 활동,2592,8.9,휠체어 탑승형 중형,뇌병변장애 1급
2025-12-15 14:20:04,2025-12-15 17:11:04,2025-12-15 14:27:53.676754,2025-12-15 14:41:25.860214,2025-12-15 15:09:31.055039,,서초구,3동,노원구,1동,관공서 방문,2977,11.1,휠체어 탑승형 중형,지체장애 2급
2025-03-14 08:46:41,2025-03-14 10:36:41,2025-03-14 09:39:25.247009,2025-03-14 09:41:55.054601,2025-03-14 10:13:47.643916,,구로구,3동,도봉구,1동,주간보호센터,2592,8.9,일반 세단형,뇌병변장애 1급
2025-08-08 06:06:49,2025-08-08 08:46:49,2025-08-08 07:06:13.772952,2025-08-08 07:23:19.258379,2025-08-08 08:01:18.647875,,강서구,2동,구로구,3동,직업훈련,3117,13.1,휠체어 탑승형 대형,신장장애
2025-01-10 14:10:16,2025-01-10 14:30:16,2025-01-10 14:24:29.800160,2025-01-10 14:25:29.800160,2025-01-10 14:58:42.603327,,동대문구,1동,성북구,2동,출퇴근,2732,9.4,일반 세단형,뇌병변장애 2급
2025-05-11 08:51:20,2025-05-11 10:12:20,,,,2025-05-11 08:56:20,동대문구,3동,마포구,2동,복지관 이용,2970,11.0,휠체어 탑승형 중형,시각장애 1급
2025-10-17 17:55:07,2025-10-17 18:30:07,2025-10-17 18:05:05.780526,2025-10-17 18:06:57.063498,2025-10-17 18:30:27.967673,,관악구,3동,강북구,2동,관공서 방문,2396,8.2,일반 세단형,국가유공자(상이)
2025-10-05 14:48:03,2025-10-05 17:12:03,2025-10-05 15:03:24.775202,2025-10-05 15:15:49.239328,2025-10-05 15:20:38.836580,,중구,1동,강서구,3동,학교 등하교,1500,1.5,기타 차량,국가유공자(상이)
2025-01-06 15:29:52,2025-01-06 16:58:52,2025-01-06 15:45:57.142921,2025-01-06 15:48:18.736303,2025-01-06 16:08:04.655963,,마포구,3동,강서구,1동,경조사,2088,7.1,일반 세단형,국가유공자(상이)
2025-02-03 07:39:32,2025-02-03 08:04:32,2025-02-03 07:47:58.966639,2025-02-03 07:52:21.128111,2025-02-03 08:48:27.195545,,성북구,1동,관악구,2동,복지관 이용,3271,15.3,기타 차량,시각장애 1급
2025-06-16 10:22:11,2025-06-16 12:59:11,2025-06-16 10:39:04.508510,2025-06-16 10:45:45.262640,2025-06-16 11:08:26.715401,,은평구,3동,중랑구,3동,복지관 이용,1780,6.0,휠체어 탑승형 대형,국가유공자(상이)
2025-10-31 11:12:42,2025-10-31 13:59:42,2025-10-31 11:13:42,2025-10-31 11:15:11.968657,2025-10-31 12:25:21.872083,,중구,2동,마포구,3동,주간보호센터,3845,23.5,휠체어 탑승형 중형,뇌병변장애 2급
2025-04-06 13:37:18,2025-04-06 14:28:18,2025-04-06 13:38:18,2025-04-06 13:53:00.628170,2025-04-06 14:10:40.762460,,성동구,3동,관악구,2동,경조사,1612,5.4,기타 차량,국가유공자(상이)
2025-03-04 18:07:11,2025-03-04 21:05:11,2025-03-04 18:10:59.379994,2025-03-04 18:21:07.642549,2025-03-04 18:46:41.381576,,관악구,2동,중랑구,3동,출퇴근,2368,8.1,기타 차량,신장장애
2025-10-11 17:06:53,2025-10-11 19:55:53,2025-10-11 17:19:02.727508,2025-10-11 17:20:02.727508,2025-10-11 17:23:11.234287,,성동구,1동,종로구,2동,학교 등하교,1500,1.1,기타 차량,지체장애 1급
2025-08-29 19:54:08,2025-08-29 22:16:08,2025-08-29 20:25:56.917851,2025-08-29 20:42:39.545954,2025-08-29 21:09:43.846182,,강북구,1동,용산구,1동,재활 치료,2144,7.3,휠체어 탑승형 대형,지체장애 2급
2025-05-31 11:16:52,2025-05-31 13:19:52,2025-05-31 11:42:50.805339,2025-05-31 11:46:44.786084,2025-05-31 11:52:35.108893,,양천구,3동,서초구,1동,기타,1500,2.3,휠체어 탑승형 중형,뇌병변장애 1급
2025-05-09 14:17:07,2025-05-09 17:02:07,2025-05-09 14:39:27.742040,2025-05-09 14:40:27.742040,2025-05-09 15:20:16.844106,,강서구,3동,양천구,3동,기타,2991,11.3,기타 차량,뇌병변장애 2급
2025-04-03 18:20:54,2025-04-03 19:58:54,2025-04-03 18:22:14.281507,2025-04-03 18:28:43.494509,2025-04-03 18:48:10.121006,,강북구,3동,동대문구,1동,출퇴근,2256,7.7,휠체어 탑승형 중형,국가유공자(상이)
2025-08-03 17:09:54,2025-08-03 18:03:54,2025-08-03 17:17:46.005362,2025-08-03 17:19:46.263281,2025-08-03 17:24:46.153264,,도봉구,1동,서대문구,1동,주간보호센터,1500,1.8,일반 세단형,국가유공자(상이)
2025-01-04 03:18:05,2025-01-04 05:23:05,2025-01-04 03:52:31.374012,2025-01-04 04:31:12.891331,2025-01-04 04:39:39.824592,,동작구,1동,성동구,2동,직업훈련,1500,2.4,기타 차량,지체장애 2급
2025-01-11 06:46:41,2025-01-11 06:56:41,2025-01-11 06:54:42.709318,2025-01-11 07:05:31.972004,2025-01-11 07:25:34.833373,,강서구,1동,도봉구,2동,출퇴근,1780,6.0,휠체어 탑승형 중형,시각장애 1급
2025-08-27 14:04:03,2025-08-27 14:54:03,2025-08-27 14:15:43.647615,2025-08-27 14:19:59.397945,2025-08-27 14:57:44.866354,,중랑구,1동,관악구,1동,복지관 이용,3033,11.9,휠체어 탑승형 중형,뇌병변장애 2급
2025-06-25 06:32:07,2025-06-25 08:37:07,,,,2025-06-25 06:47:07,광진구,3동,종로구,3동,출퇴근,2788,9.6,기타 차량,뇌병변장애 1급
2025-12-13 10:32:41,2025-12-13 13:18:41,2025-12-13 10:40:42.514645,2025-12-13 10:54:35.807542,2025-12-13 11:16:05.783682,,금천구,3동,동대문구,2동,여가 활동,2172,7.4,기타 차량,뇌병변장애 1급
2025-04-16 08:00:10,2025-04-16 09:06:10,2025-04-16 08:22:31.521876,2025-04-16 08:34:48.357768,2025-04-16 08:45:39.751862,,양천구,1동,,1동,여가 활동,1500,3.2,일반 세단형,뇌병변장애 1급
2025-11-09 11:29:57,2025-11-09 13:34:57,2025-11-09 13:47:00.839194,2025-11-09 13:51:00.751330,2025-11-09 14:08:44.642196,,종로구,2동,서대문구,3동,관공서 방문,1528,5.1,기타 차량,시각장애 1급
2025-06-10 14:56:47,2025-06-10 15:59:47,2025-06-10 15:00:42.067073,2025-06-10 15:03:25.875208,2025-06-10 15:25:52.925147,,성북구,2동,종로구,3동,직업훈련,1976,6.7,휠체어 탑승형 중형,지체장애 2급
2025-08-21 21:48:26,2025-08-21 21:59:26,2025-08-21 21:49:49.563528,2025-08-21 22:00:17.903754,2025-08-21 22:52:36.204093,,동작구,3동,은평구,3동,경조사,3712,21.6,휠체어 탑승형 중형,신장장애
2025-02-17 14:34:24,2025-02-17 15:04:24,2025-02-17 14:57:53.490774,2025-02-17 15:13:27.884493,2025-02-17 15:36:56.468538,,마포구,2동,중랑구,3동,학교 등하교,2228,7.6,휠체어 탑승형 대형,뇌병변장애 1급
2025-09-16 14:39:21,2025-09-16 15:04:21,2025-09-16 14:47:30.887168,2025-09-16 14:54:55.177766,2025-09-16 15:57:02.629471,,성북구,3동,관악구,1동,여가 활동,3817,23.1,기타 차량,지체장애 2급
2025-09-08 08:22:05,2025-09-08 10:39:05,2025-09-08 08:25:47.779160,2025-09-08 08:31:32.915617,2025-09-08 09:13:17.440757,,송파구,1동,은평구,1동,출퇴근,2977,11.1,기타 차량,뇌병변장애 1급
2025-09-20 17:17:07,2025-09-20 19:29:07,2025-09-20 18:10:49.050015,2025-09-20 18:15:01.005745,2025-09-20 18:30:51.869648,,용산구,3동,양천구,1동,경조사,1696,5.7,기타 차량,시각장애 1급
2025-07-20 17:47:25,2025-07-20 20:19:25,2025-07-20 17:59:13.376770,2025-07-20 18:06:43.617422,2025-07-20 18:34:46.984655,,강남,3동,금천구,1동,학교 등하교,2816,9.7,휠체어 탑승형 중형,국가유공자(상이)
2025-11-04 20:11:16,2025-11-04 22:03:16,2025-11-04 20:16:56.117733,2025-11-04 20:25:51.835138,2025-11-04 20:48:04.543770,,강남구,2동,도봉구,1동,학교 등하교,-2284,7.8,기타 차량,국가유공자(상이)
2025-04-25 15:11:31,2025-04-25 15:39:31,2025-04-25 15:16:12.527489,2025-04-25 15:39:11.313473,2025-04-25 15:49:44.582630,,구로구,1동,동작구,2동,주간보호센터,1500,2.9,휠체어 탑승형 대형,뇌병변장애 2급
2025-03-12 20:43:59,2025-03-12 21:51:59,2025-03-12 20:52:01.936246,2025-03-12 20:56:44.511389,2025-03-12 21:09:05.211727,,구로구,3동,구로구,2동,주간보호센터,1500,3.6,일반 세단형,지체장애 2급
2025-10-04 07:38:05,2025-10-04 08:15:05,2025-10-04 07:56:28.075278,2025-10-04 08:04:09.610591,2025-10-04 09:09:39.467975,,관악구,3동,양천구,3동,학교 등하교,3558,19.4,휠체어 탑승형 중형,신장장애
2025-05-20 13:54:10,2025-05-20 15:10:10,2025-05-20 14:23:12.767773,2025-05-20 14:27:38.407113,2025-05-20 15:00:51.577052,,은평구,1동,광진구,3동,관공서 방문,2998,11.4,휠체어 탑승형 중형,신장장애
2025-04-29 15:44:32,2025-04-29 17:58:32,2025-04-29 15:45:32,2025-04-29 15:57:07.655802,2025-04-29 16:32:37.964905,,금천구,3동,관악구,3동,여가 활동,2921,10.3,기타 차량,국가유공자(상이)
2025-05-06 16:04:40,2025-05-06 18:09:40,2025-05-06 16:08:43.802711,2025-05-06 16:30:08.803011,2025-05-06 17:14:46.652643,,서초구,1동,구로구,2동,재활 치료,3222,14.6,휠체어 탑승형 대형,국가유공자(상이)
2025-02-09 11:37:19,2025-02-09 14:00:19,2025-02-09 11:43:15.414045,2025-02-09 12:01:08.365190,2025-02-09 12:28:53.367624,,광진구,3동,강동구,1동,학교 등하교,2480,8.5,기타 차량,신장장애
2025-06-05 03:12:59,2025-06-05 05:36:59,2025-06-05 03:27:59.420424,2025-06-05 03:29:24.322155,2025-06-05 03:53:52.463230,,관악구,1동,영등포구,1동,병원 진료,2536,8.7,기타 차량,뇌병변장애 2급
2025-10-27 11:55:48,2025-10-27 14:02:48,2025-10-27 12:08:56.933852,2025-10-27 12:11:02.368177,2025-10-27 12:43:19.835929,,서대문구,2동,도봉구,1동,학교 등하교,2396,8.2,기타 차량,뇌병변장애 1급
2025-09-10 17:14:10,2025-09-10 18:51:10,2025-09-10 17:21:43.324982,2025-09-10 17:22:43.324982,2025-09-10 17:58:33.199972,,서초,3동,도봉구,1동,학교 등하교,2984,11.2,휠체어 탑승형 대형,지체장애 1급
2025-05-17 12:23:13,2025-05-17 15:14:13,,,,2025-05-17 12:33:13,광진구,2동,종로구,2동,재활 치료,1528,5.1,휠체어 탑승형 중형,신장장애
2025-01-25 02:51:14,2025-01-25 05:32:14,2025-01-25 03:06:12.399728,2025-01-25 03:08:09.749958,2025-01-25 03:35:03.410924,,성북구,3동,서대문구,2동,기타,2648,9.1,일반 세단형,뇌병변장애 2급
2025-06-26 09:19:52,2025-06-26 10:11:52,2025-06-26 09:23:11.214120,2025-06-26 09:27:42.348728,2025-06-26 10:07:41.055300,,경기 성남시,3동,영등포구,2동,재활 치료,3005,11.5,휠체어 탑승형 대형,신장장애
2025-08-19 08:30:23,2025-08-19 11:01:23,2025-08-19 08:47:35.264856,2025-08-19 08:53:47.698770,2025-08-19 09:12:11.898795,,강북구,2동,금천구,1동,기타,1612,5.4,휠체어 탑승형 중형,신장장애
2025-11-13 14:26:15,2025-11-13 17:13:15,2025-11-13 14:34:08.205006,2025-11-13 14:58:43.101546,2025-11-13 15:08:33.209688,,동대문구,1동,강동구,2동,여가 활동,1500,3.7,기타 차량,뇌병변장애 2급
2025-03-17 10:58:03,2025-03-17 11:11:03,2025-03-17 11:02:13.528963,2025-03-17 11:03:13.528963,2025-03-17 11:27:34.165160,,금천구,1동,양천구,1동,출퇴근,2088,7.1,휠체어 탑승형 대형,국가유공자(상이)
2025-02-04 19:03:46,2025-02-04 21:34:46,2025-02-04 19:07:37.492760,2025-02-04 19:08:37.492760,2025-02-04 19:29:04.290439,,강동구,1동,성북구,2동,경조사,1640,5.5,휠체어 탑승형 중형,지체장애 1급
2025-11-21 16:17:30,2025-11-21 19:11:30,2025-11-21 16:21:57.183142,2025-11-21 16:22:57.183142,2025-11-21 16:45:22.761132,,강서구,3동,강동구,3동,병원 진료,2620,9.0,기타 차량,뇌병변장애 2급
2025-01-18 11:41:48,2025-01-18 14:38:48,2025-01-18 11:50:25.464378,2025-01-18 12:01:29.557003,2025-01-18 12:20:29.390153,,강남구,3동,강서구,3동,기타,2200,7.5,일반 세단형,지체장애 1급
2025-02-07 04:42:25,2025-02-07 05:05:25,2025-02-07 04:58:47.737995,2025-02-07 05:04:29.557981,2025-02-07 05:41:42.071505,,용산구,1동,서대문구,1동,직업훈련,3089,12.7,기타 차량,국가유공자(상이)
2025-03-17 12:14:03,2025-03-17 14:39:03,2025-03-17 12:23:04.668606,2025-03-17 12:26:45.410563,2025-03-17 12:37:47.724601,,종로구,2동,구로구,1동,출퇴근,1500,3.8,휠체어 탑승형 중형,지체장애 1급
2025-01-24 18:52:33,2025-01-24 20:18:33,,,,2025-01-24 19:21:33,서대문구,3동,은평구,1동,관공서 방문,2200,7.5,휠체어 탑승형 중형,뇌병변장애 2급
2025-05-13 21:43:14,2025-05-13 23:52:14,2025-05-13 21:53:19.013227,2025-05-13 22:15:47.154751,2025-05-13 22:38:13.112553,,용산구,2동,관악구,2동,여가 활동,2620,9.0,휠체어 탑승형 대형,뇌병변장애 1급
2025-01-25 20:23:50,2025-01-25 21:37:50,2025-01-25 20:28:59.348933,2025-01-25 20:32:22.340818,2025-01-25 21:40:57.038890,,서대문구,1동,구로구,2동,병원 진료,3467,18.1,기타 차량,뇌병변장애 1급
2025-09-18 17:54:03,2025-09-18 18:21:03,2025-09-18 17:55:15.026386,2025-09-18 17:56:15.026386,2025-09-18 18:45:44.242696,,중랑구,3동,송파구,2동,여가 활동,3180,14.0,휠체어 탑승형 대형,뇌병변장애 1급
2025-09-25 09:15:45,2025-09-25 10:18:45,2025-09-25 09:27:35.556311,2025-09-25 09:41:06.241824,2025-09-25 10:08:39.163774,,성동구,2동,강서구,1동,기타,2872,9.9,일반 세단형,신장장애
2025-07-03 17:08:54,2025-07-03 19:08:54,2025-07-03 17:10:11.845333,2025-07-03 17:11:11.845333,2025-07-03 17:45:19.146439,,중랑구,1동,금천구,1동,학교 등하교,2949,10.7,일반 세단형,시각장애 1급
2025-05-29 18:35:59,2025-05-29 19:52:59,2025-05-29 18:40:31.539208,2025-05-29 18:45:57.875954,2025-05-29 19:27:18.447818,,구로구,3동,양천구,3동,기타,3187,14.1,기타 차량,지체장애 1급
2025-01-22 15:41:06,2025-01-22 16:39:06,2025-01-22 16:08:14.433861,2025-01-22 16:50:43.177603,2025-01-22 17:07:10.872692,,강동구,1동,동대문구,2동,재활 치료,1500,4.5,휠체어 탑승형 중형,지체장애 2급
2025-08-21 20:31:00,2025-08-21 22:47:00,2025-08-21 20:37:42.364367,2025-08-21 20:42:52.824684,2025-08-21 21:09:52.349359,,성북구,1동,강동구,1동,병원 진료,2942,10.6,휠체어 탑승형 대형,지체장애 2급
2025-01-02 16:27:54,2025-01-02 19:26:54,,,,2025-01-02 16:38:54,은평구,1동,양천구,3동,기타,2452,8.4,기타 차량,지체장애 2급
2025-02-04 15:27:28,2025-02-04 17:12:28,2025-02-04 15:35:17.387082,2025-02-04 15:36:17.387082,2025-02-04 15:51:57.310136,,관악구,1동,성동구,3동,재활 치료,1892,6.4,일반 세단형,뇌병변장애 1급
2025-03-03 12:43:39,2025-03-03 13:32:39,2025-03-03 12:50:39.625152,2025-03-03 13:12:20.872637,2025-03-03 14:07:20.070266,,동대문구,1동,중랑구,2동,병원 진료,3670,21.0,일반 세단형,신장장애
2025-06-10 11:05:46,2025-06-10 11:50:46,2025-06-10 11:07:00.008359,2025-06-10 11:08:00.008359,2025-06-10 11:54:08.602106,,송파구,1동,금천구,1동,복지관 이용,3152,13.6,기타 차량,지체장애 2급
2025-02-02 12:19:26,2025-02-02 13:26:26,2025-02-02 12:33:28.825519,2025-02-02 12:36:04.000593,2025-02-02 13:02:23.985909,,노원구,3동,성북구,3동,여가 활동,2396,8.2,휠체어 탑승형 대형,국가유공자(상이)
2025-12-16 07:38:42,2025-12-16 09:19:42,2025-12-16 07:58:57.918494,2025-12-16 08:02:52.319156,2025-12-16 08:46:46.626464,,영등포구,2동,구로구,1동,경조사,3173,13.9,휠체어 탑승형 중형,지체장애 2급
2025-07-07 09:32:19,2025-07-07 10:47:19,2025-07-07 09:33:19,,,2025-07-07 09:38:19,성동구,3동,마포구,1동,경조사,2480,8.5,일반 세단형,국가유공자(상이)
2025-10-27 08:31:41,2025-10-27 10:41:41,,,,2025-10-27 08:44:41,강동구,2동,동작구,1동,관공서 방문,2032,6.9,일반 세단형,시각장애 1급
2025-10-29 15:01:55,2025-10-29 15:59:55,2025-10-29 15:24:54.714011,2025-10-29 15:26:52.247173,2025-10-29 15:52:06.969339,,중구,2동,동대문구,3동,기타,2816,9.7,휠체어 탑승형 대형,지체장애 1급
2025-06-25 17:29:29,2025-06-25 19:52:29,2025-06-25 17:47:57.173625,2025-06-25 17:54:25.708471,2025-06-25 18:09:04.102449,,노원구,1동,은평구,1동,복지관 이용,1500,4.5,휠체어 탑승형 대형,신장장애
2025-07-30 19:00:49,2025-07-30 21:38:49,2025-07-30 19:13:56.743881,2025-07-30 19:43:13.986897,2025-07-30 19:53:33.079261,,도봉구,3동,동작구,3동,출퇴근,1500,2.6,기타 차량,국가유공자(상이)
2025-06-25 14:04:50,2025-06-25 16:11:50,2025-06-25 14:18:24.050786,2025-06-25 14:22:14.165413,2025-06-25 14:54:08.607453,,광진구,3동,강북구,2동,병원 진료,2396,8.2,휠체어 탑승형 대형,시각장애 1급
2025-03-11 17:03:26,2025-03-11 17:46:26,2025-03-13 08:03:26,2025-03-11 17:41:35.485957,2025-03-11 18:11:31.256440,,도봉구,2동,중랑구,1동,학교 등하교,2200,7.5,휠체어 탑승형 중형,지체장애 1급
2025-10-08 12:46:37,2025-10-08 14:07:37,2025-10-08 13:20:01.379279,2025-10-08 13:35:41.644521,2025-10-08 13:42:18.554688,,성동구,1동,강동구,1동,출퇴근,1500,2.3,기타 차량,지체장애 2급
2025-10-29 06:44:56,2025-10-29 07:13:56,2025-10-29 07:00:37.915257,2025-10-29 07:02:49.155348,2025-10-29 07:12:43.285114,,송파구,1동,노원구,2동,출퇴근,1500,3.3,휠체어 탑승형 대형,시각장애 1급
2025-09-26 12:58:23,2025-09-26 13:12:23,,,,2025-09-26 13:00:23,영등포구,2동,종로구,1동,복지관 이용,3187,14.1,기타 차량,시각장애 1급
2025-12-22 07:24:06,2025-12-22 08:45:06,2025-12-22 08:03:32.513441,2025-12-22 08:04:32.513441,2025-12-22 08:24:32.869933,,서초구,3동,종로구,2동,기타,1864,6.3,일반 세단형,지체장애 1급
2025-03-06 05:23:41,2025-03-06 06:34:41,2025-03-06 05:27:05.428445,2025-03-06 05:28:05.428445,2025-03-06 06:04:14.349678,,서대문구,1동,강서구,1동,직업훈련,3061,12.3,일반 세단형,지체장애 1급
2025-10-06 04:15:22,2025-10-06 06:51:22,2025-10-06 04:57:57.618633,2025-10-06 04:58:57.618633,2025-10-06 05:10:50.584161,,강서구,2동,서초,1동,주간보호센터,1500,4.6,휠체어 탑승형 중형,뇌병변장애 1급
2025-03-23 17:08:37,2025-03-23 17:31:37,2025-03-23 17:22:20.800346,2025-03-23 17:24:48.242102,2025-03-23 17:36:04.830926,,영등포구,1동,마포구,3동,출퇴근,1500,3.9,일반 세단형,뇌병변장애 1급
2025-08-21 18:41:43,2025-08-21 20:34:43,2025-08-21 18:52:26.952401,2025-08-21 18:55:16.368595,2025-08-21 19:11:22.388670,,성동구,3동,강남구,3동,학교 등하교,1528,5.1,일반 세단형,국가유공자(상이)
2025-11-22 01:06:11,2025-11-22 02:25:11,2025-11-22 01:07:11,2025-11-22 01:11:34.823145,2025-11-22 01:24:49.188537,,도봉구,1동,중구,3동,재활 치료,1500,4.1,휠체어 탑승형 대형,신장장애
2025-03-03 06:17:49,2025-03-03 06:44:49,2025-03-03 06:41:53.416400,2025-03-03 06:59:47.380906,2025-03-03 07:28:46.263017,,마포구,3동,마포구,3동,주간보호센터,2872,9.9,휠체어 탑승형 대형,신장장애
2025-05-08 12:08:13,2025-05-08 14:32:13,2025-05-08 12:17:30.176418,2025-05-08 12:26:18.557221,2025-05-08 12:37:11.385213,,용산구,1동,송파구,3동,주간보호센터,1500,3.5,휠체어 탑승형 중형,뇌병변장애 1급
2025-04-27 06:13:20,2025-04-27 08:43:20,2025-04-27 06:57:23.103069,2025-04-27 06:58:23.103069,2025-04-27 07:16:58.297462,,광진구,3동,송파구,2동,기타,2060,7.0,휠체어 탑승형 대형,신장장애
2025-12-25 14:19:06,2025-12-25 17:09:06,2025-12-25 14:32:26.280931,2025-12-25 14:55:35.529413,2025-12-25 15:08:48.754276,,동대문구,2동,광진구,1동,기타,1500,3.8,기타 차량,지체장애 2급
2025-11-17 09:32:38,2025-11-17 11:21:38,2025-11-17 09:40:29.741285,2025-11-17 09:57:02.372899,2025-11-17 11:07:00.393125,,노원구,2동,도봉구,3동,관공서 방문,3467,18.1,휠체어 탑승형 중형,뇌병변장애 2급
2025-08-25 08:09:04,2025-08-25 08:22:04,2025-08-25 08:10:59.471389,2025-08-25 08:27:59.340552,2025-08-25 08:58:58.889116,,서대문구,1동,용산구,1동,재활 치료,2816,9.7,휠체어 탑승형 중형,신장장애
2025-05-12 15:43:39,2025-05-12 17:28:39,2025-05-12 15:50:09.212435,2025-05-12 16:10:00.148655,2025-05-12 16:33:36.333879,,서대문구,2동,영등포구,3동,학교 등하교,2704,9.3,일반 세단형,신장장애
2025-03-21 07:52:21,2025-03-21 09:39:21,,,,2025-03-21 07:56:21,노원구,1동,강북구,3동,병원 진료,1500,4.7,휠체어 탑승형 중형,지체장애 1급
2025-11-28 14:53:54,2025-11-28 15:23:54,2025-11-28 15:15:18.401332,2025-11-28 15:19:00.651535,2025-11-28 15:39:38.804494,,강서구,1동,금천구,2동,주간보호센터,2312,7.9,일반 세단형,시각장애 1급
2025-07-06 13:50:56,2025-07-06 16:08:56,2025-07-06 14:56:28.540515,2025-07-06 14:59:34.950649,2025-07-06 15:08:11.517902,,성북구,2동,관악구,1동,출퇴근,1500,2.6,휠체어 탑승형 대형,지체장애 1급
2025-02-05 17:42:01,2025-02-05 19:28:01,2025-02-05 17:52:12.076564,2025-02-05 17:53:12.076564,2025-02-05 18:21:35.307421,,서대문구,3동,양천구,1동,주간보호센터,2907,10.1,휠체어 탑승형 대형,시각장애 1급
2025-06-16 16:08:52,2025-06-16 18:03:52,2025-06-16 17:16:21.077875,2025-06-16 17:19:15.330757,2025-06-16 17:41:29.043393,,은평구,2동,금천구,2동,여가 활동,1836,6.2,일반 세단형,신장장애
2025-02-24 15:19:25,2025-02-24 17:28:25,2025-02-24 15:29:19.531597,2025-02-24 15:43:13.130268,2025-02-24 16:06:56.536337,,금천구,1동,금천구,2동,학교 등하교,2172,7.4,기타 차량,뇌병변장애 2급
2025-09-05 09:01:57,2025-09-05 11:05:57,2025-09-05 09:04:00.315657,2025-09-05 09:13:36.706655,2025-09-05 09:39:13.080156,,성동구,2동,영등포구,3동,복지관 이용,2760,9.5,휠체어 탑승형 대형,신장장애
2025-03-04 13:04:27,2025-03-04 13:35:27,,,,2025-03-04 13:21:27,송파구,2동,관악구,1동,관공서 방문,3684,21.2,기타 차량,지체장애 2급
2025-11-18 19:32:02,2025-11-18 21:32:02,2025-11-18 19:39:19.763227,2025-11-18 19:43:20.043245,2025-11-18 20:26:34.730464,,서대문구,3동,종로구,3동,학교 등하교,3068,12.4,일반 세단형,뇌병변장애 2급
2025-06-19 18:08:20,2025-06-19 18:20:20,2025-06-19 18:23:18.517542,2025-06-19 18:24:18.517542,2025-06-19 19:01:02.014761,,서대문구,3동,광진구,3동,복지관 이용,2935,10.5,휠체어 탑승형 대형,시각장애 1급
2025-03-19 16:16:36,2025-03-19 16:32:36,2025-03-19 16:37:49.925767,2025-03-19 16:38:49.925767,2025-03-19 17:13:21.649850,,용산구,2동,도봉구,3동,경조사,2935,10.5,일반 세단형,뇌병변장애 2급
2025-07-01 09:59:07,2025-07-01 12:35:07,2025-07-01 10:31:30.294291,2025-07-01 10:33:06.331990,2025-07-01 10:45:10.244284,,강동구,1동,동작구,2동,직업훈련,1500,4.7,기타 차량,국가유공자(상이)
2025-05-18 13:00:44,2025-05-18 13:55:44,2025-05-18 14:39:00.842133,2025-05-18 14:43:19.848981,2025-05-18 15:13:26.124403,,노원구,3동,강북구,2동,직업훈련,2704,9.3,휠체어 탑승형 대형,시각장애 1급
2025-01-27 01:13:02,2025-01-27 03:05:02,2025-01-27 02:11:43.776065,,,2025-01-27 02:29:43.776065,강동구,3동,마포구,3동,기타,2816,9.7,기타 차량,뇌병변장애 2급
2025-09-09 08:28:10,2025-09-09 11:26:10,2025-09-09 08:32:08.661660,2025-09-09 08:33:08.661660,2025-09-09 08:49:36.842984,,성북구,1동,양천구,3동,복지관 이용,1500,4.2,휠체어 탑승형 대형,신장장애
2025-11-16 01:15:54,2025-11-16 03:12:54,2025-11-16 01:30:05.233221,2025-11-16 01:33:15.456731,2025-11-16 02:35:39.733666,,마포구,1동,도봉구,3동,출퇴근,3320,16.0,기타 차량,시각장애 1급
0000-00-00,2025-12-29 04:11:13,2025-12-29 04:03:46.622533,2025-12-29 04:09:17.828685,2025-12-29 04:37:00.608245,,중랑구,2동,강동구,3동,복지관 이용,2536,8.7,휠체어 탑승형 중형,뇌병변장애 2급
2025-02-09 08:54:52,2025-02-09 09:28:52,2025-02-09 09:08:36.902722,2025-02-09 09:26:12.777559,2025-02-09 09:59:34.921240,,구로구,3동,중구,2동,재활 치료,2760,9.5,일반 세단형,뇌병변장애 1급
2025-12-23 10:28:59,2025-12-23 12:03:59,2025-12-23 10:36:49.926864,2025-12-23 10:37:49.926864,2025-12-23 10:52:16.955253,,서대문구,1동,동작구,3동,직업훈련,1500,3.8,휠체어 탑승형 중형,뇌병변장애 1급
2025-05-02 21:48:04,2025-05-02 23:36:04,2025-05-02 22:12:54.739490,2025-05-02 22:19:40.706703,2025-05-02 22:38:50.462976,,성북구,2동,중구,3동,관공서 방문,2172,7.4,기타 차량,시각장애 1급
2025-05-02 07:54:42,2025-05-02 08:23:42,2025-05-02 07:45:42,2025-05-02 08:39:36.569021,2025-05-02 09:57:02.152771,,동작구,1동,강동구,3동,기타,3838,23.4,휠체어 탑승형 중형,국가유공자(상이)
2025-09-03 09:17:37,2025-09-03 11:01:37,2025-09-03 09:32:10.645574,2025-09-03 09:34:17.740275,2025-09-03 10:13:52.273405,,강동구,1동,강북구,3동,관공서 방문,2928,10.4,휠체어 탑승형 대형,지체장애 1급
2025-08-20 10:52:26,2025-08-20 12:12:26,2025-08-20 11:03:02.861340,2025-08-20 11:14:38.104303,2025-08-20 11:25:55.677520,,양천구,3동,강동구,2동,복지관 이용,1500,3.9,휠체어 탑승형 중형,뇌병변장애 2급
2025-12-23 18:41:03,2025-12-23 18:52:03,2025-12-23 18:47:18.091275,2025-12-23 18:50:42.280186,2025-12-23 19:06:35.090172,,성북구,1동,강북구,1동,기타,1836,6.2,휠체어 탑승형 대형,국가유공자(상이)
2025-03-25 10:49:31,2025-03-25 13:17:31,2025-03-25 11:25:18.203071,2025-03-25 11:43:02.365121,2025-03-25 11:55:52.602037,,구로구,1동,관악구,3동,학교 등하교,1528,5.1,휠체어 탑승형 대형,시각장애 1급
2025-01-14 08:47:10,2025-01-14 10:50:10,2025-01-14 09:47:02.884472,2025-01-14 10:00:32.677190,2025-01-14 10:05:44.327990,,성동구,2동,구로구,1동,학교 등하교,1500,1.9,휠체어 탑승형 중형,신장장애
2025-07-25 11:34:27,2025-07-25 11:49:27,2025-07-25 12:31:02.431133,2025-07-25 12:32:37.259473,2025-07-25 13:09:24.564559,,강남구,1동,동대문구,3동,병원 진료,3019,11.7,휠체어 탑승형 대형,뇌병변장애 2급
2025-12-06 09:51:50,2025-12-06 12:50:50,2025-12-06 09:52:50,2025-12-06 10:07:21.573739,2025-12-06 10:26:16.212289,,강남구,2동,도봉구,2동,기타,1948,6.6,휠체어 탑승형 중형,뇌병변장애 1급
2025-12-21 08:07:20,2025-12-21 08:50:20,2025-12-21 09:04:53.130316,2025-12-21 09:13:21.698429,2025-12-21 09:23:59.652889,,용산구,3동,성북구,2동,복지관 이용,1500,4.2,기타 차량,뇌병변장애 1급
2025-09-18 14:08:44,2025-09-18 17:05:44,2025-09-18 14:18:30.159459,2025-09-18 14:38:08.276355,2025-09-18 15:04:25.495824,,마포구,2동,강서구,2동,직업훈련,2676,9.2,기타 차량,신장장애
2025-05-31 06:03:24,2025-05-31 06:56:24,2025-05-31 06:16:34.797048,2025-05-31 06:17:34.797048,2025-05-31 06:39:51.496763,,성북구,2동,성북구,1동,출퇴근,1920,6.5,기타 차량,시각장애 1급
2025-09-24 14:07:47,2025-09-24 14:20:47,2025-09-24 14:23:34.086715,2025-09-24 14:24:34.086715,2025-09-24 14:56:21.052039,,서울 서초구,1동,성북구,2동,주간보호센터,2942,10.6,휠체어 탑승형 대형,뇌병변장애 2급
2025-03-24 16:38:54,2025-03-24 17:33:54,2025-03-24 16:52:04.958784,,,2025-03-24 17:12:04.958784,서대문구,2동,서초구,1동,기타,3376,16.8,휠체어 탑승형 중형,뇌병변장애 1급
2025-10-21 17:50:18,2025-10-21 18:25:18,2025-10-21 17:57:21.973443,2025-10-21 18:07:53.939641,2025-10-21 19:20:32.680444,,강서구,3동,용산구,3동,직업훈련,3670,21.0,휠체어 탑승형 중형,시각장애 1급
2025-02-13 19:39:55,2025-02-13 20:00:55,2025-02-13 19:42:09.307595,,,2025-02-13 19:47:09.307595,도봉구,2동,강동구,1동,직업훈련,1500,4.3,휠체어 탑승형 중형,지체장애 2급
2025-07-03 05:28:23,2025-07-03 06:49:23,2025-07-03 06:14:14.948542,2025-07-03 06:45:24.979359,2025-07-03 07:07:04.793660,,서대문구,2동,동대문구,3동,직업훈련,2200,7.5,기타 차량,국가유공자(상이)
2025-07-14 14:48:31,2025-07-14 16:53:31,2025-07-14 15:43:07.321669,2025-07-14 15:52:50.217043,2025-07-14 16:13:54.998244,,영등포구,3동,중랑구,3동,기타,2312,7.9,일반 세단형,뇌병변장애 2급
2025-01-14 15:55:28,2025-01-14 18:29:28,2025-01-14 16:27:49.427666,2025-01-14 16:34:34.936803,2025-01-14 17:26:12.088052,,서초구,2동,동작구,1동,기타,3348,16.4,휠체어 탑승형 중형,시각장애 1급
2025-08-06 19:23:52,2025-08-06 21:46:52,2025-08-06 19:28:52.120874,2025-08-06 19:30:28.449912,2025-08-06 19:56:55.914508,,중랑구,1동,동대문구,3동,경조사,2592,8.9,일반 세단형,국가유공자(상이)
0000-00-00,2025-01-25 22:22:36,2025-01-25 19:33:23.464534,2025-01-25 19:37:49.265919,2025-01-25 19:54:33.700036,,중구,2동,광진구,1동,경조사,1500,4.5,기타 차량,뇌병변장애 2급
2025-09-08 00:15:31,2025-09-08 01:35:31,2025-09-08 00:21:11.517161,2025-09-08 00:28:17.103375,2025-09-08 00:45:35.569175,,양천구,3동,양천구,3동,기타,1864,6.3,일반 세단형,국가유공자(상이)
2025-02-27 17:46:58,2025-02-27 18:02:58,2025-02-27 18:14:51.439638,2025-02-27 18:16:15.866812,2025-02-27 18:29:20.188272,,서초구,2동,성동구,2동,복지관 이용,1528,5.1,휠체어 탑승형 대형,뇌병변장애 1급
2025-05-01 11:51:16,2025-05-01 12:26:16,2025-05-01 12:20:52.179566,2025-05-01 12:23:59.170417,2025-05-01 12:30:18.804508,,강서구,1동,중랑구,3동,재활 치료,1500,2.4,휠체어 탑승형 대형,신장장애
2025-08-23 11:59:10,2025-08-23 14:28:10,2025-08-23 12:13:29.060927,2025-08-23 12:18:01.629138,2025-08-23 13:19:50.298874,,성동구,3동,광진구,1동,경조사,3614,20.2,일반 세단형,시각장애 1급
2025-12-05 17:02:51,2025-12-05 19:25:51,2025-12-05 17:22:56.620105,2025-12-05 17:31:25.626438,2025-12-05 18:30:21.773333,,금천구,1동,동작구,2동,경조사,3810,23.0,휠체어 탑승형 중형,뇌병변장애 1급
2025-09-10 10:35:42,2025-09-10 11:13:42,2025-09-10 10:57:03.830338,2025-09-10 10:59:03.394376,2025-09-10 11:12:19.195050,,성북구,3동,중랑구,3동,관공서 방문,1500,3.7,휠체어 탑승형 중형,국가유공자(상이)
2025-03-06 17:32:01,2025-03-06 18:14:01,2025-03-06 17:34:09.764199,,,2025-03-06 17:39:09.764199,도봉구,2동,금천구,1동,직업훈련,2396,8.2,기타 차량,뇌병변장애 2급
2025-09-14 12:27:13,2025-09-14 13:35:13,,,,2025-09-14 12:38:13,중랑구,2동,종로구,2동,여가 활동,3327,16.1,휠체어 탑승형 중형,시각장애 1급
2025-10-25 10:59:02,2025-10-25 13:04:02,,,,2025-10-25 11:12:02,도봉구,3동,중랑구,2동,복지관 이용,2508,8.6,일반 세단형,지체장애 1급
2025-06-26 16:23:59,2025-06-26 18:22:59,2025-06-26 16:30:11.108770,2025-06-26 16:32:47.483931,2025-06-26 16:53:06.711014,,강동구,2동,도봉구,1동,출퇴근,1584,5.3,휠체어 탑승형 대형,국가유공자(상이)
2025-12-15 08:20:08,2025-12-15 09:21:08,2025-12-15 08:31:47.840792,2025-12-15 08:40:57.675572,2025-12-15 09:27:42.030619,,금천구,3동,종로구,3동,학교 등하교,3208,14.4,일반 세단형,뇌병변장애 2급
2025-06-14 17:36:39,2025-06-14 18:40:39,2025-06-14 18:15:19.216797,2025-06-14 18:22:18.280456,2025-06-14 19:53:37.883715,,성동구,1동,노원구,3동,기타,3859,23.7,휠체어 탑승형 대형,국가유공자(상이)
2025-08-12 11:25:45,2025-08-12 14:13:45,2025-08-12 11:39:15.888558,2025-08-12 11:41:51.441521,2025-08-12 12:04:03.185505,,용산구,2동,강서구,1동,직업훈련,2368,8.1,휠체어 탑승형 중형,국가유공자(상이)
2025-08-30 16:05:28,2025-08-30 16:58:28,,,,2025-08-30 16:33:28,서초구,3동,구로구,3동,학교 등하교,3215,14.5,휠체어 탑승형 중형,뇌병변장애 2급
2025-09-29 12:42:20,2025-09-29 13:59:20,2025-09-29 13:15:47.613679,2025-09-29 13:18:17.020614,2025-09-29 13:30:20.718280,,서대문구,2동,관악구,2동,직업훈련,1500,4.6,일반 세단형,지체장애 2급
2025-06-30 14:49:37,2025-06-30 17:36:37,2025-06-30 15:33:36.801384,2025-06-30 15:34:36.801384,2025-06-30 16:12:48.476672,,서대문구,2동,동대문구,2동,직업훈련,3313,15.9,휠체어 탑승형 대형,뇌병변장애 1급
2025-01-19 11:24:36,2025-01-19 13:31:36,2025-01-19 11:43:48.866056,2025-01-19 11:44:48.866056,2025-01-19 12:14:05.428413,,송파구,1동,관악구,2동,여가 활동,2648,9.1,기타 차량,지체장애 2급
2025-09-25 15:37:57,2025-09-25 16:27:57,2025-09-25 15:47:15.125564,2025-09-25 15:54:13.204948,2025-09-25 16:39:37.939001,,광진구,3동,은평구,1동,여가 활동,3082,12.6,휠체어 탑승형 중형,국가유공자(상이)
2025-01-19 16:41:06,2025-01-19 18:15:06,2025-01-19 17:00:42.246765,2025-01-19 17:26:21.731063,2025-01-19 17:46:34.328963,,서초구,2동,중랑구,2동,관공서 방문,1864,6.3,기타 차량,신장장애
2025-03-19 17:18:20,2025-03-19 17:37:20,2025-03-19 17:19:20,2025-03-19 17:52:34.505236,2025-03-19 18:40:12.902159,,도봉구,1동,중랑구,1동,경조사,3131,13.3,휠체어 탑승형 중형,시각장애 1급
2025-01-10 15:25:21,2025-01-10 17:52:21,2025-01-10 15:42:45.899331,2025-01-10 15:46:04.542087,2025-01-10 15:54:43.002235,,노원구,2동,중랑구,1동,기타,1500,2.2,기타 차량,신장장애
2025-04-17 13:49:50,2025-04-17 16:18:50,2025-04-17 13:50:50,2025-04-17 14:26:09.182285,2025-04-17 15:18:00.909848,,종로구,1동,종로구,3동,주간보호센터,3376,16.8,기타 차량,뇌병변장애 1급
2025-05-13 04:51:53,2025-05-13 05:18:53,2025-05-13 05:03:36.969544,2025-05-13 05:26:40.633614,2025-05-13 06:01:01.594346,,중구,2동,동작구,2동,관공서 방문,3145,13.5,휠체어 탑승형 대형,뇌병변장애 2급
2025-03-04 15:30:42,2025-03-04 17:22:42,2025-03-04 15:53:42.570444,2025-03-04 15:57:58.490478,2025-03-04 16:15:18.282643,,노원구,2동,성동구,1동,기타,2060,7.0,휠체어 탑승형 중형,뇌병변장애 1급
2025-08-19 17:19:10,2025-08-19 18:05:10,2025-08-19 17:20:47.253222,2025-08-19 17:32:45.447511,2025-08-19 17:37:56.173527,,마포구,1동,금천구,1동,복지관 이용,1500,1.6,휠체어 탑승형 대형,신장장애
2025-08-18 14:02:00,2025-08-18 14:41:00,2025-08-18 14:03:14.697938,2025-08-18 14:05:18.607153,2025-08-18 14:37:26.715772,,노원구,1동,중구,3동,학교 등하교,3096,12.8,기타 차량,시각장애 1급
2025-04-03 17:14:07,2025-04-03 17:56:07,2025-04-03 17:26:32.284774,2025-04-03 17:35:13.580667,2025-04-03 17:47:50.451675,,동대문구,2동,마포구,3동,경조사,1500,4.6,일반 세단형,뇌병변장애 1급
2025-05-23 17:29:55,2025-05-23 18:13:55,2025-05-23 17:36:28.439064,2025-05-23 17:52:05.000786,2025-05-23 19:05:50.775582,,성북구,1동,광진구,1동,기타,3831,23.3,일반 세단형,지체장애 2급
2025-07-04 22:12:34,2025-07-05 00:45:34,2025-07-04 22:19:43.573000,2025-07-04 22:22:30.833265,2025-07-04 22:32:02.043987,,중구,2동,관악구,3동,여가 활동,1500,3.8,일반 세단형,국가유공자(상이)
2025-05-01 09:19:07,2025-05-01 09:49:07,2025-05-01 09:28:22.141716,2025-05-01 09:29:22.141716,2025-05-01 10:31:34.097918,,송파구,1동,강남구,3동,여가 활동,3306,15.8,휠체어 탑승형 중형,지체장애 2급
2025-09-30 15:00:11,2025-09-30 15:53:11,2025-09-30 15:26:24.596837,2025-09-30 15:36:27.078940,2025-09-30 15:54:51.968218,,용산구,1동,도봉구,1동,재활 치료,1500,4.8,기타 차량,시각장애 1급
2025-02-03 09:25:05,2025-02-03 09:48:05,2025-02-03 09:33:56.009900,2025-02-03 09:36:00.963191,2025-02-03 10:25:46.582500,,구로구,1동,동대문구,1동,직업훈련,3257,15.1,일반 세단형,지체장애 2급
2025-04-14 01:13:18,2025-04-14 01:35:18,2025-04-14 01:38:13.699042,2025-04-14 01:39:13.699042,2025-04-14 02:38:28.819781,,종로구,3동,동대문구,1동,여가 활동,3915,24.5,휠체어 탑승형 대형,신장장애
2025-09-25 07:34:38,2025-09-25 08:45:38,2025-09-25 07:35:52.796570,2025-09-25 07:38:25.774783,2025-09-25 08:15:53.513775,,동대문구,2동,서초구,3동,병원 진료,2970,11.0,기타 차량,지체장애 2급
2025-10-19 13:31:33,2025-10-19 16:09:33,2025-10-19 13:42:42.934210,2025-10-19 13:43:42.934210,2025-10-19 13:59:34.534268,,서초구,3동,성북구,3동,관공서 방문,1892,6.4,기타 차량,뇌병변장애 1급
2025-10-20 12:15:44,2025-10-20 13:37:44,2025-10-20 12:33:05.158576,2025-10-20 12:35:41.552824,2025-10-20 13:58:35.859792,,영등포구,2동,마포구,2동,여가 활동,4167,28.1,일반 세단형,국가유공자(상이)
2025-12-10 15:45:14,2025-12-10 16:28:14,2025-12-10 15:53:00.695931,2025-12-10 15:56:20.702115,2025-12-10 16:20:32.068165,,구로구,2동,용산구,1동,복지관 이용,2200,7.5,일반 세단형,뇌병변장애 2급
2025-11-03 04:12:52,2025-11-03 06:16:52,2025-11-03 04:28:11.828680,2025-11-03 04:43:11.744861,2025-11-03 05:16:38.586351,,성동구,1동,구로구,1동,재활 치료,3152,13.6,일반 세단형,국가유공자(상이)
2025-10-19 12:42:38,2025-10-19 15:29:38,2025-10-19 12:57:44.355188,2025-10-19 12:58:44.355188,2025-10-19 14:11:39.318239,,용산구,3동,구로구,2동,경조사,3999,25.7,휠체어 탑승형 대형,뇌병변장애 1급
2025-07-26 09:17:39,2025-07-26 12:11:39,2025-07-26 09:25:42.536256,2025-07-26 09:26:42.536256,2025-07-26 09:44:45.079412,,강북구,1동,강북구,3동,기타,1724,5.8,기타 차량,뇌병변장애 2급
2025-01-24 11:01:55,2025-01-24 12:00:55,2025-01-24 11:09:05.929100,2025-01-24 11:10:05.929100,2025-01-24 11:20:22.115209,,강북구,2동,중랑구,3동,주간보호센터,1500,3.9,휠체어 탑승형 대형,뇌병변장애 2급
2025-12-17 00:11:26,2025-12-17 03:07:26,2025-12-17 00:17:15.370411,2025-12-17 00:19:17.520173,2025-12-17 00:44:36.172723,,송파구,3동,종로구,2동,출퇴근,2508,8.6,휠체어 탑승형 대형,국가유공자(상이)
2025-04-29 14:12:45,2025-04-29 14:55:45,2025-04-29 15:02:27.630820,2025-04-29 15:05:14.625524,2025-04-29 15:11:55.614132,,금천구,2동,,1동,복지관 이용,1500,2.1,기타 차량,지체장애 2급
2025-04-11 07:10:20,2025-04-11 09:03:20,2025-04-11 07:17:50.690538,,,2025-04-11 07:19:50.690538,금천구,2동,은평구,2동,기타,3026,11.8,일반 세단형,국가유공자(상이)
2025-08-09 09:01:56,2025-08-09 10:59:56,2025-08-09 09:04:20.785892,2025-08-09 09:05:27.723525,2025-08-09 09:16:24.583253,,관악구,1동,강북구,1동,학교 등하교,1500,3.0,기타 차량,뇌병변장애 2급
2025-04-06 12:16:20,2025-04-06 12:29:20,2025-04-06 12:50:20.553999,2025-04-06 13:02:36.817417,2025-04-06 13:18:08.921806,,관악구,2동,용산구,2동,관공서 방문,1500,4.5,휠체어 탑승형 중형,시각장애 1급
2025-07-09 14:36:00,2025-07-09 17:05:00,2025-07-09 15:00:37.982926,2025-07-09 15:13:16.619464,2025-07-09 15:58:08.406280,,용산구,2동,양천구,1동,여가 활동,3215,14.5,휠체어 탑승형 대형,지체장애 1급
2025-04-15 17:13:14,2025-04-15 18:11:14,,,,2025-04-15 17:28:14,동작구,2동,중랑구,1동,병원 진료,1500,4.8,휠체어 탑승형 대형,뇌병변장애 1급
2025-04-20 13:43:09,2025-04-20 15:15:09,,,,2025-04-20 13:45:09,강남구,2동,은평구,2동,직업훈련,2228,7.6,일반 세단형,뇌병변장애 1급
2025-02-19 16:52:38,2025-02-19 18:31:38,2025-02-19 16:57:24.349896,2025-02-19 17:05:25.667573,2025-02-19 17:50:18.957352,,강동구,2동,강남구,2동,병원 진료,3215,14.5,일반 세단형,뇌병변장애 1급
2025-04-20 07:37:58,2025-04-20 08:08:58,2025-04-20 08:02:19.237281,2025-04-20 08:06:20.232180,2025-04-20 08:23:37.371809,,영등포구,2동,강서구,3동,학교 등하교,1724,5.8,휠체어 탑승형 대형,국가유공자(상이)
2025-11-02 08:15:33,2025-11-02 10:59:33,2025-11-02 08:24:14.772026,2025-11-02 08:31:06.554497,2025-11-02 08:57:44.400231,,세종시,2동,동대문구,1동,직업훈련,2088,7.1,기타 차량,뇌병변장애 2급
2025-12-23 13:22:54,2025-12-23 13:57:54,2025-12-23 13:32:30.051277,2025-12-23 13:37:13.548025,2025-12-23 14:02:16.299591,,서대문구,2동,용산구,3동,직업훈련,2536,8.7,일반 세단형,뇌병변장애 1급
2025-10-06 14:16:55,2025-10-06 15:32:55,2025-10-06 14:20:39.758065,2025-10-06 14:21:39.758065,2025-10-06 14:50:39.032149,,강북구,2동,중구,2동,직업훈련,2256,7.7,기타 차량,뇌병변장애 2급
2025-09-25 17:15:01,2025-09-25 19:01:01,2025-09-25 17:25:45.363447,2025-09-25 17:32:08.188589,2025-09-25 18:24:51.947955,,중랑구,1동,강동구,3동,직업훈련,3460,18.0,휠체어 탑승형 대형,국가유공자(상이)
2025-11-21 13:40:37,2025-11-21 15:07:37,2025-11-21 13:55:25.055759,2025-11-21 13:59:02.956095,2025-11-21 14:21:26.954446,,도봉구,1동,성북구,2동,재활 치료,1836,6.2,기타 차량,뇌병변장애 1급
2025-11-28 17:52:40,2025-11-28 18:46:40,2025-11-28 17:53:40,2025-11-28 18:05:01.982021,2025-11-28 18:34:20.469270,,구로구,3동,동작구,1동,재활 치료,3040,12.0,기타 차량,국가유공자(상이)
2025-12-29 07:57:31,2025-12-29 10:16:31,2025-12-29 08:21:02.702600,2025-12-29 08:32:58.080822,2025-12-29 09:10:58.193834,,은평구,2동,노원구,3동,경조사,3187,14.1,기타 차량,시각장애 1급
2025-10-24 23:14:36,2025-10-25 00:55:36,2025-10-24 23:21:52.811046,2025-10-24 23:38:24.920073,2025-10-25 00:51:26.526678,,마포구,3동,광진구,2동,경조사,3502,18.6,일반 세단형,국가유공자(상이)
2025-04-02 07:47:32,2025-04-02 08:20:32,2025-04-02 08:02:14.614333,2025-04-02 08:04:27.326222,2025-04-02 08:16:39.630337,,강서구,2동,양천구,2동,여가 활동,1500,3.3,일반 세단형,뇌병변장애 2급
2025-11-15 14:09:54,2025-11-15 16:17:54,2025-11-15 14:12:39.218117,2025-11-15 14:24:22.846473,2025-11-15 15:24:24.914329,,강서구,2동,광진구,3동,재활 치료,3495,18.5,휠체어 탑승형 중형,뇌병변장애 2급
2025-09-29 08:42:49,2025-09-29 11:27:49,2025-09-29 09:32:03.100975,2025-09-29 09:42:41.274631,2025-09-29 10:01:48.080668,,종로구,2동, 강남구 ,1동,기타,1836,6.2,기타 차량,뇌병변장애 2급
2025-10-10 07:55:21,2025-10-10 10:15:21,2025-10-10 08:02:52.382266,2025-10-10 08:08:57.106666,2025-10-10 08:53:42.188822,,광진구,3동,강남,1동,출퇴근,3397,17.1,휠체어 탑승형 대형,시각장애 1급
2025-03-16 18:01:44,2025-03-16 20:55:44,2025-03-16 18:56:32.671501,2025-03-16 19:01:08.621511,2025-03-16 19:43:33.702222,,은평구,2동,노원구,2동,관공서 방문,3264,15.2,휠체어 탑승형 대형,뇌병변장애 2급
2025-07-29 04:30:20,2025-07-29 07:12:20,2025-07-29 04:32:39.039402,2025-07-29 04:33:39.039402,2025-07-29 05:13:39.453195,,성동구,3동,광진구,1동,출퇴근,3257,15.1,휠체어 탑승형 대형,뇌병변장애 1급
2025-04-10 12:29:56,2025-04-10 14:59:56,,,,2025-04-10 12:36:56,강남구,2동,서초구,3동,복지관 이용,3411,17.3,휠체어 탑승형 중형,신장장애
2025-12-19 12:54:05,2025-12-19 15:53:05,2025-12-19 13:08:50.356940,2025-12-19 13:13:02.147292,2025-12-19 13:58:45.683825,,광진구,3동,강북구,2동,복지관 이용,3166,13.8,기타 차량,지체장애 2급
2025-06-21 09:36:26,2025-06-21 11:36:26,2025-06-21 09:39:05.916410,2025-06-21 09:53:22.554507,2025-06-21 10:08:27.798160,,금천구,1동,성동구,3동,복지관 이용,1500,4.2,휠체어 탑승형 중형,국가유공자(상이)
2025-02-01 06:28:00,2025-02-01 07:11:00,2025-02-01 06:29:01.463482,2025-02-01 06:39:51.898448,2025-02-01 07:09:17.811442,,용산구,3동,광진구,2동,복지관 이용,2788,9.6,휠체어 탑승형 대형,국가유공자(상이)
2025-07-26 16:43:24,2025-07-26 18:21:24,2025-07-26 17:07:00.309240,,,2025-07-26 17:24:00.309240,노원구,2동,은평구,2동,재활 치료,3411,17.3,기타 차량,시각장애 1급
2025-10-14 18:06:18,2025-10-14 20:41:18,2025-10-14 18:08:30.147015,2025-10-14 18:11:19.203098,2025-10-14 18:21:09.146923,,성동구,2동,동작구,1동,학교 등하교,1500,3.5,기타 차량,시각장애 1급
2025-08-31 13:59:21,2025-08-31 14:13:21,2025-08-31 14:03:15.869265,2025-08-31 14:21:44.808195,2025-08-31 14:50:26.142187,,강남구,3동,관악구,2동,학교 등하교,2900,10.0,기타 차량,지체장애 2급
2025-08-30 06:30:21,2025-08-30 07:41:21,2025-08-30 07:21:06.776623,2025-08-30 07:27:04.509810,2025-08-30 08:05:58.906563,,용산구,3동,강서구,2동,복지관 이용,3096,12.8,일반 세단형,지체장애 2급
2025-08-11 19:55:52,2025-08-11 20:41:52,2025-08-11 19:58:37.524329,2025-08-11 20:00:30.454151,2025-08-11 20:34:07.457785,,마포구,1동,강북구,1동,관공서 방문,3040,12.0,일반 세단형,신장장애
2025-07-16 23:30:28,2025-07-17 00:26:28,2025-07-17 01:26:29.124903,2025-07-17 01:29:53.177879,2025-07-17 02:20:56.464993,,송파구,1동,노원구,2동,재활 치료,3229,14.7,휠체어 탑승형 대형,뇌병변장애 2급
2025-10-14 02:31:07,2025-10-14 03:00:07,,,,2025-10-14 02:41:07,관악구,1동,광진구,3동,경조사,3838,23.4,기타 차량,시각장애 1급
2025-10-13 16:58:56,2025-10-13 19:58:56,,,,2025-10-13 17:11:56,성동구,2동,중구,2동,병원 진료,2368,8.1,휠체어 탑승형 중형,지체장애 1급
2025-06-14 13:04:43,2025-06-14 15:07:43,,,,2025-06-14 13:08:43,서초구,1동,도봉구,3동,경조사,1668,5.6,기타 차량,시각장애 1급
2025-09-09 10:38:23,2025-09-09 13:24:23,2025-09-09 10:49:15.381174,2025-09-09 10:50:18.698611,2025-09-09 11:18:19.004833,,동대문구,3동,종로구,1동,학교 등하교,3012,11.6,휠체어 탑승형 중형,뇌병변장애 2급
2025-12-10 19:47:16,2025-12-10 21:12:16,2025-12-10 20:08:07.609748,2025-12-10 20:23:39.423825,2025-12-10 20:43:19.562995,,마포구,1동,마포구,1동,병원 진료,1836,6.2,휠체어 탑승형 대형,뇌병변장애 1급
2025-05-25 08:38:10,2025-05-25 10:00:10,2025-05-25 08:47:31.403916,2025-05-25 08:53:50.512210,2025-05-25 09:18:56.725627,,송파구,1동,도봉구,1동,기타,2914,10.2,기타 차량,신장장애
2025-12-23 22:38:48,2025-12-24 01:19:48,2025-12-23 22:16:48,2025-12-23 23:35:05.240559,2025-12-24 00:02:37.748942,,구로구,2동,종로구,3동,주간보호센터,2844,9.8,기타 차량,지체장애 2급
2025-10-28 17:29:57,2025-10-28 17:58:57,2025-10-28 18:02:40.947742,2025-10-28 18:07:32.546800,2025-10-28 18:52:14.311375,,금천구,3동,노원구,3동,직업훈련,3474,18.2,휠체어 탑승형 중형,뇌병변장애 1급
2025-03-25 09:03:19,2025-03-25 10:39:19,2025-03-25 09:09:46.667554,2025-03-25 09:16:18.083003,2025-03-25 09:32:33.679400,,양천구,3동,금천구,2동,재활 치료,1668,5.6,휠체어 탑승형 대형,시각장애 1급
2025-06-08 20:17:02,2025-06-08 22:01:02,2025-06-08 20:24:20.742021,2025-06-08 20:32:00.662820,2025-06-08 20:47:45.032760,,종로구,2동,서초구,1동,직업훈련,1920,6.5,휠체어 탑승형 대형,신장장애
2025-04-07 16:59:39,2025-04-07 19:32:39,2025-04-07 17:01:28.005052,2025-04-07 17:02:35.595079,2025-04-07 17:35:02.639696,,서대문구,1동,서초구,2동,관공서 방문,2914,10.2,휠체어 탑승형 대형,지체장애 2급
2025-10-28 12:04:44,2025-10-28 13:16:44,2025-10-28 12:08:30.212085,2025-10-28 12:10:08.662338,2025-10-28 12:32:37.094777,,서대문구,2동,노원구,2동,출퇴근,2172,7.4,기타 차량,신장장애
2025-07-28 07:49:38,2025-07-28 09:40:38,2025-07-28 08:34:44.665907,2025-07-28 08:43:30.531517,2025-07-28 09:03:43.932567,,용산구,1동,종로구,2동,관공서 방문,2200,7.5,휠체어 탑승형 대형,뇌병변장애 1급
2025-03-25 08:09:17,2025-03-25 11:04:17,2025-03-25 08:10:38.723080,,,2025-03-25 08:25:38.723080,중랑구,1동,용산구,1동,병원 진료,1780,6.0,휠체어 탑승형 대형,시각장애 1급
2025-03-03 19:22:16,2025-03-03 20:51:16,2025-03-03 19:24:21.230501,2025-03-03 19:37:57.665802,2025-03-03 19:42:21.048852,,도봉구,2동,강동구,2동,관공서 방문,1500,1.5,기타 차량,지체장애 2급
2025-05-18 11:09:25,2025-05-18 11:31:25,2025-05-18 11:28:56.002520,2025-05-18 11:32:45.306452,2025-05-18 12:43:43.367898,,성북구,2동,동대문구,1동,학교 등하교,4048,26.4,일반 세단형,지체장애 1급
2025-08-08 10:17:43,2025-08-08 12:01:43,2025-08-08 10:55:59.610841,2025-08-08 11:09:31.699641,2025-08-08 11:35:14.224824,,마포구,2동,서대문구,3동,여가 활동,2480,8.5,기타 차량,지체장애 2급
2025-01-04 19:30:53,2025-01-04 21:50:53,,,,2025-01-04 19:41:53,양천구,1동,중랑구,3동,재활 치료,3460,18.0,휠체어 탑승형 대형,지체장애 2급
2025-03-14 09:12:12,2025-03-14 11:22:12,2025-03-14 09:13:55.827747,2025-03-14 09:15:31.608518,2025-03-14 09:20:12.043176,,도봉구,3동,송파구,3동,주간보호센터,1500,1.9,일반 세단형,지체장애 2급
2025-12-03 14:12:49,2025-12-03 14:54:49,2025-12-03 14:23:33.271664,2025-12-03 14:40:49.838403,2025-12-03 14:46:56.487870,,관악구,2동,광진구,2동,여가 활동,1500,2.5,휠체어 탑승형 대형,국가유공자(상이)
2025-10-27 13:21:36,2025-10-27 16:18:36,2025-10-27 13:22:44.405698,2025-10-27 13:29:22.356940,2025-10-27 13:35:20.990856,,마포구,1동,노원구,2동,기타,1500,2.1,일반 세단형,국가유공자(상이)
2025-09-23 19:24:37,2025-09-23 20:31:37,2025-09-23 19:38:20.902401,2025-09-23 19:45:39.527408,2025-09-23 20:26:41.884136,,용산구,1동,서대문구,3동,기타,3215,14.5,휠체어 탑승형 대형,시각장애 1급
2025-09-14 22:11:53,2025-09-14 23:59:53,2025-09-14 22:23:57.431336,2025-09-14 22:29:34.332418,2025-09-14 23:13:32.708365,,관악구,1동,관악구,1동,기타,3040,12.0,휠체어 탑승형 중형,뇌병변장애 1급
2025-02-03 08:28:35,2025-02-03 11:11:35,2025-02-03 08:40:26.282711,2025-02-03 08:53:04.683325,2025-02-03 09:08:18.497849,,송파구,1동,강서구,2동,직업훈련,1780,6.0,휠체어 탑승형 대형,시각장애 1급
2025-05-27 08:34:30,2025-05-27 11:07:30,2025-05-27 08:35:30,2025-05-27 08:43:53.020477,2025-05-27 09:38:21.465188,,금천구,3동,도봉구,1동,복지관 이용,3418,17.4,기타 차량,지체장애 1급
2025-06-09 15:18:57,2025-06-09 18:05:57,2025-06-09 15:26:05.402012,2025-06-09 15:35:29.236841,2025-06-09 16:05:44.067529,,도봉구,2동,도봉구,1동,여가 활동,2935,10.5,일반 세단형,시각장애 1급
2025-09-25 10:05:56,2025-09-25 12:46:56,2025-09-25 10:19:01.169914,2025-09-25 10:25:01.934840,2025-09-25 10:39:38.697052,,용산구,3동,구로구,3동,주간보호센터,1500,4.6,휠체어 탑승형 대형,신장장애
2025-12-16 09:25:49,2025-12-16 11:33:49,,,,2025-12-16 09:49:49,노원구,2동,서울 서초구,2동,복지관 이용,3243,14.9,휠체어 탑승형 대형,국가유공자(상이)
2025-03-25 23:07:37,2025-03-26 00:09:37,2025-03-25 23:14:24.118404,2025-03-25 23:28:52.511782,2025-03-25 23:44:10.444799,,중랑구,1동,금천구,2동,경조사,1500,4.1,휠체어 탑승형 중형,국가유공자(상이)
2025-12-18 11:24:19,2025-12-18 14:17:19,2025-12-18 11:38:42.595522,2025-12-18 11:45:06.096324,2025-12-18 12:04:10.746674,,동작구,3동,성동구,3동,병원 진료,1836,6.2,휠체어 탑승형 중형,뇌병변장애 2급
2025-05-14 08:29:28,2025-05-14 09:35:28,2025-05-14 08:42:21.702202,2025-05-14 08:49:05.686772,2025-05-14 08:57:46.786146,,마포구,1동,양천구,2동,관공서 방문,1500,3.0,기타 차량,국가유공자(상이)
2025-08-04 08:28:25,2025-08-04 08:41:25,2025-08-04 08:35:04.214055,2025-08-04 08:47:30.675356,2025-08-04 09:23:34.720563,,노원구,3동,강북구,2동,출퇴근,3173,13.9,휠체어 탑승형 대형,시각장애 1급
2025-02-07 11:16:30,2025-02-07 12:14:30,,,,2025-02-07 11:40:30,중랑구,1동,강북구,3동,여가 활동,1584,5.3,기타 차량,뇌병변장애 1급
2025-12-12 05:37:16,2025-12-12 06:19:16,2025-12-12 05:54:34.392213,2025-12-12 05:55:46.889520,2025-12-12 06:29:02.413958,,송파구,1동,성동구,3동,학교 등하교,3061,12.3,휠체어 탑승형 대형,신장장애
2025-11-28 11:33:08,2025-11-28 13:11:08,2025-11-28 11:36:54.911923,2025-11-28 11:48:29.773234,2025-11-28 12:12:59.666450,,강동구,2동,강서구,1동,병원 진료,2144,7.3,휠체어 탑승형 중형,지체장애 1급
2025-03-09 12:19:28,2025-03-09 14:13:28,2025-03-09 12:31:16.060045,2025-03-09 12:53:26.442835,2025-03-09 13:17:21.465555,,서초구,1동,서초구,1동,여가 활동,2760,9.5,휠체어 탑승형 대형,뇌병변장애 1급
2025-09-30 06:44:54,2025-09-30 08:46:54,2025-09-30 06:49:38.696546,2025-09-30 06:55:47.928850,2025-09-30 07:09:04.996867,,용산구,1동,서대문구,3동,재활 치료,1500,3.5,일반 세단형,시각장애 1급
2025-05-30 08:31:36,2025-05-30 09:35:36,2025-05-30 08:32:36,2025-05-30 08:46:13.403944,2025-05-30 09:33:17.536198,,마포구,2동,노원구,3동,관공서 방문,3103,12.9,휠체어 탑승형 대형,지체장애 2급
2025-03-01 14:23:51,2025-03-01 16:05:51,2025-03-01 14:41:16.250998,2025-03-01 14:42:41.981506,2025-03-01 14:53:10.739726,,동대문구,2동,부산 해운대구,2동,주간보호센터,1500,3.9,기타 차량,뇌병변장애 1급
2025-12-26 13:49:58,2025-12-26 15:19:58,2025-12-26 14:10:25.961474,,,2025-12-26 14:24:25.961474,서대문구,2동,은평구,3동,학교 등하교,2935,10.5,일반 세단형,뇌병변장애 1급
2025-06-02 10:50:22,2025-06-02 13:14:22,2025-06-02 11:13:50.243614,2025-06-02 11:15:02.716943,2025-06-02 11:26:19.334252,,관악구,1동,강북구,3동,재활 치료,1500,3.9,휠체어 탑승형 대형,국가유공자(상이)
2025-04-22 22:23:33,2025-04-22 23:42:33,2025-04-22 22:27:47.231936,2025-04-22 22:35:35.654799,2025-04-22 22:55:01.302329,,관악구,1동,관악구,2동,출퇴근,2088,7.1,휠체어 탑승형 중형,국가유공자(상이)
2025-10-13 12:26:23,2025-10-13 14:11:23,2025-10-13 13:42:14.794748,2025-10-13 13:43:14.794748,2025-10-13 14:12:36.495861,,강서구,3동,금천구,3동,복지관 이용,2228,7.6,일반 세단형,시각장애 1급
2025-06-23 09:10:52,2025-06-23 11:38:52,2025-06-23 10:39:31.693210,2025-06-23 10:40:31.693210,2025-06-23 10:59:00.582406,,강동구,1동,중구,1동,관공서 방문,2088,7.1,일반 세단형,뇌병변장애 1급
2025-03-16 14:50:16,2025-03-16 15:59:16,,,,2025-03-16 15:12:16,중랑구,3동,용산구,3동,복지관 이용,2977,11.1,휠체어 탑승형 대형,국가유공자(상이)
2025-07-25 19:36:19,2025-07-25 20:46:19,2025-07-25 19:44:58.561442,2025-07-25 19:50:08.750883,2025-07-25 20:01:54.461717,,강남구,1동,도봉구,3동,여가 활동,1500,4.5,일반 세단형,뇌병변장애 2급
2025-05-08 17:24:40,2025-05-08 18:07:40,2025-05-08 18:13:03.950075,2025-05-08 18:46:14.457773,2025-05-08 19:25:26.086490,,마포구,1동,마포구,3동,재활 치료,3187,14.1,기타 차량,신장장애
2025-07-12 08:50:13,2025-07-12 11:08:13,2025-07-12 08:53:24.025743,2025-07-12 08:56:44.190061,2025-07-12 09:13:25.076746,,동작구,3동,종로구,2동,병원 진료,1752,5.9,휠체어 탑승형 대형,지체장애 2급
2025-05-16 19:33:24,2025-05-16 20:18:24,2025-05-16 19:53:43.674262,2025-05-16 20:16:36.904147,2025-05-16 20:39:57.058561,,성북구,2동,용산구,2동,기타,2564,8.8,일반 세단형,뇌병변장애 2급
2025-02-16 13:26:38,2025-02-16 14:52:38,2025-02-16 13:33:04.780473,2025-02-16 13:35:44.509588,2025-02-16 14:08:01.834664,,영등포구,2동,금천구,3동,출퇴근,3138,13.4,기타 차량,뇌병변장애 2급
2025-06-13 14:30:26,2025-06-13 16:44:26,2025-06-13 15:00:58.016485,2025-06-13 15:01:58.677819,2025-06-13 15:41:58.591121,,중구,1동,용산구,3동,재활 치료,3222,14.6,기타 차량,국가유공자(상이)
2025-07-15 18:42:11,2025-07-15 19:01:11,2025-07-15 18:46:19.170600,2025-07-15 18:48:05.708520,2025-07-15 19:01:25.499873,,성동구,3동,노원구,1동,경조사,1500,4.6,일반 세단형,지체장애 2급
2025-04-16 03:28:23,2025-04-16 05:26:23,2025-04-16 03:38:28.944000,2025-04-16 03:52:40.761803,2025-04-16 04:07:42.540926,,서대문구,2동,금천구,3동,재활 치료,1696,5.7,휠체어 탑승형 대형,신장장애
2025-07-12 08:10:04,2025-07-12 10:47:04,2025-07-12 08:18:08.345355,2025-07-12 08:33:55.732715,2025-07-12 09:01:47.819530,,성동구,1동,동작구,1동,출퇴근,2284,7.8,휠체어 탑승형 대형,국가유공자(상이)
2025-08-28 16:30:07,2025-08-28 18:30:07,2025-08-28 16:33:34.132647,2025-08-28 16:36:49.483003,2025-08-28 16:59:24.582658,,동대문구,3동,중랑구,3동,관공서 방문,1864,6.3,휠체어 탑승형 대형,뇌병변장애 2급
2025-03-03 18:13:28,2025-03-03 18:55:28,2025-03-03 18:17:49.994650,2025-03-03 18:25:27.419954,2025-03-03 18:44:36.906457,,광진구,2동,노원구,2동,관공서 방문,2256,7.7,기타 차량,신장장애
2025-10-12 08:38:49,2025-10-12 09:10:49,2025-10-12 08:51:49.480821,,,2025-10-12 09:04:49.480821,중랑구,3동,광진구,3동,관공서 방문,1948,6.6,휠체어 탑승형 대형,뇌병변장애 1급
2025-07-09 08:09:51,2025-07-09 10:39:51,2025-07-09 08:22:30.060298,2025-07-09 08:23:31.883906,2025-07-09 08:38:56.602280,,강동구,2동,광진구,3동,학교 등하교,1836,6.2,일반 세단형,지체장애 1급
2025-02-23 07:28:55,2025-02-23 09:28:55,2025-02-23 07:50:23.500586,2025-02-23 08:02:45.181156,2025-02-23 08:22:57.420127,,마포구,2동,강서구,1동,복지관 이용,2424,8.3,기타 차량,시각장애 1급
2025-10-03 08:00:43,2025-10-03 09:20:43,2025-10-03 08:58:11.091986,2025-10-03 08:59:18.367018,2025-10-03 09:35:38.815475,,관악구,1동,중구,1동,병원 진료,3131,13.3,휠체어 탑승형 중형,지체장애 1급
2025-12-29 16:03:16,2025-12-29 16:56:16,2025-12-29 17:11:27.326118,2025-12-29 17:30:16.796013,2025-12-29 17:55:02.790512,,강동구,1동,도봉구,1동,직업훈련,2508,8.6,기타 차량,뇌병변장애 1급
2025-09-13 09:10:11,2025-09-13 10:26:11,2025-09-13 09:26:38.047172,2025-09-13 09:31:45.592175,2025-09-13 10:00:12.904465,,은평구,3동,양천구,3동,병원 진료,2620,9.0,일반 세단형,뇌병변장애 1급
2025-02-04 18:28:20,2025-02-04 18:47:20,2025-02-04 18:35:22.692257,2025-02-04 18:42:21.865197,2025-02-04 19:44:45.441635,,강서구,1동,중구,3동,재활 치료,3292,15.6,기타 차량,뇌병변장애 2급
2025-08-16 12:17:22,2025-08-16 13:42:22,2025-08-16 12:41:03.114926,2025-08-16 12:43:17.453155,2025-08-16 13:05:54.081171,,구로구,3동,강북구,2동,복지관 이용,2116,7.2,휠체어 탑승형 중형,시각장애 1급
2025-06-06 18:54:18,2025-06-06 20:16:18,2025-06-06 19:16:36.654567,2025-06-06 19:28:29.481430,2025-06-06 19:48:32.772382,,강동구,3동,송파구,3동,병원 진료,1724,5.8,일반 세단형,지체장애 1급
2025-11-17 14:43:36,2025-11-17 16:33:36,2025-11-17 14:55:46.531099,2025-11-17 15:10:11.115052,2025-11-17 15:19:36.883360,,양천구,3동,관악구,1동,주간보호센터,1500,3.5,휠체어 탑승형 중형,뇌병변장애 1급
2025-09-15 06:57:42,2025-09-15 09:15:42,2025-09-15 07:12:46.877235,2025-09-15 07:13:52.564647,2025-09-15 07:44:59.696904,,노원구,1동,성동구,2동,직업훈련,2648,9.1,일반 세단형,뇌병변장애 2급
2025-01-29 12:38:55,2025-01-29 15:13:55,2025-01-29 12:39:55,2025-01-29 12:45:42.297195,2025-01-29 12:58:32.453183,,광진구,1동,동작구,2동,주간보호센터,1500,4.1,휠체어 탑승형 대형,지체장애 1급
2025-05-05 02:01:21,2025-05-05 04:44:21,2025-05-05 02:03:22.563884,2025-05-05 02:04:43.342925,2025-05-05 02:11:11.427244,,강남구,1동,관악구,1동,병원 진료,1500,1.8,기타 차량,국가유공자(상이)
2025-01-21 13:30:47,2025-01-21 14:02:47,2025-01-21 13:35:16.888312,2025-01-21 13:46:13.394666,2025-01-21 14:09:26.116524,,세종시,1동,용산구,3동,재활 치료,2144,7.3,기타 차량,뇌병변장애 2급
2025-07-09 17:38:51,2025-07-09 18:37:51,2025-07-09 17:59:35.658876,2025-07-09 18:11:44.658076,2025-07-09 18:35:44.242636,,은평구,2동,구로구,3동,복지관 이용,2452,8.4,기타 차량,뇌병변장애 2급
2025-06-05 08:22:41,2025-06-05 08:47:41,2025-06-05 08:37:56.176267,2025-06-05 08:50:34.507730,2025-06-05 09:59:23.645905,,용산구,1동,서초구,3동,병원 진료,3481,18.3,휠체어 탑승형 대형,시각장애 1급
2025-03-04 09:45:56,2025-03-04 11:16:56,2025-03-04 10:17:13.949934,2025-03-04 10:18:13.949934,2025-03-04 10:50:56.395995,,성북구,3동,송파구,1동,출퇴근,3110,13.0,일반 세단형,뇌병변장애 2급
2025-07-11 23:54:26,2025-07-12 02:13:26,,,,2025-07-12 00:04:26,구로구,1동,금천구,3동,재활 치료,1696,5.7,휠체어 탑승형 대형,신장장애
2025-09-10 11:26:23,2025-09-10 14:06:23,2025-09-10 12:00:25.842500,2025-09-10 12:21:01.795347,2025-09-10 13:05:52.982967,,강동구,3동,서대문구,3동,관공서 방문,3460,18.0,기타 차량,뇌병변장애 1급
2025-07-13 21:37:42,2025-07-13 23:51:42,2025-07-13 22:21:09.128267,2025-07-13 22:24:44.534114,2025-07-13 23:17:16.774847,,마포구,3동,중구,1동,주간보호센터,3432,17.6,휠체어 탑승형 대형,뇌병변장애 1급
2025-10-30 07:50:14,2025-10-30 09:47:14,2025-10-30 07:54:18.878572,2025-10-30 08:13:04.138247,2025-10-30 08:52:15.413537,,도봉구,1동,강서구,1동,병원 진료,2907,10.1,휠체어 탑승형 대형,신장장애
2025-03-24 09:53:54,2025-03-24 11:37:54,2025-03-24 10:01:26.885403,2025-03-24 10:04:48.312820,2025-03-24 10:37:18.824163,,도봉구,2동,마포구,1동,복지관 이용,2956,10.8,휠체어 탑승형 중형,시각장애 1급
2025-12-05 17:10:15,2025-12-05 17:36:15,2025-12-05 17:32:27.765698,2025-12-05 17:33:27.765698,2025-12-05 17:44:20.982636,,영등포구,1동,성동구,3동,출퇴근,1500,4.0,휠체어 탑승형 대형,뇌병변장애 2급
2025-02-06 18:24:23,2025-02-06 20:41:23,2025-02-06 18:49:56.994635,2025-02-06 19:07:54.614061,2025-02-06 20:19:56.146507,,용산구,3동,강서구,3동,병원 진료,3719,21.7,휠체어 탑승형 대형,지체장애 2급
2025-07-10 08:48:58,2025-07-10 10:46:58,2025-07-10 09:06:33.315928,2025-07-10 09:21:14.100400,2025-07-10 09:40:03.087165,,성북구,3동,금천구,2동,복지관 이용,1892,6.4,휠체어 탑승형 대형,시각장애 1급
2025-01-21 06:21:45,2025-01-21 09:18:45,2025-01-21 06:24:37.817144,2025-01-21 06:28:08.090367,2025-01-21 06:47:33.579957,,성동구,2동,중랑구,3동,여가 활동,2256,7.7,휠체어 탑승형 중형,뇌병변장애 2급
2025-03-22 05:42:02,2025-03-22 06:45:02,2025-03-22 06:58:13.302958,2025-03-22 07:03:53.947767,2025-03-22 07:26:37.360225,,강남구,1동,중랑구,1동,학교 등하교,2200,7.5,휠체어 탑승형 대형,지체장애 2급
2025-05-07 18:49:17,2025-05-07 19:41:17,,,,2025-05-07 18:54:17,성북구,1동,성북구,1동,병원 진료,1500,3.2,기타 차량,지체장애 2급
2025-09-14 07:44:25,2025-09-14 08:54:25,,,,2025-09-14 07:53:25,종로구,3동,성동구,1동,관공서 방문,3159,13.7,기타 차량,신장장애
2025-12-08 21:58:46,2025-12-09 00:07:46,2025-12-08 22:12:51.386291,2025-12-08 22:13:51.386291,2025-12-08 22:36:30.726895,,동대문구,3동,강동구,3동,학교 등하교,1864,6.3,휠체어 탑승형 대형,신장장애
2025-03-24 07:06:24,2025-03-24 07:20:24,2025-03-24 07:09:20.715808,2025-03-24 07:10:20.715808,2025-03-24 07:59:06.108646,,동작구,2동,성북구,2동,경조사,3117,13.1,휠체어 탑승형 대형,뇌병변장애 2급
2025-12-03 12:51:24,2025-12-03 15:28:24,2025-12-03 13:11:32.979128,2025-12-03 13:12:32.979128,2025-12-03 13:56:52.475061,,송파구,2동,강북구,3동,재활 치료,3040,12.0,휠체어 탑승형 중형,뇌병변장애 1급
2025-10-14 00:03:37,2025-10-14 00:45:37,2025-10-14 00:12:03.454540,2025-10-14 00:37:17.325351,2025-10-14 01:27:49.275541,,송파구,1동,마포구,1동,직업훈련,3439,17.7,일반 세단형,국가유공자(상이)
2025-09-01 16:02:44,2025-09-01 16:52:44,2025-09-01 16:10:46.991347,2025-09-01 16:23:21.790091,2025-09-01 16:47:48.194933,,중랑구,1동,은평구,3동,재활 치료,2368,8.1,휠체어 탑승형 대형,지체장애 1급
2025-11-12 19:03:23,2025-11-12 20:08:23,2025-11-12 19:05:43.432781,2025-11-12 19:10:16.894888,2025-11-12 19:32:02.112191,,영등포구,1동,서대문구,3동,기타,2564,8.8,일반 세단형,지체장애 2급
2025-11-08 07:27:33,2025-11-08 10:03:33,2025-11-08 07:31:38.857112,2025-11-08 07:34:50.953311,2025-11-08 07:50:45.383505,,서대문구,1동,강북구,1동,복지관 이용,1500,4.5,기타 차량,뇌병변장애 2급
2025-03-14 14:09:16,2025-03-14 15:17:16,2025-03-14 14:20:15.494609,2025-03-14 14:37:50.573577,2025-03-14 14:47:23.994383,,동작구,2동,은평구,1동,기타,1500,3.5,휠체어 탑승형 중형,시각장애 1급
2025-01-16 14:31:00,2025-01-16 15:44:00,2025-01-16 14:53:47.635694,2025-01-16 14:56:24.337179,2025-01-16 15:02:22.273749,,,3동,양천구,2동,경조사,1500,2.4,기타 차량,신장장애
2025-07-11 08:14:47,2025-07-11 09:32:47,2025-07-11 08:15:47,2025-07-11 08:22:09.999961,2025-07-11 08:49:14.972948,,동대문구,3동,영등포구,1동,주간보호센터,2088,7.1,일반 세단형,신장장애
2025-09-05 06:26:51,2025-09-05 06:57:51,,,,2025-09-05 06:39:51,양천구,3동,서초구,3동,학교 등하교,2396,8.2,기타 차량,지체장애 1급
2025-01-29 08:17:21,2025-01-29 10:40:21,2025-01-29 08:28:55.061690,2025-01-29 08:37:57.742832,2025-01-29 08:47:32.995246,,동대문구,1동,강북구,2동,병원 진료,1500,3.9,일반 세단형,지체장애 2급
2025-07-29 12:40:17,2025-07-29 14:53:17,2025-07-29 12:47:33.288763,2025-07-29 12:57:03.954807,2025-07-29 13:36:11.746232,,중구,2동,중구,3동,복지관 이용,3292,15.6,휠체어 탑승형 대형,뇌병변장애 2급
2025-09-05 21:10:47,2025-09-05 22:54:47,2025-09-05 21:12:08.797795,2025-09-05 21:16:10.506498,2025-09-05 21:43:50.606199,,서초구,1동,강남구,1동,여가 활동,2228,7.6,휠체어 탑승형 대형,국가유공자(상이)
2025-04-11 07:46:18,2025-04-11 10:11:18,2025-04-11 07:58:45.610518,2025-04-11 07:59:45.610518,2025-04-11 08:23:25.632667,,광진구,2동,용산구,3동,학교 등하교,2284,7.8,휠체어 탑승형 중형,뇌병변장애 2급
2025-10-23 06:22:29,2025-10-23 06:53:29,2025-10-23 06:38:15.052483,2025-10-23 06:55:01.642353,2025-10-23 07:18:33.126495,,양천구,1동,송파구,1동,주간보호센터,2172,7.4,기타 차량,뇌병변장애 2급
2025-12-22 06:01:56,2025-12-22 08:46:56,2025-12-22 06:22:31.871607,2025-12-22 06:25:58.490969,2025-12-22 06:48:22.327363,,관악구,2동,동작구,1동,병원 진료,2004,6.8,일반 세단형,국가유공자(상이)
2025-01-30 05:45:13,2025-01-30 07:29:13,2025-01-30 06:36:53.870962,2025-01-30 06:37:53.870962,2025-01-30 07:25:49.762358,,금천구,2동,서울특별시 강남구,1동,경조사,3257,15.1,기타 차량,뇌병변장애 1급
2025-01-22 12:45:03,2025-01-22 14:16:03,2025-01-22 12:46:49.043567,2025-01-22 13:02:13.966697,2025-01-22 13:20:55.452922,,동대문구,3동,송파구,3동,주간보호센터,1556,5.2,휠체어 탑승형 대형,뇌병변장애 1급
2025-02-13 11:04:27,2025-02-13 12:32:27,2025-02-13 11:14:24.506261,2025-02-13 11:45:05.661248,2025-02-13 12:52:49.806049,,마포구,2동,영등포구,1동,관공서 방문,3712,21.6,일반 세단형,신장장애
2025-04-10 14:59:01,2025-04-10 17:24:01,,,,2025-04-10 15:16:01,관악구,2동,서대문구,1동,관공서 방문,1500,4.4,휠체어 탑승형 대형,국가유공자(상이)
2025-02-18 03:00:19,2025-02-18 03:49:19,2025-02-18 03:27:54.500969,2025-02-18 03:42:45.903217,2025-02-18 04:29:19.374571,,송파구,2동,마포구,3동,병원 진료,3180,14.0,기타 차량,지체장애 2급
2025-08-24 10:37:42,2025-08-24 13:20:42,2025-08-24 11:11:47.372472,2025-08-24 11:24:26.045534,2025-08-24 12:08:47.091053,,종로구,1동,중구,3동,복지관 이용,3089,12.7,일반 세단형,국가유공자(상이)
2025-09-24 07:40:09,2025-09-24 10:11:09,2025-09-24 07:41:09,2025-09-24 07:43:29.782218,2025-09-24 08:07:51.237268,,강동구,3동,관악구,3동,주간보호센터,2060,7.0,휠체어 탑승형 중형,뇌병변장애 1급
2025-12-18 15:02:16,2025-12-18 17:11:16,2025-12-18 15:14:11.488554,2025-12-18 15:17:25.097218,2025-12-18 16:35:23.105657,,광진구,2동,구로구,3동,경조사,3572,19.6,일반 세단형,지체장애 1급
2025-09-07 06:19:15,2025-09-07 07:39:15,2025-09-07 06:38:19.921234,,,2025-09-07 06:44:19.921234,강북구,2동,서초구,3동,여가 활동,3005,11.5,기타 차량,지체장애 1급
2025-08-31 18:17:57,2025-08-31 20:53:57,2025-08-31 18:26:16.041652,2025-08-31 18:33:06.442263,2025-08-31 18:40:08.382596,,도봉구,3동,중구,2동,출퇴근,1500,1.9,기타 차량,뇌병변장애 2급
2025-02-21 16:42:48,2025-02-21 19:36:48,2025-02-21 16:51:25.566772,2025-02-21 17:05:12.560409,2025-02-21 17:38:11.139041,,양천구,1동,서초구,1동,주간보호센터,2788,9.6,일반 세단형,지체장애 1급
2025-03-02 10:31:42,2025-03-02 13:01:42,2025-03-02 10:53:41.616035,2025-03-02 10:54:41.616035,2025-03-02 11:20:39.592757,,경기 성남시,1동,도봉구,1동,복지관 이용,2788,9.6,기타 차량,국가유공자(상이)
2025-05-22 15:04:19,2025-05-22 15:50:19,2025-05-22 15:16:10.245341,2025-05-22 15:18:08.268889,2025-05-22 15:41:51.790243,,용산구,1동,동대문구,2동,병원 진료,1780,6.0,기타 차량,지체장애 1급
2025-08-11 08:05:28,2025-08-11 08:20:28,2025-08-11 08:20:52.860177,2025-08-11 08:21:52.860177,2025-08-11 08:26:54.194257,,금천구,3동,송파구,3동,학교 등하교,1500,1.9,일반 세단형,신장장애
2025-03-24 16:26:05,2025-03-24 18:33:05,2025-03-24 16:35:20.871104,2025-03-24 17:00:19.662925,2025-03-24 17:18:33.851708,,마포구,2동,강북구,3동,여가 활동,2200,7.5,기타 차량,국가유공자(상이)
2025-01-30 16:15:02,2025-01-30 17:37:02,2025-01-30 17:08:18.269543,,,2025-01-30 17:18:18.269543,노원구,1동,중랑구,3동,경조사,1500,3.2,일반 세단형,시각장애 1급
2025-02-18 09:23:59,2025-02-18 09:50:59,2025-02-18 09:33:02.398731,2025-02-18 09:36:42.073224,2025-02-18 10:30:10.742607,,관악구,1동,서대문구,3동,여가 활동,3663,20.9,일반 세단형,지체장애 1급
2025-10-15 07:12:54,2025-10-15 09:39:54,2025-10-15 07:30:35.549487,2025-10-15 07:31:35.549487,2025-10-15 07:59:45.706215,,강북구,2동,구로구,3동,관공서 방문,2935,10.5,일반 세단형,국가유공자(상이)
2025-05-09 16:17:24,2025-05-09 18:38:24,2025-05-09 16:58:04.915015,2025-05-09 16:59:04.915015,2025-05-09 17:39:39.578724,,용산구,2동,송파구,3동,기타,3264,15.2,기타 차량,뇌병변장애 1급
2025-01-22 15:17:34,2025-01-22 17:12:34,2025-01-22 15:19:34.703084,2025-01-22 15:20:34.703084,2025-01-22 15:49:53.796121,,동작구,3동,도봉구,2동,복지관 이용,3012,11.6,휠체어 탑승형 대형,뇌병변장애 1급
2025-01-19 21:22:01,2025-01-19 23:20:01,,,,2025-01-19 21:26:01,동작구,2동,강북구,2동,병원 진료,1500,2.3,휠체어 탑승형 중형,국가유공자(상이)
2025-06-01 16:47:56,2025-06-01 18:24:56,2025-06-01 16:51:15.787902,2025-06-01 16:54:30.400408,2025-06-01 17:24:08.684373,,관악구,1동,송파구,3동,재활 치료,2396,8.2,일반 세단형,시각장애 1급
2025-06-22 19:05:25,2025-06-22 21:38:25,,,,2025-06-22 19:24:25,동대문구,3동,서대문구,1동,주간보호센터,1500,4.7,기타 차량,신장장애
2025-03-21 17:55:18,2025-03-21 20:33:18,2025-03-21 19:11:17.925811,2025-03-21 19:14:18.619729,2025-03-21 19:44:07.859417,,광진구,3동,강남구,2동,재활 치료,3047,12.1,기타 차량,지체장애 2급
2025-02-28 12:53:31,2025-02-28 14:10:31,2025-02-28 13:06:35.020531,2025-02-28 13:13:14.377659,2025-02-28 14:15:04.536202,,은평구,3동,중랑구,3동,경조사,3656,20.8,기타 차량,국가유공자(상이)
2025-07-07 07:37:49,2025-07-07 09:22:49,2025-07-07 07:54:07.953651,,,2025-07-07 08:13:07.953651,광진구,2동,구로구,1동,기타,2172,7.4,일반 세단형,신장장애
2025-01-22 21:59:02,2025-01-22 23:28:02,2025-01-22 22:21:48.393238,2025-01-22 22:31:29.690913,2025-01-22 23:27:01.047782,,서초구,2동,동대문구,3동,관공서 방문,3355,16.5,휠체어 탑승형 중형,신장장애
2025-11-15 08:35:57,2025-11-15 10:36:57,2025-11-15 08:36:57,2025-11-15 08:39:49.900797,2025-11-15 09:05:00.394673,,구로구,2동,서초구,3동,출퇴근,1864,6.3,기타 차량,뇌병변장애 2급
2025-03-27 17:11:25,2025-03-27 18:54:25,2025-03-27 17:13:03.599622,2025-03-27 17:17:16.312868,2025-03-27 17:44:03.959914,,은평구,2동,도봉구,2동,주간보호센터,2368,8.1,기타 차량,신장장애
2025-06-02 08:05:56,2025-06-02 09:05:56,2025-06-02 08:07:23.446294,2025-06-02 08:12:03.329742,2025-06-02 08:15:03.329742,,양천구,3동,중구,3동,출퇴근,1500,0.7,휠체어 탑승형 대형,지체장애 2급
2025-02-21 16:13:15,2025-02-21 18:43:15,2025-02-21 16:36:51.872592,2025-02-21 16:39:23.406575,2025-02-21 16:57:27.139184,,구로구,2동,양천구,3동,기타,2032,6.9,일반 세단형,뇌병변장애 2급
2025-03-13 09:38:45,2025-03-13 12:28:45,2025-03-13 10:04:32.786698,2025-03-13 10:15:20.747040,2025-03-13 10:34:43.828833,,용산구,1동,서초구,3동,직업훈련,1500,4.9,기타 차량,지체장애 1급
2025-04-29 10:49:32,2025-04-29 11:15:32,2025-04-29 10:52:56.451763,2025-04-29 10:56:15.720869,2025-04-29 11:24:30.552468,,중구,3동,강동구,3동,주간보호센터,2949,10.7,휠체어 탑승형 중형,뇌병변장애 1급
2025-11-05 10:14:07,2025-11-05 12:50:07,2025-11-05 10:17:30.593652,2025-11-05 10:25:46.244541,2025-11-05 10:49:28.328332,,구로구,3동,금천구,1동,병원 진료,2648,9.1,일반 세단형,시각장애 1급
2025-08-15 17:24:03,2025-08-15 19:38:03,2025-08-15 17:56:36.585859,,,2025-08-15 18:03:36.585859,강남,3동,송파구,3동,복지관 이용,1500,1.5,휠체어 탑승형 대형,시각장애 1급
2025-05-24 17:17:21,2025-05-24 19:06:21,2025-05-24 17:39:25.262436,2025-05-24 17:40:25.262436,2025-05-24 18:31:17.973464,,중구,1동,서초구,3동,병원 진료,3145,13.5,기타 차량,뇌병변장애 2급
2025-11-06 09:14:50,2025-11-06 12:09:50,2025-11-06 09:17:18.739390,2025-11-06 09:18:18.739390,2025-11-06 10:01:06.939832,,강남구,2동,송파구,1동,주간보호센터,3138,13.4,휠체어 탑승형 중형,신장장애
2025-09-07 11:18:09,2025-09-07 12:43:09,2025-09-07 11:45:35.808438,2025-09-07 11:56:11.681951,2025-09-07 12:48:13.985134,,강남구,1동,동대문구,2동,기타,3208,14.4,일반 세단형,뇌병변장애 2급
2025-09-26 08:21:22,2025-09-26 09:31:22,2025-09-26 09:26:47.627300,2025-09-26 09:36:35.796772,2025-09-26 10:30:25.497901,,강남구,2동,중구,2동,재활 치료,3173,13.9,휠체어 탑승형 대형,뇌병변장애 1급
2025-08-06 12:41:03,2025-08-06 14:01:03,2025-08-06 13:00:24.085525,2025-08-06 13:10:25.956891,2025-08-06 13:29:33.319837,,동작구,3동,종로구,1동,기타,2284,7.8,일반 세단형,지체장애 1급
2025-02-06 08:04:33,2025-02-06 08:35:33,2025-02-06 08:15:20.343836,2025-02-06 08:16:20.343836,2025-02-06 08:32:37.556151,,강서구,2동,송파구,3동,학교 등하교,1500,4.7,휠체어 탑승형 대형,뇌병변장애 1급
2025-07-09 07:57:44,2025-07-09 10:24:44,2025-07-09 08:21:42.596845,2025-07-09 08:22:42.596845,2025-07-09 08:53:32.638028,,노원구,1동,서대문구,3동,복지관 이용,2676,9.2,휠체어 탑승형 대형,국가유공자(상이)
2025-12-11 09:37:59,2025-12-11 09:58:59,2025-12-11 09:40:54.450850,2025-12-11 09:42:22.649796,2025-12-11 10:00:57.918953,,서초구,2동,영등포구,1동,재활 치료,2088,7.1,휠체어 탑승형 대형,국가유공자(상이)
2025-09-03 11:00:10,2025-09-03 13:11:10,2025-09-03 11:03:28.069061,2025-09-03 11:04:59.801077,2025-09-03 12:08:48.218508,,노원구,1동,마포구,1동,병원 진료,3432,17.6,휠체어 탑승형 대형,시각장애 1급
2025-04-15 10:22:58,2025-04-15 11:37:58,2025-04-15 10:39:24.045701,2025-04-15 10:41:27.372143,2025-04-15 11:19:01.898421,,노원구,1동,마포구,2동,주간보호센터,3271,15.3,기타 차량,시각장애 1급
2025-02-22 23:54:40,2025-02-23 02:29:40,,,,2025-02-22 23:58:40,성북구,3동,동대문구,1동,학교 등하교,3159,13.7,일반 세단형,시각장애 1급
2025-10-12 07:36:40,2025-10-12 10:08:40,2025-10-12 07:38:13.908145,2025-10-12 07:43:31.713209,2025-10-12 08:26:34.990406,,강동구,3동,노원구,3동,경조사,2970,11.0,기타 차량,뇌병변장애 1급
2025-09-30 11:06:00,2025-09-30 13:05:00,2025-09-30 11:07:21.375526,2025-09-30 11:13:16.992565,2025-09-30 11:33:55.357358,,양천구,1동,강서구,1동,기타,2424,8.3,기타 차량,뇌병변장애 2급
2025-11-18 01:53:41,2025-11-18 02:05:41,2025-11-18 02:02:31.946864,2025-11-18 02:09:01.726075,2025-11-18 02:17:59.595124,,강동구,3동,중랑구,2동,복지관 이용,1500,2.4,휠체어 탑승형 대형,국가유공자(상이)
2025-04-30 08:03:52,2025-04-30 10:44:52,2025-04-30 08:07:42.066097,2025-04-30 08:22:00.283599,2025-04-30 09:00:49.758946,,용산구,2동,노원구,3동,병원 진료,3208,14.4,기타 차량,뇌병변장애 2급
2025-11-12 06:28:00,2025-11-12 09:03:00,2025-11-12 06:46:44.592086,2025-11-12 06:47:44.592086,2025-11-12 07:10:47.195717,,광진구,3동,서대문구,2동,관공서 방문,2032,6.9,휠체어 탑승형 대형,시각장애 1급
2025-07-29 20:59:33,2025-07-29 22:10:33,2025-07-29 21:19:03.809562,2025-07-29 21:20:03.809562,2025-07-29 21:49:58.697482,,강남구,1동,강서구,3동,학교 등하교,3054,12.2,휠체어 탑승형 중형,지체장애 1급
2025-01-23 08:30:40,2025-01-23 11:24:40,,,,2025-01-23 08:37:40,동작구,3동,노원구,3동,경조사,2368,8.1,휠체어 탑승형 대형,시각장애 1급
2025-07-07 05:38:49,2025-07-07 06:18:49,2025-07-07 05:45:20.928218,,,2025-07-07 05:47:20.928218,양천구,2동,동작구,3동,학교 등하교,1696,5.7,기타 차량,뇌병변장애 2급
2025-04-27 09:58:31,2025-04-27 12:18:31,2025-04-27 10:19:37.276938,2025-04-27 10:22:10.970091,2025-04-27 11:06:31.873390,,종로구,2동,영등포구,1동,출퇴근,3173,13.9,기타 차량,국가유공자(상이)
2025-10-15 14:32:47,2025-10-15 15:39:47,2025-10-15 14:44:06.267571,2025-10-15 14:45:06.267571,2025-10-15 15:10:03.696054,,종로구,1동,구로구,2동,여가 활동,2592,8.9,기타 차량,지체장애 2급
2025-08-26 05:22:49,2025-08-26 05:51:49,,,,2025-08-26 05:29:49,노원구,1동,용산구,1동,여가 활동,3145,13.5,휠체어 탑승형 중형,시각장애 1급
2025-12-26 08:31:23,2025-12-26 11:03:23,2025-12-26 08:34:26.634856,2025-12-26 08:35:37.576838,2025-12-26 08:52:56.010035,,강동구,2동,영등포구,2동,관공서 방문,2116,7.2,휠체어 탑승형 중형,시각장애 1급
2025-04-16 12:27:31,2025-04-16 14:27:31,2025-04-16 12:30:45.491645,,,2025-04-16 12:49:45.491645,영등포구,2동,노원구,3동,여가 활동,2144,7.3,휠체어 탑승형 대형,뇌병변장애 1급
2025-07-21 07:10:10,2025-07-21 07:40:10,2025-07-21 07:38:14.515360,2025-07-21 07:39:14.515360,2025-07-21 08:11:16.712203,,동대문구,3동,금천구,2동,여가 활동,2998,11.4,일반 세단형,국가유공자(상이)
2025-01-15 12:53:50,2025-01-15 15:12:50,2025-01-15 13:19:23.467241,2025-01-15 13:25:26.520759,2025-01-15 13:37:46.298697,,중랑구,3동,양천구,3동,여가 활동,1500,3.4,휠체어 탑승형 중형,뇌병변장애 1급
2025-10-28 16:43:05,2025-10-28 17:30:05,2025-10-28 16:56:49.601983,2025-10-28 17:03:19.050087,2025-10-28 17:23:56.433074,,강남구,2동,종로구,2동,복지관 이용,1696,5.7,기타 차량,뇌병변장애 1급
2025-06-09 19:41:50,2025-06-09 21:59:50,2025-06-09 19:42:50,2025-06-09 20:18:00.419145,2025-06-09 20:33:21.225612,,강북구,1동,성북구,1동,학교 등하교,1500,4.0,휠체어 탑승형 대형,신장장애
2025-11-16 11:01:33,2025-11-16 13:35:33,,,,2025-11-16 11:23:33,광진구,1동,금천구,1동,출퇴근,2088,7.1,휠체어 탑승형 중형,뇌병변장애 2급
2025-12-08 17:18:08,2025-12-08 17:28:08,2025-12-08 17:19:08,2025-12-08 17:39:20.652638,2025-12-08 18:09:18.948271,,동대문구,2동,중구,1동,여가 활동,2284,7.8,기타 차량,지체장애 2급
2025-06-12 21:22:31,2025-06-12 23:43:31,2025-06-12 21:34:52.751050,2025-06-12 21:35:52.751050,2025-06-12 22:36:11.514394,,종로구,2동,강서구,3동,출퇴근,3404,17.2,일반 세단형,뇌병변장애 2급
2025-02-20 15:55:31,2025-02-20 17:25:31,2025-02-20 16:15:14.265127,2025-02-20 16:16:14.265127,2025-02-20 16:50:39.228043,,중구,2동,중랑구,3동,복지관 이용,3089,12.7,휠체어 탑승형 대형,신장장애
2025-07-02 20:47:40,2025-07-02 23:41:40,2025-07-02 20:50:53.982038,2025-07-02 21:03:01.055319,2025-07-02 21:58:11.720110,,도봉구,3동,종로구,3동,관공서 방문,3362,16.6,휠체어 탑승형 대형,국가유공자(상이)
2025-02-08 11:15:49,2025-02-08 12:46:49,2025-02-08 11:17:26.897380,2025-02-08 11:18:26.897380,2025-02-08 11:41:34.526030,,마포구,1동,중랑구,3동,여가 활동,2032,6.9,일반 세단형,뇌병변장애 1급
2025-07-11 05:47:23,2025-07-11 05:57:23,2025-07-11 05:48:23,2025-07-11 05:51:29.747166,2025-07-11 06:10:42.562762,,동작구,3동,,1동,경조사,2144,7.3,휠체어 탑승형 중형,지체장애 2급
2025-08-11 09:36:48,2025-08-11 10:21:48,2025-08-11 09:46:51.417591,2025-08-11 09:55:41.892010,2025-08-11 10:29:56.229460,,강남구,2동,중랑구,3동,주간보호센터,3026,11.8,기타 차량,국가유공자(상이)
2025-10-10 15:33:12,2025-10-10 17:34:12,2025-10-10 15:34:56.795579,2025-10-10 15:36:17.191084,2025-10-10 16:11:06.856943,,동작구,1동,금천구,3동,기타,3159,13.7,일반 세단형,국가유공자(상이)
2025-02-01 12:08:19,2025-02-01 14:34:19,2025-02-01 12:37:43.519474,2025-02-01 12:57:15.239410,2025-02-01 13:14:24.579751,,강서구,3동,동대문구,1동,출퇴근,1668,5.6,휠체어 탑승형 대형,뇌병변장애 1급
2025-04-07 07:01:22,2025-04-07 09:36:22,2025-04-07 07:05:22.277330,2025-04-07 07:13:32.844565,2025-04-07 07:36:44.830702,,부산 해운대구,3동,강북구,1동,주간보호센터,1780,6.0,휠체어 탑승형 대형,신장장애
2025-08-10 12:02:51,2025-08-10 13:04:51,2025-08-10 12:06:52.106164,2025-08-10 12:08:32.264732,2025-08-10 12:28:21.771055,,중랑구,3동,동작구,2동,복지관 이용,2144,7.3,휠체어 탑승형 중형,지체장애 1급
2025-12-29 08:59:39,2025-12-29 10:35:39,2025-12-29 09:03:52.145344,2025-12-29 09:24:16.663552,2025-12-29 10:42:46.560004,,중구,1동,강동구,2동,주간보호센터,3586,19.8,기타 차량,뇌병변장애 2급
2025-01-23 13:29:09,2025-01-23 15:34:09,2025-01-23 13:59:11.974188,2025-01-23 14:14:29.153994,2025-01-23 15:06:18.140352,,중구,2동,은평구,3동,복지관 이용,3383,16.9,휠체어 탑승형 대형,지체장애 1급
2025-12-30 13:09:47,2025-12-30 14:37:47,2025-12-30 12:40:47,2025-12-30 13:17:11.478268,2025-12-30 13:45:03.497566,,은평구,2동,강서구,3동,병원 진료,2536,8.7,기타 차량,지체장애 2급
2025-12-12 19:47:21,2025-12-12 22:29:21,2025-12-12 20:02:01.469840,2025-12-12 20:12:28.707894,2025-12-12 20:31:43.812459,,용산구,1동,성북구,2동,기타,1668,5.6,일반 세단형,국가유공자(상이)
2025-12-07 07:52:07,2025-12-07 10:09:07,2025-12-07 07:58:31.687274,2025-12-07 08:03:26.783483,2025-12-07 08:29:59.836014,,강북구,1동,서초구,2동,출퇴근,2228,7.6,휠체어 탑승형 중형,국가유공자(상이)
2025-06-01 12:02:27,2025-06-01 14:47:27,2025-06-01 12:06:32.826137,2025-06-01 12:20:52.833221,2025-06-01 12:28:41.576070,,강남구,1동,강서구,2동,주간보호센터,1500,3.1,일반 세단형,뇌병변장애 2급
2025-01-20 07:30:57,2025-01-20 10:12:57,2025-01-20 07:54:52.202923,2025-01-20 07:56:37.729880,2025-01-20 08:18:36.367424,,은평구,3동,마포구,3동,출퇴근,2284,7.8,기타 차량,지체장애 2급
2025-11-25 17:50:33,2025-11-25 20:09:33,,,,2025-11-25 18:08:33,금천구,3동,동작구,3동,출퇴근,1500,3.3,휠체어 탑승형 대형,뇌병변장애 1급
2025-08-22 09:24:31,2025-08-22 10:11:31,2025-08-22 10:01:53.432517,,,2025-08-22 10:12:53.432517,금천구,2동,종로구,1동,관공서 방문,1948,6.6,휠체어 탑승형 중형,지체장애 2급
2025-06-27 09:08:57,2025-06-27 09:30:57,2025-06-27 09:10:24.545001,2025-06-27 09:27:12.066884,2025-06-27 09:45:41.694734,,도봉구,1동,노원구,3동,직업훈련,1640,5.5,일반 세단형,국가유공자(상이)
2025-12-30 13:34:23,2025-12-30 16:23:23,2025-12-30 13:51:42.130676,2025-12-30 13:56:00.438246,2025-12-30 14:29:07.746884,,용산구,3동,강서구,3동,경조사,2508,8.6,일반 세단형,뇌병변장애 1급
2025-09-12 00:14:47,2025-09-12 02:09:47,2025-09-12 00:17:28.914068,2025-09-12 00:39:01.130735,2025-09-12 00:54:32.754832,,용산구,2동,광진구,1동,기타,1500,4.6,휠체어 탑승형 대형,신장장애
2025-07-19 12:31:28,2025-07-19 13:46:28,2025-07-19 12:44:32.439887,2025-07-19 13:00:55.236986,2025-07-19 13:21:03.871179,,영등포구,2동,중랑구,3동,학교 등하교,1556,5.2,휠체어 탑승형 대형,지체장애 2급
2025-10-19 20:39:02,2025-10-19 23:06:02,2025-10-19 21:02:06.031444,2025-10-19 21:03:06.031444,2025-10-19 21:17:32.928722,,서초구,2동,중랑구,3동,재활 치료,1500,4.8,일반 세단형,시각장애 1급
2025-07-29 17:12:18,2025-07-29 18:31:18,2025-07-29 17:14:02.583242,2025-07-29 17:22:56.722346,2025-07-29 17:41:25.885774,,도봉구,1동,강남구,2동,관공서 방문,2088,7.1,일반 세단형,지체장애 1급
2025-09-07 17:12:11,2025-09-07 20:12:11,2025-09-07 18:12:30.879459,2025-09-07 18:13:30.879459,2025-09-07 18:26:08.475215,,중랑구,1동,양천구,3동,관공서 방문,1500,3.2,휠체어 탑승형 대형,지체장애 2급
2025-04-24 08:25:33,2025-04-24 09:15:33,2025-04-24 08:40:33.293324,2025-04-24 08:44:10.834097,2025-04-24 08:54:08.963282,,성동구,3동,강남구,1동,출퇴근,1500,3.5,휠체어 탑승형 중형,지체장애 2급
2025-07-24 08:30:10,2025-07-24 09:12:10,2025-07-24 08:48:15.775654,2025-07-24 08:50:26.869030,2025-07-24 09:11:34.952537,,강남구,2동,성동구,2동,출퇴근,2536,8.7,휠체어 탑승형 대형,시각장애 1급
2025-08-10 16:19:17,2025-08-10 17:22:17,2025-08-10 16:20:17,2025-08-10 16:26:20.022490,2025-08-10 16:58:47.270023,,중구,2동,종로구,3동,학교 등하교,3061,12.3,일반 세단형,뇌병변장애 1급
2025-06-05 02:54:20,2025-06-05 03:34:20,2025-06-05 03:35:29.041213,2025-06-05 03:37:21.698240,2025-06-05 04:07:23.219481,,용산구,3동,강남구,3동,경조사,2284,7.8,휠체어 탑승형 중형,지체장애 2급
2025-10-06 06:55:03,2025-10-06 07:31:03,2025-10-06 06:56:03,2025-10-06 06:57:57.864087,2025-10-06 07:17:01.140294,,동대문구,3동,도봉구,2동,직업훈련,1836,6.2,기타 차량,신장장애
2025-07-12 08:06:12,2025-07-12 08:51:12,2025-07-12 08:07:12,2025-07-12 08:11:48.823434,2025-07-12 08:37:58.923415,,송파구,3동,성북구,2동,학교 등하교,2732,9.4,휠체어 탑승형 대형,지체장애 2급
2025-02-25 14:01:36,2025-02-25 14:28:36,2025-02-25 14:22:12.008411,2025-02-25 14:29:52.950592,2025-02-25 14:54:29.927922,,강동구,2동,용산구,1동,학교 등하교,2564,8.8,기타 차량,뇌병변장애 2급
2025-10-09 17:27:55,2025-10-09 18:50:55,2025-10-09 17:32:38.939897,2025-10-09 17:38:10.120156,2025-10-09 17:51:12.736532,,서대문구,2동,중구,2동,재활 치료,1584,5.3,기타 차량,신장장애
2025-04-27 18:05:43,2025-04-27 18:34:43,2025-04-27 18:30:04.301222,2025-04-27 18:31:18.922255,2025-04-27 19:32:49.148069,,용산구,1동,성북구,1동,복지관 이용,3866,23.8,기타 차량,국가유공자(상이)
2025-10-27 17:33:11,2025-10-27 18:45:11,2025-10-27 17:42:42.507345,2025-10-27 17:49:26.127069,2025-10-27 18:23:45.279311,,종로구,1동,강남구,2동,학교 등하교,3103,12.9,휠체어 탑승형 대형,시각장애 1급
2025-03-19 13:45:21,2025-03-19 15:13:21,2025-03-19 14:40:51.954485,,,2025-03-19 14:50:51.954485,양천구,2동,강동구,1동,직업훈련,1752,5.9,휠체어 탑승형 중형,뇌병변장애 2급
2025-12-18 21:59:52,2025-12-18 22:15:52,2025-12-18 22:04:07.531860,2025-12-18 22:05:07.531860,2025-12-18 22:13:15.897233,,관악구,2동,서울특별시 강남구,1동,관공서 방문,1500,2.8,휠체어 탑승형 대형,신장장애
2025-12-27 16:00:43,2025-12-27 17:41:43,2025-12-27 16:13:15.303511,2025-12-27 16:16:38.618814,2025-12-27 17:06:29.914049,,양천구,2동,구로구,2동,여가 활동,3082,12.6,휠체어 탑승형 중형,신장장애
2025-03-15 09:04:14,2025-03-15 09:38:14,2025-03-15 10:02:45.949664,2025-03-15 10:04:51.122860,2025-03-15 10:59:27.641404,,중랑구,2동,노원구,3동,복지관 이용,3376,16.8,일반 세단형,뇌병변장애 2급
2025-04-25 15:32:29,2025-04-25 17:02:29,2025-04-25 15:46:40.758531,2025-04-25 16:04:42.870313,2025-04-25 16:21:38.253974,,성북구,1동,강남구,2동,직업훈련,2032,6.9,기타 차량,뇌병변장애 1급
2025-12-13 06:34:02,2025-12-13 07:10:02,2025-12-13 06:35:02,2025-12-13 06:59:47.780921,2025-12-13 07:46:28.356458,,은평구,2동,강동구,2동,병원 진료,3131,13.3,휠체어 탑승형 중형,지체장애 2급
2025-09-01 11:10:38,2025-09-01 12:01:38,2025-09-01 11:17:10.151821,2025-09-01 11:49:35.702095,2025-09-01 12:17:34.434679,,서초구,1동,노원구,1동,주간보호센터,2480,8.5,기타 차량,뇌병변장애 1급
2025-02-12 19:18:25,2025-02-12 19:40:25,2025-02-12 19:36:22.777145,2025-02-12 19:38:40.270713,2025-02-12 19:50:13.973108,,강서구,3동,성북구,3동,기타,1500,3.9,휠체어 탑승형 대형,시각장애 1급
2025-10-06 15:16:01,2025-10-06 17:40:01,2025-10-06 15:22:14.141789,2025-10-06 15:30:34.823242,2025-10-06 16:19:50.487335,,중랑구,1동,서초구,3동,병원 진료,3243,14.9,일반 세단형,신장장애
2025-10-23 20:55:25,2025-10-23 23:03:25,2025-10-23 21:22:03.541527,2025-10-23 21:30:14.007553,2025-10-23 21:39:18.816907,,금천구,1동,중구,2동,주간보호센터,1500,2.4,기타 차량,신장장애
2025-10-08 14:11:03,2025-10-08 14:50:03,,,,2025-10-08 14:14:03,은평구,2동,동작구,3동,출퇴근,1500,2.8,휠체어 탑승형 대형,뇌병변장애 1급
2025-03-06 10:54:59,2025-03-06 13:09:59,2025-03-06 11:04:32.187195,2025-03-06 11:05:38.854071,2025-03-06 11:19:33.452182,,마포구,2동,강남구,2동,직업훈련,1584,5.3,일반 세단형,신장장애
2025-07-31 07:30:53,2025-07-31 09:59:53,2025-07-31 07:53:41.029704,2025-07-31 08:01:43.369392,2025-07-31 08:11:20.309069,,동작구,2동,강동구,2동,직업훈련,1500,3.6,일반 세단형,지체장애 2급
2025-08-11 10:41:06,2025-08-11 12:02:06,2025-08-11 10:57:07.162652,2025-08-11 11:07:42.511897,2025-08-11 11:37:00.956222,,은평구,2동,동작구,2동,경조사,2949,10.7,일반 세단형,지체장애 1급
2025-08-19 07:08:25,2025-08-19 10:00:25,2025-08-19 07:19:10.903621,2025-08-19 07:24:19.407663,2025-08-19 08:39:54.225980,,성동구,1동,중구,3동,직업훈련,3607,20.1,휠체어 탑승형 대형,시각장애 1급
2025-03-14 11:20:04,2025-03-14 11:39:04,2025-03-14 11:22:07.171324,2025-03-14 11:24:32.815494,2025-03-14 11:48:22.624372,,강동구,1동,양천구,3동,재활 치료,2172,7.4,기타 차량,지체장애 2급
2025-08-15 05:31:38,2025-08-15 07:24:38,2025-08-15 05:47:09.204115,2025-08-15 05:48:09.204115,2025-08-15 06:08:51.238282,,강동구,2동,도봉구,3동,경조사,1752,5.9,기타 차량,지체장애 2급
2025-08-11 11:35:58,2025-08-11 13:40:58,2025-08-11 11:45:26.254353,2025-08-11 11:48:25.121965,2025-08-11 12:00:13.937916,,용산구,3동,양천구,2동,여가 활동,1500,4.9,기타 차량,시각장애 1급
2025-01-16 17:01:05,2025-01-16 19:37:05,2025-01-16 17:40:48.070009,2025-01-16 18:13:14.932263,2025-01-16 18:18:51.539540,,강동구,2동,중랑구,3동,기타,1500,2.0,휠체어 탑승형 중형,국가유공자(상이)
2025-06-27 07:09:35,2025-06-27 09:01:35,2025-06-27 07:19:41.127157,2025-06-27 07:34:14.949518,2025-06-27 07:56:20.060566,,서초구,3동,영등포구,3동,여가 활동,1948,6.6,휠체어 탑승형 중형,신장장애
2025-11-10 09:55:21,2025-11-10 12:27:21,2025-11-10 10:13:09.295718,2025-11-10 10:19:17.579499,2025-11-10 10:37:06.256877,,강서구,1동,강북구,2동,주간보호센터,2004,6.8,기타 차량,국가유공자(상이)
2025-09-01 18:27:51,2025-09-01 20:14:51,2025-09-01 18:39:14.447585,2025-09-01 18:43:14.968319,2025-09-01 18:58:16.091873,,관악구,3동,송파구,3동,여가 활동,1640,5.5,기타 차량,신장장애
2025-10-19 08:10:00,2025-10-19 10:28:00,2025-10-19 08:21:16.155796,2025-10-19 08:28:04.621219,2025-10-19 08:46:29.225857,,마포구,1동,은평구,2동,관공서 방문,1584,5.3,일반 세단형,시각장애 1급
2025-11-02 14:25:54,2025-11-02 15:41:54,2025-11-02 14:54:26.316919,2025-11-02 14:55:26.316919,2025-11-02 15:40:52.491785,,강북구,3동,중구,3동,재활 치료,3299,15.7,휠체어 탑승형 중형,신장장애
2025-03-28 17:39:46,2025-03-28 19:13:46,2025-03-28 18:04:54.331919,2025-03-28 18:25:11.639100,2025-03-28 18:43:30.172841,,종로구,2동,금천구,2동,출퇴근,2200,7.5,휠체어 탑승형 대형,뇌병변장애 1급
2025-09-16 20:59:52,2025-09-16 21:12:52,2025-09-16 21:01:07.279085,2025-09-16 21:12:23.112470,2025-09-16 21:53:52.814938,,노원구,2동,강서구,1동,직업훈련,3075,12.5,기타 차량,뇌병변장애 1급
2025-01-20 11:13:47,2025-01-20 13:55:47,2025-01-20 11:23:03.663796,2025-01-20 11:24:03.663796,2025-01-20 11:47:27.522797,,영등포구,3동,광진구,3동,출퇴근,2032,6.9,휠체어 탑승형 대형,지체장애 1급
2025-03-20 13:00:19,2025-03-20 13:38:19,2025-03-20 13:29:36.655033,2025-03-20 13:31:31.819400,2025-03-20 13:52:02.206147,,부산 해운대구,2동,강남구,2동,주간보호센터,1920,6.5,일반 세단형,시각장애 1급
2025-05-25 19:20:52,2025-05-25 20:04:52,2025-05-25 20:00:43.222141,2025-05-25 20:02:06.560806,2025-05-25 20:52:35.151354,,노원구,3동,강북구,2동,병원 진료,3614,20.2,휠체어 탑승형 대형,신장장애
2025-02-24 10:40:01,2025-02-24 13:26:01,2025-02-24 10:47:08.552737,2025-02-24 10:54:53.845060,2025-02-24 11:13:36.488906,,성북구,2동,성동구,2동,경조사,1668,5.6,휠체어 탑승형 중형,신장장애
2025-10-10 05:53:38,2025-10-10 07:06:38,2025-10-10 06:00:47.202644,2025-10-10 06:05:02.783706,2025-10-10 06:31:07.039997,,송파구,1동,송파구,1동,주간보호센터,2788,9.6,기타 차량,뇌병변장애 1급
2025-12-26 16:04:44,2025-12-26 16:26:44,2025-12-26 16:17:18.027468,2025-12-26 16:19:30.598273,2025-12-26 16:30:49.314726,,동대문구,3동,강동구,1동,복지관 이용,1500,3.8,기타 차량,지체장애 2급
2025-07-22 20:34:28,2025-07-22 22:20:28,2025-07-22 20:37:21.607801,2025-07-22 20:46:34.117697,2025-07-22 21:13:30.552515,,마포구,1동,종로구,2동,관공서 방문,2970,11.0,기타 차량,뇌병변장애 2급
2025-12-08 02:41:44,2025-12-08 04:13:44,2025-12-08 02:46:58.968289,2025-12-08 02:49:47.694469,2025-12-08 03:02:28.705060,,도봉구,3동,강북구,3동,재활 치료,1500,4.1,휠체어 탑승형 중형,뇌병변장애 1급
2025-06-08 15:56:20,2025-06-08 18:09:20,2025-06-08 16:02:04.358028,2025-06-08 16:09:41.657969,2025-06-08 16:34:05.401316,,노원구,3동,동작구,2동,관공서 방문,2844,9.8,휠체어 탑승형 중형,신장장애
2025-12-23 13:35:36,2025-12-23 15:18:36,2025-12-23 14:28:18.759073,2025-12-23 14:30:24.974302,2025-12-23 14:48:14.776063,,양천구,2동,강동구,2동,복지관 이용,1556,5.2,휠체어 탑승형 중형,뇌병변장애 1급
2025-05-04 09:32:45,2025-05-04 11:25:45,2025-05-04 09:42:27.058453,2025-05-04 10:04:29.678602,2025-05-04 10:26:44.445001,,구로구,2동,강북구,2동,재활 치료,1752,5.9,일반 세단형,시각장애 1급
2025-07-11 11:12:54,2025-07-11 12:05:54,2025-07-11 11:13:54,2025-07-11 11:17:04.515430,2025-07-11 11:34:10.465295,,은평구,3동,성북구,1동,병원 진료,1584,5.3,휠체어 탑승형 중형,시각장애 1급
2025-06-19 16:09:36,2025-06-19 16:32:36,2025-06-19 16:10:36,2025-06-19 16:15:07.296404,2025-06-19 16:25:46.093613,,마포구,2동,동작구,3동,출퇴근,1500,3.3,휠체어 탑승형 중형,뇌병변장애 2급
2025-12-28 09:42:55,2025-12-28 09:52:55,2025-12-28 10:25:28.610809,2025-12-28 10:31:50.604880,2025-12-28 11:28:03.295714,,중랑구,3동,구로구,1동,직업훈련,3509,18.7,기타 차량,지체장애 2급
2025-04-04 05:36:29,2025-04-04 07:58:29,2025-04-04 05:46:58.808805,2025-04-04 06:14:04.491569,2025-04-04 06:19:55.639784,,동작구,2동,광진구,3동,학교 등하교,1500,2.3,기타 차량,지체장애 2급
2025-06-15 14:51:04,2025-06-15 16:34:04,2025-06-15 15:27:16.626737,2025-06-15 15:43:37.846611,2025-06-15 15:48:46.746874,,강남구,2동,관악구,3동,재활 치료,1500,1.9,기타 차량,뇌병변장애 2급
2025-08-10 08:51:52,2025-08-10 09:42:52,2025-08-10 09:29:23.336642,2025-08-10 09:37:11.880188,2025-08-10 10:10:09.781515,,관악구,2동,양천구,1동,주간보호센터,2816,9.7,휠체어 탑승형 대형,지체장애 1급
2025-06-30 13:37:13,2025-06-30 14:31:13,2025-06-30 14:08:33.258941,2025-06-30 14:09:33.258941,2025-06-30 15:12:47.728743,,용산구,2동,성북구,2동,관공서 방문,3873,23.9,휠체어 탑승형 중형,지체장애 2급
2025-08-12 02:55:10,2025-08-12 05:55:10,2025-08-12 03:43:31.392820,2025-08-12 03:44:42.185512,2025-08-12 04:20:00.894615,,마포구,3동,서초구,2동,출퇴근,3103,12.9,기타 차량,지체장애 2급
2025-05-31 12:49:34,2025-05-31 13:01:34,2025-05-31 13:02:41.951626,2025-05-31 13:23:39.626643,2025-05-31 13:39:07.401089,,성북구,2동,성북구,1동,경조사,1528,5.1,기타 차량,시각장애 1급
2025-12-11 19:36:18,2025-12-11 20:46:18,2025-12-11 19:56:27.704870,2025-12-11 20:01:35.103130,2025-12-11 20:54:37.983404,,송파구,3동,은평구,3동,출퇴근,3180,14.0,휠체어 탑승형 대형,지체장애 2급
2025-06-29 17:52:16,2025-06-29 20:13:16,2025-06-29 17:56:01.471175,2025-06-29 17:59:54.955414,2025-06-29 18:24:47.064478,,중랑구,2동,중구,2동,직업훈련,2592,8.9,휠체어 탑승형 대형,뇌병변장애 2급
2025-09-20 05:55:38,2025-09-20 06:58:38,2025-09-20 06:05:43.342661,2025-09-20 06:10:14.049048,2025-09-20 06:24:44.286798,,중랑구,2동,광진구,3동,여가 활동,1780,6.0,휠체어 탑승형 대형,뇌병변장애 1급
2025-03-23 22:33:55,2025-03-23 23:14:55,,,,2025-03-23 22:37:55,성북구,1동,종로구,1동,주간보호센터,3390,17.0,휠체어 탑승형 중형,지체장애 2급
2025-07-14 18:28:10,2025-07-14 20:10:10,2025-07-14 19:45:27.005962,2025-07-14 19:58:19.610950,2025-07-14 20:07:54.503409,,금천구,3동,용산구,1동,복지관 이용,1500,3.7,휠체어 탑승형 중형,지체장애 2급
2025-02-27 12:06:48,2025-02-27 12:46:48,2025-02-27 12:21:02.329712,2025-02-27 12:25:38.037440,2025-02-27 12:55:08.226609,,강북구,1동,동작구,1동,관공서 방문,2312,7.9,기타 차량,시각장애 1급
2025-11-19 19:18:59,2025-11-19 21:32:59,2025-11-19 19:52:17.374367,,,2025-11-19 20:07:17.374367,서초구,3동,마포구,3동,여가 활동,2788,9.6,기타 차량,지체장애 2급
2025-12-19 11:31:32,2025-12-19 12:52:32,2025-12-19 11:40:48.373949,2025-12-19 12:25:29.629006,2025-12-19 12:54:19.395173,,강남구,2동,동대문구,2동,주간보호센터,2984,11.2,기타 차량,뇌병변장애 1급
2025-09-20 15:44:03,2025-09-20 17:56:03,2025-09-20 15:55:10.890864,2025-09-20 15:56:10.890864,2025-09-20 16:27:52.792817,,중랑구,2동,마포구,3동,복지관 이용,2396,8.2,기타 차량,시각장애 1급
2025-06-07 14:10:01,2025-06-07 15:20:01,2025-06-07 14:53:18.728265,2025-06-07 14:55:23.445407,2025-06-07 15:39:39.775401,,구로구,3동,양천구,3동,기타,3131,13.3,휠체어 탑승형 중형,지체장애 1급
2025-09-24 15:14:52,2025-09-24 15:49:52,2025-09-24 15:16:31.667647,,,2025-09-24 15:24:31.667647,금천구,3동,영등포구,2동,직업훈련,1500,2.5,휠체어 탑승형 중형,지체장애 1급
2025-04-21 02:03:10,2025-04-21 03:05:10,2025-04-21 02:07:15.990501,2025-04-21 02:09:48.248862,2025-04-21 02:50:01.436939,,양천구,1동,구로구,3동,기타,3096,12.8,휠체어 탑승형 중형,신장장애
2025-05-13 13:02:53,2025-05-13 13:20:53,2025-05-13 13:03:53,2025-05-13 13:11:52.586967,2025-05-13 13:34:42.925381,,노원구,1동,강북구,2동,여가 활동,2060,7.0,휠체어 탑승형 대형,국가유공자(상이)
2025-10-17 18:48:54,2025-10-17 20:18:54,2025-10-17 18:59:04.743546,2025-10-17 19:09:03.947375,2025-10-17 19:18:32.856324,,강동구,2동,중구,1동,복지관 이용,1500,3.8,휠체어 탑승형 대형,시각장애 1급
2025-05-08 09:06:00,2025-05-08 11:21:00,2025-05-08 09:09:03.734564,2025-05-08 09:23:09.692181,2025-05-08 09:38:32.270256,,동작구,1동,광진구,2동,병원 진료,1556,5.2,휠체어 탑승형 대형,뇌병변장애 2급
2025-10-18 16:11:17,2025-10-18 16:22:17,2025-10-18 16:14:34.697741,2025-10-18 16:15:42.040889,2025-10-18 17:10:13.218880,,성북구,2동,영등포구,3동,복지관 이용,3166,13.8,일반 세단형,뇌병변장애 1급
2025-11-04 16:55:10,2025-11-04 17:37:10,2025-11-04 17:21:45.643900,2025-11-04 17:22:56.091331,2025-11-04 17:44:25.262760,,구로구,3동,강남구,2동,출퇴근,2536,8.7,기타 차량,뇌병변장애 1급
2025-09-25 17:32:36,2025-09-25 19:03:36,2025-09-25 17:47:42.575442,2025-09-25 17:50:00.927006,2025-09-25 19:04:59.174597,,양천구,2동,동대문구,2동,재활 치료,4167,28.1,휠체어 탑승형 대형,신장장애
2025-05-22 17:12:38,2025-05-22 19:23:38,2025-05-22 17:16:46.044627,2025-05-22 17:24:42.205129,2025-05-22 17:58:32.599595,,성북구,3동,강동구,1동,복지관 이용,2704,9.3,일반 세단형,국가유공자(상이)
2025-12-22 15:32:50,2025-12-22 18:08:50,2025-12-22 16:10:12.010323,2025-12-22 16:29:06.043274,2025-12-22 16:38:17.383252,,강북구,3동,관악구,2동,출퇴근,1500,3.0,휠체어 탑승형 대형,뇌병변장애 1급
2025-02-04 16:04:55,2025-02-04 17:56:55,,,,2025-02-04 16:14:55,서대문구,3동,구로구,3동,학교 등하교,2949,10.7,휠체어 탑승형 대형,지체장애 1급
2025-06-21 07:03:06,2025-06-21 09:31:06,2025-06-21 08:03:37.734834,2025-06-21 08:04:37.734834,2025-06-21 08:44:55.588208,,강동구,1동,노원구,1동,병원 진료,3229,14.7,휠체어 탑승형 중형,신장장애
2025-05-28 10:41:57,2025-05-28 12:19:57,2025-05-28 10:57:17.105525,2025-05-28 11:03:17.298468,2025-05-28 11:19:56.233901,,강북구,3동,마포구,1동,주간보호센터,1640,5.5,기타 차량,뇌병변장애 1급
2025-05-03 17:23:42,2025-05-03 19:29:42,2025-05-03 17:26:05.248674,2025-05-03 17:30:22.028953,2025-05-03 17:50:14.578135,,마포구,1동,강동구,1동,직업훈련,1864,6.3,휠체어 탑승형 대형,지체장애 1급
2025-02-11 14:31:38,2025-02-11 15:11:38,2025-02-11 14:34:01.896219,2025-02-11 14:35:01.896219,2025-02-11 15:16:00.292322,,성동구,3동,강남구,3동,경조사,2991,11.3,휠체어 탑승형 중형,지체장애 1급
2025-04-24 16:16:54,2025-04-24 17:09:54,2025-04-24 16:28:23.378076,2025-04-24 16:46:33.047641,2025-04-24 17:03:32.188345,,동작구,3동,서초구,3동,학교 등하교,1500,4.3,기타 차량,뇌병변장애 1급
2025-02-14 14:07:35,2025-02-14 16:28:35,2025-02-14 14:08:46.531238,2025-02-14 14:17:07.647665,2025-02-14 14:59:01.140824,,금천구,1동,동대문구,2동,병원 진료,2984,11.2,일반 세단형,지체장애 2급
2025-10-12 09:24:42,2025-10-12 09:50:42,2025-10-12 09:34:07.299780,2025-10-12 09:38:34.975162,2025-10-12 10:53:54.737482,,은평구,1동,도봉구,2동,출퇴근,3712,21.6,휠체어 탑승형 중형,뇌병변장애 1급
2025-05-30 23:23:14,2025-05-31 00:46:14,2025-05-30 23:48:04.484035,2025-05-30 23:49:05.415629,2025-05-30 23:58:12.956656,,강남구,1동,종로구,3동,복지관 이용,1500,3.0,휠체어 탑승형 중형,지체장애 1급
2025-07-11 07:45:13,2025-07-11 09:45:13,2025-07-11 07:56:26.176349,2025-07-11 08:23:02.439950,2025-07-11 08:46:45.241003,,구로구,2동,노원구,3동,관공서 방문,2424,8.3,기타 차량,지체장애 2급
2025-09-04 18:56:00,2025-09-04 20:06:00,2025-09-04 19:12:10.291094,2025-09-04 19:13:57.449249,2025-09-04 19:37:50.905049,,,1동,중구,3동,재활 치료,2844,9.8,휠체어 탑승형 중형,시각장애 1급
2025-10-16 07:33:44,2025-10-16 08:11:44,2025-10-16 07:52:54.073183,2025-10-16 07:56:21.613592,2025-10-16 08:00:53.750188,,도봉구,1동,중구,3동,기타,1500,1.8,휠체어 탑승형 대형,뇌병변장애 1급
2025-02-14 12:48:01,2025-02-14 15:17:01,2025-02-14 13:16:57.127550,2025-02-14 13:19:53.362202,2025-02-14 13:46:56.701284,,도봉구,3동,금천구,2동,관공서 방문,2949,10.7,일반 세단형,시각장애 1급
2025-05-20 17:30:44,2025-05-20 19:18:44,2025-05-20 17:52:57.149160,2025-05-20 18:12:33.151712,2025-05-20 18:24:33.780555,,성동구,1동,도봉구,3동,관공서 방문,1500,4.8,일반 세단형,뇌병변장애 2급
2025-11-09 00:08:01,2025-11-09 00:52:01,2025-11-09 00:11:43.222745,2025-11-09 00:31:01.578307,2025-11-09 00:46:29.993829,,노원구,2동,광진구,1동,재활 치료,1500,4.1,기타 차량,지체장애 1급
2025-06-03 09:08:27,2025-06-03 09:44:27,2025-06-03 09:14:12.001419,2025-06-03 09:15:12.001419,2025-06-03 09:32:27.486335,,성동구,2동,은평구,2동,경조사,1780,6.0,휠체어 탑승형 중형,시각장애 1급
2025-12-14 10:24:53,2025-12-14 12:28:53,2025-12-14 10:25:53,2025-12-14 10:26:53,2025-12-14 11:41:02.422984,,노원구,1동,양천구,3동,경조사,3999,25.7,휠체어 탑승형 중형,지체장애 1급
2025-12-11 06:47:28,2025-12-11 09:03:28,2025-12-11 06:51:14.582386,,,2025-12-11 07:00:14.582386,강동구,1동,은평구,3동,재활 치료,2032,6.9,휠체어 탑승형 대형,국가유공자(상이)
2025-02-22 01:21:25,2025-02-22 02:27:25,2025-02-22 01:25:38.536220,2025-02-22 01:42:51.346605,2025-02-22 02:06:26.224799,,양천구,2동,구로구,1동,병원 진료,2200,7.5,휠체어 탑승형 중형,지체장애 1급
2025-11-19 17:33:06,2025-11-19 19:08:06,2025-11-19 17:45:33.512873,2025-11-19 18:19:26.982982,2025-11-19 18:28:58.542439,,동대문구,3동,동대문구,2동,재활 치료,1500,3.6,휠체어 탑승형 중형,국가유공자(상이)
2025-07-16 18:10:02,2025-07-16 20:00:02,,,,2025-07-16 18:26:02,강동구,1동,도봉구,2동,학교 등하교,1500,4.5,휠체어 탑승형 중형,뇌병변장애 1급
2025-05-28 15:15:40,2025-05-28 17:29:40,2025-05-28 15:27:27.070315,2025-05-28 15:56:45.966313,2025-05-28 16:15:21.444870,,동작구,3동,은평구,2동,학교 등하교,1948,6.6,휠체어 탑승형 중형,뇌병변장애 1급
2025-11-06 11:11:11,2025-11-06 13:52:11,2025-11-06 11:14:14.542213,2025-11-06 11:22:13.352570,2025-11-06 12:11:40.549799,,용산구,1동,마포구,1동,경조사,3068,12.4,휠체어 탑승형 중형,뇌병변장애 2급
2025-01-20 11:40:34,2025-01-20 13:59:34,2025-01-20 11:52:14.819243,2025-01-20 11:53:28.281324,2025-01-20 12:36:26.139730,,금천구,1동,서초구,2동,기타,2984,11.2,휠체어 탑승형 중형,뇌병변장애 1급
2025-05-28 17:06:32,2025-05-28 18:18:32,2025-05-28 17:40:22.947312,2025-05-28 17:47:02.492579,2025-05-28 18:21:59.409737,,강서구,2동,동작구,2동,관공서 방문,3180,14.0,휠체어 탑승형 대형,지체장애 1급
2025-12-21 14:33:07,2025-12-21 16:04:07,2025-12-21 15:14:34.329878,2025-12-21 15:25:23.146694,2025-12-21 16:07:50.027393,,광진구,1동,강서구,3동,경조사,3047,12.1,일반 세단형,신장장애
2025-10-20 17:30:24,2025-10-20 19:10:24,2025-10-20 17:31:24,,,2025-10-20 17:51:24,서초구,2동,강남구,2동,관공서 방문,1500,1.8,기타 차량,뇌병변장애 2급
2025-07-01 16:56:51,2025-07-01 17:39:51,2025-07-01 17:02:15.479036,2025-07-01 17:08:23.270735,2025-07-01 17:34:55.179033,,중구,2동,용산구,2동,직업훈련,2564,8.8,휠체어 탑승형 대형,시각장애 1급
2025-12-25 06:53:54,2025-12-25 08:19:54,2025-12-25 06:55:28.654759,2025-12-25 07:07:37.126236,2025-12-25 07:43:10.371682,,광진구,1동,광진구,2동,재활 치료,2921,10.3,일반 세단형,국가유공자(상이)
2025-11-19 17:29:44,2025-11-19 18:30:44,,,,2025-11-19 17:36:44,성동구,1동,관악구,2동,관공서 방문,3208,14.4,휠체어 탑승형 대형,뇌병변장애 1급
2025-04-06 08:02:58,2025-04-06 10:46:58,2025-04-06 08:09:28.470896,2025-04-06 08:10:28.470896,2025-04-06 08:14:03.044823,,동작구,2동,은평구,1동,기타,1500,1.3,휠체어 탑승형 중형,뇌병변장애 1급
2025-09-21 19:01:24,2025-09-21 19:49:24,2025-09-21 19:20:08.948885,2025-09-21 19:29:46.139697,2025-09-21 19:46:59.219189,,용산구,3동,용산구,2동,직업훈련,1696,5.7,휠체어 탑승형 중형,지체장애 2급
2025-08-03 09:40:39,2025-08-03 11:04:39,2025-08-03 10:11:48.833541,2025-08-03 10:14:54.543057,2025-08-03 10:48:16.820694,,동작구,1동,종로구,2동,기타,3117,13.1,휠체어 탑승형 중형,국가유공자(상이)
2025-04-25 02:53:42,2025-04-25 04:16:42,2025-04-25 02:58:06.688674,2025-04-25 03:06:49.940047,2025-04-25 03:43:35.569454,,마포구,2동,양천구,1동,병원 진료,2942,10.6,기타 차량,국가유공자(상이)
2025-05-07 06:11:57,2025-05-07 06:22:57,2025-05-07 06:24:53.066666,2025-05-07 06:30:01.086818,2025-05-07 06:48:55.654902,,노원구,1동,노원구,1동,여가 활동,2172,7.4,기타 차량,뇌병변장애 1급
2025-04-07 10:37:14,2025-04-07 12:47:14,2025-04-07 10:40:53.578343,2025-04-07 10:51:14.205334,2025-04-07 11:10:41.743971,,양천구,2동,양천구,3동,출퇴근,1920,6.5,휠체어 탑승형 대형,지체장애 1급
2025-05-28 09:59:40,2025-05-28 10:17:40,2025-05-28 10:22:07.176826,2025-05-28 10:23:54.493485,2025-05-28 11:05:15.078036,,종로구,1동,은평구,1동,병원 진료,3117,13.1,휠체어 탑승형 중형,국가유공자(상이)
2025-02-11 13:25:23,2025-02-11 15:58:23,2025-02-11 13:33:00.407214,2025-02-11 13:37:45.578486,2025-02-11 14:00:13.519982,,동작구,2동,용산구,3동,학교 등하교,2312,7.9,기타 차량,국가유공자(상이)
2025-04-28 07:00:16,2025-04-28 09:48:16,2025-04-28 07:28:54.330886,2025-04-28 07:31:41.600491,2025-04-28 07:43:35.076319,,동작구,3동,중구,1동,여가 활동,1500,4.9,기타 차량,뇌병변장애 2급
2025-11-24 13:51:29,2025-11-24 16:43:29,2025-11-24 13:55:59.217736,2025-11-24 14:05:44.173273,2025-11-24 14:48:32.352735,,강동구,3동,구로구,1동,기타,3005,11.5,휠체어 탑승형 중형,지체장애 2급
2025-11-10 16:52:45,2025-11-10 18:05:45,2025-11-10 17:04:02.404829,2025-11-10 17:11:29.665522,2025-11-10 17:37:45.411719,,종로구,1동,구로구,3동,직업훈련,2424,8.3,휠체어 탑승형 중형,지체장애 1급
2025-11-21 18:35:44,2025-11-21 19:07:44,2025-11-21 19:23:58.915616,2025-11-21 19:24:58.915616,2025-11-21 20:14:03.313298,,성동구,2동,종로구,3동,병원 진료,3320,16.0,일반 세단형,뇌병변장애 1급
2025-04-20 15:39:39,2025-04-20 17:35:39,2025-04-20 15:53:16.799239,2025-04-20 15:57:17.442985,2025-04-20 16:27:05.189222,,마포구,3동,동작구,1동,여가 활동,2284,7.8,기타 차량,신장장애
2025-10-17 06:22:20,2025-10-17 06:34:20,2025-10-17 06:51:16.963800,2025-10-17 06:58:40.695332,2025-10-17 08:11:22.982696,,광진구,1동,강북구,2동,기타,3684,21.2,일반 세단형,뇌병변장애 2급
2025-03-22 06:24:47,2025-03-22 08:11:47,2025-03-22 06:37:28.907272,,,2025-03-22 06:39:28.907272,노원구,3동,마포구,1동,주간보호센터,3040,12.0,휠체어 탑승형 중형,지체장애 1급
2025-11-19 16:26:06,2025-11-19 18:10:06,2025-11-19 16:48:03.051498,2025-11-19 16:54:15.696913,2025-11-19 17:35:42.188077,,동대문구,3동,관악구,3동,기타,3124,13.2,휠체어 탑승형 대형,국가유공자(상이)
2025-04-28 09:46:45,2025-04-28 12:40:45,2025-04-28 09:53:04.399814,2025-04-28 09:58:45.328637,2025-04-28 10:15:43.965701,,금천구,1동,중랑구,3동,주간보호센터,1780,6.0,기타 차량,국가유공자(상이)
2025-01-19 19:41:02,2025-01-19 19:53:02,2025-01-19 19:55:50.388962,2025-01-19 19:57:03.482154,2025-01-19 20:21:41.303985,,강북구,3동,성북구,1동,학교 등하교,2732,9.4,휠체어 탑승형 중형,시각장애 1급
2025-02-22 08:14:15,2025-02-22 09:13:15,2025-02-22 08:46:38.408933,2025-02-22 08:56:30.494596,2025-02-22 09:42:45.020348,,강동구,2동,중랑구,2동,주간보호센터,3208,14.4,휠체어 탑승형 중형,뇌병변장애 1급
2025-07-11 17:27:48,2025-07-11 18:55:48,,,,2025-07-11 17:29:48,영등포구,3동,노원구,3동,재활 치료,1500,4.5,일반 세단형,신장장애
2025-04-27 07:31:49,2025-04-27 10:10:49,2025-04-27 07:33:28.249882,2025-04-27 07:38:30.304911,2025-04-27 07:45:41.563291,,중구,1동,노원구,1동,직업훈련,1500,2.9,일반 세단형,국가유공자(상이)
2025-05-22 18:42:17,2025-05-22 20:38:17,2025-05-22 19:11:16.030925,2025-05-22 19:13:10.190449,2025-05-22 19:33:11.306893,,강서구,3동,서초구,1동,병원 진료,2284,7.8,일반 세단형,뇌병변장애 1급
2025-12-19 18:57:05,2025-12-19 19:32:05,2025-12-19 19:00:15.785158,2025-12-19 19:06:29.187544,2025-12-19 19:45:26.641018,,서초구,1동,중랑구,2동,학교 등하교,3243,14.9,일반 세단형,뇌병변장애 1급
2025-04-23 11:50:15,2025-04-23 12:23:15,2025-04-23 11:57:53.245345,,,2025-04-23 12:08:53.245345,금천구,1동,영등포구,1동,주간보호센터,2704,9.3,일반 세단형,시각장애 1급
2025-02-24 15:21:39,2025-02-24 16:46:39,2025-02-24 15:50:45.134893,2025-02-24 15:53:49.940744,2025-02-24 16:05:19.520754,,양천구,1동,종로구,2동,기타,1500,3.4,휠체어 탑승형 중형,시각장애 1급
2025-12-13 15:27:14,2025-12-13 18:27:14,2025-12-13 15:40:33.541678,2025-12-13 15:49:33.172345,2025-12-13 15:53:50.706692,,관악구,2동,강서구,2동,병원 진료,1500,1.1,일반 세단형,뇌병변장애 2급
2025-05-01 19:42:12,2025-05-01 22:42:12,2025-05-01 19:44:34.274572,2025-05-01 19:52:45.790126,2025-05-01 20:20:40.568558,,영등포구,2동,영등포구,1동,병원 진료,2452,8.4,휠체어 탑승형 대형,신장장애
2025-10-18 09:47:53,2025-10-18 12:47:53,2025-10-18 09:54:51.191730,2025-10-18 09:57:39.724407,2025-10-18 10:13:16.596358,,성북구,2동,강남구,2동,주간보호센터,1780,6.0,기타 차량,뇌병변장애 2급
2025-09-01 19:02:14,2025-09-01 19:19:14,2025-09-01 19:25:05.702377,,,2025-09-01 19:26:05.702377,중구,3동,은평구,2동,기타,3145,13.5,기타 차량,신장장애
2025-12-14 17:30:38,2025-12-14 20:10:38,2025-12-14 18:00:25.264391,2025-12-14 18:01:38.606851,2025-12-14 18:37:43.667928,,마포구,2동,중구,3동,경조사,3110,13.0,휠체어 탑승형 대형,신장장애
2025-01-03 08:06:45,2025-01-03 10:58:45,2025-01-03 08:25:34.918971,2025-01-03 08:59:17.617234,2025-01-03 09:24:18.159688,,종로구,1동,서초구,1동,경조사,1948,6.6,기타 차량,국가유공자(상이)
2025-05-20 18:42:31,2025-05-20 20:15:31,2025-05-20 19:01:38.966348,2025-05-20 19:06:38.205429,2025-05-20 19:20:23.579143,,양천구,3동,강서구,2동,병원 진료,1500,4.9,휠체어 탑승형 중형,뇌병변장애 2급
2025-03-12 16:09:49,2025-03-12 16:33:49,2025-03-12 16:16:42.956660,2025-03-12 16:18:05.072799,2025-03-12 16:35:14.472593,,종로구,2동,영등포구,1동,기타,1780,6.0,휠체어 탑승형 중형,뇌병변장애 2급
2025-04-08 15:56:21,2025-04-08 16:49:21,2025-04-08 16:09:16.866912,2025-04-08 16:14:00.754725,2025-04-08 16:40:44.432990,,양천구,1동,중랑구,3동,복지관 이용,2284,7.8,기타 차량,지체장애 1급
2025-09-18 20:30:42,2025-09-18 21:02:42,2025-09-18 20:31:42,2025-09-18 20:40:25.162685,2025-09-18 20:47:35.622882,,용산구,2동,강동구,2동,주간보호센터,1500,2.3,휠체어 탑승형 대형,뇌병변장애 1급
2025-06-19 19:35:25,2025-06-19 22:34:25,2025-06-19 19:53:00.785448,2025-06-19 19:56:54.359026,2025-06-19 20:26:26.575469,,구로구,2동,강북구,3동,학교 등하교,2592,8.9,휠체어 탑승형 대형,뇌병변장애 2급
2025-08-12 11:51:02,2025-08-12 12:45:02,2025-08-12 11:55:40.424981,2025-08-12 12:02:52.961125,2025-08-12 12:37:21.133170,,서대문구,2동,노원구,3동,기타,3019,11.7,휠체어 탑승형 대형,시각장애 1급
2025-07-02 10:14:32,2025-07-02 11:39:32,2025-07-02 11:47:00.770547,2025-07-02 12:00:10.536143,2025-07-02 12:38:34.845436,,금천구,2동,은평구,3동,경조사,3047,12.1,기타 차량,지체장애 2급
2025-07-04 08:13:03,2025-07-04 08:30:03,2025-07-04 08:29:17.603027,2025-07-04 08:40:11.242309,2025-07-04 09:13:57.260258,,노원구,3동,강남구,1동,복지관 이용,2536,8.7,일반 세단형,국가유공자(상이)
2025-08-31 08:44:16,2025-08-31 09:28:16,2025-08-31 08:51:22.662505,2025-08-31 09:14:14.571775,2025-08-31 09:24:56.146526,,구로구,1동,금천구,3동,관공서 방문,1500,3.6,휠체어 탑승형 중형,신장장애
2025-12-24 15:12:55,2025-12-24 16:52:55,2025-12-24 15:31:52.154842,2025-12-24 15:33:34.785692,2025-12-24 16:08:31.613184,,관악구,2동,중랑구,3동,기타,2984,11.2,일반 세단형,지체장애 1급
2025-10-06 16:17:12,2025-10-06 18:32:12,2025-10-06 16:46:01.436814,2025-10-06 16:55:12.718984,2025-10-06 17:01:34.197480,,강남구,3동,마포구,1동,주간보호센터,1500,2.2,일반 세단형,시각장애 1급
2025-07-09 12:04:29,2025-07-09 12:38:29,2025-07-09 12:05:57.220682,2025-07-09 12:10:43.697023,2025-07-09 13:02:55.320584,,강남구,1동,양천구,1동,주간보호센터,3467,18.1,휠체어 탑승형 대형,뇌병변장애 2급
2025-02-15 12:32:44,2025-02-15 13:58:44,2025-02-15 12:43:03.277605,2025-02-15 12:44:03.277605,2025-02-15 12:57:16.277352,,강서구,3동,양천구,3동,여가 활동,1500,4.4,휠체어 탑승형 중형,시각장애 1급
2025-07-15 13:10:52,2025-07-15 14:55:52,2025-07-15 13:15:23.689141,2025-07-15 13:24:12.860401,2025-07-15 13:56:02.269865,,구로구,3동,관악구,1동,병원 진료,2480,8.5,기타 차량,국가유공자(상이)
2025-05-10 11:45:25,2025-05-10 13:13:25,2025-05-10 12:00:59.466532,2025-05-10 12:18:03.033207,2025-05-10 12:59:21.353860,,송파구,3동,구로구,2동,기타,3390,17.0,기타 차량,뇌병변장애 2급
2025-07-14 08:11:02,2025-07-14 10:16:02,2025-07-14 08:22:32.927414,2025-07-14 08:35:54.671506,2025-07-14 08:49:16.173112,,구로구,2동,강서구,1동,주간보호센터,1500,4.1,휠체어 탑승형 대형,뇌병변장애 2급
2025-02-10 14:08:14,2025-02-10 16:38:14,2025-02-10 14:28:57.771181,2025-02-10 14:37:08.550619,2025-02-10 15:02:05.138138,,서대문구,3동,구로구,1동,여가 활동,2004,6.8,휠체어 탑승형 대형,지체장애 1급
2025-05-12 06:14:42,2025-05-12 06:24:42,2025-05-12 06:26:59.462075,2025-05-12 06:35:06.603053,2025-05-12 06:58:04.819703,,관악구,1동,마포구,2동,병원 진료,1808,6.1,휠체어 탑승형 중형,뇌병변장애 1급
2025-05-29 16:11:22,2025-05-29 18:59:22,2025-05-29 16:34:55.070008,2025-05-29 16:37:56.735927,2025-05-29 16:44:05.574919,,구로구,2동,노원구,2동,복지관 이용,1500,2.2,휠체어 탑승형 대형,시각장애 1급
2025-09-14 12:09:28,2025-09-14 13:41:28,2025-09-14 13:05:02.208699,2025-09-14 13:07:27.255259,2025-09-14 13:17:22.230708,,송파구,1동,동대문구,3동,여가 활동,1500,4.1,기타 차량,뇌병변장애 2급
2025-07-11 11:23:04,2025-07-11 13:11:04,2025-07-11 11:24:04,2025-07-11 11:32:31.330594,2025-07-11 11:47:25.900691,,강북구,1동,관악구,2동,출퇴근,1500,4.0,일반 세단형,지체장애 1급
2025-05-31 08:16:13,2025-05-31 10:07:13,,,,2025-05-31 08:34:13,영등포구,3동,성동구,1동,학교 등하교,2816,9.7,일반 세단형,신장장애
2025-01-02 14:14:15,2025-01-02 15:11:15,2025-01-02 14:23:19.033622,2025-01-02 14:27:40.292239,2025-01-02 15:15:14.553997,,영등포구,2동,금천구,1동,경조사,3257,15.1,일반 세단형,지체장애 1급
2025-12-05 21:17:47,2025-12-05 22:47:47,2025-12-05 21:27:18.094040,2025-12-05 21:32:31.561637,2025-12-05 22:02:26.173672,,동작구,3동,도봉구,2동,학교 등하교,2424,8.3,일반 세단형,시각장애 1급
2025-09-04 10:39:58,2025-09-04 12:08:58,2025-09-04 10:48:39.995969,2025-09-04 10:49:39.995969,2025-09-04 11:20:48.588328,,마포구,2동,양천구,3동,재활 치료,2396,8.2,휠체어 탑승형 대형,시각장애 1급
2025-03-09 19:28:05,2025-03-09 20:18:05,2025-03-09 19:39:08.901522,2025-03-09 19:49:20.053995,2025-03-09 20:24:55.738817,,은평구,3동,동대문구,1동,재활 치료,3208,14.4,일반 세단형,뇌병변장애 1급
2025-12-02 16:03:55,2025-12-02 16:38:55,2025-12-02 17:02:13.923625,2025-12-02 17:14:10.579496,2025-12-02 17:47:32.936798,,노원구,3동,관악구,3동,직업훈련,2942,10.6,휠체어 탑승형 대형,국가유공자(상이)
2025-11-02 16:39:18,2025-11-02 18:38:18,2025-11-02 16:40:18,2025-11-02 16:43:16.407135,2025-11-02 16:53:30.018392,,광진구,1동,도봉구,1동,재활 치료,1500,2.6,휠체어 탑승형 대형,국가유공자(상이)
2025-11-21 00:47:42,2025-11-21 02:22:42,2025-11-21 00:51:57.910393,2025-11-21 01:03:27.707012,2025-11-21 01:14:09.303150,,용산구,3동,용산구,2동,직업훈련,1500,3.0,휠체어 탑승형 중형,시각장애 1급
2025-01-17 19:03:24,2025-01-17 19:45:24,2025-01-17 19:27:50.319996,2025-01-17 19:34:09.676363,2025-01-17 20:48:37.417120,,중구,1동,관악구,3동,재활 치료,3747,22.1,기타 차량,지체장애 2급
2025-08-09 15:26:26,2025-08-09 17:48:26,2025-08-09 15:52:41.320536,2025-08-09 16:05:28.891095,2025-08-09 16:16:45.617883,,동대문구,2동,양천구,1동,출퇴근,1500,3.5,휠체어 탑승형 중형,신장장애
2025-03-04 10:24:06,2025-03-04 12:07:06,2025-03-04 10:27:57.546014,2025-03-04 10:39:26.580367,2025-03-04 11:32:54.219595,,서대문구,3동,도봉구,1동,경조사,3537,19.1,기타 차량,뇌병변장애 1급
2025-07-20 17:21:42,2025-07-20 17:35:42,2025-07-20 17:35:48.201066,2025-07-20 17:40:19.278512,2025-07-20 17:52:58.017160,,양천구,3동,서초구,2동,직업훈련,1500,3.8,휠체어 탑승형 대형,뇌병변장애 2급
2025-05-17 09:28:55,2025-05-17 10:19:55,2025-05-17 09:33:44.365552,2025-05-17 09:35:30.357466,2025-05-17 10:04:09.944426,,송파구,2동,중구,3동,출퇴근,3026,11.8,기타 차량,뇌병변장애 1급
2025-02-08 11:17:57,2025-02-08 14:15:57,2025-02-08 11:33:22.299216,2025-02-08 11:35:52.168044,2025-02-08 12:37:50.737203,,도봉구,2동,중구,2동,복지관 이용,3663,20.9,기타 차량,뇌병변장애 2급
2025-01-29 16:52:49,2025-01-29 17:20:49,2025-01-29 17:02:49.059560,2025-01-29 17:11:50.612021,2025-01-29 17:32:43.372116,,마포구,2동,은평구,3동,기타,-2452,8.4,일반 세단형,지체장애 2급
2025-12-22 08:43:34,2025-12-22 08:57:34,2025-12-22 08:44:34,,,2025-12-22 08:57:34,금천구,2동,강서구,3동,기타,2977,11.1,휠체어 탑승형 대형,시각장애 1급
2025-07-16 08:04:34,2025-07-16 09:33:34,2025-07-16 08:39:12.852133,2025-07-16 08:57:45.882284,2025-07-16 09:10:15.311868,,은평구,1동,성북구,1동,주간보호센터,1500,4.3,기타 차량,뇌병변장애 1급
0000-00-00,2025-12-24 17:23:20,2025-12-24 17:10:19.191577,2025-12-24 17:17:12.668316,2025-12-24 17:44:53.931427,,관악구,2동,중랑구,2동,출퇴근,2340,8.0,일반 세단형,뇌병변장애 1급
2025-01-26 10:16:08,2025-01-26 12:26:08,2025-01-26 10:30:18.890496,2025-01-26 10:39:01.442399,2025-01-26 11:14:14.564514,,강서구,1동,관악구,2동,여가 활동,2648,9.1,일반 세단형,시각장애 1급
2025-11-02 15:01:40,2025-11-02 17:36:40,2025-11-02 15:21:02.940056,2025-11-02 15:22:39.075265,2025-11-02 15:44:24.944567,,동대문구,3동,송파구,2동,여가 활동,2172,7.4,휠체어 탑승형 대형,지체장애 2급
2025-01-30 12:34:00,2025-01-30 15:06:00,2025-01-30 12:40:56.247013,2025-01-30 12:42:34.878434,2025-01-30 13:01:53.698124,,용산구,2동,관악구,1동,주간보호센터,2312,7.9,휠체어 탑승형 중형,국가유공자(상이)
2025-12-30 15:39:37,2025-12-30 17:07:37,,,,2025-12-30 15:46:37,중구,2동,서초구,1동,기타,3103,12.9,기타 차량,신장장애
2025-08-09 15:30:45,2025-08-09 17:18:45,2025-08-09 15:36:56.494533,2025-08-09 15:38:22.200592,2025-08-09 15:56:25.585318,,서초구,1동,종로구,3동,경조사,1556,5.2,일반 세단형,국가유공자(상이)
2025-08-04 07:11:55,2025-08-04 08:37:55,2025-08-04 07:12:55,2025-08-04 07:17:29.851184,2025-08-04 07:44:23.516171,,세종시,1동,송파구,3동,기타,2676,9.2,기타 차량,지체장애 2급
2025-03-16 12:17:05,2025-03-16 12:59:05,2025-03-16 12:29:50.334313,2025-03-16 12:38:17.201932,2025-03-16 13:04:02.891615,,서초구,1동,은평구,1동,여가 활동,2032,6.9,휠체어 탑승형 대형,지체장애 1급
2025-06-21 08:00:05,2025-06-21 08:41:05,2025-06-21 08:10:03.369066,2025-06-21 08:18:02.073196,2025-06-21 09:05:14.956391,,광진구,1동,노원구,2동,여가 활동,3068,12.4,휠체어 탑승형 중형,신장장애
2025-05-13 16:32:35,2025-05-13 18:41:35,2025-05-13 17:32:35.040593,2025-05-13 17:33:35.040593,2025-05-13 18:00:05.514676,,중구,3동,강북구,3동,주간보호센터,2949,10.7,일반 세단형,지체장애 2급
2025-05-31 14:50:14,2025-05-31 15:58:14,2025-05-31 14:55:29.988050,2025-05-31 15:01:34.300658,2025-05-31 15:14:16.298501,,동대문구,3동,성북구,3동,학교 등하교,1500,3.2,휠체어 탑승형 중형,뇌병변장애 1급
2025-03-17 16:51:33,2025-03-17 18:57:33,2025-03-17 17:23:35.146461,2025-03-17 17:31:18.294777,2025-03-17 17:56:40.725286,,도봉구,2동,도봉구,3동,학교 등하교,2536,8.7,휠체어 탑승형 중형,신장장애
2025-04-14 08:40:41,2025-04-14 10:41:41,2025-04-14 08:41:41,2025-04-14 08:42:41.195389,2025-04-14 09:06:06.982050,,동작구,2동,양천구,3동,출퇴근,2732,9.4,휠체어 탑승형 대형,뇌병변장애 2급
2025-08-13 08:50:40,2025-08-13 09:37:40,2025-08-13 09:01:12.516600,2025-08-13 09:09:23.014281,2025-08-13 09:16:20.733625,,서대문구,1동,성동구,2동,출퇴근,1500,2.8,기타 차량,시각장애 1급
2025-04-01 09:35:50,2025-04-01 10:19:50,2025-04-01 09:36:50,2025-04-01 09:37:50,2025-04-01 09:49:08.147301,,용산구,3동,서초구,2동,출퇴근,1500,2.9,일반 세단형,신장장애
2025-04-05 12:53:03,2025-04-05 15:19:03,2025-04-05 12:54:46.023006,2025-04-05 13:08:33.566593,2025-04-05 13:25:28.653197,,강동구,1동,노원구,1동,여가 활동,2032,6.9,일반 세단형,뇌병변장애 1급
2025-11-11 08:10:50,2025-11-11 10:17:50,2025-11-11 08:49:26.510775,2025-11-11 08:50:33.856197,2025-11-11 09:08:39.812022,,종로구,1동,강동구,1동,주간보호센터,2060,7.0,휠체어 탑승형 중형,국가유공자(상이)
2025-05-15 12:32:33,2025-05-15 15:20:33,2025-05-15 12:42:48.520572,2025-05-15 12:44:16.239079,2025-05-15 13:16:17.735214,,강서구,3동,송파구,1동,여가 활동,3012,11.6,일반 세단형,뇌병변장애 2급
2025-09-03 09:51:49,2025-09-03 11:46:49,2025-09-03 09:54:22.002743,2025-09-03 09:59:45.681130,2025-09-03 10:18:44.969989,,용산구,2동,강동구,1동,재활 치료,1724,5.8,기타 차량,뇌병변장애 2급
2025-02-05 13:08:47,2025-02-05 15:17:47,2025-02-05 13:10:13.229131,2025-02-05 13:15:28.993372,2025-02-05 13:37:46.848189,,구로구,2동,강동구,2동,복지관 이용,2340,8.0,휠체어 탑승형 대형,국가유공자(상이)
2025-08-30 05:47:06,2025-08-30 06:41:06,2025-08-30 05:58:47.596739,2025-08-30 06:05:43.314809,2025-08-30 06:44:06.921731,,중랑구,2동,구로구,2동,재활 치료,2942,10.6,휠체어 탑승형 중형,지체장애 2급
2025-11-08 16:46:14,2025-11-08 19:01:14,,,,2025-11-08 16:53:14,영등포구,1동,성북구,3동,관공서 방문,2396,8.2,휠체어 탑승형 대형,지체장애 1급
2025-04-05 20:43:56,2025-04-05 23:05:56,2025-04-05 20:59:35.732445,2025-04-05 21:06:34.649916,2025-04-05 21:28:20.279133,,동대문구,3동,강서구,2동,여가 활동,2004,6.8,일반 세단형,지체장애 1급
2025-03-26 14:46:43,2025-03-26 16:23:43,2025-03-26 14:58:22.358401,2025-03-26 15:02:41.144818,2025-03-26 15:34:57.378736,,송파구,1동,강남구,1동,주간보호센터,2928,10.4,휠체어 탑승형 대형,지체장애 2급
2025-03-19 11:17:10,2025-03-19 12:48:10,2025-03-19 11:19:40.338468,2025-03-19 11:22:43.908768,2025-03-19 11:58:50.568151,,도봉구,1동,동대문구,1동,복지관 이용,3138,13.4,휠체어 탑승형 대형,뇌병변장애 2급
2025-02-04 07:24:25,2025-02-04 08:08:25,2025-02-04 07:39:12.808652,2025-02-04 08:01:47.917740,2025-02-04 08:51:12.227131,,강서구,3동,광진구,2동,경조사,3446,17.8,휠체어 탑승형 대형,뇌병변장애 2급
2025-10-01 13:51:50,2025-10-01 15:42:50,2025-10-01 14:02:03.248938,2025-10-01 14:07:29.851607,2025-10-01 15:13:24.862279,,동작구,3동,마포구,1동,경조사,3558,19.4,휠체어 탑승형 대형,뇌병변장애 2급
2025-05-30 19:11:44,2025-05-30 22:01:44,2025-05-30 19:32:19.382902,2025-05-30 19:33:19.382902,2025-05-30 19:38:35.076627,,양천구,1동,종로구,3동,주간보호센터,1500,1.9,휠체어 탑승형 중형,뇌병변장애 1급
2025-10-11 09:33:37,2025-10-11 10:01:37,2025-10-11 09:49:50.885267,2025-10-11 09:53:20.066457,2025-10-11 10:00:31.398256,,중랑구,2동,금천구,2동,경조사,1500,2.7,일반 세단형,뇌병변장애 1급
2025-05-16 16:53:50,2025-05-16 19:32:50,2025-05-16 17:01:07.002066,2025-05-16 17:02:07.002066,2025-05-16 17:30:35.537814,,강북구,1동,중구,1동,주간보호센터,2116,7.2,일반 세단형,지체장애 2급
2025-12-15 13:59:58,2025-12-15 14:16:58,2025-12-15 14:09:29.935998,2025-12-15 14:35:13.750075,2025-12-15 14:53:36.921790,,금천구,3동,부산 해운대구,1동,직업훈련,2172,7.4,기타 차량,지체장애 2급
2025-04-02 06:23:22,2025-04-02 06:48:22,2025-04-02 06:46:02.696734,2025-04-02 06:49:31.413098,2025-04-02 07:17:49.035771,,동대문구,2동,동대문구,3동,관공서 방문,2907,10.1,기타 차량,시각장애 1급
2025-04-25 10:07:51,2025-04-25 12:10:51,2025-04-25 10:30:08.262264,2025-04-25 10:44:03.234101,2025-04-25 10:53:04.149661,,성북구,1동,송파구,2동,경조사,1500,3.1,일반 세단형,신장장애
2025-11-19 20:17:56,2025-11-19 21:50:56,2025-11-19 20:19:34.004533,2025-11-19 20:30:47.796999,2025-11-19 20:52:31.444054,,서초구,2동,영등포구,2동,직업훈련,1836,6.2,휠체어 탑승형 대형,뇌병변장애 2급
2025-03-26 15:06:27,2025-03-26 18:01:27,2025-03-26 15:10:48.924208,2025-03-26 15:11:48.924208,2025-03-26 16:03:58.475429,,구로구,1동,성북구,2동,직업훈련,3264,15.2,휠체어 탑승형 중형,뇌병변장애 1급
2025-09-07 17:52:08,2025-09-07 19:50:08,2025-09-07 17:58:31.610691,2025-09-07 18:09:42.482264,2025-09-07 18:16:25.583101,,은평구,2동,중구,1동,여가 활동,1500,1.7,휠체어 탑승형 대형,신장장애
2025-11-13 08:17:26,2025-11-13 09:26:26,2025-11-13 08:55:04.135140,2025-11-13 08:56:47.989022,2025-11-13 09:11:36.833424,,서대문구,1동,도봉구,3동,관공서 방문,1668,5.6,휠체어 탑승형 중형,신장장애
2025-09-04 13:26:30,2025-09-04 14:43:30,2025-09-04 14:34:11.378237,2025-09-04 14:36:54.822241,2025-09-04 15:03:31.346612,,강동구,2동,송파구,2동,재활 치료,2788,9.6,휠체어 탑승형 대형,지체장애 1급
2025-05-14 12:05:51,2025-05-14 14:25:51,,,,2025-05-14 12:14:51,서초구,3동,동작구,3동,경조사,2396,8.2,기타 차량,시각장애 1급
2025-09-18 00:16:23,2025-09-18 01:20:23,2025-09-18 01:01:05.641226,2025-09-18 01:03:03.751680,2025-09-18 01:36:39.613208,,동작구,2동,동대문구,2동,병원 진료,2956,10.8,휠체어 탑승형 중형,뇌병변장애 2급
2025-04-19 17:22:50,2025-04-19 17:36:50,2025-04-19 17:30:23.162961,2025-04-19 17:50:43.255594,2025-04-19 18:03:27.283295,,강북구,1동,마포구,1동,여가 활동,1500,4.5,일반 세단형,신장장애
2025-01-30 11:18:08,2025-01-30 12:33:08,,,,2025-01-30 11:33:08,중랑구,2동,영등포구,2동,직업훈련,1500,3.5,휠체어 탑승형 중형,시각장애 1급
2025-09-26 10:38:27,2025-09-26 12:24:27,2025-09-26 10:40:56.188382,2025-09-26 10:47:14.971718,2025-09-26 11:18:30.034508,,광진구,1동,동대문구,1동,재활 치료,2935,10.5,휠체어 탑승형 중형,뇌병변장애 1급
2025-10-02 07:33:23,2025-10-02 08:46:23,2025-10-02 07:37:44.443733,2025-10-02 07:43:08.632794,2025-10-02 08:13:23.214537,,강서구,2동,강서구,1동,직업훈련,2921,10.3,기타 차량,뇌병변장애 2급
2025-04-07 15:07:22,2025-04-07 16:41:22,,,,2025-04-07 15:27:22,도봉구,3동,강북구,2동,재활 치료,1640,5.5,일반 세단형,지체장애 2급
2025-07-13 15:33:25,2025-07-13 16:27:25,2025-07-13 15:44:24.988883,2025-07-13 15:53:02.261258,2025-07-13 16:56:06.920187,,동대문구,1동,중랑구,1동,관공서 방문,3621,20.3,일반 세단형,지체장애 1급
2025-04-07 16:57:14,2025-04-07 17:23:14,2025-04-07 17:13:27.332318,2025-04-07 17:14:27.332318,2025-04-07 17:28:16.861238,,마포구,2동,성동구,3동,기타,1584,5.3,휠체어 탑승형 중형,신장장애
2025-05-14 10:52:07,2025-05-14 11:31:07,2025-05-14 11:51:47.874110,2025-05-14 11:56:16.775681,2025-05-14 12:24:07.939197,,영등포구,3동,서대문구,2동,주간보호센터,2907,10.1,기타 차량,뇌병변장애 2급
2025-01-15 14:39:30,2025-01-15 17:05:30,2025-01-15 15:06:07.435275,2025-01-15 15:17:48.135674,2025-01-15 15:58:08.781465,,용산구,2동,서대문구,3동,출퇴근,3166,13.8,일반 세단형,지체장애 1급
2025-08-14 09:16:08,2025-08-14 11:10:08,2025-08-14 09:46:13.630287,2025-08-14 09:48:10.574275,2025-08-14 10:20:33.740249,,동작구,3동,중랑구,2동,직업훈련,2452,8.4,기타 차량,지체장애 2급
2025-12-18 14:53:47,2025-12-18 17:24:47,2025-12-18 15:14:48.148485,2025-12-18 15:16:01.506559,2025-12-18 15:37:37.470102,,은평구,3동,강동구,2동,기타,2256,7.7,휠체어 탑승형 중형,뇌병변장애 1급
2025-01-21 10:04:05,2025-01-21 10:41:05,2025-01-21 10:05:31.833870,2025-01-21 10:08:00.019724,2025-01-21 10:55:28.593058,,강동구,1동,양천구,3동,병원 진료,3439,17.7,기타 차량,지체장애 1급
2025-06-19 07:22:30,2025-06-19 07:56:30,2025-06-19 07:32:09.916072,2025-06-19 07:39:25.869105,2025-06-19 07:59:45.152911,,금천구,2동,도봉구,1동,재활 치료,1892,6.4,일반 세단형,뇌병변장애 2급
2025-11-04 13:42:29,2025-11-04 15:13:29,2025-11-04 13:53:51.452781,2025-11-04 13:54:51.452781,2025-11-04 14:14:50.711698,,강북구,2동,서대문구,1동,경조사,1668,5.6,휠체어 탑승형 대형,뇌병변장애 2급
2025-05-25 15:57:24,2025-05-25 18:52:24,2025-05-25 15:58:38.347822,,,2025-05-25 16:00:38.347822,금천구,2동,용산구,2동,관공서 방문,2452,8.4,휠체어 탑승형 중형,지체장애 1급
2025-02-24 09:59:53,2025-02-24 10:19:53,2025-02-24 10:21:59.842977,2025-02-24 10:33:30.502566,2025-02-24 11:01:46.476545,,중랑구,1동,광진구,2동,출퇴근,2704,9.3,기타 차량,국가유공자(상이)
2025-01-28 07:42:26,2025-01-28 09:12:26,2025-01-28 07:51:15.974834,2025-01-28 07:52:15.974834,2025-01-28 08:48:31.816651,,서초구,1동,강남구,1동,학교 등하교,3383,16.9,휠체어 탑승형 대형,신장장애
2025-07-12 08:00:40,2025-07-12 09:52:40,2025-07-12 08:35:41.850986,2025-07-12 08:43:32.029574,2025-07-12 09:17:59.600720,,금천구,2동,서초구,1동,직업훈련,3201,14.3,기타 차량,지체장애 2급
2025-09-04 07:40:34,2025-09-04 09:41:34,2025-09-04 07:42:01.043548,2025-09-04 07:59:43.423553,2025-09-04 08:04:50.100812,,중랑구,1동,마포구,1동,관공서 방문,1500,2.1,휠체어 탑승형 대형,지체장애 2급
2025-01-23 16:46:44,2025-01-23 18:51:44,2025-01-23 17:27:23.850308,2025-01-23 17:34:05.493297,2025-01-23 17:52:12.141774,,종로구,2동,은평구,1동,학교 등하교,2172,7.4,휠체어 탑승형 중형,지체장애 1급
2025-11-06 16:50:36,2025-11-06 17:57:36,2025-11-06 17:07:25.159489,2025-11-06 17:12:45.362411,2025-11-06 19:10:35.314554,,서대문구,3동,서대문구,2동,병원 진료,4279,29.7,기타 차량,지체장애 2급
2025-06-21 19:11:37,2025-06-21 20:46:37,2025-06-21 19:45:02.893422,2025-06-21 19:50:12.679737,2025-06-21 20:26:06.487694,,서대문구,1동,성동구,2동,관공서 방문,2788,9.6,일반 세단형,뇌병변장애 2급
2025-01-24 02:45:23,2025-01-24 05:28:23,2025-01-24 03:09:18.813842,2025-01-24 03:17:11.799874,2025-01-24 03:40:13.070154,,영등포구,1동,중랑구,3동,학교 등하교,1892,6.4,일반 세단형,뇌병변장애 1급
2025-09-30 11:36:08,2025-09-30 11:51:08,2025-09-30 11:49:03.865552,2025-09-30 11:57:40.749920,2025-09-30 12:17:21.351373,,강서구,3동,종로구,2동,여가 활동,2228,7.6,휠체어 탑승형 중형,뇌병변장애 2급
2025-09-30 17:58:21,2025-09-30 20:50:21,2025-09-30 18:39:15.638424,2025-09-30 18:40:19.891400,2025-09-30 19:28:57.420902,,부산 해운대구,3동,양천구,1동,재활 치료,3103,12.9,휠체어 탑승형 중형,신장장애
2025-05-06 17:37:55,2025-05-06 18:22:55,2025-05-06 17:56:42.699468,2025-05-06 17:59:42.146957,2025-05-06 18:12:06.683347,,강동구,1동,종로구,1동,기타,1500,4.1,휠체어 탑승형 중형,시각장애 1급
2025-10-05 18:07:55,2025-10-05 18:29:55,2025-10-05 18:21:55.147880,2025-10-05 18:22:55.147880,2025-10-05 18:38:57.432716,,구로구,1동,영등포구,1동,재활 치료,1948,6.6,휠체어 탑승형 중형,뇌병변장애 1급
2025-12-11 17:07:08,2025-12-11 19:42:08,2025-12-11 17:17:53.993864,2025-12-11 17:29:26.875089,2025-12-11 18:31:11.238438,,종로구,2동,광진구,2동,경조사,3411,17.3,기타 차량,국가유공자(상이)
2025-11-19 00:02:08,2025-11-19 00:14:08,2025-11-19 00:19:10.494447,2025-11-19 00:27:31.021803,2025-11-19 01:00:34.000425,,중구,1동,용산구,1동,기타,3005,11.5,기타 차량,뇌병변장애 1급
2025-07-05 18:23:40,2025-07-05 20:39:40,2025-07-05 18:43:21.961600,2025-07-05 18:46:31.431322,2025-07-05 19:49:09.332216,,용산구,3동,강남구,2동,여가 활동,3306,15.8,휠체어 탑승형 중형,시각장애 1급
2025-02-01 18:09:03,2025-02-01 19:23:03,2025-02-01 19:15:57.612196,2025-02-01 19:23:43.645300,2025-02-01 20:09:05.000149,,노원구,1동,강북구,3동,복지관 이용,3432,17.6,휠체어 탑승형 중형,국가유공자(상이)
2025-09-05 17:06:24,2025-09-05 18:58:24,,,,2025-09-05 17:30:24,성북구,2동,강북구,3동,기타,1500,1.4,일반 세단형,뇌병변장애 2급
2025-03-19 17:35:47,2025-03-19 19:31:47,2025-03-19 18:16:08.251484,2025-03-19 18:19:50.432021,2025-03-19 18:32:46.730751,,금천구,2동,동작구,2동,출퇴근,1500,3.7,휠체어 탑승형 중형,국가유공자(상이)
2025-11-04 09:17:10,2025-11-04 09:34:10,2025-11-04 09:21:40.664322,2025-11-04 09:28:14.685586,2025-11-04 09:59:15.871476,,도봉구,2동,송파구,1동,학교 등하교,2676,9.2,휠체어 탑승형 중형,신장장애
2025-09-28 06:06:37,2025-09-28 06:45:37,2025-09-28 06:21:33.311666,2025-09-28 06:23:36.794456,2025-09-28 08:10:55.495405,,동대문구,1동,금천구,1동,주간보호센터,4398,31.4,기타 차량,지체장애 2급
2025-03-14 21:47:44,2025-03-14 22:27:44,2025-03-14 22:18:54.158275,2025-03-14 22:37:11.734148,2025-03-14 22:58:47.279160,,관악구,2동,종로구,1동,출퇴근,1808,6.1,기타 차량,뇌병변장애 2급
2025-05-26 19:52:04,2025-05-26 22:47:04,2025-05-26 19:54:21.474754,2025-05-26 20:10:30.412810,2025-05-26 20:37:41.539605,,서초구,2동,성북구,1동,출퇴근,2676,9.2,일반 세단형,시각장애 1급
2025-02-04 10:22:20,2025-02-04 11:10:20,2025-02-04 10:31:04.712114,2025-02-04 10:38:28.199246,2025-02-04 11:08:05.041394,,송파구,3동,강동구,3동,학교 등하교,2942,10.6,휠체어 탑승형 대형,뇌병변장애 1급
2025-02-04 15:42:44,2025-02-04 17:15:44,2025-02-04 15:51:48.901686,2025-02-04 15:54:11.779164,2025-02-04 16:02:19.417533,,종로구,1동,강서구,1동,주간보호센터,1500,3.3,기타 차량,시각장애 1급
2025-03-29 15:49:41,2025-03-29 16:31:41,2025-03-29 16:03:27.270043,2025-03-29 16:06:17.278949,2025-03-29 16:23:23.053742,,강동구,1동,금천구,2동,병원 진료,1500,4.6,휠체어 탑승형 중형,지체장애 2급
2025-01-19 19:41:28,2025-01-19 22:06:28,2025-01-19 20:36:05.382803,2025-01-19 21:00:35.221802,2025-01-19 21:30:29.273015,,구로구,2동,관악구,1동,병원 진료,2676,9.2,휠체어 탑승형 중형,뇌병변장애 1급
2025-07-10 07:40:17,2025-07-10 09:24:17,2025-07-10 07:41:17,2025-07-10 07:56:53.030373,2025-07-10 08:06:32.494269,,용산구,3동,서초,1동,출퇴근,1500,3.2,일반 세단형,신장장애
2025-06-15 15:13:10,2025-06-15 17:24:10,2025-06-15 15:31:56.739570,2025-06-15 15:38:06.822462,2025-06-15 15:58:56.750363,,영등포구,2동,서대문구,3동,복지관 이용,1724,5.8,기타 차량,뇌병변장애 2급
2025-09-14 15:27:06,2025-09-14 17:24:06,2025-09-14 15:34:49.725398,2025-09-14 15:42:29.943746,2025-09-14 16:28:32.795061,,송파구,1동,서초구,3동,직업훈련,3376,16.8,휠체어 탑승형 대형,뇌병변장애 2급
2025-02-12 19:45:59,2025-02-12 20:53:59,2025-02-12 19:48:52.865248,2025-02-12 19:49:52.865248,2025-02-12 20:29:25.098721,,강서구,2동,서대문구,1동,직업훈련,3264,15.2,휠체어 탑승형 대형,신장장애
2025-07-15 21:21:55,2025-07-16 00:18:55,2025-07-15 21:25:53.816254,2025-07-15 21:38:49.192444,2025-07-15 22:04:43.647670,,강서구,2동,서초구,2동,병원 진료,2004,6.8,휠체어 탑승형 중형,뇌병변장애 2급
2025-11-13 11:22:10,2025-11-13 13:06:10,,,,2025-11-13 11:27:10,종로구,2동,도봉구,1동,관공서 방문,2396,8.2,휠체어 탑승형 중형,국가유공자(상이)
2025-09-03 11:10:53,2025-09-03 12:39:53,,,,2025-09-03 11:17:53,중구,3동,동대문구,3동,재활 치료,1500,2.7,휠체어 탑승형 중형,국가유공자(상이)
2025-12-04 17:46:05,2025-12-04 20:12:05,2025-12-04 18:13:45.727516,2025-12-04 18:22:57.252914,2025-12-04 18:42:38.714862,,중구,1동,용산구,2동,직업훈련,2368,8.1,휠체어 탑승형 대형,국가유공자(상이)
2025-03-18 23:21:51,2025-03-19 02:06:51,2025-03-18 23:23:20.549546,,,2025-03-18 23:37:20.549546,구로구,3동,서대문구,2동,복지관 이용,2704,9.3,휠체어 탑승형 대형,국가유공자(상이)
2025-03-17 10:18:04,2025-03-17 10:52:04,2025-03-17 10:22:56.733688,2025-03-17 10:30:42.433530,2025-03-17 11:15:09.219617,,마포구,2동,중랑구,3동,경조사,3390,17.0,휠체어 탑승형 대형,지체장애 2급
2025-04-01 20:29:23,2025-04-01 21:12:23,2025-04-01 21:04:03.123681,2025-04-01 21:13:47.450990,2025-04-01 21:29:44.168604,,은평구,2동,성동구,3동,주간보호센터,1836,6.2,일반 세단형,신장장애
2025-08-28 07:09:40,2025-08-28 09:21:40,2025-08-28 07:37:43.557038,2025-08-28 07:38:43.557038,2025-08-28 08:00:52.254981,,강남구,3동,은평구,2동,여가 활동,2340,8.0,휠체어 탑승형 중형,뇌병변장애 2급
2025-03-02 12:20:40,2025-03-02 13:43:40,,,,2025-03-02 12:33:40,마포구,3동,광진구,2동,병원 진료,1500,3.3,휠체어 탑승형 중형,지체장애 2급
2025-10-08 14:08:10,2025-10-08 15:41:10,2025-10-08 14:09:26.933781,2025-10-08 14:12:22.354034,2025-10-08 14:17:29.115188,,강서구,1동,강북구,3동,병원 진료,1500,2.1,휠체어 탑승형 대형,시각장애 1급
2025-04-25 12:51:31,2025-04-25 14:12:31,2025-04-25 13:33:10.712813,2025-04-25 13:34:54.343893,2025-04-25 14:39:17.355220,,서대문구,3동,마포구,2동,학교 등하교,3404,17.2,휠체어 탑승형 중형,지체장애 2급
2025-07-06 12:17:38,2025-07-06 14:52:38,2025-07-06 12:22:03.427815,2025-07-06 12:23:15.441242,2025-07-06 12:56:30.973852,,세종시,3동,용산구,2동,관공서 방문,3117,13.1,일반 세단형,신장장애
2025-08-03 15:44:17,2025-08-03 16:18:17,2025-08-03 16:05:39.556679,2025-08-03 16:06:39.556679,2025-08-03 17:11:35.377727,,종로구,2동,금천구,2동,기타,3439,17.7,휠체어 탑승형 중형,뇌병변장애 2급
2025-03-04 20:54:14,2025-03-04 21:45:14,2025-03-04 21:05:06.020483,2025-03-04 21:31:28.653037,2025-03-04 21:55:27.702200,,구로구,1동,강북구,2동,직업훈련,2452,8.4,휠체어 탑승형 중형,신장장애
2025-09-11 20:31:18,2025-09-11 21:40:18,2025-09-11 20:48:26.957997,2025-09-11 21:14:55.969712,2025-09-11 21:55:32.888531,,성북구,1동,용산구,2동,여가 활동,3019,11.7,휠체어 탑승형 중형,지체장애 1급
2025-05-31 08:13:21,2025-05-31 09:59:21,2025-05-31 09:00:09.143869,2025-05-31 09:11:45.919079,2025-05-31 09:26:53.228033,,용산구,1동,서초구,1동,주간보호센터,1584,5.3,휠체어 탑승형 대형,뇌병변장애 1급
2025-11-01 11:31:57,2025-11-01 13:15:57,2025-11-01 11:54:46.489173,2025-11-01 11:58:21.032679,2025-11-01 13:03:36.566624,,은평구,2동,용산구,2동,복지관 이용,3376,16.8,일반 세단형,뇌병변장애 2급
2025-05-06 18:23:51,2025-05-06 19:51:51,2025-05-06 18:29:57.813630,2025-05-06 18:32:58.180300,2025-05-06 18:54:48.952702,,중랑구,2동,노원구,2동,기타,1920,6.5,기타 차량,뇌병변장애 1급
2025-10-18 16:15:14,2025-10-18 18:17:14,2025-10-18 16:26:34.884965,2025-10-18 16:34:53.225307,2025-10-18 17:00:56.691783,,강서구,3동,은평구,3동,주간보호센터,2032,6.9,휠체어 탑승형 중형,뇌병변장애 1급
2025-01-24 09:52:16,2025-01-24 12:47:16,2025-01-24 09:53:16,2025-01-24 10:09:02.621637,2025-01-24 11:01:14.251180,,광진구,2동,성동구,1동,주간보호센터,3201,14.3,기타 차량,지체장애 2급
2025-06-26 13:48:34,2025-06-26 15:03:34,2025-06-26 14:11:27.096068,2025-06-26 14:24:45.820172,2025-06-26 15:00:43.817638,,은평구,2동,서초구,1동,주간보호센터,3152,13.6,휠체어 탑승형 대형,지체장애 2급
2025-06-21 01:47:22,2025-06-21 04:20:22,2025-06-21 01:54:56.062353,2025-06-21 01:55:56.062353,2025-06-21 02:15:48.407273,,은평구,2동,부산 해운대구,2동,경조사,1948,6.6,일반 세단형,지체장애 1급
2025-04-17 20:29:10,2025-04-17 21:20:10,2025-04-17 21:20:31.246861,2025-04-17 21:36:25.079027,2025-04-17 21:50:20.691448,,구로구,3동,노원구,2동,관공서 방문,1500,4.9,휠체어 탑승형 중형,시각장애 1급
2025-10-26 10:03:21,2025-10-26 11:02:21,2025-10-26 10:17:38.014178,2025-10-26 10:19:29.979844,2025-10-26 10:54:07.514253,,강북구,3동,동대문구,1동,여가 활동,2536,8.7,휠체어 탑승형 중형,뇌병변장애 2급
2025-08-09 09:38:04,2025-08-09 10:30:04,2025-08-09 09:18:04,2025-08-09 10:05:59.861631,2025-08-09 10:15:01.209384,,서대문구,3동,성동구,1동,출퇴근,1500,3.3,휠체어 탑승형 중형,뇌병변장애 1급
2025-01-21 08:16:14,2025-01-21 10:56:14,2025-01-21 08:17:14,2025-01-21 08:52:30.046049,2025-01-21 09:19:22.623220,,중구,3동,성동구,1동,출퇴근,2942,10.6,일반 세단형,신장장애
2025-09-24 07:06:35,2025-09-24 08:54:35,,,,2025-09-24 07:13:35,동작구,3동,강서구,2동,병원 진료,2200,7.5,휠체어 탑승형 대형,뇌병변장애 1급
2025-01-06 11:18:45,2025-01-06 13:37:45,2025-01-06 11:38:33.227572,2025-01-06 11:55:27.604601,2025-01-06 12:16:49.294937,,강서구,2동,강서구,2동,학교 등하교,1752,5.9,일반 세단형,국가유공자(상이)
2025-03-29 02:50:59,2025-03-29 05:40:59,2025-03-30 09:50:59,2025-03-29 03:04:29.196818,2025-03-29 04:01:34.429914,,중구,1동,동작구,1동,병원 진료,3271,15.3,일반 세단형,뇌병변장애 1급
2025-05-18 08:38:01,2025-05-18 09:48:01,2025-05-18 08:40:25.667045,2025-05-18 08:43:12.004781,2025-05-18 08:57:06.111664,,광진구,3동,중랑구,1동,학교 등하교,1500,3.5,기타 차량,신장장애
2025-09-15 21:04:43,2025-09-15 21:16:43,2025-09-15 21:25:24.140481,2025-09-15 21:26:24.140481,2025-09-15 22:07:50.398600,,용산구,2동,양천구,3동,병원 진료,3173,13.9,일반 세단형,시각장애 1급
2025-06-12 08:42:50,2025-06-12 09:51:50,2025-06-12 08:48:15.867956,2025-06-12 08:59:06.423238,2025-06-12 09:27:36.748561,,강동구,1동,용산구,1동,학교 등하교,3012,11.6,휠체어 탑승형 중형,지체장애 2급
2025-07-30 14:03:36,2025-07-30 16:29:36,2025-07-30 14:15:07.513843,2025-07-30 14:23:50.616478,2025-07-30 14:53:51.832793,,성북구,1동,성동구,1동,병원 진료,2228,7.6,휠체어 탑승형 대형,신장장애
2025-01-26 09:19:26,2025-01-26 11:28:26,2025-01-26 09:32:14.245093,2025-01-26 09:33:14.245093,2025-01-26 10:13:11.415186,,노원구,3동,관악구,1동,병원 진료,3138,13.4,일반 세단형,뇌병변장애 2급
2025-05-03 22:16:06,2025-05-04 00:43:06,2025-05-03 22:32:48.307649,2025-05-03 22:48:18.705235,2025-05-03 22:59:38.490272,,금천구,3동,서초구,1동,여가 활동,1500,4.7,기타 차량,신장장애
2025-04-14 11:43:23,2025-04-14 11:55:23,2025-04-14 11:55:42.276607,2025-04-14 11:57:04.709477,2025-04-14 12:40:20.057429,,동대문구,3동,은평구,2동,여가 활동,3019,11.7,휠체어 탑승형 중형,지체장애 1급
2025-03-25 21:28:54,2025-03-26 00:01:54,2025-03-25 21:36:13.698118,2025-03-25 21:44:57.586159,2025-03-25 22:03:39.667835,,은평구,1동,노원구,3동,재활 치료,-1920,6.5,휠체어 탑승형 대형,국가유공자(상이)
2025-11-25 16:59:17,2025-11-25 18:37:17,2025-11-25 17:05:44.035877,2025-11-25 17:07:36.458588,2025-11-25 17:25:12.302500,,강동구,3동,서초구,1동,관공서 방문,2004,6.8,일반 세단형,뇌병변장애 1급
2025-11-30 12:00:29,2025-11-30 14:05:29,2025-11-30 12:20:14.749487,2025-11-30 12:33:27.421428,2025-11-30 13:53:33.811277,,강남구,1동,중랑구,3동,병원 진료,4272,29.6,휠체어 탑승형 대형,신장장애
2025-11-27 06:57:19,2025-11-27 09:43:19,2025-11-27 07:03:25.239435,2025-11-27 07:09:26.240934,2025-11-27 07:38:55.122738,,강서구,3동,종로구,1동,주간보호센터,2977,11.1,일반 세단형,지체장애 1급
2025-05-08 08:36:50,2025-05-08 09:41:50,2025-05-08 08:44:40.088405,,,2025-05-08 08:53:40.088405,동대문구,3동,송파구,3동,학교 등하교,1920,6.5,휠체어 탑승형 중형,시각장애 1급
2025-07-14 00:12:13,2025-07-14 00:26:13,2025-07-14 00:58:47.614334,,,2025-07-14 01:01:47.614334,금천구,2동,중랑구,2동,출퇴근,1892,6.4,기타 차량,뇌병변장애 1급
2025-05-15 16:22:40,2025-05-15 16:39:40,2025-05-15 16:41:42.672723,2025-05-15 16:43:46.575946,2025-05-15 17:03:07.811067,,도봉구,1동,성북구,1동,병원 진료,2312,7.9,일반 세단형,뇌병변장애 2급
2025-11-11 23:33:22,2025-11-12 00:44:22,2025-11-11 23:58:09.462779,2025-11-12 00:21:30.549775,2025-11-12 00:28:14.645098,,중랑구,3동,금천구,1동,재활 치료,1500,2.6,휠체어 탑승형 중형,신장장애
2025-08-04 15:24:36,2025-08-04 16:18:36,2025-08-04 15:29:40.035789,2025-08-04 15:31:29.039919,2025-08-04 17:02:01.543570,,관악구,3동,관악구,2동,기타,3922,24.6,휠체어 탑승형 대형,신장장애
2025-10-20 18:19:44,2025-10-20 19:44:44,2025-10-20 18:48:13.882561,2025-10-20 18:56:15.645815,2025-10-20 19:14:10.968988,,영등포구,3동,금천구,1동,복지관 이용,2004,6.8,일반 세단형,신장장애
2025-12-03 15:37:39,2025-12-03 17:03:39,2025-12-03 15:56:14.952126,2025-12-03 16:04:50.169209,2025-12-03 16:25:35.292714,,강북구,1동,구로구,1동,기타,2396,8.2,기타 차량,시각장애 1급
2025-07-07 08:16:49,2025-07-07 08:45:49,,,,2025-07-07 08:32:49,도봉구,1동,동작구,1동,주간보호센터,2228,7.6,휠체어 탑승형 중형,신장장애
2025-10-17 17:02:06,2025-10-17 17:24:06,2025-10-17 17:24:36.903314,2025-10-17 17:26:30.825436,2025-10-17 17:48:13.747280,,강동구,2동,도봉구,3동,출퇴근,2228,7.6,휠체어 탑승형 대형,국가유공자(상이)
2025-01-06 16:38:11,2025-01-06 17:48:11,2025-01-06 16:40:16.807563,2025-01-06 16:44:56.477056,2025-01-06 17:03:59.397816,,양천구,1동,은평구,2동,복지관 이용,2144,7.3,일반 세단형,국가유공자(상이)
2025-02-17 03:36:13,2025-02-17 05:55:13,2025-02-17 03:47:16.687502,2025-02-17 03:52:17.509841,2025-02-17 03:57:53.238666,,용산구,1동,송파구,2동,병원 진료,1500,2.3,휠체어 탑승형 대형,지체장애 1급
2025-04-13 08:17:36,2025-04-13 10:45:36,2025-04-13 08:45:22.484733,2025-04-13 08:54:09.323315,2025-04-13 09:21:16.653322,,강동구,1동,종로구,3동,재활 치료,2914,10.2,일반 세단형,국가유공자(상이)
2025-10-06 07:47:39,2025-10-06 09:46:39,2025-10-06 07:50:08.109819,2025-10-06 07:55:05.500867,2025-10-06 08:39:41.400885,,성동구,3동,서초구,2동,주간보호센터,3061,12.3,일반 세단형,국가유공자(상이)
2025-09-11 08:28:38,2025-09-11 10:06:38,2025-09-11 08:42:36.571820,2025-09-11 08:46:22.129898,2025-09-11 09:18:28.210449,,중랑구,2동,서울특별시 강남구,3동,복지관 이용,2452,8.4,휠체어 탑승형 대형,시각장애 1급
2025-11-03 12:10:56,2025-11-03 13:37:56,2025-11-03 12:13:08.104909,2025-11-03 12:14:08.104909,2025-11-03 12:38:35.665827,,중랑구,2동,구로구,1동,주간보호센터,2340,8.0,일반 세단형,국가유공자(상이)
2025-07-28 10:23:22,2025-07-28 13:06:22,2025-07-28 10:36:10.385823,2025-07-28 10:42:21.202033,2025-07-28 11:01:22.162390,,송파구,3동,중랑구,1동,경조사,1864,6.3,일반 세단형,뇌병변장애 2급
2025-06-20 07:46:02,2025-06-20 10:16:02,2025-06-20 08:47:03.866250,2025-06-20 08:52:20.036172,2025-06-20 10:04:47.528153,,송파구,1동,도봉구,3동,복지관 이용,4076,26.8,일반 세단형,지체장애 1급
2025-09-11 14:08:49,2025-09-11 17:03:49,2025-09-11 14:12:32.128858,2025-09-11 14:13:32.128858,2025-09-11 14:41:45.825946,,구로구,2동,관악구,3동,복지관 이용,2452,8.4,일반 세단형,시각장애 1급
2025-08-19 11:09:54,2025-08-19 13:56:54,2025-08-19 11:18:39.552630,2025-08-19 11:19:49.461028,2025-08-19 12:00:55.653755,,강동구,2동,송파구,2동,경조사,2970,11.0,휠체어 탑승형 중형,지체장애 1급
2025-09-06 00:02:42,2025-09-06 02:17:42,2025-09-06 00:25:59.031561,2025-09-06 00:39:53.319073,2025-09-06 00:53:07.473111,,마포구,3동,종로구,1동,출퇴근,1500,4.2,휠체어 탑승형 대형,시각장애 1급
2025-02-09 08:09:57,2025-02-09 09:00:57,,,,2025-02-09 08:37:57,성동구,2동,중구,1동,주간보호센터,2704,9.3,기타 차량,지체장애 2급
2025-11-14 09:56:06,2025-11-14 10:06:06,2025-11-14 10:00:31.412692,2025-11-14 10:01:31.412692,2025-11-14 10:14:06.845568,,노원구,3동,은평구,1동,학교 등하교,1556,5.2,휠체어 탑승형 대형,국가유공자(상이)
2025-02-24 19:43:43,2025-02-24 21:00:43,,,,2025-02-24 19:57:43,동작구,1동,동대문구,1동,학교 등하교,1500,4.4,기타 차량,뇌병변장애 2급
2025-06-22 21:22:41,2025-06-22 23:15:41,,,,2025-06-22 21:34:41,강서구,1동,노원구,2동,직업훈련,2921,10.3,휠체어 탑승형 대형,뇌병변장애 1급
2025-06-29 19:17:35,2025-06-29 20:04:35,2025-06-29 19:32:59.386904,2025-06-29 19:39:55.117612,2025-06-29 20:33:33.506636,,동대문구,2동,중구,1동,주간보호센터,3194,14.2,기타 차량,지체장애 1급
2025-02-26 06:52:09,2025-02-26 07:57:09,2025-02-26 07:21:28.532041,2025-02-26 07:24:48.104748,2025-02-26 07:36:43.923208,,종로구,2동,관악구,3동,기타,1500,4.9,일반 세단형,뇌병변장애 2급
2025-04-24 00:53:50,2025-04-24 02:08:50,2025-04-24 00:25:50,,,2025-04-24 01:00:50,성북구,2동,중구,3동,학교 등하교,2935,10.5,휠체어 탑승형 중형,뇌병변장애 2급
2025-08-31 08:15:20,2025-08-31 09:23:20,2025-08-31 08:27:10.179350,2025-08-31 08:34:31.809418,2025-08-31 09:10:18.785883,,강동구,3동,동작구,1동,주간보호센터,3061,12.3,일반 세단형,뇌병변장애 2급
2025-06-04 09:07:54,2025-06-04 10:42:54,2025-06-04 09:59:37.116361,2025-06-04 10:16:46.646139,2025-06-04 11:13:14.258591,,서초,3동,용산구,1동,병원 진료,3271,15.3,휠체어 탑승형 대형,국가유공자(상이)
2025-06-02 15:21:29,2025-06-02 17:28:29,2025-06-02 15:22:29,2025-06-02 15:42:02.386863,2025-06-02 15:59:50.195646,,마포구,3동,서초구,3동,출퇴근,1948,6.6,일반 세단형,신장장애
2025-01-31 20:24:55,2025-01-31 21:53:55,2025-01-31 20:58:47.763847,2025-01-31 21:25:22.938549,2025-01-31 22:06:41.912423,,동대문구,1동,구로구,3동,복지관 이용,3047,12.1,일반 세단형,국가유공자(상이)
2025-03-17 10:28:28,2025-03-17 12:04:28,2025-03-17 10:47:42.960311,2025-03-17 11:11:16.172410,2025-03-17 11:28:57.268262,,서초구,2동,양천구,3동,관공서 방문,1500,4.8,휠체어 탑승형 대형,뇌병변장애 2급
2025-08-23 07:18:25,2025-08-23 09:28:25,2025-08-23 07:39:54.717738,2025-08-23 07:45:36.846126,2025-08-23 08:22:52.292505,,서대문구,1동,서초구,3동,주간보호센터,3173,13.9,휠체어 탑승형 대형,신장장애
2025-10-19 17:15:57,2025-10-19 18:09:57,2025-10-19 17:51:59.508819,2025-10-19 18:06:57.164720,2025-10-19 18:49:06.345024,,중구,3동,노원구,2동,주간보호센터,3299,15.7,휠체어 탑승형 대형,지체장애 1급
2025-05-23 14:46:25,2025-05-23 17:27:25,2025-05-23 14:54:10.809482,2025-05-23 15:10:56.767328,2025-05-23 15:23:22.139316,,중구,1동,구로구,1동,주간보호센터,1500,3.9,일반 세단형,국가유공자(상이)
2025-06-14 22:33:27,2025-06-15 01:11:27,2025-06-14 22:58:18.853108,2025-06-14 23:01:59.930202,2025-06-14 23:46:49.266900,,강서구,3동,양천구,1동,출퇴근,3257,15.1,기타 차량,뇌병변장애 1급
2025-09-20 14:52:02,2025-09-20 15:45:02,2025-09-20 15:21:13.731352,2025-09-20 15:26:09.441109,2025-09-20 16:11:50.141938,,마포구,3동,구로구,2동,주간보호센터,3369,16.7,일반 세단형,신장장애
2025-04-12 10:12:04,2025-04-12 12:24:04,2025-04-12 10:38:19.885296,2025-04-12 10:39:19.885296,2025-04-12 10:59:08.573777,,강남구,2동,노원구,1동,학교 등하교,2116,7.2,휠체어 탑승형 중형,신장장애
2025-10-31 17:38:43,2025-10-31 17:48:43,2025-10-31 17:39:43,2025-10-31 17:48:30.216828,2025-10-31 18:02:01.867961,,강남구,3동,도봉구,3동,기타,1500,4.9,휠체어 탑승형 중형,뇌병변장애 1급
2025-12-06 08:40:01,2025-12-06 10:37:01,2025-12-06 08:50:34.537404,2025-12-06 08:55:24.927505,2025-12-06 09:05:45.997894,,도봉구,2동,은평구,1동,복지관 이용,1500,3.7,기타 차량,뇌병변장애 1급
2025-03-21 18:17:52,2025-03-21 18:56:52,2025-03-21 18:27:44.358794,2025-03-21 18:30:13.721727,2025-03-21 19:00:04.644372,,도봉구,2동,노원구,2동,주간보호센터,2228,7.6,기타 차량,지체장애 2급
2025-11-22 11:50:20,2025-11-22 14:16:20,2025-11-22 12:01:21.939039,2025-11-22 12:14:13.235413,2025-11-22 12:44:22.726350,,성북구,2동,영등포구,3동,병원 진료,3033,11.9,기타 차량,뇌병변장애 1급
2025-08-13 18:19:21,2025-08-13 21:18:21,2025-08-13 18:25:03.921429,2025-08-13 18:30:49.889927,2025-08-13 18:45:09.091190,,강북구,3동,서대문구,1동,복지관 이용,1500,5.0,일반 세단형,시각장애 1급
2025-01-09 10:47:34,2025-01-09 11:33:34,2025-01-09 11:15:02.256186,2025-01-09 11:16:53.492116,2025-01-09 11:36:48.920388,,구로구,2동,성북구,3동,여가 활동,2116,7.2,기타 차량,시각장애 1급
2025-07-02 22:05:50,2025-07-03 00:26:50,2025-07-02 22:09:24.923650,2025-07-02 22:10:24.923650,2025-07-02 22:31:19.697658,,금천구,2동,용산구,3동,재활 치료,2256,7.7,일반 세단형,지체장애 1급
2025-06-25 13:15:53,2025-06-25 16:09:53,2025-06-25 13:21:06.657708,2025-06-25 13:23:13.000848,2025-06-25 13:36:28.559044,,중구,2동,동대문구,3동,병원 진료,1500,4.2,일반 세단형,지체장애 2급
2025-11-27 08:58:10,2025-11-27 09:40:10,2025-11-27 09:24:29.135990,2025-11-27 09:28:42.657112,2025-11-27 09:57:48.656847,,양천구,2동,강남구,1동,경조사,2977,11.1,휠체어 탑승형 중형,지체장애 1급
2025-03-07 13:58:50,2025-03-07 14:59:50,,,,2025-03-07 14:01:50,마포구,3동,동대문구,2동,재활 치료,3460,18.0,기타 차량,뇌병변장애 2급
2025-09-03 14:13:59,2025-09-03 16:27:59,,,,2025-09-03 14:14:59,도봉구,3동,용산구,2동,병원 진료,1976,6.7,기타 차량,시각장애 1급
2025-11-29 16:49:20,2025-11-29 19:00:20,2025-11-29 16:58:03.135442,2025-11-29 17:19:03.324666,2025-11-29 17:28:10.101009,,중구,3동,도봉구,2동,복지관 이용,1500,3.1,일반 세단형,지체장애 1급
2025-04-10 10:33:43,2025-04-10 11:36:43,2025-04-10 10:49:06.901276,2025-04-10 10:56:34.091621,2025-04-10 11:27:36.650702,,성북구,3동,성북구,2동,기타,3026,11.8,기타 차량,국가유공자(상이)
2025-12-22 11:31:45,2025-12-22 11:50:45,2025-12-22 11:37:32.381184,2025-12-22 11:44:02.742215,2025-12-22 12:17:06.856831,,관악구,3동,관악구,3동,경조사,2984,11.2,휠체어 탑승형 중형,뇌병변장애 2급
2025-09-13 18:29:26,2025-09-13 18:52:26,2025-09-13 18:33:48.755918,2025-09-13 18:44:49.603236,2025-09-13 19:01:30.960026,,강동구,2동,동작구,2동,관공서 방문,1696,5.7,기타 차량,국가유공자(상이)
2025-11-22 13:55:45,2025-11-22 16:26:45,2025-11-22 14:04:25.530542,2025-11-22 14:06:43.941123,2025-11-22 14:16:19.347706,,금천구,1동,광진구,1동,직업훈련,1500,3.9,기타 차량,지체장애 2급
2025-10-01 15:49:52,2025-10-01 17:43:52,2025-10-01 16:19:29.496754,,,2025-10-01 16:21:29.496754,강서구,2동,도봉구,1동,복지관 이용,3684,21.2,휠체어 탑승형 중형,뇌병변장애 1급
2025-12-22 12:10:36,2025-12-22 13:27:36,2025-12-22 13:12:44.074161,2025-12-22 13:15:28.549076,2025-12-22 13:51:04.266284,,마포구,1동,서대문구,1동,관공서 방문,3026,11.8,휠체어 탑승형 중형,지체장애 2급
2025-03-02 18:02:20,2025-03-02 21:00:20,2025-03-02 18:08:05.469246,2025-03-02 18:09:05.469246,2025-03-02 18:17:09.870569,,관악구,2동,성북구,1동,기타,1500,3.0,기타 차량,뇌병변장애 2급
2025-08-30 08:23:37,2025-08-30 08:34:37,2025-08-30 08:31:57.156099,2025-08-30 08:33:42.274851,2025-08-30 09:26:04.192153,,성동구,3동,중랑구,2동,여가 활동,3131,13.3,휠체어 탑승형 중형,지체장애 2급
2025-01-02 18:01:14,2025-01-02 20:16:14,2025-01-02 18:20:59.888679,2025-01-02 18:21:59.888679,2025-01-02 18:50:09.247589,,광진구,1동,서초구,3동,기타,2592,8.9,휠체어 탑승형 대형,뇌병변장애 1급
2025-05-07 18:26:48,2025-05-07 20:56:48,2025-05-07 18:37:11.036998,2025-05-07 18:42:57.290683,2025-05-07 18:58:20.846946,,용산구,2동,중구,2동,주간보호센터,1500,4.5,휠체어 탑승형 중형,뇌병변장애 2급
2025-12-16 09:13:25,2025-12-16 12:07:25,2025-12-16 09:14:25,2025-12-16 09:34:16.082173,2025-12-16 09:49:41.822533,,양천구,3동,은평구,2동,기타,1836,6.2,휠체어 탑승형 대형,지체장애 2급
2025-05-31 06:55:33,2025-05-31 09:11:33,2025-05-31 07:15:37.153601,2025-05-31 07:30:08.750708,2025-05-31 07:50:25.737302,,금천구,2동,동대문구,2동,경조사,2284,7.8,휠체어 탑승형 대형,지체장애 1급
2025-12-16 11:23:06,2025-12-16 14:17:06,2025-12-16 11:24:12.716003,2025-12-16 11:27:36.764696,2025-12-16 11:30:36.764696,,성북구,3동,성동구,2동,여가 활동,1500,1.0,기타 차량,신장장애
2025-08-09 06:59:14,2025-08-09 09:13:14,2025-08-09 07:16:52.840968,2025-08-09 07:17:52.840968,2025-08-09 07:58:08.814329,,동대문구,2동,광진구,3동,출퇴근,2991,11.3,휠체어 탑승형 대형,신장장애
2025-06-09 17:08:07,2025-06-09 17:40:07,2025-06-09 17:16:25.418285,2025-06-09 17:29:46.311570,2025-06-09 18:15:18.563967,,마포구,1동,서대문구,1동,경조사,3446,17.8,일반 세단형,시각장애 1급
2025-06-09 15:52:06,2025-06-09 17:23:06,2025-06-09 16:06:27.847061,2025-06-09 16:07:27.847061,2025-06-09 17:13:16.120247,,도봉구,1동,용산구,2동,복지관 이용,3607,20.1,휠체어 탑승형 대형,시각장애 1급
2025-01-02 20:56:46,2025-01-02 23:49:46,2025-01-02 21:12:35.227857,2025-01-02 21:14:57.762517,2025-01-02 21:41:27.015773,,노원구,2동,중랑구,1동,재활 치료,2200,7.5,일반 세단형,국가유공자(상이)
2025-10-21 16:42:09,2025-10-21 18:27:09,2025-10-21 16:46:52.538623,2025-10-21 16:52:28.099766,2025-10-21 17:22:49.615442,,서초구,2동,서초구,3동,관공서 방문,2480,8.5,기타 차량,뇌병변장애 1급
2025-07-12 08:12:35,2025-07-12 10:12:35,2025-07-12 08:47:55.327065,2025-07-12 09:02:17.765609,2025-07-12 09:28:24.218231,,종로구,3동,동작구,1동,재활 치료,2900,10.0,일반 세단형,신장장애
2025-02-23 15:18:31,2025-02-23 17:42:31,2025-02-23 15:20:32.606854,2025-02-23 15:24:50.943247,2025-02-23 15:46:47.859568,,중구,2동,종로구,3동,여가 활동,2004,6.8,일반 세단형,시각장애 1급
2025-08-23 13:52:28,2025-08-23 15:01:28,2025-08-23 13:54:52.688618,2025-08-23 14:06:48.035026,2025-08-23 14:44:57.704524,,금천구,1동,구로구,2동,출퇴근,3061,12.3,휠체어 탑승형 중형,뇌병변장애 2급
2025-08-29 14:44:25,2025-08-29 16:29:25,,,,2025-08-29 15:11:25,강동구,2동,동대문구,2동,병원 진료,3054,12.2,기타 차량,뇌병변장애 1급
2025-10-16 08:15:47,2025-10-16 10:51:47,2025-10-16 08:20:45.797728,2025-10-16 08:21:45.797728,2025-10-16 08:31:33.630196,,종로구,2동,성북구,3동,기타,1500,3.9,기타 차량,뇌병변장애 2급
2025-03-16 16:47:20,2025-03-16 18:23:20,2025-03-16 17:35:13.172783,2025-03-16 17:38:54.251165,2025-03-16 18:27:00.700805,,서대문구,1동,중구,3동,경조사,3131,13.3,기타 차량,뇌병변장애 2급
2025-05-13 19:42:08,2025-05-13 20:53:08,2025-05-13 20:36:22.105047,2025-05-13 20:48:16.309833,2025-05-13 20:59:47.731687,,강북구,2동,성북구,3동,경조사,1500,3.7,휠체어 탑승형 중형,뇌병변장애 2급
2025-08-30 06:15:00,2025-08-30 07:03:00,2025-08-30 06:28:24.824170,2025-08-30 06:29:44.740904,2025-08-30 07:36:33.991309,,동작구,2동,중구,1동,주간보호센터,3642,20.6,일반 세단형,뇌병변장애 2급
2025-02-26 16:07:50,2025-02-26 18:15:50,2025-02-26 16:22:45.970223,2025-02-26 16:31:52.137121,2025-02-26 16:49:52.843556,,강동구,3동,강북구,3동,병원 진료,2172,7.4,기타 차량,시각장애 1급
2025-04-18 06:12:46,2025-04-18 07:24:46,2025-04-18 06:14:37.335438,2025-04-18 06:16:32.613382,2025-04-18 06:47:23.406018,,강북구,2동,관악구,1동,병원 진료,2949,10.7,휠체어 탑승형 중형,지체장애 2급
2025-06-30 09:54:30,2025-06-30 11:38:30,2025-06-30 10:11:28.887163,2025-06-30 10:57:11.622897,2025-06-30 11:17:17.269318,,용산구,1동,은평구,3동,기타,2032,6.9,일반 세단형,뇌병변장애 1급
2025-02-19 12:33:36,2025-02-19 12:55:36,2025-02-19 12:41:44.644616,2025-02-19 12:42:44.644616,2025-02-19 13:05:16.390933,,강남구,1동,노원구,1동,주간보호센터,2340,8.0,휠체어 탑승형 대형,신장장애
2025-01-17 07:18:03,2025-01-17 09:18:03,2025-01-17 07:20:07.382977,2025-01-17 07:21:07.382977,2025-01-17 07:24:07.382977,,강동구,1동,구로구,1동,주간보호센터,1500,0.7,휠체어 탑승형 중형,시각장애 1급
2025-04-28 16:43:50,2025-04-28 19:05:50,2025-04-28 16:53:32.713131,2025-04-28 17:10:30.988604,2025-04-28 17:20:27.834230,,강북구,1동,송파구,2동,직업훈련,1500,4.1,일반 세단형,국가유공자(상이)
2025-11-29 19:29:08,2025-11-29 21:49:08,2025-11-29 19:31:25.254822,2025-11-29 19:34:34.488028,2025-11-29 19:45:55.360443,,노원구,1동,중랑구,3동,학교 등하교,1500,4.3,기타 차량,지체장애 2급
2025-02-20 14:22:01,2025-02-20 14:44:01,2025-02-20 14:36:28.180852,2025-02-20 14:48:27.551918,2025-02-20 15:11:07.080797,,송파구,3동,중구,1동,기타,2284,7.8,기타 차량,뇌병변장애 2급
2025-02-09 11:20:16,2025-02-09 12:59:16,2025-02-09 11:32:56.436440,2025-02-09 11:40:26.260670,2025-02-09 12:25:35.207478,,서대문구,2동,관악구,2동,주간보호센터,3047,12.1,휠체어 탑승형 대형,지체장애 2급
2025-06-18 02:31:28,2025-06-18 03:23:28,2025-06-18 02:34:21.126575,2025-06-18 02:35:38.995882,2025-06-18 02:42:07.324207,,구로구,1동,영등포구,1동,경조사,1500,2.0,휠체어 탑승형 대형,시각장애 1급
2025-07-04 08:54:06,2025-07-04 09:39:06,2025-07-04 09:03:56.277784,2025-07-04 09:05:07.636401,2025-07-04 09:20:21.004477,,서대문구,2동,금천구,2동,출퇴근,1640,5.5,휠체어 탑승형 대형,국가유공자(상이)
2025-06-07 06:55:45,2025-06-07 08:54:45,2025-06-07 06:59:30.444053,2025-06-07 07:00:30.444053,2025-06-07 07:14:05.293829,,서초구,1동,은평구,1동,복지관 이용,1528,5.1,휠체어 탑승형 대형,지체장애 1급
2025-03-06 18:58:08,2025-03-06 21:52:08,2025-03-06 19:01:34.263757,2025-03-06 19:12:18.677511,2025-03-06 20:03:31.113802,,영등포구,1동,마포구,1동,기타,3614,20.2,휠체어 탑승형 대형,지체장애 1급
2025-12-05 14:58:30,2025-12-05 15:50:30,2025-12-05 15:00:09.058199,2025-12-05 15:03:11.586564,2025-12-05 15:21:59.400948,,구로구,1동,금천구,1동,재활 치료,1500,4.7,휠체어 탑승형 중형,지체장애 2급
2025-04-06 08:53:47,2025-04-06 11:18:47,2025-04-06 09:56:52.213321,2025-04-06 10:17:11.028725,2025-04-06 10:50:26.684216,,은평구,3동,성북구,2동,학교 등하교,2816,9.7,일반 세단형,지체장애 1급
2025-11-21 07:32:52,2025-11-21 10:08:52,2025-11-21 08:16:01.262695,2025-11-21 08:27:38.675701,2025-11-21 08:40:46.970858,,노원구,1동,은평구,2동,경조사,1584,5.3,휠체어 탑승형 대형,시각장애 1급
2025-09-02 16:44:30,2025-09-02 19:30:30,2025-09-02 16:54:58.438127,2025-09-02 17:22:15.213951,2025-09-02 18:06:35.185198,,은평구,3동,광진구,2동,학교 등하교,3236,14.8,휠체어 탑승형 대형,국가유공자(상이)
2025-06-28 17:10:35,2025-06-28 17:51:35,2025-06-28 17:17:45.424681,2025-06-28 17:28:43.224031,2025-06-28 18:13:02.338064,,성동구,1동,강동구,1동,재활 치료,3173,13.9,휠체어 탑승형 중형,시각장애 1급
2025-09-15 17:31:40,2025-09-15 17:42:40,2025-09-15 18:25:47.901255,2025-09-15 18:26:47.901255,2025-09-15 18:39:52.630271,,동대문구,3동,양천구,3동,병원 진료,1500,4.7,휠체어 탑승형 대형,신장장애
2025-02-06 14:43:01,2025-02-06 15:38:01,2025-02-06 14:47:59.739773,2025-02-06 14:49:28.293964,2025-02-06 15:28:50.819571,,관악구,3동,도봉구,3동,관공서 방문,2900,10.0,기타 차량,지체장애 1급
2025-03-05 07:10:33,2025-03-05 08:47:33,2025-03-05 07:42:01.855877,2025-03-05 07:50:51.721190,2025-03-05 08:34:33.996652,,종로구,2동,성동구,1동,기타,3369,16.7,일반 세단형,지체장애 1급
2025-10-21 23:10:25,2025-10-22 01:09:25,2025-10-21 23:28:19.045083,2025-10-21 23:32:26.730767,2025-10-21 23:42:12.173079,,용산구,1동,도봉구,3동,여가 활동,1500,3.0,일반 세단형,지체장애 2급
2025-09-30 15:56:06,2025-09-30 18:39:06,2025-09-30 16:57:37.538106,2025-09-30 16:58:52.550673,2025-09-30 17:36:46.450827,,광진구,2동,송파구,3동,직업훈련,3019,11.7,휠체어 탑승형 중형,시각장애 1급
2025-03-26 17:12:47,2025-03-26 18:05:47,2025-03-26 17:26:54.093696,2025-03-26 17:29:28.297931,2025-03-26 18:01:02.978109,,세종시,2동,은평구,1동,복지관 이용,2452,8.4,기타 차량,뇌병변장애 2급
2025-07-28 21:40:45,2025-07-29 00:26:45,2025-07-28 22:03:43.593671,2025-07-28 22:17:30.413017,2025-07-28 22:43:49.637670,,서초구,2동,관악구,2동,학교 등하교,2032,6.9,일반 세단형,시각장애 1급
2025-09-05 12:28:17,2025-09-05 12:43:17,2025-09-05 13:13:13.363701,2025-09-05 13:17:46.338179,2025-09-05 14:09:04.464376,,종로구,2동,구로구,1동,복지관 이용,3159,13.7,휠체어 탑승형 대형,시각장애 1급
2025-12-03 17:48:18,2025-12-03 20:48:18,2025-12-03 18:01:11.828703,2025-12-03 18:08:05.010232,2025-12-03 18:57:41.028963,,금천구,2동,강북구,2동,경조사,3474,18.2,일반 세단형,지체장애 2급
2025-11-15 14:46:43,2025-11-15 16:43:43,2025-11-15 14:57:13.367230,2025-11-15 15:04:07.406800,2025-11-15 16:00:20.282867,,금천구,2동,관악구,1동,여가 활동,3439,17.7,기타 차량,신장장애
2025-08-31 08:20:23,2025-08-31 09:33:23,2025-08-31 08:21:23,2025-08-31 08:32:37.809895,2025-08-31 08:35:37.809895,,구로구,1동,강동구,1동,복지관 이용,1500,1.0,휠체어 탑승형 중형,신장장애
2025-01-06 09:05:35,2025-01-06 11:13:35,2025-01-06 10:25:35.326877,2025-01-06 10:32:02.815144,2025-01-06 11:05:46.195674,,강남구,1동,양천구,2동,복지관 이용,2991,11.3,휠체어 탑승형 대형,국가유공자(상이)
2025-12-08 12:59:50,2025-12-08 13:44:50,2025-12-08 13:05:18.854596,2025-12-08 13:08:14.659664,2025-12-08 13:30:14.912817,,마포구,3동,서초구,1동,출퇴근,2032,6.9,기타 차량,지체장애 1급
2025-12-08 11:28:28,2025-12-08 13:48:28,2025-12-08 12:02:47.615339,2025-12-08 12:13:45.490569,2025-12-08 12:37:06.986387,,중구,2동,도봉구,2동,경조사,2368,8.1,일반 세단형,시각장애 1급
2025-01-28 11:44:21,2025-01-28 12:14:21,2025-01-28 11:48:31.087696,2025-01-28 11:54:56.732293,2025-01-28 12:21:05.620648,,성북구,1동,서대문구,3동,경조사,2340,8.0,휠체어 탑승형 중형,국가유공자(상이)
2025-07-25 17:37:35,2025-07-25 18:38:35,2025-07-25 17:39:26.175909,2025-07-25 17:47:17.793961,2025-07-25 17:50:17.793961,,강동구,3동,동작구,3동,관공서 방문,1500,0.6,휠체어 탑승형 중형,국가유공자(상이)
2025-04-09 11:00:43,2025-04-09 12:41:43,2025-04-09 11:08:48.615614,2025-04-09 11:10:14.473965,2025-04-09 11:25:12.504257,,강동구,3동,영등포구,3동,관공서 방문,1556,5.2,기타 차량,뇌병변장애 2급
2025-05-11 16:55:57,2025-05-11 18:29:57,2025-05-11 17:11:19.632771,2025-05-11 17:29:16.080921,2025-05-11 18:03:28.670422,,노원구,2동,동작구,2동,주간보호센터,2732,9.4,일반 세단형,신장장애
2025-10-13 13:09:47,2025-10-13 13:39:47,2025-10-13 13:33:43.086735,2025-10-13 13:55:33.558722,2025-10-13 14:16:03.286413,,마포구,1동,양천구,1동,복지관 이용,2340,8.0,휠체어 탑승형 중형,뇌병변장애 1급
2025-12-04 09:13:00,2025-12-04 10:09:00,2025-12-04 09:31:58.385841,2025-12-04 09:36:14.860292,2025-12-04 09:58:06.586042,,동대문구,2동,강동구,3동,기타,1920,6.5,기타 차량,시각장애 1급
2025-05-06 18:51:24,2025-05-06 20:26:24,2025-05-06 18:57:47.804817,2025-05-06 19:14:29.819682,2025-05-06 19:22:06.450948,,강북구,2동,양천구,2동,기타,1500,3.0,휠체어 탑승형 중형,국가유공자(상이)
2025-12-04 19:49:17,2025-12-04 20:16:17,2025-12-04 20:02:27.012551,2025-12-04 20:14:05.188868,2025-12-04 20:50:20.070797,,중구,2동,강서구,2동,재활 치료,2648,9.1,휠체어 탑승형 중형,시각장애 1급
2025-11-05 17:22:55,2025-11-05 19:06:55,2025-11-05 17:27:08.897468,,,2025-11-05 17:39:08.897468,구로구,3동,양천구,3동,주간보호센터,2368,8.1,일반 세단형,국가유공자(상이)
2025-01-18 01:39:17,2025-01-18 03:19:17,2025-01-18 01:54:51.085987,2025-01-18 02:05:34.294659,2025-01-18 02:24:41.441529,,관악구,3동,용산구,1동,학교 등하교,1780,6.0,휠체어 탑승형 대형,지체장애 1급
2025-08-28 11:06:59,2025-08-28 11:17:59,2025-08-28 11:33:54.133229,2025-08-28 11:36:29.051068,2025-08-28 11:54:31.214128,,성북구,2동,동대문구,2동,복지관 이용,2032,6.9,일반 세단형,국가유공자(상이)
2025-06-06 07:08:59,2025-06-06 09:47:59,2025-06-06 07:20:06.841188,2025-06-06 07:22:06.036317,2025-06-06 07:28:22.951058,,동대문구,2동,중랑구,3동,병원 진료,1500,2.4,일반 세단형,국가유공자(상이)
2025-05-19 18:07:09,2025-05-19 21:04:09,2025-05-19 18:51:27.891813,2025-05-19 18:56:41.797929,2025-05-19 19:19:31.943148,,서대문구,1동,강동구,1동,관공서 방문,1920,6.5,기타 차량,국가유공자(상이)
2025-07-05 10:55:32,2025-07-05 13:20:32,2025-07-05 11:13:18.153014,2025-07-05 11:14:55.079212,2025-07-05 11:40:52.257139,,종로구,3동,양천구,3동,주간보호센터,1920,6.5,기타 차량,신장장애
2025-03-15 18:47:59,2025-03-15 20:04:59,2025-03-15 18:51:15.270043,2025-03-15 19:00:24.147220,2025-03-15 19:26:33.910780,,도봉구,2동,동대문구,2동,주간보호센터,2928,10.4,휠체어 탑승형 중형,지체장애 2급
2025-12-22 14:41:04,2025-12-22 15:02:04,2025-12-22 14:43:05.418629,2025-12-22 14:45:24.448500,2025-12-22 14:52:23.432560,,용산구,2동,종로구,1동,출퇴근,1500,2.1,휠체어 탑승형 대형,지체장애 2급
2025-12-11 10:05:32,2025-12-11 12:10:32,2025-12-11 10:16:12.928568,2025-12-11 10:22:05.204307,2025-12-11 10:36:08.805077,,양천구,3동,양천구,1동,출퇴근,1500,3.9,일반 세단형,뇌병변장애 1급
2025-01-23 07:11:18,2025-01-23 09:56:18,2025-01-23 07:27:22.096767,2025-01-23 07:47:43.775147,2025-01-23 08:13:35.511640,,강동구,3동,영등포구,1동,주간보호센터,2704,9.3,일반 세단형,지체장애 2급
2025-08-19 14:44:49,2025-08-19 16:44:49,2025-08-19 14:47:45.172342,2025-08-19 14:57:20.264142,2025-08-19 15:08:34.317442,,강남구,2동,양천구,2동,병원 진료,1500,2.9,기타 차량,시각장애 1급
2025-02-08 16:01:45,2025-02-08 17:56:45,2025-02-08 16:05:34.063822,2025-02-08 16:11:36.090727,2025-02-08 16:29:08.022848,,중구,2동,마포구,2동,관공서 방문,1920,6.5,휠체어 탑승형 중형,지체장애 1급
2025-07-02 11:04:51,2025-07-02 13:50:51,2025-07-02 11:42:02.846734,2025-07-02 11:43:02.846734,2025-07-02 12:44:33.044502,,관악구,3동,구로구,1동,관공서 방문,3278,15.4,휠체어 탑승형 중형,신장장애
2025-09-21 14:35:13,2025-09-21 16:19:13,2025-09-21 14:43:55.284178,2025-09-21 14:58:42.630408,2025-09-21 15:13:32.205079,,강동구,2동,영등포구,1동,병원 진료,1780,6.0,휠체어 탑승형 대형,뇌병변장애 1급
2025-08-11 06:25:34,2025-08-11 07:38:34,,,,2025-08-11 06:33:34,관악구,3동,서초구,2동,복지관 이용,1500,4.5,휠체어 탑승형 대형,뇌병변장애 1급
2025-05-13 14:20:55,2025-05-13 16:53:55,2025-05-13 14:28:40.223064,,,2025-05-13 14:36:40.223064,종로구,2동,동작구,1동,복지관 이용,4069,26.7,일반 세단형,시각장애 1급
2025-07-27 15:18:49,2025-07-27 18:15:49,2025-07-27 15:37:36.113344,2025-07-27 15:46:06.849063,2025-07-27 15:55:10.535245,,강서구,1동,마포구,2동,직업훈련,1500,3.3,휠체어 탑승형 중형,시각장애 1급
2025-01-10 10:50:24,2025-01-10 12:10:24,2025-01-10 10:51:50.828535,,,2025-01-10 10:59:50.828535,동대문구,1동,중구,2동,주간보호센터,3425,17.5,기타 차량,국가유공자(상이)
2025-02-13 21:11:31,2025-02-13 23:11:31,2025-02-13 21:24:42.580182,2025-02-13 21:44:23.633945,2025-02-13 22:13:22.035845,,강남구,2동,성동구,2동,복지관 이용,2256,7.7,휠체어 탑승형 대형,국가유공자(상이)
2025-08-09 15:53:16,2025-08-09 18:25:16,2025-08-09 15:54:47.110734,2025-08-09 16:05:39.971174,2025-08-09 16:44:09.758820,,광진구,1동,강남구,2동,직업훈련,2900,10.0,기타 차량,신장장애
2025-02-17 14:50:37,2025-02-17 15:34:37,2025-02-17 14:51:37,2025-02-17 15:02:07.966667,2025-02-17 15:25:55.948521,,강북구,1동,송파구,1동,경조사,2116,7.2,기타 차량,뇌병변장애 1급
2025-01-09 23:30:09,2025-01-10 00:35:09,2025-01-09 23:31:09,2025-01-09 23:39:18.996349,2025-01-09 23:52:19.993234,,마포구,3동,서초구,1동,병원 진료,1584,5.3,기타 차량,지체장애 2급
2025-04-19 07:29:06,2025-04-19 07:52:06,2025-04-19 07:43:06.030160,2025-04-19 07:45:36.679321,2025-04-19 07:51:37.015351,,강서구,1동,성동구,1동,복지관 이용,1500,2.0,휠체어 탑승형 대형,지체장애 1급
2025-09-20 10:24:38,2025-09-20 10:52:38,2025-09-20 10:33:13.947350,2025-09-20 10:34:13.947350,2025-09-20 10:55:12.725618,,용산구,2동,서대문구,3동,복지관 이용,2424,8.3,기타 차량,지체장애 2급
2025-12-11 14:44:12,2025-12-11 16:57:12,2025-12-11 15:15:46.105166,2025-12-11 15:32:45.182727,2025-12-11 16:20:51.508274,,은평구,3동,동작구,3동,기타,3488,18.4,일반 세단형,지체장애 1급
2025-08-26 17:18:06,2025-08-26 19:27:06,,,,2025-08-26 17:28:06,도봉구,3동,구로구,1동,경조사,1528,5.1,휠체어 탑승형 대형,지체장애 2급
2025-12-16 16:05:32,2025-12-16 17:34:32,2025-12-16 16:06:32,2025-12-16 16:13:08.367803,2025-12-16 16:26:58.382516,,강서구,2동,강동구,3동,경조사,1500,4.4,기타 차량,지체장애 2급
2025-02-10 06:56:40,2025-02-10 07:54:40,2025-02-10 06:58:26.213162,2025-02-10 07:03:20.414905,2025-02-10 07:23:28.392240,,강북구,1동,구로구,1동,병원 진료,2228,7.6,기타 차량,뇌병변장애 1급
2025-07-09 00:41:18,2025-07-09 01:41:18,,,,2025-07-09 00:50:18,동작구,2동,중구,1동,재활 치료,2942,10.6,일반 세단형,국가유공자(상이)
2025-09-05 17:34:35,2025-09-05 19:24:35,2025-09-05 17:57:50.811146,2025-09-05 17:58:50.811146,2025-09-05 18:08:46.999123,,서대문구,3동,금천구,1동,재활 치료,1500,3.8,휠체어 탑승형 대형,뇌병변장애 2급
2025-10-16 15:38:51,2025-10-16 16:33:51,2025-10-16 17:04:00.629965,2025-10-16 17:18:44.950968,2025-10-16 17:45:55.103571,,서초구,2동,종로구,3동,여가 활동,2676,9.2,일반 세단형,지체장애 1급
2025-12-28 07:37:01,2025-12-28 09:23:01,2025-12-28 07:52:54.184640,2025-12-28 07:55:50.336631,2025-12-28 08:19:43.196265,,강서구,3동,동대문구,1동,여가 활동,1808,6.1,일반 세단형,지체장애 2급
2025-06-06 08:21:34,2025-06-06 11:12:34,2025-06-06 08:28:30.190819,2025-06-06 08:32:00.258859,2025-06-06 08:59:16.955833,,강동구,1동,중랑구,2동,재활 치료,2872,9.9,일반 세단형,지체장애 1급
2025-05-03 18:35:20,2025-05-03 19:32:20,2025-05-03 18:42:14.781679,2025-05-03 18:48:11.151354,2025-05-03 19:10:58.669801,,강동구,2동,용산구,2동,주간보호센터,2228,7.6,휠체어 탑승형 중형,국가유공자(상이)
2025-03-26 10:38:24,2025-03-26 11:08:24,2025-03-26 10:39:24,2025-03-26 10:40:24,2025-03-26 11:01:19.934885,,용산구,2동,용산구,3동,여가 활동,2284,7.8,기타 차량,지체장애 1급
2025-10-15 09:53:40,2025-10-15 12:14:40,2025-10-15 09:54:54.109357,2025-10-15 10:14:05.645771,2025-10-15 10:28:35.767687,,서초구,3동,종로구,2동,여가 활동,1500,4.9,휠체어 탑승형 대형,시각장애 1급
2025-10-07 09:37:32,2025-10-07 11:32:32,2025-10-07 09:55:16.108120,2025-10-07 10:15:20.122676,2025-10-07 10:34:26.336719,,강서구,3동,마포구,1동,주간보호센터,2116,7.2,휠체어 탑승형 중형,국가유공자(상이)
2025-10-13 17:33:26,2025-10-13 19:59:26,2025-10-13 17:47:15.737737,,,2025-10-13 17:48:15.737737,강북구,1동,금천구,1동,여가 활동,1500,4.8,기타 차량,지체장애 2급
2025-03-23 13:00:24,2025-03-23 14:36:24,2025-03-23 13:10:37.890153,2025-03-23 13:11:37.890153,2025-03-23 13:18:09.929532,,영등포구,3동,중랑구,2동,관공서 방문,1500,2.0,기타 차량,국가유공자(상이)
2025-10-02 07:13:32,2025-10-02 07:24:32,2025-10-02 07:14:36.613288,2025-10-02 07:17:18.504215,2025-10-02 07:28:55.398038,,서초구,1동,은평구,3동,관공서 방문,1500,3.7,기타 차량,지체장애 1급
2025-02-27 10:01:26,2025-02-27 12:38:26,2025-02-27 11:14:53.303181,2025-02-27 11:22:18.172034,2025-02-27 11:58:21.876332,,노원구,2동,서초구,2동,학교 등하교,3152,13.6,휠체어 탑승형 중형,뇌병변장애 1급
2025-07-30 12:03:13,2025-07-30 12:14:13,2025-07-30 12:13:40.436295,2025-07-30 12:40:54.399157,2025-07-30 13:28:56.620625,,서대문구,2동,중랑구,2동,병원 진료,3208,14.4,기타 차량,뇌병변장애 2급
2025-02-07 17:16:34,2025-02-07 18:25:34,2025-02-07 17:19:22.890953,2025-02-07 17:25:11.169084,2025-02-07 18:06:55.940375,,종로구,1동,광진구,2동,주간보호센터,2942,10.6,일반 세단형,지체장애 1급
2025-01-09 17:06:34,2025-01-09 19:05:34,2025-01-09 17:28:42.594045,2025-01-09 17:32:49.279004,2025-01-09 18:12:57.942537,,도봉구,2동,서대문구,1동,주간보호센터,3068,12.4,휠체어 탑승형 대형,지체장애 2급
2025-01-20 21:38:19,2025-01-20 22:15:19,2025-01-20 22:19:16.797264,2025-01-20 22:26:50.659708,2025-01-20 22:54:51.376542,,동작구,1동,성북구,2동,기타,2788,9.6,기타 차량,지체장애 2급
2025-11-18 14:07:20,2025-11-18 14:32:20,2025-11-18 14:37:18.849748,2025-11-18 14:45:08.020043,2025-11-18 15:19:36.352881,,강서구,1동,도봉구,3동,학교 등하교,2536,8.7,휠체어 탑승형 대형,뇌병변장애 1급
2025-12-06 23:33:56,2025-12-07 00:22:56,2025-12-06 23:45:29.942999,2025-12-06 23:51:36.225788,2025-12-07 00:09:09.205810,,구로구,3동,마포구,1동,재활 치료,1500,4.6,휠체어 탑승형 대형,뇌병변장애 2급
2025-08-03 19:24:16,2025-08-03 21:06:16,2025-08-03 19:41:54.159757,2025-08-03 19:44:34.414428,2025-08-03 20:00:23.554740,,강서구,2동,서대문구,1동,주간보호센터,1500,4.8,일반 세단형,국가유공자(상이)
2025-06-17 08:44:37,2025-06-17 11:35:37,2025-06-17 08:45:37,2025-06-17 08:52:32.585704,2025-06-17 09:13:44.816322,,마포구,3동,서초구,2동,경조사,2368,8.1,기타 차량,지체장애 1급
2025-05-19 07:57:34,2025-05-19 09:56:34,2025-05-19 08:03:51.044972,2025-05-19 08:28:04.261729,2025-05-19 09:42:44.250319,,구로구,1동,중랑구,1동,관공서 방문,4251,29.3,일반 세단형,지체장애 1급
2025-05-29 18:20:56,2025-05-29 19:05:56,2025-05-29 18:21:56,2025-05-29 18:26:33.754682,2025-05-29 19:12:35.720029,,강동구,1동,중구,3동,학교 등하교,3502,18.6,일반 세단형,신장장애
2025-07-04 19:26:53,2025-07-04 19:47:53,2025-07-04 19:34:08.959905,2025-07-04 19:43:32.372935,2025-07-04 19:51:27.563469,,성동구,3동,구로구,2동,학교 등하교,1500,2.7,휠체어 탑승형 대형,뇌병변장애 1급
2025-05-10 07:41:58,2025-05-10 08:23:58,2025-05-10 07:42:58,2025-05-10 07:44:40.901746,2025-05-10 08:01:17.120527,,양천구,3동,강서구,3동,병원 진료,2004,6.8,기타 차량,지체장애 2급
2025-10-27 11:44:18,2025-10-27 12:07:18,,,,2025-10-27 12:14:18,강동구,3동,용산구,2동,경조사,2088,7.1,일반 세단형,지체장애 2급
2025-03-01 09:19:05,2025-03-01 11:20:05,2025-03-01 09:20:22.764702,2025-03-01 09:29:22.396307,2025-03-01 09:34:13.898244,,성북구,1동,관악구,1동,출퇴근,1500,1.9,휠체어 탑승형 대형,뇌병변장애 1급
2025-06-09 10:42:15,2025-06-09 12:18:15,2025-06-09 10:45:52.991870,2025-06-09 10:48:06.761563,2025-06-09 11:25:12.017934,,금천구,1동,도봉구,2동,재활 치료,3082,12.6,일반 세단형,지체장애 1급
2025-08-02 08:55:49,2025-08-02 09:42:49,2025-08-02 09:24:01.876086,2025-08-02 09:27:53.947010,2025-08-02 09:51:14.095399,,도봉구,2동,성북구,3동,병원 진료,2452,8.4,휠체어 탑승형 대형,뇌병변장애 2급
2025-11-21 10:24:27,2025-11-21 11:02:27,2025-11-21 10:33:40.737332,2025-11-21 10:34:40.737332,2025-11-21 10:45:12.058049,,구로구,2동,서대문구,3동,직업훈련,1500,3.5,휠체어 탑승형 대형,뇌병변장애 2급
2025-04-07 13:04:13,2025-04-07 15:17:13,2025-04-07 13:05:13,2025-04-07 13:27:24.912550,2025-04-07 14:42:07.744943,,강북구,3동,노원구,3동,재활 치료,4209,28.7,휠체어 탑승형 중형,뇌병변장애 1급
2025-10-28 18:55:58,2025-10-28 19:49:58,2025-10-28 19:18:57.072056,2025-10-28 19:30:06.710981,2025-10-28 19:48:18.008357,,광진구,1동,강남구,2동,주간보호센터,1808,6.1,휠체어 탑승형 중형,뇌병변장애 1급
2025-03-07 06:50:38,2025-03-07 09:26:38,2025-03-07 07:29:43.735359,2025-03-07 07:30:43.735359,2025-03-07 07:52:03.208799,,중구,3동,강북구,2동,여가 활동,2312,7.9,휠체어 탑승형 대형,시각장애 1급
2025-06-08 10:42:13,2025-06-08 13:03:13,2025-06-08 11:01:00.651780,2025-06-08 11:03:36.721823,2025-06-08 11:20:24.573152,,동대문구,2동,성동구,3동,여가 활동,1500,4.5,휠체어 탑승형 대형,지체장애 1급
2025-12-20 14:58:58,2025-12-20 16:08:58,2025-12-20 15:18:13.799780,2025-12-20 15:34:20.551377,2025-12-20 16:06:43.371986,,은평구,2동,구로구,3동,재활 치료,2991,11.3,일반 세단형,지체장애 1급
2025-01-20 02:11:51,2025-01-20 02:25:51,2025-01-20 02:35:31.613785,2025-01-20 02:40:03.418591,2025-01-20 02:49:24.562076,,관악구,3동,동작구,1동,주간보호센터,1500,3.7,기타 차량,신장장애
2025-06-02 13:27:11,2025-06-02 13:46:11,2025-06-02 13:38:23.157379,2025-06-02 13:39:47.487025,2025-06-02 13:58:39.285627,,서초구,2동,광진구,2동,주간보호센터,1808,6.1,휠체어 탑승형 대형,국가유공자(상이)
2025-09-09 17:13:40,2025-09-09 18:49:40,2025-09-09 17:21:38.441777,2025-09-09 17:27:20.048709,2025-09-09 17:57:19.498633,,도봉구,1동,중랑구,1동,관공서 방문,3005,11.5,기타 차량,지체장애 1급
2025-02-22 20:32:55,2025-02-22 23:10:55,2025-02-23 21:32:55,2025-02-22 20:39:15.334830,2025-02-22 21:09:57.944154,,강서구,1동,노원구,1동,관공서 방문,2704,9.3,휠체어 탑승형 대형,시각장애 1급
2025-08-18 17:34:43,2025-08-18 19:20:43,2025-08-18 17:58:52.189553,2025-08-18 17:59:52.189553,2025-08-18 18:20:42.686634,,관악구,1동,노원구,1동,여가 활동,2172,7.4,기타 차량,시각장애 1급
2025-10-04 17:22:45,2025-10-04 19:11:45,2025-10-04 17:41:08.845745,2025-10-04 17:44:03.101194,2025-10-04 18:00:44.697271,,중구,3동,은평구,3동,관공서 방문,1808,6.1,휠체어 탑승형 중형,뇌병변장애 1급
2025-07-31 16:26:20,2025-07-31 17:44:20,2025-07-31 16:30:07.469878,2025-07-31 16:31:07.469878,2025-07-31 17:02:34.590134,,종로구,1동,양천구,1동,주간보호센터,3075,12.5,기타 차량,국가유공자(상이)
2025-09-16 11:59:25,2025-09-16 13:32:25,2025-09-16 12:04:46.596531,2025-09-16 12:25:10.268422,2025-09-16 12:54:15.055368,,성동구,2동,동작구,3동,관공서 방문,2984,11.2,휠체어 탑승형 중형,신장장애
2025-06-29 12:36:27,2025-06-29 13:57:27,2025-06-29 12:44:58.728725,2025-06-29 12:53:02.307608,2025-06-29 12:58:21.083880,,마포구,1동,서대문구,3동,관공서 방문,1500,1.9,휠체어 탑승형 대형,지체장애 1급
2025-10-23 09:19:43,2025-10-23 11:47:43,2025-10-23 09:23:39.743821,2025-10-23 09:25:30.811359,2025-10-23 10:48:50.297957,,성북구,1동,금천구,1동,기타,-3768,22.4,기타 차량,국가유공자(상이)
2025-12-04 17:42:11,2025-12-04 18:08:11,,,,2025-12-04 17:45:11,양천구,3동,종로구,2동,병원 진료,2004,6.8,기타 차량,뇌병변장애 1급
2025-11-16 16:29:46,2025-11-16 18:15:46,2025-11-16 16:42:00.589005,2025-11-16 16:43:09.072763,2025-11-16 17:03:28.668064,,송파구,1동,성동구,3동,병원 진료,1780,6.0,기타 차량,신장장애
2025-10-04 14:33:29,2025-10-04 17:14:29,2025-10-04 14:41:04.802836,,,2025-10-04 14:48:04.802836,중구,2동,강서구,1동,경조사,1556,5.2,휠체어 탑승형 중형,지체장애 2급
2025-07-17 12:17:55,2025-07-17 14:23:55,2025-07-17 12:18:55,2025-07-17 12:29:15.153916,2025-07-17 13:08:07.697034,,동대문구,2동,동작구,2동,주간보호센터,3103,12.9,일반 세단형,시각장애 1급
2025-03-13 21:30:00,2025-03-13 23:20:00,2025-03-13 21:32:43.378704,2025-03-13 21:44:14.091549,2025-03-13 21:52:43.815295,,강동구,2동,양천구,2동,재활 치료,1500,2.4,휠체어 탑승형 중형,지체장애 2급
2025-01-24 07:11:21,2025-01-24 08:15:21,2025-01-24 07:25:07.143608,2025-01-24 07:35:51.132341,2025-01-24 08:01:30.905458,,종로구,3동,영등포구,3동,기타,2648,9.1,휠체어 탑승형 중형,국가유공자(상이)
2025-12-16 19:08:20,2025-12-16 21:44:20,2025-12-16 19:19:11.929527,2025-12-16 19:25:05.444285,2025-12-16 20:03:49.630950,,은평구,1동,영등포구,1동,재활 치료,2977,11.1,기타 차량,뇌병변장애 2급
2025-08-20 16:50:29,2025-08-20 18:57:29,2025-08-20 16:58:06.512832,2025-08-20 17:03:49.960793,2025-08-20 17:14:22.078276,,마포구,1동,강서구,2동,직업훈련,1500,3.2,일반 세단형,지체장애 1급
2025-08-08 15:14:33,2025-08-08 17:27:33,2025-08-08 17:17:19.549253,2025-08-08 17:20:07.729840,2025-08-08 17:31:13.963534,,동대문구,1동,관악구,2동,여가 활동,1500,3.8,일반 세단형,뇌병변장애 2급
2025-06-03 17:13:08,2025-06-03 20:05:08,2025-06-03 17:23:45.911980,2025-06-03 17:33:48.431318,2025-06-03 17:41:12.068453,,동작구,2동,금천구,2동,경조사,1500,3.0,일반 세단형,지체장애 2급
2025-02-20 20:24:46,2025-02-20 21:06:46,2025-02-20 20:31:03.415455,2025-02-20 20:43:13.708723,2025-02-20 21:06:01.797216,,광진구,2동,동대문구,3동,출퇴근,2368,8.1,휠체어 탑승형 중형,지체장애 1급
2025-06-08 10:26:00,2025-06-08 11:56:00,2025-06-08 11:03:02.623077,2025-06-08 11:16:29.186146,2025-06-08 11:30:41.619949,,강동구,2동,용산구,3동,주간보호센터,1500,4.9,휠체어 탑승형 중형,뇌병변장애 2급
2025-07-06 13:31:22,2025-07-06 14:37:22,,,,2025-07-06 13:57:22,양천구,2동,마포구,1동,병원 진료,1500,4.5,일반 세단형,시각장애 1급
2025-07-13 06:20:10,2025-07-13 07:15:10,2025-07-13 06:35:36.600612,2025-07-13 06:46:20.718409,2025-07-13 06:58:16.774172,,도봉구,2동,노원구,2동,직업훈련,1500,3.9,휠체어 탑승형 대형,지체장애 1급
2025-10-25 10:59:02,2025-10-25 13:04:02,,,,2025-10-25 11:12:02,도봉구,3동,중랑구,2동,복지관 이용,2508,8.6,일반 세단형,지체장애 1급
2025-04-02 06:17:43,2025-04-02 07:22:43,,,,2025-04-02 06:39:43,구로구,1동,광진구,2동,관공서 방문,3117,13.1,휠체어 탑승형 대형,뇌병변장애 1급
2025-04-03 22:00:43,2025-04-03 23:10:43,,,,2025-04-03 22:07:43,성북구,3동,양천구,3동,주간보호센터,2256,7.7,기타 차량,시각장애 1급
2025-07-11 09:11:06,2025-07-11 10:46:06,2025-07-11 09:32:54.242093,2025-07-11 09:36:46.026517,2025-07-11 10:20:58.828528,,중구,3동,강서구,3동,직업훈련,3355,16.5,일반 세단형,시각장애 1급
2025-07-18 11:45:59,2025-07-18 13:51:59,2025-07-18 12:21:44.903101,2025-07-18 12:33:46.090732,2025-07-18 12:56:50.527646,,관악구,3동,양천구,1동,관공서 방문,2704,9.3,일반 세단형,지체장애 2급
2025-08-06 12:40:20,2025-08-06 14:49:20,2025-08-06 12:53:39.395484,2025-08-06 13:09:28.986936,2025-08-06 13:14:46.921676,,용산구,1동,용산구,3동,복지관 이용,1500,1.7,기타 차량,지체장애 2급
2025-02-18 05:42:23,2025-02-18 07:06:23,2025-02-18 05:57:01.149675,2025-02-18 05:58:54.646564,2025-02-18 06:07:28.388557,,서초구,1동,강동구,3동,경조사,1500,2.4,휠체어 탑승형 대형,국가유공자(상이)
2025-02-27 17:48:56,2025-02-27 19:02:56,2025-02-27 17:52:31.663249,2025-02-27 17:58:58.359664,2025-02-27 18:16:39.029501,,성동구,2동,서대문구,3동,출퇴근,1612,5.4,휠체어 탑승형 대형,시각장애 1급
2025-01-20 08:14:27,2025-01-20 11:06:27,2025-01-20 08:31:06.247319,2025-01-20 08:38:50.818660,2025-01-20 09:03:48.971418,,도봉구,3동,광진구,2동,관공서 방문,2284,7.8,일반 세단형,지체장애 1급
2025-10-03 09:30:12,2025-10-03 11:34:12,2025-10-03 09:46:56.339580,2025-10-03 09:47:56.339580,2025-10-03 10:38:10.958976,,노원구,1동,노원구,3동,주간보호센터,3663,20.9,휠체어 탑승형 중형,신장장애
2025-02-27 20:08:49,2025-02-27 20:39:49,2025-02-27 20:14:03.145118,,,2025-02-27 20:15:03.145118,도봉구,1동,성동구,3동,학교 등하교,1500,3.9,기타 차량,뇌병변장애 2급
2025-10-12 09:48:27,2025-10-12 12:32:27,2025-10-12 09:59:42.085818,2025-10-12 10:02:40.254873,2025-10-12 10:13:00.647868,,노원구,2동,노원구,2동,기타,1500,3.2,기타 차량,신장장애
2025-12-09 10:42:16,2025-12-09 12:15:16,2025-12-09 11:09:05.365793,2025-12-09 11:15:45.078571,2025-12-09 12:02:53.503046,,중랑구,1동,송파구,2동,기타,3131,13.3,휠체어 탑승형 대형,뇌병변장애 2급
2025-10-08 10:37:10,2025-10-08 11:06:10,2025-10-08 10:40:04.789598,2025-10-08 10:54:36.794779,2025-10-08 11:25:25.211509,,강남구,2동,성북구,2동,기타,2907,10.1,일반 세단형,지체장애 2급
2025-06-08 06:26:45,2025-06-08 08:29:45,2025-06-08 06:42:45.921631,2025-06-08 06:43:45.921631,2025-06-08 06:57:41.337250,,은평구,1동,성동구,3동,학교 등하교,1500,4.7,기타 차량,신장장애
2025-09-10 14:32:35,2025-09-10 15:36:35,2025-09-10 15:10:48.622856,2025-09-10 15:13:24.079239,2025-09-10 15:42:26.724057,,강북구,2동,송파구,2동,직업훈련,2816,9.7,기타 차량,지체장애 2급
2025-05-12 20:28:55,2025-05-12 22:41:55,2025-05-12 20:40:14.602040,2025-05-12 20:49:40.188910,2025-05-12 21:17:06.728257,,강북구,3동,노원구,2동,출퇴근,2991,11.3,일반 세단형,뇌병변장애 2급
2025-06-27 03:22:31,2025-06-27 05:23:31,2025-06-27 03:28:02.352123,2025-06-27 03:30:44.534644,2025-06-27 03:42:47.910147,,도봉구,1동,중랑구,2동,학교 등하교,1500,5.0,휠체어 탑승형 대형,국가유공자(상이)
2025-08-24 08:55:07,2025-08-24 11:26:07,2025-08-24 09:07:40.895947,2025-08-24 09:17:18.949073,2025-08-24 09:27:44.130737,,구로구,2동,마포구,1동,학교 등하교,1500,3.3,일반 세단형,지체장애 2급
2025-01-22 10:35:01,2025-01-22 10:55:01,2025-01-22 10:58:35.745184,2025-01-22 11:40:48.256089,2025-01-22 12:19:36.951935,,강북구,3동,은평구,3동,직업훈련,3061,12.3,일반 세단형,뇌병변장애 2급
2025-06-13 12:21:41,2025-06-13 12:36:41,2025-06-13 12:41:17.012375,2025-06-13 12:48:21.533294,2025-06-13 12:58:50.840789,,강서구,3동,동작구,3동,관공서 방문,1500,3.7,휠체어 탑승형 중형,국가유공자(상이)
2025-09-15 12:24:20,2025-09-15 14:37:20,2025-09-15 12:36:16.415849,2025-09-15 12:40:58.080607,2025-09-15 13:11:53.199131,,광진구,3동,송파구,2동,직업훈련,2620,9.0,일반 세단형,시각장애 1급
2025-02-18 18:25:31,2025-02-18 19:06:31,2025-02-18 18:32:13.534893,2025-02-18 18:35:40.556099,2025-02-18 18:50:31.977867,,송파구,1동,성동구,1동,병원 진료,1668,5.6,휠체어 탑승형 대형,신장장애
2025-07-08 16:21:40,2025-07-08 19:11:40,2025-07-08 16:25:44.465274,,,2025-07-08 16:45:44.465274,강동구,3동,서대문구,2동,복지관 이용,1668,5.6,휠체어 탑승형 중형,국가유공자(상이)
2025-08-28 18:13:16,2025-08-28 18:51:16,2025-08-28 18:28:54.443499,,,2025-08-28 18:30:54.443499,성북구,1동,동대문구,2동,학교 등하교,2949,10.7,휠체어 탑승형 중형,뇌병변장애 1급
2025-05-05 07:28:46,2025-05-05 09:00:46,2025-05-05 07:57:32.109400,2025-05-05 08:11:49.709725,2025-05-05 08:42:09.110600,,성동구,2동,강서구,2동,학교 등하교,2480,8.5,휠체어 탑승형 중형,지체장애 1급
2025-02-13 09:37:39,2025-02-13 11:09:39,2025-02-13 10:08:49.508257,2025-02-13 10:09:49.508257,2025-02-13 10:24:15.001595,,마포구,3동,중랑구,3동,관공서 방문,1500,4.5,기타 차량,시각장애 1급
2025-04-20 17:07:44,2025-04-20 18:43:44,2025-04-20 17:11:47.234977,2025-04-20 17:18:12.923648,2025-04-20 17:45:34.081725,,용산구,3동,강서구,1동,기타,2480,8.5,휠체어 탑승형 대형,지체장애 1급
2025-01-10 15:18:16,2025-01-10 16:24:16,2025-01-10 15:29:41.406539,2025-01-10 15:32:38.944680,2025-01-10 15:43:52.372566,,서대문구,2동,중구,3동,경조사,1500,4.0,휠체어 탑승형 중형,뇌병변장애 1급
2025-09-05 08:16:43,2025-09-05 11:11:43,,,,2025-09-05 08:42:43,중랑구,2동,은평구,1동,복지관 이용,1500,3.7,휠체어 탑승형 대형,신장장애
2025-05-26 18:34:10,2025-05-26 19:54:10,2025-05-26 18:37:13.749214,2025-05-26 18:38:13.749214,2025-05-26 18:57:46.791358,,성동구,1동,은평구,3동,여가 활동,2004,6.8,휠체어 탑승형 중형,뇌병변장애 2급
2025-07-10 16:55:29,2025-07-10 19:41:29,2025-07-10 17:20:01.352712,2025-07-10 17:37:51.629608,2025-07-10 18:25:03.765536,,금천구,3동,중랑구,3동,출퇴근,3341,16.3,일반 세단형,뇌병변장애 2급
2025-10-04 15:03:43,2025-10-04 18:03:43,2025-10-04 15:17:53.609816,2025-10-04 15:25:17.379084,2025-10-04 15:32:57.175858,,서초구,1동,동작구,1동,재활 치료,1500,2.2,기타 차량,신장장애
2025-09-11 12:27:06,2025-09-11 12:44:06,2025-09-11 13:06:41.574993,2025-09-11 13:11:24.926247,2025-09-11 13:29:02.174030,,강서구,2동,송파구,2동,복지관 이용,1780,6.0,휠체어 탑승형 중형,지체장애 2급
2025-12-25 16:20:26,2025-12-25 18:10:26,2025-12-25 16:23:18.985458,2025-12-25 16:27:16.088370,2025-12-25 17:00:09.212494,,성동구,3동,부산 해운대구,3동,병원 진료,3082,12.6,휠체어 탑승형 대형,신장장애
2025-05-15 17:36:45,2025-05-15 20:20:45,2025-05-15 17:45:40.991189,2025-05-15 17:48:44.604458,2025-05-15 18:34:03.857604,,종로구,1동,종로구,2동,여가 활동,3089,12.7,휠체어 탑승형 대형,지체장애 1급
2025-09-07 18:50:02,2025-09-07 19:10:02,2025-09-07 18:59:20.094950,2025-09-07 19:00:36.032219,2025-09-07 19:21:43.809696,,성북구,3동,서초구,1동,주간보호센터,2088,7.1,기타 차량,신장장애
2025-12-17 17:49:04,2025-12-17 18:45:04,,,,2025-12-17 18:18:04,강동구,2동,강동구,1동,여가 활동,2963,10.9,기타 차량,지체장애 2급
2025-01-20 14:00:49,2025-01-20 15:37:49,2025-01-20 14:19:10.402574,2025-01-20 14:20:10.402574,2025-01-20 14:31:11.460616,,강남구,2동,강서구,2동,기타,1500,2.9,휠체어 탑승형 대형,신장장애
2025-10-03 14:22:49,2025-10-03 15:32:49,2025-10-03 14:42:14.018691,2025-10-03 14:58:56.810201,2025-10-03 15:07:53.892890,,마포구,1동,서초구,1동,경조사,1500,3.4,기타 차량,시각장애 1급
2025-02-07 02:27:51,2025-02-07 03:38:51,2025-02-07 02:47:14.173267,2025-02-07 02:48:14.173267,2025-02-07 03:44:03.344263,,강남구,2동,동대문구,3동,주간보호센터,3719,21.7,휠체어 탑승형 대형,뇌병변장애 2급
2025-04-29 04:51:48,2025-04-29 07:12:48,2025-04-29 05:01:17.720611,2025-04-29 05:18:21.573977,2025-04-29 05:36:13.153424,,강북구,2동,송파구,3동,재활 치료,1836,6.2,일반 세단형,뇌병변장애 1급
2025-01-26 08:37:28,2025-01-26 10:32:28,2025-01-26 08:40:54.992997,2025-01-26 08:43:10.443695,2025-01-26 09:05:39.278832,,은평구,1동,서대문구,1동,여가 활동,2676,9.2,일반 세단형,지체장애 1급
2025-03-06 17:49:00,2025-03-06 18:34:00,2025-03-06 18:12:34.306502,2025-03-06 18:26:56.725843,2025-03-06 18:36:24.581658,,강서구,1동,영등포구,1동,관공서 방문,1500,2.8,휠체어 탑승형 대형,시각장애 1급
2025-05-29 10:59:47,2025-05-29 12:13:47,2025-05-29 11:32:44.521836,2025-05-29 11:51:00.829335,2025-05-29 12:17:58.812742,,강남구,2동,경기 성남시,1동,직업훈련,2004,6.8,휠체어 탑승형 대형,뇌병변장애 1급
2025-10-04 16:10:12,2025-10-04 17:21:12,2025-10-04 17:18:52.495432,2025-10-04 17:23:01.491200,2025-10-04 18:00:03.120084,,광진구,1동,강동구,2동,병원 진료,3096,12.8,휠체어 탑승형 대형,뇌병변장애 2급
2025-02-23 18:58:49,2025-02-23 21:48:49,2025-02-23 19:09:06.646754,2025-02-23 19:18:00.623476,2025-02-23 19:39:07.047747,,은평구,1동,금천구,2동,병원 진료,1948,6.6,기타 차량,뇌병변장애 2급
2025-04-08 06:51:45,2025-04-08 09:03:45,2025-04-08 06:52:54.091251,2025-04-08 07:00:06.004198,2025-04-08 07:41:34.728863,,강북구,1동,강동구,3동,기타,3208,14.4,휠체어 탑승형 중형,뇌병변장애 1급
2025-09-07 06:39:30,2025-09-07 07:59:30,2025-09-07 06:44:41.824399,2025-09-07 06:57:29.311194,2025-09-07 07:24:39.334479,,종로구,3동,강서구,3동,복지관 이용,2592,8.9,휠체어 탑승형 중형,국가유공자(상이)
2025-11-19 19:28:57,2025-11-19 21:51:57,2025-11-19 19:42:58.424963,2025-11-19 19:47:11.898838,2025-11-19 20:22:23.158710,,광진구,2동,성동구,1동,주간보호센터,2914,10.2,일반 세단형,국가유공자(상이)
2025-03-09 23:18:36,2025-03-09 23:49:36,2025-03-09 23:54:30.021628,2025-03-10 00:00:21.805884,2025-03-10 00:06:54.366152,,영등포구,1동,종로구,3동,학교 등하교,1500,1.7,휠체어 탑승형 대형,뇌병변장애 1급
2025-08-05 09:29:51,2025-08-05 09:52:51,2025-08-05 09:34:03.322497,2025-08-05 09:49:41.657618,2025-08-05 10:11:20.545213,,서대문구,1동,은평구,3동,직업훈련,2088,7.1,휠체어 탑승형 중형,시각장애 1급
2025-03-15 14:54:02,2025-03-15 17:43:02,2025-03-15 15:17:10.510329,2025-03-15 15:18:36.047130,2025-03-15 15:26:13.585144,,금천구,1동,용산구,2동,기타,1500,2.4,휠체어 탑승형 중형,지체장애 2급
2025-08-23 21:24:23,2025-08-24 00:19:23,,,,2025-08-23 21:30:23,성동구,3동,마포구,3동,학교 등하교,1500,3.2,휠체어 탑승형 중형,시각장애 1급
2025-07-07 16:27:31,2025-07-07 18:51:31,2025-07-07 16:55:52.719843,2025-07-07 17:05:32.945092,2025-07-07 17:11:47.557920,,양천구,3동,양천구,1동,경조사,1500,2.6,휠체어 탑승형 중형,신장장애
2025-10-21 13:11:25,2025-10-21 14:28:25,2025-10-21 13:13:37.298044,2025-10-21 13:19:31.406377,2025-10-21 13:52:46.880748,,영등포구,2동,구로구,2동,경조사,2914,10.2,기타 차량,국가유공자(상이)
2025-05-24 16:21:32,2025-05-24 17:37:32,2025-05-24 16:26:52.378202,2025-05-24 16:35:02.019013,2025-05-24 16:52:13.094146,,관악구,1동,도봉구,2동,병원 진료,1836,6.2,휠체어 탑승형 중형,신장장애
2025-11-24 17:56:15,2025-11-24 19:48:15,2025-11-24 18:03:04.148867,2025-11-24 18:11:56.445666,2025-11-24 18:25:42.127817,,서초구,1동,종로구,1동,직업훈련,1500,4.2,기타 차량,신장장애
2025-08-07 22:47:16,2025-08-07 23:10:16,2025-08-07 23:02:43.622450,2025-08-07 23:19:31.314900,2025-08-07 23:25:14.773607,,은평구,2동,종로구,3동,경조사,1500,1.7,기타 차량,지체장애 2급
2025-02-02 22:17:34,2025-02-03 00:58:34,2025-02-02 22:22:09.662115,2025-02-02 22:38:49.905005,2025-02-02 22:43:58.022615,,양천구,2동,금천구,1동,직업훈련,1500,2.0,휠체어 탑승형 대형,신장장애
2025-10-09 16:33:34,2025-10-09 16:49:34,2025-10-09 16:37:52.301990,2025-10-09 17:13:00.131184,2025-10-09 17:18:33.026023,,강동구,1동,성동구,3동,학교 등하교,1500,1.7,일반 세단형,국가유공자(상이)
2025-11-05 21:42:30,2025-11-06 00:28:30,2025-11-05 22:40:44.032797,2025-11-05 22:55:39.173630,2025-11-05 23:42:12.687403,,종로구,3동,중랑구,3동,여가 활동,3019,11.7,휠체어 탑승형 대형,시각장애 1급
2025-03-02 18:50:58,2025-03-02 19:26:58,2025-03-02 19:17:17.519263,2025-03-02 19:25:40.715349,2025-03-02 19:45:50.646426,,은평구,3동,영등포구,2동,여가 활동,1612,5.4,휠체어 탑승형 중형,뇌병변장애 2급
2025-07-29 13:44:06,2025-07-29 14:49:06,2025-07-29 14:07:36.429750,2025-07-29 14:17:13.111262,2025-07-29 14:30:55.129012,,은평구,1동,금천구,3동,복지관 이용,1500,4.8,일반 세단형,국가유공자(상이)
2025-09-16 18:45:06,2025-09-16 21:29:06,,,,2025-09-16 18:52:06,강서구,3동,광진구,2동,재활 치료,2508,8.6,기타 차량,뇌병변장애 2급
2025-12-02 09:58:50,2025-12-02 10:16:50,2025-12-02 10:21:38.184685,2025-12-02 10:26:32.638078,2025-12-02 10:41:23.081407,,강서구,2동,도봉구,2동,병원 진료,1500,4.3,일반 세단형,지체장애 2급
2025-01-19 09:19:00,2025-01-19 11:00:00,2025-01-19 09:55:57.878455,2025-01-19 09:57:35.066657,2025-01-19 10:56:25.348798,,동작구,1동,마포구,2동,직업훈련,3712,21.6,기타 차량,신장장애
2025-05-09 17:56:50,2025-05-09 20:46:50,2025-05-09 18:14:15.328930,2025-05-09 18:17:12.026591,2025-05-09 18:43:51.095493,,동작구,3동,관악구,2동,병원 진료,2172,7.4,일반 세단형,뇌병변장애 2급
2025-06-17 01:44:53,2025-06-17 03:55:53,2025-06-17 01:49:12.549805,2025-06-17 01:50:55.341827,2025-06-17 02:39:09.888523,,서초구,2동,종로구,2동,병원 진료,3145,13.5,휠체어 탑승형 대형,뇌병변장애 2급
2025-03-19 09:54:57,2025-03-19 10:53:57,2025-03-19 10:45:53.726257,2025-03-19 10:48:39.255324,2025-03-19 11:16:14.887124,,영등포구,1동,동대문구,1동,여가 활동,2312,7.9,휠체어 탑승형 대형,지체장애 2급
2025-06-17 08:04:30,2025-06-17 09:10:30,2025-06-17 08:05:49.809416,2025-06-17 08:09:20.087109,2025-06-17 08:21:15.946095,,도봉구,3동,강남구,3동,병원 진료,1500,4.5,휠체어 탑승형 대형,시각장애 1급
2025-04-01 07:02:11,2025-04-01 08:18:11,2025-04-01 07:32:59.814677,2025-04-01 07:34:28.487323,2025-04-01 07:54:15.729868,,은평구,2동,서초구,3동,주간보호센터,1500,5.0,휠체어 탑승형 대형,신장장애
2025-10-24 03:04:05,2025-10-24 04:16:05,2025-10-24 03:35:04.994945,2025-10-24 04:01:42.848661,2025-10-24 04:23:58.274665,,강남구,1동,중구,3동,주간보호센터,2088,7.1,기타 차량,지체장애 1급
2025-10-27 20:26:13,2025-10-27 20:38:13,2025-10-27 20:49:49.158651,2025-10-27 20:57:21.417309,2025-10-27 21:02:04.901817,,서초구,2동,동작구,2동,복지관 이용,1500,1.7,일반 세단형,신장장애
2025-09-06 17:29:04,2025-09-06 18:15:04,2025-09-06 18:01:02.292647,2025-09-06 18:08:04.232153,2025-09-06 18:30:50.806965,,강서구,2동,성동구,1동,병원 진료,1696,5.7,휠체어 탑승형 중형,신장장애
2025-12-13 08:12:12,2025-12-13 09:00:12,2025-12-13 08:14:17.413323,2025-12-13 08:31:33.171811,2025-12-13 08:56:04.870968,,도봉구,3동,동대문구,3동,기타,1948,6.6,휠체어 탑승형 대형,뇌병변장애 1급
2025-02-13 10:32:29,2025-02-13 13:31:29,2025-02-13 10:33:58.933961,2025-02-13 10:46:59.067021,2025-02-13 10:57:08.771484,,강북구,3동,영등포구,2동,직업훈련,1500,3.5,휠체어 탑승형 대형,국가유공자(상이)
2025-10-10 14:35:20,2025-10-10 15:25:20,2025-10-10 15:08:04.529979,2025-10-10 15:11:46.135847,2025-10-10 15:32:14.276963,,강서구,3동,금천구,1동,주간보호센터,2004,6.8,휠체어 탑승형 중형,뇌병변장애 2급
2025-04-30 03:42:11,2025-04-30 05:36:11,2025-04-30 03:47:56.015895,2025-04-30 03:48:56.015895,2025-04-30 03:58:27.941716,,은평구,1동,성동구,1동,재활 치료,1500,3.1,휠체어 탑승형 중형,지체장애 2급
2025-08-17 10:48:06,2025-08-17 12:38:06,2025-08-17 11:07:48.012404,2025-08-17 11:11:08.884710,2025-08-17 11:32:35.124618,,도봉구,2동,도봉구,1동,관공서 방문,1892,6.4,휠체어 탑승형 중형,지체장애 2급
2025-11-29 08:21:44,2025-11-29 10:36:44,2025-11-29 08:49:36.065680,2025-11-29 08:55:18.504920,2025-11-29 09:14:22.974771,,금천구,2동,동대문구,2동,재활 치료,2312,7.9,일반 세단형,지체장애 1급
2025-10-14 10:08:35,2025-10-14 11:48:35,2025-10-14 10:19:08.487614,2025-10-14 10:29:05.151551,2025-10-14 10:52:40.889421,,강동구,2동,송파구,3동,기타,2788,9.6,휠체어 탑승형 대형,뇌병변장애 2급
2025-10-26 15:30:18,2025-10-26 15:55:18,,,,2025-10-26 15:34:18,금천구,1동,노원구,1동,복지관 이용,1556,5.2,일반 세단형,뇌병변장애 2급
2025-01-05 15:44:55,2025-01-05 16:45:55,2025-01-05 16:30:11.115946,2025-01-05 16:46:16.703692,2025-01-05 17:14:51.662606,,성동구,1동,동대문구,1동,재활 치료,2200,7.5,휠체어 탑승형 대형,뇌병변장애 2급
2025-09-11 11:02:09,2025-09-11 11:54:09,2025-09-11 11:35:40.878041,2025-09-11 11:58:51.633433,2025-09-11 12:24:49.405130,,성북구,3동,노원구,3동,재활 치료,2816,9.7,휠체어 탑승형 중형,뇌병변장애 2급
2025-09-14 05:05:59,2025-09-14 07:47:59,2025-09-14 05:08:49.042497,2025-09-14 05:15:55.064366,2025-09-14 06:04:53.239557,,관악구,2동,용산구,1동,재활 치료,3138,13.4,휠체어 탑승형 대형,뇌병변장애 2급
2025-01-11 22:56:50,2025-01-12 01:28:50,,,,2025-01-11 23:11:50,금천구,1동,강남구,1동,학교 등하교,1500,1.9,휠체어 탑승형 대형,국가유공자(상이)
2025-03-31 23:52:44,2025-04-01 00:11:44,2025-04-01 00:14:49.418756,2025-04-01 00:18:37.999380,2025-04-01 00:45:18.494148,,마포구,1동, 강남구 ,1동,학교 등하교,2312,7.9,기타 차량,뇌병변장애 2급
2025-04-11 13:58:02,2025-04-11 14:52:02,,,,2025-04-11 14:04:02,양천구,1동,광진구,2동,주간보호센터,2900,10.0,휠체어 탑승형 중형,지체장애 2급
2025-07-08 17:48:34,2025-07-08 20:13:34,2025-07-08 18:08:45.802824,2025-07-08 18:11:00.226402,2025-07-08 18:27:13.635517,,중랑구,1동,은평구,3동,여가 활동,1556,5.2,휠체어 탑승형 중형,뇌병변장애 1급
2025-04-25 09:38:31,2025-04-25 10:05:31,2025-04-25 09:56:00.168689,2025-04-25 09:57:57.706702,2025-04-25 10:27:54.599564,,동작구,1동,송파구,2동,여가 활동,2907,10.1,기타 차량,신장장애
2025-12-04 07:48:31,2025-12-04 08:58:31,,,,2025-12-04 08:03:31,동대문구,3동,노원구,2동,주간보호센터,2592,8.9,기타 차량,뇌병변장애 2급
2025-07-01 12:34:55,2025-07-01 14:11:55,2025-07-01 12:38:41.414467,2025-07-01 12:49:40.974728,2025-07-01 13:02:17.402729,,은평구,1동,강동구,3동,기타,1500,4.9,휠체어 탑승형 중형,시각장애 1급
2025-10-09 08:36:41,2025-10-09 10:33:41,2025-10-09 08:38:37.085100,2025-10-09 08:48:37.077460,2025-10-09 09:55:35.451148,,은평구,3동,도봉구,3동,복지관 이용,3474,18.2,휠체어 탑승형 대형,지체장애 2급
2025-06-13 17:24:56,2025-06-13 19:18:56,2025-06-13 18:11:14.733115,2025-06-13 18:12:52.318653,2025-06-13 18:58:49.746464,,동작구,1동,강동구,2동,직업훈련,3173,13.9,휠체어 탑승형 대형,지체장애 1급
2025-05-12 18:23:05,2025-05-12 19:52:05,2025-05-12 18:31:35.365348,2025-05-12 18:35:16.233586,2025-05-12 19:14:45.977039,,강남구,2동,마포구,3동,여가 활동,3250,15.0,일반 세단형,뇌병변장애 2급
2025-08-08 19:24:04,2025-08-08 21:00:04,2025-08-08 19:41:58.634139,2025-08-08 19:42:58.634139,2025-08-08 20:03:34.419272,,은평구,3동,영등포구,1동,주간보호센터,1976,6.7,휠체어 탑승형 중형,신장장애
2025-09-19 12:45:53,2025-09-19 14:35:53,2025-09-19 12:59:29.716969,2025-09-19 13:00:29.716969,2025-09-19 13:17:40.152782,,노원구,2동,성동구,3동,재활 치료,1584,5.3,기타 차량,지체장애 1급
2025-04-06 20:06:53,2025-04-06 22:00:53,,,,2025-04-06 20:23:53,동작구,2동,서초구,2동,관공서 방문,2872,9.9,휠체어 탑승형 중형,시각장애 1급
2025-11-15 08:43:31,2025-11-15 11:31:31,,,,2025-11-15 08:44:31,구로구,3동,중구,3동,기타,2256,7.7,기타 차량,신장장애
2025-03-03 18:47:31,2025-03-03 19:49:31,2025-03-03 18:59:53.360675,,,2025-03-03 19:04:53.360675,은평구,2동,광진구,1동,직업훈련,2452,8.4,기타 차량,지체장애 2급
2025-06-15 19:54:24,2025-06-15 21:21:24,,,,2025-06-15 20:05:24,송파구,1동,영등포구,1동,직업훈련,2949,10.7,휠체어 탑승형 대형,지체장애 2급
2025-09-09 07:34:41,2025-09-09 08:29:41,2025-09-09 07:59:02.579877,2025-09-09 08:00:02.579877,2025-09-09 08:18:14.738019,,서초구,3동,영등포구,1동,경조사,2172,7.4,일반 세단형,지체장애 2급
2025-12-06 11:44:17,2025-12-06 12:57:17,2025-12-06 11:48:44.709112,2025-12-06 11:59:45.659191,2025-12-06 12:12:15.471218,,성북구,3동,강서구,2동,경조사,1500,3.7,기타 차량,뇌병변장애 2급
2025-02-20 14:01:46,2025-02-20 14:23:46,2025-02-20 14:13:03.170449,2025-02-20 14:18:42.929052,2025-02-20 15:03:49.553876,,강남구,1동,종로구,1동,직업훈련,3180,14.0,휠체어 탑승형 대형,신장장애
2025-07-04 16:06:46,2025-07-04 17:38:46,2025-07-04 16:15:28.193969,2025-07-04 16:33:42.915233,2025-07-04 16:48:22.186418,,송파구,3동,마포구,1동,경조사,1696,5.7,휠체어 탑승형 중형,뇌병변장애 1급
2025-02-01 07:21:59,2025-02-01 07:43:59,2025-02-01 07:27:06.989599,2025-02-01 07:32:51.568530,2025-02-01 08:05:58.782243,,종로구,2동,구로구,2동,경조사,2480,8.5,기타 차량,뇌병변장애 2급
2025-11-04 15:37:03,2025-11-04 16:11:03,2025-11-04 15:41:36.794562,2025-11-04 15:44:28.093605,2025-11-04 15:47:28.093605,,성동구,1동,노원구,3동,학교 등하교,1500,0.5,휠체어 탑승형 대형,국가유공자(상이)
2025-06-24 18:21:09,2025-06-24 21:08:09,2025-06-24 18:55:10.075058,2025-06-24 18:56:33.978967,2025-06-24 19:05:26.287627,,강동구,2동,은평구,1동,기타,1500,3.5,휠체어 탑승형 중형,국가유공자(상이)
2025-06-23 13:55:56,2025-06-23 15:54:56,2025-06-23 14:10:08.960582,2025-06-23 14:16:06.031316,2025-06-23 15:09:31.194803,,관악구,2동,도봉구,3동,기타,3299,15.7,일반 세단형,뇌병변장애 1급
2025-12-22 14:22:52,2025-12-22 15:16:52,2025-12-22 14:23:52,2025-12-22 14:24:54.350846,2025-12-22 14:30:52.902085,,노원구,1동,구로구,3동,출퇴근,1500,1.6,휠체어 탑승형 대형,뇌병변장애 1급
2025-12-25 11:36:53,2025-12-25 12:44:53,2025-12-25 11:47:56.865272,2025-12-25 11:52:38.205589,2025-12-25 12:07:43.958926,,서대문구,2동,노원구,2동,재활 치료,1696,5.7,일반 세단형,뇌병변장애 1급
2025-12-13 08:51:58,2025-12-13 11:21:58,2025-12-13 09:03:57.395074,2025-12-13 09:08:23.636232,2025-12-13 09:39:44.030796,,서초구,1동,강남구,1동,병원 진료,3103,12.9,일반 세단형,뇌병변장애 2급
2025-10-24 13:56:01,2025-10-24 16:49:01,2025-10-24 14:25:38.727954,2025-10-24 14:26:38.727954,2025-10-24 14:35:09.505768,,용산구,2동,광진구,3동,주간보호센터,1500,3.0,기타 차량,뇌병변장애 1급
2025-06-02 19:19:55,2025-06-02 21:23:55,2025-06-02 19:34:04.926337,2025-06-02 20:21:49.604678,2025-06-02 20:48:04.042227,,강북구,3동,종로구,3동,주간보호센터,2060,7.0,일반 세단형,지체장애 1급
2025-05-30 20:27:11,2025-05-30 23:01:11,2025-05-30 20:36:08.706325,2025-05-30 20:37:08.706325,2025-05-30 21:09:55.792526,,서초,3동,마포구,1동,복지관 이용,3019,11.7,일반 세단형,신장장애
2025-09-16 17:56:54,2025-09-16 19:11:54,2025-09-16 17:59:27.041340,2025-09-16 18:02:26.382475,2025-09-16 18:42:59.563610,,관악구,2동,송파구,2동,경조사,3061,12.3,일반 세단형,지체장애 2급
2025-01-16 16:12:18,2025-01-16 18:11:18,,,,2025-01-16 16:24:18,중랑구,2동,영등포구,2동,주간보호센터,3026,11.8,휠체어 탑승형 대형,지체장애 1급
2025-12-26 08:11:37,2025-12-26 08:49:37,2025-12-26 08:24:26.310415,,,2025-12-26 08:44:26.310415,강북구,3동,구로구,3동,관공서 방문,2991,11.3,휠체어 탑승형 중형,뇌병변장애 1급
2025-06-14 11:14:25,2025-06-14 12:27:25,2025-06-14 11:37:18.542549,2025-06-14 11:44:59.649224,2025-06-14 11:52:34.851559,,용산구,2동,영등포구,3동,복지관 이용,1500,3.1,휠체어 탑승형 대형,신장장애
2025-06-24 11:11:34,2025-06-24 13:00:34,2025-06-24 11:35:11.449485,2025-06-24 11:48:50.819091,2025-06-24 12:04:20.673345,,강남구,3동,강북구,1동,학교 등하교,1892,6.4,휠체어 탑승형 대형,지체장애 1급
2025-03-23 15:48:57,2025-03-23 16:01:57,2025-03-23 15:54:04.158041,2025-03-23 16:00:48.159775,2025-03-23 16:13:23.533002,,동작구,2동,금천구,1동,주간보호센터,1500,3.6,기타 차량,뇌병변장애 1급
2025-10-27 15:32:00,2025-10-27 15:45:00,2025-10-27 15:46:35.443909,2025-10-27 15:50:04.900401,2025-10-27 16:01:59.444326,,노원구,2동,관악구,2동,복지관 이용,1500,4.7,휠체어 탑승형 중형,지체장애 2급
2025-09-03 18:59:11,2025-09-03 20:13:11,2025-09-03 19:50:38.428089,2025-09-03 19:54:48.131742,2025-09-03 20:16:00.363077,,동대문구,1동,서초구,1동,경조사,2256,7.7,휠체어 탑승형 중형,지체장애 2급
2025-11-27 04:25:34,2025-11-27 04:44:34,2025-11-27 04:54:48.276560,2025-11-27 04:57:58.511577,2025-11-27 05:18:24.574336,,서울 서초구,2동,중랑구,3동,여가 활동,1948,6.6,휠체어 탑승형 대형,신장장애
2025-06-11 05:50:15,2025-06-11 07:40:15,2025-06-11 05:52:18.002135,2025-06-11 05:58:15.971406,2025-06-11 06:18:28.121072,,양천구,2동,강북구,3동,경조사,1640,5.5,일반 세단형,지체장애 1급
2025-06-20 08:32:25,2025-06-20 11:05:25,2025-06-20 08:41:02.919924,2025-06-20 08:43:00.059068,2025-06-20 09:50:28.633304,,송파구,2동,구로구,3동,복지관 이용,3936,24.8,휠체어 탑승형 대형,뇌병변장애 1급
2025-08-11 05:38:44,2025-08-11 07:56:44,2025-08-11 05:56:08.025275,2025-08-11 05:57:08.025275,2025-08-11 06:25:31.671542,,관악구,1동,동작구,2동,기타,2144,7.3,휠체어 탑승형 중형,국가유공자(상이)
2025-06-13 15:33:48,2025-06-13 16:31:48,2025-06-13 15:37:05.067587,2025-06-13 15:57:42.047555,2025-06-13 16:33:21.838710,,영등포구,2동,은평구,1동,기타,2900,10.0,일반 세단형,뇌병변장애 2급
2025-04-24 13:43:20,2025-04-24 15:19:20,2025-04-24 13:49:49.040296,2025-04-24 13:56:32.993107,2025-04-24 14:26:30.363443,,노원구,2동,구로구,3동,관공서 방문,2991,11.3,일반 세단형,국가유공자(상이)
2025-08-07 18:00:16,2025-08-07 19:57:16,2025-08-07 18:01:16.798959,2025-08-07 18:09:04.314388,2025-08-07 18:51:50.095527,,도봉구,2동,광진구,3동,여가 활동,3222,14.6,휠체어 탑승형 중형,국가유공자(상이)
2025-10-07 11:00:21,2025-10-07 12:35:21,2025-10-07 11:18:19.903802,2025-10-07 11:20:05.601400,2025-10-07 11:24:11.018939,,광진구,1동,강동구,2동,직업훈련,1500,1.5,휠체어 탑승형 대형,뇌병변장애 2급
2025-01-30 12:19:37,2025-01-30 13:37:37,2025-01-30 12:23:59.328821,2025-01-30 12:36:11.191449,2025-01-30 13:00:34.636386,,동작구,2동,강북구,2동,출퇴근,2452,8.4,휠체어 탑승형 중형,시각장애 1급
2025-09-26 15:51:19,2025-09-26 18:04:19,2025-09-26 15:58:01.962703,2025-09-26 15:59:10.827015,2025-09-26 16:26:15.209630,,강북구,2동,강남구,3동,주간보호센터,2816,9.7,휠체어 탑승형 대형,지체장애 2급
2025-07-23 11:42:49,2025-07-23 13:08:49,2025-07-23 11:57:19.862781,2025-07-23 12:17:24.134713,2025-07-23 12:47:09.396721,,강동구,3동,서초구,2동,출퇴근,2921,10.3,기타 차량,지체장애 1급
2025-02-16 20:38:11,2025-02-16 21:36:11,2025-02-16 20:56:36.710783,2025-02-16 20:59:25.889289,2025-02-16 21:22:00.852141,,금천구,3동,마포구,3동,주간보호센터,1948,6.6,휠체어 탑승형 대형,지체장애 2급
2025-03-16 18:51:16,2025-03-16 20:05:16,2025-03-16 19:05:35.650346,2025-03-16 19:12:27.351860,2025-03-16 21:13:35.978529,,광진구,2동,도봉구,1동,기타,4461,32.3,기타 차량,뇌병변장애 2급
2025-05-13 15:11:02,2025-05-13 17:12:02,2025-05-13 15:17:30.477266,2025-05-13 15:26:32.157669,2025-05-13 15:48:35.440079,,강동구,1동,구로구,2동,경조사,2564,8.8,휠체어 탑승형 대형,뇌병변장애 2급
2025-05-10 10:33:37,2025-05-10 13:16:37,2025-05-10 10:39:01.231139,2025-05-10 10:48:59.691913,2025-05-10 11:08:03.389119,,양천구,3동,강동구,3동,복지관 이용,1724,5.8,기타 차량,시각장애 1급
2025-05-28 07:48:27,2025-05-28 10:24:27,2025-05-28 07:50:36.778544,2025-05-28 08:04:47.300784,2025-05-28 08:24:37.078224,,금천구,1동,은평구,1동,관공서 방문,1836,6.2,기타 차량,시각장애 1급
2025-01-23 16:35:06,2025-01-23 16:54:06,2025-01-23 16:41:24.982366,2025-01-23 17:04:34.679116,2025-01-23 17:34:21.540815,,금천구,2동,종로구,2동,관공서 방문,2900,10.0,휠체어 탑승형 대형,지체장애 1급
2025-09-06 09:19:53,2025-09-06 11:19:53,2025-09-06 09:23:33.450341,2025-09-06 09:24:33.450341,2025-09-06 10:42:31.338591,,성동구,1동,노원구,3동,직업훈련,3999,25.7,기타 차량,지체장애 2급
2025-06-07 12:13:29,2025-06-07 13:10:29,2025-06-07 12:39:49.767240,2025-06-07 12:40:49.767240,2025-06-07 12:59:33.309902,,영등포구,2동,서초구,3동,기타,2116,7.2,일반 세단형,뇌병변장애 1급
2025-07-18 12:13:33,2025-07-18 14:54:33,2025-07-18 12:29:15.214105,2025-07-18 12:41:00.796177,2025-07-18 13:01:53.924190,,강남구,1동,은평구,3동,재활 치료,1668,5.6,휠체어 탑승형 중형,지체장애 2급
2025-08-22 06:59:34,2025-08-22 09:04:34,2025-08-22 08:04:49.124145,2025-08-22 08:23:58.830009,2025-08-22 08:33:08.333992,,금천구,2동,광진구,3동,경조사,1500,3.7,기타 차량,신장장애
2025-09-23 05:33:34,2025-09-23 06:42:34,,,,2025-09-23 05:34:34,강남구,3동,동대문구,1동,복지관 이용,1500,3.9,휠체어 탑승형 대형,신장장애
2025-11-19 22:36:55,2025-11-19 22:46:55,2025-11-19 22:42:44.615140,,,2025-11-19 22:55:44.615140,종로구,3동,중랑구,3동,학교 등하교,2340,8.0,휠체어 탑승형 대형,시각장애 1급
2025-11-11 12:15:25,2025-11-11 15:00:25,,,,2025-11-11 12:19:25,성동구,2동,양천구,3동,직업훈련,3579,19.7,휠체어 탑승형 중형,뇌병변장애 1급
2025-11-25 22:41:17,2025-11-25 23:20:17,2025-11-25 22:56:32.692438,2025-11-25 23:07:31.057787,2025-11-25 23:40:52.399738,,영등포구,3동,관악구,1동,경조사,2914,10.2,기타 차량,지체장애 1급
2025-09-26 17:49:43,2025-09-26 20:11:43,2025-09-26 18:02:53.189516,2025-09-26 18:10:15.738942,2025-09-26 18:48:20.756032,,마포구,3동,강북구,2동,관공서 방문,3047,12.1,기타 차량,지체장애 1급
2025-03-12 13:33:36,2025-03-12 15:40:36,2025-03-12 13:50:16.501915,2025-03-12 14:05:50.699273,2025-03-12 14:21:41.912259,,송파구,1동,금천구,1동,여가 활동,1668,5.6,기타 차량,지체장애 2급
2025-11-21 15:46:22,2025-11-21 16:51:22,2025-11-21 16:01:33.825810,2025-11-21 16:20:56.498889,2025-11-21 17:27:31.268625,,서초구,1동,마포구,3동,출퇴근,3628,20.4,휠체어 탑승형 중형,국가유공자(상이)
2025-07-10 06:35:30,2025-07-10 06:55:30,2025-07-10 06:50:46.007931,2025-07-10 06:53:02.480621,2025-07-10 07:24:45.339789,,영등포구,3동,성동구,3동,학교 등하교,2452,8.4,휠체어 탑승형 대형,시각장애 1급
2025-04-26 04:56:03,2025-04-26 05:46:03,2025-04-26 05:22:10.374880,2025-04-26 05:23:10.374880,2025-04-26 06:10:47.387977,,구로구,3동,용산구,2동,여가 활동,3327,16.1,휠체어 탑승형 대형,뇌병변장애 2급
2025-06-30 09:25:43,2025-06-30 12:12:43,2025-06-30 09:27:44.010154,2025-06-30 09:35:00.099415,2025-06-30 09:51:06.990502,,성북구,2동,종로구,1동,재활 치료,1948,6.6,일반 세단형,뇌병변장애 1급
2025-05-21 12:06:33,2025-05-21 14:20:33,2025-05-21 12:23:00.530919,2025-05-21 12:45:05.096988,2025-05-21 13:26:32.003533,,용산구,3동,성동구,1동,병원 진료,2970,11.0,기타 차량,뇌병변장애 2급
2025-10-17 13:48:52,2025-10-17 14:10:52,2025-10-17 14:05:42.135463,2025-10-17 14:14:39.803991,2025-10-17 14:41:29.165175,,영등포구,1동,성북구,1동,주간보호센터,2963,10.9,휠체어 탑승형 중형,지체장애 2급
2025-05-02 11:02:24,2025-05-02 13:42:24,2025-05-02 11:19:23.833711,2025-05-02 11:48:41.343998,2025-05-02 11:55:46.671330,,용산구,2동,은평구,1동,직업훈련,1500,2.3,휠체어 탑승형 대형,뇌병변장애 2급
2025-06-22 09:28:17,2025-06-22 09:41:17,2025-06-22 09:31:11.773478,2025-06-22 09:49:45.383761,2025-06-22 10:09:58.899332,,강동구,2동,영등포구,2동,복지관 이용,1528,5.1,휠체어 탑승형 중형,신장장애
2025-05-07 08:45:03,2025-05-07 09:25:03,,,,2025-05-07 08:53:03,도봉구,3동,동대문구,3동,직업훈련,3264,15.2,일반 세단형,뇌병변장애 2급
2025-02-26 07:11:24,2025-02-26 08:10:24,2025-02-26 07:42:16.259038,2025-02-26 07:54:30.542131,2025-02-26 08:19:57.302007,,은평구,1동,노원구,3동,기타,2760,9.5,기타 차량,국가유공자(상이)
2025-03-15 16:25:31,2025-03-15 18:45:31,2025-03-15 16:32:55.939648,2025-03-15 16:57:26.963284,2025-03-15 17:16:24.118519,,은평구,2동,성북구,3동,복지관 이용,2116,7.2,기타 차량,국가유공자(상이)
2025-09-05 20:15:09,2025-09-05 23:03:09,2025-09-05 20:16:09,2025-09-05 20:17:09,2025-09-05 20:41:04.824112,,동대문구,1동,도봉구,1동,여가 활동,2732,9.4,일반 세단형,시각장애 1급
2025-06-22 09:06:08,2025-06-22 09:58:08,2025-06-22 09:07:35.977011,2025-06-22 09:08:35.977011,2025-06-22 09:16:53.654855,,중구,3동,양천구,1동,관공서 방문,1500,3.1,휠체어 탑승형 대형,국가유공자(상이)
2025-05-23 05:38:43,2025-05-23 07:03:43,2025-05-23 05:45:00.092888,2025-05-23 06:02:37.114520,2025-05-23 06:44:55.468252,,동작구,2동,동대문구,2동,병원 진료,2949,10.7,일반 세단형,지체장애 2급
2025-11-11 16:05:37,2025-11-11 17:16:37,2025-11-11 16:11:08.549673,2025-11-11 16:15:55.730422,2025-11-11 16:26:41.792986,,강서구,1동,강남구,2동,주간보호센터,1500,4.0,기타 차량,신장장애
2025-04-29 12:47:29,2025-04-29 15:44:29,2025-04-29 13:08:59.152996,2025-04-29 13:10:11.665181,2025-04-29 14:18:59.899937,,금천구,1동,강남구,2동,기타,3635,20.5,기타 차량,지체장애 1급
2025-11-07 12:53:48,2025-11-07 13:29:48,2025-11-07 13:15:28.742940,2025-11-07 13:20:57.019759,2025-11-07 14:19:32.341985,,강서구,1동,영등포구,2동,재활 치료,3306,15.8,휠체어 탑승형 대형,시각장애 1급
2025-09-09 08:30:01,2025-09-09 09:45:01,2025-09-09 08:37:07.774481,2025-09-09 08:54:43.577707,2025-09-09 09:40:06.821178,,강서구,1동,중구,3동,복지관 이용,3474,18.2,일반 세단형,신장장애
2025-03-27 12:10:59,2025-03-27 14:20:59,2025-03-27 12:30:32.227831,2025-03-27 12:31:32.227831,2025-03-27 13:03:16.574389,,은평구,3동,강북구,3동,직업훈련,2704,9.3,일반 세단형,국가유공자(상이)
2025-10-09 14:17:05,2025-10-09 14:27:05,2025-10-09 14:49:18.811180,2025-10-09 14:50:18.811180,2025-10-09 15:09:23.540202,,중랑구,2동,광진구,1동,주간보호센터,2116,7.2,휠체어 탑승형 중형,시각장애 1급
2025-09-26 15:21:31,2025-09-26 17:22:31,2025-09-26 15:44:09.361202,2025-09-26 15:45:09.361202,2025-09-26 16:10:43.468251,,성북구,1동,은평구,3동,경조사,2648,9.1,일반 세단형,뇌병변장애 1급
2025-06-09 09:38:31,2025-06-09 11:27:31,2025-06-09 09:43:51.810418,2025-06-09 09:48:37.153973,2025-06-09 10:22:21.125454,,강서구,3동,양천구,1동,재활 치료,3173,13.9,일반 세단형,신장장애
2025-07-21 08:55:13,2025-07-21 09:48:13,2025-07-21 09:02:26.009862,2025-07-21 09:07:15.213494,2025-07-21 09:32:25.198271,,강서구,2동,종로구,2동,직업훈련,2760,9.5,일반 세단형,지체장애 1급
2025-01-24 07:30:59,2025-01-24 07:50:59,2025-01-24 08:19:52.497962,2025-01-24 08:24:39.372212,2025-01-24 08:36:22.689500,,종로구,3동,강서구,2동,여가 활동,1500,4.2,일반 세단형,뇌병변장애 1급
2025-06-06 07:40:22,2025-06-06 09:29:22,2025-06-06 07:43:26.655655,2025-06-06 07:53:41.168509,2025-06-06 09:20:51.331221,,구로구,3동,서대문구,2동,관공서 방문,4069,26.7,기타 차량,뇌병변장애 2급
2025-10-31 20:40:12,2025-10-31 21:56:12,2025-10-31 21:09:38.152141,2025-10-31 21:11:40.003454,2025-10-31 21:30:28.139605,,강남구,2동,광진구,1동,기타,1920,6.5,기타 차량,지체장애 2급
2025-02-23 16:52:24,2025-02-23 19:09:24,2025-02-23 16:56:48.188324,2025-02-23 17:03:41.815282,2025-02-23 17:46:02.069116,,관악구,1동,서대문구,1동,여가 활동,3089,12.7,일반 세단형,지체장애 1급
2025-07-25 12:38:55,2025-07-25 14:10:55,2025-07-25 12:50:03.462968,2025-07-25 12:51:10.336235,2025-07-25 13:21:40.246487,,용산구,1동,중랑구,1동,기타,3047,12.1,휠체어 탑승형 중형,뇌병변장애 2급
2025-01-13 21:27:45,2025-01-13 21:59:45,2025-01-13 21:30:37.305953,2025-01-13 21:31:51.651943,2025-01-13 21:56:00.791768,,서초구,3동,관악구,1동,복지관 이용,2564,8.8,일반 세단형,시각장애 1급
2025-10-18 01:50:04,2025-10-18 02:11:04,2025-10-18 01:57:20.152064,2025-10-18 02:24:32.142791,2025-10-18 02:56:50.629813,,동작구,3동,은평구,1동,경조사,2872,9.9,일반 세단형,지체장애 2급
2025-05-16 20:30:30,2025-05-16 23:06:30,2025-05-16 21:28:02.553993,2025-05-16 21:30:12.762828,2025-05-16 21:35:22.710662,,송파구,3동,광진구,1동,출퇴근,1500,1.3,일반 세단형,신장장애
2025-12-17 16:51:43,2025-12-17 19:33:43,2025-12-17 17:13:50.380143,2025-12-17 17:17:06.059953,2025-12-17 17:22:38.950922,,동작구,1동,도봉구,2동,여가 활동,1500,1.8,일반 세단형,뇌병변장애 2급
2025-08-03 13:14:00,2025-08-03 14:22:00,2025-08-03 13:24:14.650150,2025-08-03 13:25:34.200006,2025-08-03 14:16:52.569337,,강남구,2동,은평구,3동,기타,3145,13.5,휠체어 탑승형 중형,뇌병변장애 2급
2025-01-26 21:42:11,2025-01-26 22:26:11,2025-01-26 21:56:24.454831,2025-01-26 21:57:24.454831,2025-01-26 22:12:57.437798,,양천구,2동,송파구,1동,주간보호센터,1500,4.9,휠체어 탑승형 중형,뇌병변장애 1급
2025-02-09 08:41:11,2025-02-09 09:53:11,2025-02-09 08:57:35.347971,2025-02-09 09:23:13.599551,2025-02-09 09:49:54.363013,,동작구,2동,마포구,3동,재활 치료,2284,7.8,휠체어 탑승형 중형,지체장애 2급
2025-07-03 15:33:28,2025-07-03 17:15:28,2025-07-03 15:38:11.009415,2025-07-03 15:51:55.419820,2025-07-03 16:23:59.581430,,동대문구,1동,양천구,3동,주간보호센터,2816,9.7,일반 세단형,지체장애 2급
2025-06-19 18:47:28,2025-06-19 21:09:28,2025-06-19 18:48:28,2025-06-19 18:49:28,2025-06-19 20:12:29.639503,,마포구,2동,광진구,1동,관공서 방문,3733,21.9,일반 세단형,국가유공자(상이)
2025-11-29 16:06:46,2025-11-29 18:23:46,2025-11-29 16:09:17.303113,2025-11-29 16:16:30.217398,2025-11-29 16:54:48.495853,,마포구,3동,구로구,3동,여가 활동,3005,11.5,휠체어 탑승형 대형,지체장애 2급
2025-09-24 06:18:15,2025-09-24 09:03:15,2025-09-24 07:02:22.572763,,,2025-09-24 07:16:22.572763,서초구,1동,구로구,2동,학교 등하교,3327,16.1,휠체어 탑승형 중형,뇌병변장애 1급
2025-05-11 15:39:08,2025-05-11 16:02:08,2025-05-11 16:18:47.271148,2025-05-11 16:27:28.043326,2025-05-11 16:46:57.008589,,중구,2동,성동구,3동,병원 진료,1976,6.7,휠체어 탑승형 중형,뇌병변장애 2급
2025-11-17 10:45:08,2025-11-17 12:02:08,2025-11-17 11:32:40.096713,2025-11-17 11:36:19.180814,2025-11-17 11:49:04.607088,,서초구,3동,성동구,2동,출퇴근,1500,3.5,일반 세단형,지체장애 1급
2025-07-15 14:00:14,2025-07-15 14:30:14,,,,2025-07-15 14:12:14,강남구,2동,도봉구,2동,출퇴근,1500,5.0,휠체어 탑승형 중형,시각장애 1급
2025-05-23 08:45:04,2025-05-23 11:38:04,,,,2025-05-23 09:03:04,강남구,3동,성동구,2동,재활 치료,2368,8.1,기타 차량,국가유공자(상이)
2025-03-19 10:36:57,2025-03-19 11:31:57,2025-03-19 10:38:24.620588,2025-03-19 10:41:20.868173,2025-03-19 11:16:00.439253,,서울 서초구,2동,광진구,2동,관공서 방문,2620,9.0,일반 세단형,신장장애
2025-11-03 21:42:26,2025-11-03 22:43:26,2025-11-03 21:49:46.275203,2025-11-03 21:51:33.392676,2025-11-03 22:18:06.848404,,성북구,2동,중랑구,1동,학교 등하교,2536,8.7,기타 차량,신장장애
2025-12-28 12:14:37,2025-12-28 12:30:37,2025-12-28 12:39:52.002306,2025-12-28 12:41:17.007241,2025-12-28 13:11:52.595399,,용산구,2동,중구,3동,출퇴근,2970,11.0,기타 차량,뇌병변장애 2급
2025-07-07 15:22:16,2025-07-07 17:46:16,,,,2025-07-07 15:30:16,구로구,1동,양천구,3동,여가 활동,1500,4.1,일반 세단형,신장장애
2025-04-07 00:00:33,2025-04-07 02:57:33,2025-04-07 00:24:09.606529,2025-04-07 00:28:54.773513,2025-04-07 00:36:05.080693,,강남구,3동,양천구,1동,병원 진료,1500,2.4,일반 세단형,국가유공자(상이)
2025-10-02 07:11:46,2025-10-02 09:12:46,2025-10-02 07:31:25.312427,2025-10-02 07:49:27.560076,2025-10-02 08:10:40.693798,,성북구,2동,노원구,1동,여가 활동,2172,7.4,기타 차량,뇌병변장애 2급
2025-11-20 14:43:28,2025-11-20 14:53:28,2025-11-20 15:04:19.058785,2025-11-20 15:07:14.895568,2025-11-20 15:42:10.662687,,도봉구,3동,양천구,3동,학교 등하교,2592,8.9,휠체어 탑승형 대형,시각장애 1급
2025-04-27 07:43:32,2025-04-27 09:02:32,2025-04-27 08:35:09.049781,2025-04-27 08:40:16.528241,2025-04-27 08:52:06.295440,,도봉구,3동,성북구,2동,기타,1500,4.6,기타 차량,뇌병변장애 1급
2025-12-05 16:09:38,2025-12-05 18:12:38,,,,2025-12-05 16:11:38,동작구,3동,서초구,1동,복지관 이용,3110,13.0,휠체어 탑승형 중형,국가유공자(상이)
2025-05-23 13:42:25,2025-05-23 15:00:25,2025-05-23 13:54:44.392205,,,2025-05-23 14:09:44.392205,서대문구,1동,은평구,2동,주간보호센터,1724,5.8,휠체어 탑승형 중형,신장장애
2025-02-09 07:56:06,2025-02-09 10:21:06,2025-02-09 08:01:10.548716,2025-02-09 08:28:11.610990,2025-02-09 09:25:37.506612,,중구,3동,강남구,1동,병원 진료,3383,16.9,기타 차량,신장장애
2025-10-29 09:34:09,2025-10-29 09:54:09,2025-10-29 09:48:51.897704,2025-10-29 09:58:37.796009,2025-10-29 10:03:46.473716,,금천구,1동,중랑구,2동,여가 활동,1500,2.0,일반 세단형,신장장애
2025-01-13 07:53:23,2025-01-13 08:45:23,2025-01-13 07:58:47.595009,2025-01-13 08:07:07.278746,2025-01-13 08:12:22.008468,,은평구,1동,종로구,3동,경조사,1500,1.6,휠체어 탑승형 대형,지체장애 1급
2025-04-18 12:53:23,2025-04-18 15:45:23,2025-04-18 12:55:01.903449,2025-04-18 12:57:33.189466,2025-04-18 13:25:48.920729,,광진구,1동,구로구,2동,기타,2935,10.5,휠체어 탑승형 대형,시각장애 1급
2025-08-17 11:53:27,2025-08-17 12:36:27,2025-08-17 11:56:38.718961,2025-08-17 11:57:45.179501,2025-08-17 12:22:18.997409,,노원구,3동,강북구,2동,기타,2648,9.1,일반 세단형,뇌병변장애 1급
2025-02-16 06:28:21,2025-02-16 09:00:21,2025-02-16 06:33:27.975848,2025-02-16 06:41:30.328513,2025-02-16 07:06:35.886695,,금천구,2동,광진구,3동,병원 진료,2872,9.9,기타 차량,지체장애 2급
2025-03-21 17:25:10,2025-03-21 20:13:10,2025-03-21 17:26:10,2025-03-21 17:27:10,2025-03-21 17:54:30.118083,,동작구,3동,동대문구,3동,복지관 이용,2368,8.1,기타 차량,뇌병변장애 2급
2025-09-05 15:08:10,2025-09-05 15:57:10,2025-09-05 15:21:05.121595,2025-09-05 15:23:36.747320,2025-09-05 15:43:31.686035,,송파구,2동,서초구,3동,복지관 이용,1808,6.1,일반 세단형,지체장애 1급
2025-03-15 06:04:30,2025-03-15 08:13:30,2025-03-15 06:26:37.720104,2025-03-15 06:31:13.051508,2025-03-15 07:45:36.927330,,강북구,2동,강서구,1동,경조사,3719,21.7,일반 세단형,뇌병변장애 1급
2025-08-10 13:09:01,2025-08-10 13:54:01,2025-08-10 13:30:01.874161,2025-08-10 13:31:02.112947,2025-08-10 14:42:48.656306,,강남구,1동,동대문구,1동,주간보호센터,3537,19.1,휠체어 탑승형 대형,뇌병변장애 1급
2025-12-22 13:28:48,2025-12-22 15:02:48,2025-12-22 13:30:45.840603,2025-12-22 13:32:09.948742,2025-12-22 13:55:28.644013,,성동구,3동,구로구,1동,여가 활동,2088,7.1,휠체어 탑승형 중형,뇌병변장애 1급
2025-12-07 03:06:43,2025-12-07 03:57:43,,,,2025-12-07 03:14:43,관악구,2동,송파구,2동,재활 치료,1500,4.5,휠체어 탑승형 대형,뇌병변장애 2급
2025-10-29 16:41:57,2025-10-29 19:20:57,2025-10-29 18:13:34.061923,2025-10-29 18:21:12.184640,2025-10-29 18:57:17.933215,,광진구,2동,강동구,3동,주간보호센터,2928,10.4,일반 세단형,국가유공자(상이)
2025-05-28 10:11:32,2025-05-28 10:33:32,2025-05-28 10:43:40.481274,2025-05-28 10:48:23.724206,2025-05-28 11:03:09.720352,,중구,3동,중랑구,3동,학교 등하교,1752,5.9,기타 차량,뇌병변장애 1급
2025-05-15 17:43:50,2025-05-15 20:04:50,2025-05-15 17:48:19.036620,2025-05-15 17:53:47.533541,2025-05-15 18:09:05.235624,,송파구,1동,마포구,2동,복지관 이용,1640,5.5,일반 세단형,지체장애 1급
2025-01-03 12:17:23,2025-01-03 13:17:23,,,,2025-01-03 12:42:23,종로구,1동,성동구,2동,병원 진료,1500,4.0,휠체어 탑승형 중형,신장장애
2025-07-03 19:43:08,2025-07-03 22:08:08,2025-07-03 19:44:50.960408,2025-07-03 19:51:44.520591,2025-07-03 20:09:24.676114,,종로구,1동,중구,3동,관공서 방문,1640,5.5,휠체어 탑승형 중형,뇌병변장애 2급
2025-06-21 21:47:16,2025-06-22 00:33:16,2025-06-21 22:05:10.778378,2025-06-21 22:07:17.908850,2025-06-21 22:22:42.079492,,노원구,1동,서초구,2동,복지관 이용,1752,5.9,일반 세단형,뇌병변장애 2급
2025-06-29 12:00:14,2025-06-29 12:17:14,2025-06-29 12:28:15.637080,2025-06-29 12:29:15.637080,2025-06-29 13:00:27.650355,,금천구,2동,서초구,3동,기타,2480,8.5,일반 세단형,지체장애 2급
2025-10-02 19:54:56,2025-10-02 20:58:56,2025-10-02 20:19:49.888822,2025-10-02 20:42:59.881851,2025-10-02 21:11:58.210155,,금천구,2동,동작구,3동,여가 활동,2935,10.5,휠체어 탑승형 중형,신장장애
2025-06-22 13:07:59,2025-06-22 14:28:59,2025-06-22 13:08:59.967595,2025-06-22 13:16:23.006022,2025-06-22 13:50:30.638992,,강북구,1동,양천구,2동,출퇴근,2760,9.5,휠체어 탑승형 대형,지체장애 1급
2025-05-12 11:53:00,2025-05-12 12:37:00,2025-05-12 11:57:11.392684,2025-05-12 12:07:16.888840,2025-05-12 12:15:10.207436,,동대문구,3동,강북구,3동,재활 치료,1500,2.7,휠체어 탑승형 대형,시각장애 1급
2025-09-01 10:24:09,2025-09-01 11:45:09,2025-09-01 10:34:03.997299,2025-09-01 10:37:00.775212,2025-09-01 10:50:54.708637,,광진구,3동,송파구,2동,기타,1612,5.4,휠체어 탑승형 중형,국가유공자(상이)
2025-01-01 07:22:04,2025-01-01 09:08:04,2025-01-01 07:25:53.358884,2025-01-01 07:40:00.435795,2025-01-01 08:04:52.305178,,강동구,3동,양천구,1동,관공서 방문,2676,9.2,일반 세단형,국가유공자(상이)
2025-05-09 10:29:17,2025-05-09 12:56:17,2025-05-09 10:37:16.634454,2025-05-09 10:53:48.964554,2025-05-09 11:03:57.138312,,도봉구,1동,강서구,1동,직업훈련,1500,3.7,휠체어 탑승형 대형,신장장애
2025-10-21 20:06:32,2025-10-21 22:57:32,2025-10-21 20:08:38.811731,2025-10-21 20:17:40.027965,2025-10-21 20:55:26.370433,,마포구,2동,강동구,3동,학교 등하교,2970,11.0,휠체어 탑승형 대형,지체장애 2급
2025-07-25 21:10:44,2025-07-25 23:09:44,2025-07-25 21:16:13.236049,2025-07-25 21:18:15.446722,2025-07-25 21:36:45.800874,,강동구,3동,구로구,3동,병원 진료,1696,5.7,기타 차량,지체장애 1급
2025-08-28 05:03:52,2025-08-28 07:36:52,2025-08-28 05:13:15.840627,2025-08-28 05:21:58.106464,2025-08-28 05:55:56.257325,,금천구,3동,동대문구,3동,관공서 방문,2620,9.0,휠체어 탑승형 대형,지체장애 1급
2025-11-19 15:24:53,2025-11-19 16:09:53,2025-11-19 16:00:49.137373,2025-11-19 16:02:51.166054,2025-11-19 16:21:33.425507,,종로구,3동,중랑구,3동,주간보호센터,1920,6.5,휠체어 탑승형 대형,뇌병변장애 2급
2025-02-27 14:40:56,2025-02-27 16:37:56,2025-02-27 14:49:20.478105,2025-02-27 14:56:15.285118,2025-02-27 16:08:23.179522,,중랑구,2동,광진구,3동,병원 진료,3929,24.7,휠체어 탑승형 중형,지체장애 1급
2025-07-28 07:25:55,2025-07-28 08:23:55,,,,2025-07-28 07:28:55,성북구,1동,용산구,3동,기타,3187,14.1,휠체어 탑승형 중형,지체장애 1급
2025-10-04 14:03:01,2025-10-04 16:49:01,2025-10-04 14:10:01.519471,2025-10-04 14:21:03.664789,2025-10-04 14:38:01.681483,,성북구,2동,성북구,2동,관공서 방문,1780,6.0,기타 차량,뇌병변장애 1급
2025-09-01 12:33:00,2025-09-01 14:10:00,,,,2025-09-01 12:40:00,관악구,1동,동대문구,1동,여가 활동,1500,2.7,기타 차량,시각장애 1급
2025-05-07 12:15:03,2025-05-07 14:20:03,2025-05-07 12:29:23.909854,2025-05-07 12:54:39.101300,2025-05-07 13:18:54.676874,,노원구,3동,동대문구,2동,기타,2536,8.7,일반 세단형,신장장애
2025-05-10 12:40:37,2025-05-10 14:31:37,2025-05-10 12:56:58.412831,2025-05-10 12:58:29.262078,2025-05-10 13:19:09.337710,,강서구,2동,동대문구,1동,재활 치료,2424,8.3,휠체어 탑승형 대형,지체장애 1급
2025-09-19 16:38:26,2025-09-19 19:01:26,,,,2025-09-19 16:51:26,마포구,3동,강동구,3동,관공서 방문,2116,7.2,기타 차량,시각장애 1급
2025-06-14 08:08:21,2025-06-14 09:30:21,2025-06-14 09:06:32.448914,2025-06-14 09:18:14.337639,2025-06-14 09:40:27.977187,,성북구,1동,서대문구,2동,관공서 방문,2228,7.6,기타 차량,뇌병변장애 1급
2025-12-14 08:29:05,2025-12-14 09:08:05,2025-12-14 08:45:24.627607,2025-12-14 08:58:08.554714,2025-12-14 09:07:58.975165,,노원구,1동,용산구,3동,복지관 이용,1500,3.5,휠체어 탑승형 대형,지체장애 1급
2025-09-14 12:30:49,2025-09-14 13:57:49,2025-09-14 12:31:49,2025-09-14 12:32:49,2025-09-14 13:09:23.098170,,양천구,1동,도봉구,3동,복지관 이용,2928,10.4,일반 세단형,지체장애 2급
2025-01-24 14:42:25,2025-01-24 15:47:25,2025-01-24 14:53:31.091947,2025-01-24 14:54:31.452092,2025-01-24 15:08:13.221634,,서대문구,2동,관악구,2동,직업훈련,1500,4.9,휠체어 탑승형 중형,시각장애 1급
2025-01-27 15:15:25,2025-01-27 15:45:25,2025-01-27 15:30:11.757324,2025-01-27 15:47:14.609909,2025-01-27 16:18:03.269134,,강서구,3동,양천구,2동,경조사,2949,10.7,휠체어 탑승형 대형,시각장애 1급
2025-04-04 20:10:36,2025-04-04 22:30:36,2025-04-04 20:13:18.668678,2025-04-04 20:18:39.645789,2025-04-04 20:25:15.630121,,강동구,2동,도봉구,3동,관공서 방문,1500,1.8,휠체어 탑승형 대형,뇌병변장애 2급
2025-03-26 08:44:33,2025-03-26 10:47:33,2025-03-26 09:02:15.527054,2025-03-26 09:04:32.923689,2025-03-26 09:30:30.189741,,서초,3동,강서구,2동,관공서 방문,2788,9.6,일반 세단형,국가유공자(상이)
2025-08-23 17:53:42,2025-08-23 19:01:42,2025-08-23 17:56:56.355123,2025-08-23 17:59:40.017246,2025-08-23 18:16:12.116127,,노원구,3동,중구,1동,재활 치료,1584,5.3,휠체어 탑승형 중형,뇌병변장애 1급
2025-06-10 17:02:47,2025-06-10 19:39:47,2025-06-10 17:22:18.737730,2025-06-10 17:42:31.387390,2025-06-10 17:56:24.188786,,은평구,3동,송파구,1동,병원 진료,1668,5.6,일반 세단형,시각장애 1급
2025-06-07 10:00:28,2025-06-07 10:36:28,2025-06-07 10:05:59.031161,2025-06-07 10:13:01.883648,2025-06-07 10:30:31.278622,,관악구,3동,마포구,1동,학교 등하교,1780,6.0,기타 차량,뇌병변장애 1급
2025-12-17 17:07:34,2025-12-17 18:17:34,2025-12-17 17:55:51.022911,2025-12-17 18:10:38.546404,2025-12-17 18:13:38.546404,,금천구,1동,,2동,학교 등하교,1500,0.8,일반 세단형,지체장애 1급
2025-10-21 08:06:13,2025-10-21 10:23:13,2025-10-21 08:07:51.206330,2025-10-21 08:15:48.743110,2025-10-21 09:01:17.524511,,중랑구,2동,구로구,3동,출퇴근,3208,14.4,일반 세단형,시각장애 1급
2025-08-17 18:20:33,2025-08-17 20:33:33,2025-08-17 18:39:49.981239,2025-08-17 18:40:49.981239,2025-08-17 19:34:19.527787,,동작구,1동,성동구,2동,여가 활동,3145,13.5,기타 차량,지체장애 2급
2025-05-23 02:24:55,2025-05-23 03:30:55,,,,2025-05-23 02:51:55,강남구,2동,강북구,3동,기타,1500,4.3,일반 세단형,지체장애 1급
2025-01-30 16:53:21,2025-01-30 18:22:21,2025-01-30 16:54:25.452972,2025-01-30 16:58:12.763800,2025-01-30 17:35:08.431147,,구로구,1동,용산구,1동,여가 활동,2998,11.4,휠체어 탑승형 중형,뇌병변장애 2급
2025-10-24 20:35:54,2025-10-24 20:54:54,2025-10-24 20:37:27.091797,2025-10-24 20:38:27.091797,2025-10-24 20:43:30.057442,,은평구,2동,서초,2동,병원 진료,1500,1.4,휠체어 탑승형 중형,지체장애 2급
2025-10-18 17:08:43,2025-10-18 19:29:43,2025-10-18 17:40:45.302185,2025-10-18 17:51:46.498328,2025-10-18 18:11:45.592189,,중구,1동,동대문구,3동,재활 치료,1640,5.5,휠체어 탑승형 대형,시각장애 1급
2025-11-28 17:22:05,2025-11-28 18:40:05,2025-11-28 17:36:03.680283,2025-11-28 17:38:36.059272,2025-11-28 17:46:02.713178,,성동구,2동,은평구,1동,여가 활동,1500,2.1,일반 세단형,지체장애 1급
2025-07-27 09:57:33,2025-07-27 12:06:33,2025-07-27 10:29:15.952576,2025-07-27 10:32:07.770121,2025-07-27 10:50:45.946710,,성북구,3동,마포구,1동,학교 등하교,2256,7.7,휠체어 탑승형 중형,국가유공자(상이)
2025-06-01 20:48:43,2025-06-01 22:23:43,,,,2025-06-01 21:07:43,서대문구,2동,동대문구,1동,복지관 이용,2732,9.4,휠체어 탑승형 대형,신장장애
2025-10-28 07:19:39,2025-10-28 08:57:39,2025-10-28 08:05:49.978923,2025-10-28 08:15:05.611555,2025-10-28 08:59:29.862131,,도봉구,1동,서초구,2동,재활 치료,3460,18.0,일반 세단형,시각장애 1급
2025-08-01 20:05:21,2025-08-01 22:06:21,2025-08-01 20:16:13.733560,2025-08-01 20:20:54.135434,2025-08-01 21:09:36.837805,,영등포구,1동,성동구,1동,출퇴근,3110,13.0,휠체어 탑승형 중형,시각장애 1급
2025-12-27 16:23:51,2025-12-27 16:37:51,,,,2025-12-27 16:35:51,금천구,3동,마포구,3동,재활 치료,2480,8.5,휠체어 탑승형 중형,시각장애 1급
2025-11-23 08:29:33,2025-11-23 08:42:33,2025-11-23 08:46:48.025476,2025-11-23 08:53:55.422400,2025-11-23 09:05:45.089975,,은평구,2동,용산구,3동,출퇴근,1500,4.7,기타 차량,지체장애 1급
2025-08-14 13:21:53,2025-08-14 13:33:53,2025-08-14 13:28:40.607173,2025-08-14 13:36:17.009692,2025-08-14 13:45:37.057757,,영등포구,2동,서초구,3동,직업훈련,1500,3.4,일반 세단형,지체장애 1급
2025-01-09 13:58:00,2025-01-09 15:35:00,2025-01-09 14:13:02.972464,2025-01-09 14:15:04.518130,2025-01-09 14:23:36.339261,,양천구,1동,영등포구,2동,학교 등하교,1500,2.7,휠체어 탑승형 대형,국가유공자(상이)
2025-10-08 08:26:12,2025-10-08 10:35:12,2025-10-08 08:49:36.223144,2025-10-08 08:51:08.833071,2025-10-08 09:13:33.383702,,중랑구,3동,동대문구,3동,직업훈련,-1724,5.8,일반 세단형,지체장애 2급
2025-06-26 16:38:23,2025-06-26 17:51:23,2025-06-26 17:11:37.765966,2025-06-26 17:15:34.809876,2025-06-26 17:25:36.008131,,서대문구,1동,성동구,3동,기타,1500,3.5,휠체어 탑승형 중형,국가유공자(상이)
2025-12-14 09:24:52,2025-12-14 09:43:52,2025-12-14 09:44:05.678198,2025-12-14 09:54:42.044351,2025-12-14 10:15:28.007238,,강북구,1동,중랑구,2동,재활 치료,1808,6.1,기타 차량,뇌병변장애 1급
2025-01-17 10:14:44,2025-01-17 11:58:44,2025-01-17 10:32:57.206638,2025-01-17 10:35:15.002957,2025-01-17 10:51:26.673064,,중랑구,1동,성북구,1동,여가 활동,1500,4.8,기타 차량,국가유공자(상이)
2025-09-22 08:39:01,2025-09-22 09:36:01,2025-09-22 08:44:35.342141,2025-09-22 08:49:07.057027,2025-09-22 09:32:03.963457,,마포구,2동,강서구,1동,직업훈련,2984,11.2,휠체어 탑승형 대형,신장장애
2025-06-25 03:20:14,2025-06-25 03:56:14,2025-06-25 03:33:11.477514,2025-06-25 03:39:11.123729,2025-06-25 03:46:42.638002,,마포구,2동,금천구,1동,경조사,1500,2.7,일반 세단형,뇌병변장애 1급
2025-10-10 16:13:58,2025-10-10 16:49:58,2025-10-10 16:22:09.394790,2025-10-10 16:38:56.762451,2025-10-10 17:01:19.155833,,성동구,2동,중랑구,2동,직업훈련,2480,8.5,휠체어 탑승형 대형,국가유공자(상이)
2025-04-20 17:03:42,2025-04-20 18:34:42,2025-04-20 17:10:59.430435,2025-04-20 17:13:55.463612,2025-04-20 17:42:43.900879,,동대문구,2동,동대문구,2동,병원 진료,2508,8.6,일반 세단형,시각장애 1급
2025-09-23 18:35:52,2025-09-23 19:30:52,2025-09-23 18:56:24.592461,2025-09-23 19:01:09.691584,2025-09-23 19:15:20.349151,,용산구,1동,양천구,3동,직업훈련,1696,5.7,휠체어 탑승형 중형,지체장애 1급
2025-02-23 08:19:26,2025-02-23 08:33:26,2025-02-23 08:34:14.359066,2025-02-23 08:39:32.776724,2025-02-23 09:08:19.551231,,양천구,1동,은평구,1동,병원 진료,2956,10.8,휠체어 탑승형 대형,지체장애 2급
2025-09-19 07:24:33,2025-09-19 07:59:33,2025-09-19 07:50:14.971074,2025-09-19 07:51:14.971074,2025-09-19 08:11:48.813161,,중구,2동,동대문구,1동,주간보호센터,1948,6.6,일반 세단형,뇌병변장애 2급
2025-12-12 04:37:03,2025-12-12 07:35:03,2025-12-12 05:15:01.540451,2025-12-12 05:31:16.295941,2025-12-12 06:00:55.663384,,노원구,1동,동작구,1동,복지관 이용,2536,8.7,휠체어 탑승형 중형,뇌병변장애 2급
2025-08-25 17:17:47,2025-08-25 17:43:47,2025-08-25 17:59:10.029660,2025-08-25 18:02:55.985081,2025-08-25 18:35:07.520461,,강북구,2동,은평구,3동,경조사,2942,10.6,기타 차량,신장장애
2025-09-29 16:59:26,2025-09-29 18:23:26,2025-09-29 17:06:21.236462,2025-09-29 17:17:50.560753,2025-09-29 18:04:37.947193,,관악구,2동,중랑구,2동,직업훈련,3516,18.8,휠체어 탑승형 중형,지체장애 2급
2025-11-01 08:02:05,2025-11-01 09:23:05,2025-11-01 08:22:33.834727,2025-11-01 08:25:51.240703,2025-11-01 08:44:49.397573,,중랑구,3동,양천구,3동,기타,1892,6.4,휠체어 탑승형 중형,지체장애 2급
2025-08-26 18:04:19,2025-08-26 20:41:19,,,,2025-08-26 18:15:19,마포구,3동,중구,1동,출퇴근,2256,7.7,기타 차량,국가유공자(상이)
2025-05-03 18:12:16,2025-05-03 20:20:16,2025-05-03 18:49:55.436168,2025-05-03 18:50:57.945174,2025-05-03 19:40:53.661835,,구로구,1동,영등포구,2동,복지관 이용,3075,12.5,휠체어 탑승형 대형,국가유공자(상이)
2025-10-01 11:48:12,2025-10-01 14:20:12,2025-10-01 11:50:21.063954,2025-10-01 11:55:17.791937,2025-10-01 12:44:17.090359,,영등포구,2동,은평구,2동,재활 치료,3390,17.0,휠체어 탑승형 중형,뇌병변장애 2급
2025-11-06 17:05:43,2025-11-06 17:29:43,2025-11-06 17:07:49.623142,2025-11-06 17:22:16.701566,2025-11-06 18:25:03.298359,,마포구,2동,은평구,1동,복지관 이용,3684,21.2,일반 세단형,국가유공자(상이)
2025-04-21 16:39:41,2025-04-21 19:06:41,2025-04-21 17:34:30.937977,2025-04-21 17:50:50.183167,2025-04-21 18:13:21.554421,,마포구,1동,성북구,2동,출퇴근,1948,6.6,기타 차량,시각장애 1급
2025-12-17 15:23:28,2025-12-17 18:06:28,2025-12-17 15:43:11.195780,2025-12-17 15:47:14.625403,2025-12-17 15:58:21.922667,,강서구,2동,용산구,1동,학교 등하교,1500,2.9,일반 세단형,뇌병변장애 1급
2025-11-22 11:35:35,2025-11-22 14:12:35,2025-11-22 12:11:16.972318,2025-11-22 12:12:16.972318,2025-11-22 12:28:00.851412,,양천구,3동,광진구,2동,경조사,1920,6.5,기타 차량,신장장애
2025-11-15 02:33:04,2025-11-15 04:52:04,2025-11-15 02:34:34.570938,2025-11-15 02:39:42.005255,2025-11-15 02:57:14.877742,,도봉구,1동,송파구,3동,경조사,1500,4.8,휠체어 탑승형 대형,시각장애 1급
2025-08-14 16:14:28,2025-08-14 16:30:28,2025-08-14 17:06:14.563408,2025-08-14 17:09:26.391124,2025-08-14 17:23:48.579060,,동작구,1동,중랑구,1동,여가 활동,1500,4.3,휠체어 탑승형 중형,뇌병변장애 1급
2025-11-13 19:26:01,2025-11-13 22:09:01,2025-11-13 19:56:14.942964,2025-11-13 20:03:02.554242,2025-11-13 20:30:59.374989,,성북구,3동,중구,1동,기타,2704,9.3,일반 세단형,국가유공자(상이)
2025-11-10 20:59:18,2025-11-10 21:58:18,2025-11-10 21:09:51.522726,2025-11-10 21:19:37.839058,2025-11-10 21:41:44.049135,,강서구,2동,광진구,2동,복지관 이용,2676,9.2,휠체어 탑승형 대형,뇌병변장애 2급
2025-02-07 15:43:35,2025-02-07 18:39:35,2025-02-07 16:10:25.303552,2025-02-07 16:13:41.636816,2025-02-07 16:48:14.248048,,중랑구,1동,동대문구,1동,직업훈련,3040,12.0,일반 세단형,지체장애 2급
2025-03-18 07:29:30,2025-03-18 08:26:30,2025-03-18 07:38:16.699658,2025-03-18 08:02:03.932293,2025-03-18 08:41:03.329110,,중랑구,3동,노원구,1동,복지관 이용,2942,10.6,휠체어 탑승형 대형,국가유공자(상이)
2025-12-30 08:29:15,2025-12-30 08:55:15,2025-12-30 08:58:47.628934,,,2025-12-30 09:03:47.628934,동작구,1동,은평구,1동,여가 활동,2998,11.4,기타 차량,신장장애
2025-04-15 07:45:50,2025-04-15 09:13:50,2025-04-15 07:57:17.210903,2025-04-15 07:58:17.210903,2025-04-15 08:14:28.313743,,용산구,1동,마포구,1동,재활 치료,1808,6.1,휠체어 탑승형 대형,지체장애 1급
2025-09-15 10:23:18,2025-09-15 12:01:18,2025-09-15 10:26:23.324037,2025-09-15 10:49:08.307371,2025-09-15 10:52:08.307371,,구로구,3동,영등포구,3동,여가 활동,1500,1.0,휠체어 탑승형 대형,지체장애 1급
2025-01-03 14:25:11,2025-01-03 15:03:11,2025-01-03 14:36:47.643114,2025-01-03 14:40:50.360547,2025-01-03 14:43:50.360547,,강남구,2동,동대문구,1동,기타,1500,0.5,휠체어 탑승형 중형,뇌병변장애 2급
2025-12-30 16:54:38,2025-12-30 18:20:38,2025-12-30 16:55:55.313616,2025-12-30 17:36:28.610537,2025-12-30 18:03:16.180613,,강동구,2동,중구,2동,학교 등하교,2956,10.8,휠체어 탑승형 대형,국가유공자(상이)
2025-03-09 10:02:45,2025-03-09 11:04:45,2025-03-09 10:40:22.543798,2025-03-09 11:05:28.096685,2025-03-09 11:27:18.637529,,동작구,2동,동대문구,1동,재활 치료,2480,8.5,휠체어 탑승형 대형,시각장애 1급
2025-12-08 20:30:11,2025-12-08 20:45:11,2025-12-08 20:45:55.339854,2025-12-08 20:53:08.340119,2025-12-08 20:59:30.211339,,강남구,3동,서초구,3동,여가 활동,1500,2.1,일반 세단형,뇌병변장애 1급
2025-02-21 16:10:44,2025-02-21 16:44:44,2025-02-21 16:24:38.853105,2025-02-21 16:31:36.293037,2025-02-21 17:23:33.970515,,마포구,1동,구로구,3동,경조사,3131,13.3,휠체어 탑승형 대형,뇌병변장애 1급
2025-03-13 18:51:31,2025-03-13 19:17:31,2025-03-13 19:12:41.187540,2025-03-13 19:18:42.533688,2025-03-13 19:45:30.978492,,중구,1동,강북구,3동,기타,2760,9.5,휠체어 탑승형 중형,뇌병변장애 1급
2025-05-24 12:20:13,2025-05-24 13:53:13,2025-05-24 12:35:43.752180,2025-05-24 12:38:18.451492,2025-05-24 12:58:35.946171,,성북구,1동,성북구,2동,재활 치료,1556,5.2,휠체어 탑승형 대형,지체장애 1급
2025-07-09 07:57:44,2025-07-09 10:24:44,2025-07-09 08:21:42.596845,2025-07-09 08:22:42.596845,2025-07-09 08:53:32.638028,,노원구,1동,서대문구,3동,복지관 이용,2676,9.2,휠체어 탑승형 대형,국가유공자(상이)
2025-06-08 16:06:14,2025-06-08 18:25:14,2025-06-08 16:26:51.627607,2025-06-08 16:59:12.630839,2025-06-08 17:13:38.708162,,용산구,1동,관악구,3동,주간보호센터,1500,4.8,휠체어 탑승형 대형,국가유공자(상이)
2025-06-09 16:13:11,2025-06-09 17:15:11,2025-06-09 16:18:12.373194,2025-06-09 16:24:35.856302,2025-06-09 16:33:23.306405,,성동구,1동,종로구,3동,학교 등하교,1500,2.2,휠체어 탑승형 중형,지체장애 2급
2025-02-22 10:25:44,2025-02-22 11:52:44,2025-02-22 10:32:58.847714,2025-02-22 10:33:58.847714,2025-02-22 10:44:04.121802,,양천구,3동,구로구,3동,직업훈련,1500,3.9,일반 세단형,뇌병변장애 2급
2025-06-03 08:22:52,2025-06-03 10:12:52,2025-06-03 08:56:18.570096,2025-06-03 08:57:24.724306,2025-06-03 09:32:56.884376,,영등포구,1동,용산구,3동,복지관 이용,2914,10.2,일반 세단형,국가유공자(상이)
2025-01-09 15:54:27,2025-01-09 17:18:27,2025-01-09 16:08:19.387055,2025-01-09 16:09:19.387055,2025-01-09 16:43:06.311175,,은평구,3동,서대문구,2동,여가 활동,2592,8.9,휠체어 탑승형 대형,국가유공자(상이)
2025-06-29 08:59:04,2025-06-29 10:09:04,2025-06-29 09:17:50.970801,2025-06-29 09:22:35.382417,2025-06-29 09:49:10.836882,,서초구,1동,강서구,2동,여가 활동,2564,8.8,휠체어 탑승형 대형,지체장애 1급
2025-08-03 12:38:57,2025-08-03 13:25:57,,,,2025-08-03 12:45:57,강서구,1동,동작구,3동,재활 치료,2977,11.1,휠체어 탑승형 대형,신장장애
2025-05-03 12:04:51,2025-05-03 14:22:51,2025-05-03 12:20:03.948351,2025-05-03 12:25:58.419437,2025-05-03 12:43:33.571085,,강서구,1동,중랑구,1동,출퇴근,1724,5.8,기타 차량,국가유공자(상이)
2025-02-27 22:43:57,2025-02-27 23:12:57,2025-02-27 22:53:02.582999,2025-02-27 23:00:19.617219,2025-02-27 23:25:39.423485,,도봉구,3동,성북구,2동,경조사,2480,8.5,휠체어 탑승형 대형,시각장애 1급
2025-03-04 19:20:57,2025-03-04 20:01:57,2025-03-04 19:43:19.295925,2025-03-04 19:50:25.029429,2025-03-04 20:46:08.356715,,마포구,3동,금천구,3동,기타,3775,22.5,기타 차량,신장장애
2025-09-05 08:40:35,2025-09-05 10:17:35,2025-09-05 09:20:04.522281,2025-09-05 09:21:04.522281,2025-09-05 09:45:10.422672,,동작구,1동,종로구,2동,병원 진료,2816,9.7,일반 세단형,뇌병변장애 1급
2025-02-15 20:16:05,2025-02-15 21:17:05,2025-02-15 20:18:22.325995,2025-02-15 20:20:28.154388,2025-02-15 20:31:36.863402,,구로구,3동,광진구,2동,관공서 방문,1500,3.7,휠체어 탑승형 중형,지체장애 2급
2025-08-10 20:37:57,2025-08-10 22:04:57,2025-08-10 21:13:47.533444,2025-08-10 21:33:14.411859,2025-08-10 22:20:41.498742,,중구,3동,중랑구,2동,병원 진료,3096,12.8,휠체어 탑승형 중형,시각장애 1급
2025-03-20 01:22:24,2025-03-20 04:22:24,2025-03-20 01:31:47.172265,2025-03-20 01:38:20.554696,2025-03-20 02:38:48.701846,,도봉구,2동,노원구,2동,주간보호센터,3957,25.1,기타 차량,시각장애 1급
2025-11-19 07:35:45,2025-11-19 09:54:45,2025-11-19 07:46:20.290909,2025-11-19 07:49:34.317108,2025-11-19 08:07:24.994478,,도봉구,3동,동작구,1동,출퇴근,2032,6.9,휠체어 탑승형 대형,국가유공자(상이)
2025-05-24 15:38:26,2025-05-24 18:05:26,2025-05-24 16:02:12.709019,2025-05-24 16:04:28.374418,2025-05-24 16:20:20.589985,,관악구,2동,서대문구,2동,복지관 이용,1808,6.1,휠체어 탑승형 중형,뇌병변장애 2급
2025-08-29 13:38:03,2025-08-29 15:33:03,2025-08-29 13:50:18.737223,2025-08-29 13:51:59.807119,2025-08-29 14:38:26.209359,,송파구,1동,성북구,1동,경조사,3208,14.4,기타 차량,신장장애
2025-05-23 15:25:24,2025-05-23 16:05:24,2025-05-23 15:27:30.699452,2025-05-23 15:28:30.699452,2025-05-23 15:51:56.372772,,종로구,2동,서초구,1동,병원 진료,1752,5.9,일반 세단형,뇌병변장애 2급
2025-06-13 12:21:49,2025-06-13 13:38:49,2025-06-13 12:24:15.270177,2025-06-13 12:26:25.057900,2025-06-13 12:31:22.261518,,서초구,3동,관악구,3동,경조사,1500,2.0,일반 세단형,뇌병변장애 1급
2025-04-19 06:58:14,2025-04-19 07:42:14,2025-04-19 07:28:42.100713,2025-04-19 07:45:49.622878,2025-04-19 07:54:41.731155,,성북구,3동,동작구,3동,재활 치료,1500,2.8,휠체어 탑승형 대형,시각장애 1급
2025-09-25 09:06:50,2025-09-25 10:26:50,2025-09-25 10:37:38.460655,2025-09-25 10:41:11.438302,2025-09-25 11:06:34.822776,,도봉구,3동,광진구,1동,기타,2088,7.1,휠체어 탑승형 대형,뇌병변장애 2급
2025-06-24 13:35:56,2025-06-24 16:31:56,2025-06-24 14:04:30.179698,2025-06-24 14:11:26.292286,2025-06-24 14:40:02.312850,,강남구,2동,영등포구,2동,재활 치료,2816,9.7,휠체어 탑승형 대형,시각장애 1급
2025-12-26 16:56:35,2025-12-26 17:06:35,2025-12-26 17:01:24.743836,2025-12-26 17:13:33.620722,2025-12-26 17:27:55.694162,,마포구,1동,광진구,1동,여가 활동,1612,5.4,휠체어 탑승형 중형,시각장애 1급
2025-08-31 13:17:16,2025-08-31 15:57:16,2025-08-31 13:32:29.026343,2025-08-31 13:40:42.778621,2025-08-31 14:21:39.389407,,노원구,1동,송파구,3동,경조사,3012,11.6,일반 세단형,신장장애
2025-03-07 08:48:40,2025-03-07 09:45:40,2025-03-07 08:49:40,2025-03-07 08:53:20.200012,2025-03-07 09:22:15.274994,,관악구,3동,동대문구,3동,학교 등하교,2907,10.1,일반 세단형,신장장애
2025-09-15 02:29:51,2025-09-15 04:01:51,2025-09-15 02:45:41.581695,2025-09-15 02:49:27.825958,2025-09-15 03:30:20.555968,,서울특별시 강남구,3동,도봉구,1동,기타,3229,14.7,일반 세단형,뇌병변장애 2급
2025-02-02 18:50:01,2025-02-02 19:05:01,2025-02-02 18:51:01,2025-02-02 18:56:38.604792,2025-02-02 20:01:43.411937,,강북구,3동,강북구,1동,여가 활동,3341,16.3,일반 세단형,시각장애 1급
2025-01-10 08:52:24,2025-01-10 09:28:24,2025-01-10 09:37:40.984238,2025-01-10 09:39:55.098306,2025-01-10 10:03:22.020723,,강서구,2동,서초구,2동,기타,1780,6.0,휠체어 탑승형 대형,국가유공자(상이)
2025-11-12 08:20:12,2025-11-12 09:02:12,2025-11-12 08:26:01.701408,2025-11-12 08:32:18.136517,2025-11-12 08:39:21.851211,,영등포구,1동,구로구,2동,경조사,1500,1.8,휠체어 탑승형 대형,지체장애 2급
2025-08-08 08:59:47,2025-08-08 09:39:47,2025-08-08 09:24:16.746973,2025-08-08 09:29:57.013223,2025-08-08 10:07:48.493319,,금천구,1동,서대문구,1동,직업훈련,2914,10.2,일반 세단형,뇌병변장애 1급
2025-06-14 16:54:00,2025-06-14 18:38:00,2025-06-14 17:05:32.754814,2025-06-14 17:09:07.061047,2025-06-14 18:09:37.227847,,도봉구,1동,관악구,2동,병원 진료,3901,24.3,기타 차량,지체장애 1급
2025-06-22 15:22:08,2025-06-22 15:33:08,2025-06-22 15:36:37.485136,2025-06-22 15:47:37.115725,2025-06-22 15:56:08.774753,,양천구,3동,용산구,2동,학교 등하교,1500,2.3,일반 세단형,뇌병변장애 2급
2025-07-06 15:10:45,2025-07-06 16:54:45,2025-07-06 15:17:22.698472,2025-07-06 15:20:47.149146,2025-07-06 15:37:39.898323,,서초구,1동,강남구,3동,복지관 이용,1836,6.2,기타 차량,지체장애 2급
2025-03-29 15:47:06,2025-03-29 18:45:06,2025-03-29 16:28:45.442202,2025-03-29 16:42:37.981403,2025-03-29 17:08:08.884148,,종로구,2동,영등포구,3동,주간보호센터,2732,9.4,일반 세단형,지체장애 2급
2025-11-25 18:28:06,2025-11-25 20:51:06,2025-11-25 19:13:32.790435,2025-11-25 19:27:50.499840,2025-11-25 20:09:41.524413,,양천구,2동,송파구,1동,병원 진료,3397,17.1,휠체어 탑승형 중형,신장장애
2025-05-12 20:14:20,2025-05-12 23:08:20,2025-05-12 20:35:32.312653,2025-05-12 20:52:39.269330,2025-05-12 21:27:14.741050,,동대문구,3동,강남구,1동,관공서 방문,2984,11.2,휠체어 탑승형 중형,뇌병변장애 2급
2025-06-20 14:27:49,2025-06-20 14:37:49,2025-06-20 14:32:33.600109,2025-06-20 14:34:52.714663,2025-06-20 16:12:11.344568,,광진구,3동,도봉구,3동,관공서 방문,3915,24.5,일반 세단형,지체장애 2급
2025-02-24 20:08:05,2025-02-24 22:17:05,2025-02-24 20:09:42.599711,2025-02-24 20:25:39.746097,2025-02-24 20:50:14.310027,,광진구,1동,구로구,2동,재활 치료,2648,9.1,기타 차량,신장장애
2025-08-15 14:08:56,2025-08-15 15:22:56,2025-08-15 14:33:13.128300,2025-08-15 14:52:49.866544,2025-08-15 15:56:05.290129,,관악구,1동,은평구,3동,직업훈련,3628,20.4,기타 차량,시각장애 1급
2025-08-07 12:27:06,2025-08-07 14:03:06,2025-08-07 12:47:03.528068,2025-08-07 12:57:01.650435,2025-08-07 13:35:41.215616,,은평구,2동,관악구,1동,여가 활동,3215,14.5,일반 세단형,시각장애 1급
2025-04-10 15:31:00,2025-04-10 18:25:00,2025-04-10 16:04:57.373375,2025-04-10 16:07:31.373074,2025-04-10 16:23:34.418100,,강서구,1동,구로구,1동,복지관 이용,1948,6.6,휠체어 탑승형 중형,국가유공자(상이)
2025-01-19 07:12:41,2025-01-19 08:49:41,2025-01-19 07:27:19.817548,2025-01-19 07:28:19.817548,2025-01-19 08:20:18.304822,,광진구,1동,은평구,2동,여가 활동,3607,20.1,기타 차량,국가유공자(상이)
2025-04-15 09:33:51,2025-04-15 10:47:51,2025-04-15 09:42:49.162004,2025-04-15 09:43:49.162004,2025-04-15 10:24:38.086602,,강남구,1동,광진구,3동,여가 활동,3047,12.1,기타 차량,시각장애 1급
2025-07-12 17:10:33,2025-07-12 19:35:33,2025-07-12 17:11:43.368089,2025-07-12 17:12:43.368089,2025-07-12 17:46:01.604755,,마포구,3동,강서구,1동,주간보호센터,3075,12.5,휠체어 탑승형 대형,지체장애 2급
2025-03-30 17:56:51,2025-03-30 18:47:51,2025-03-30 18:17:46.540352,2025-03-30 18:19:45.939942,2025-03-30 18:44:08.368341,,중구,3동,중랑구,2동,경조사,2200,7.5,기타 차량,시각장애 1급
2025-04-02 10:44:48,2025-04-02 11:22:48,2025-04-02 11:42:37.395815,,,2025-04-02 11:57:37.395815,영등포구,1동,영등포구,3동,경조사,3124,13.2,기타 차량,지체장애 2급
2025-08-26 16:39:28,2025-08-26 18:56:28,2025-08-26 16:40:28,2025-08-26 16:45:44.528909,2025-08-26 16:52:04.755448,,서대문구,3동,동작구,1동,복지관 이용,1500,2.5,휠체어 탑승형 대형,뇌병변장애 2급
2025-09-10 23:30:35,2025-09-11 00:28:35,2025-09-11 00:03:11.228181,2025-09-11 00:04:11.228181,2025-09-11 00:35:32.330750,,중랑구,1동,종로구,1동,여가 활동,3040,12.0,휠체어 탑승형 대형,시각장애 1급
2025-02-13 15:55:14,2025-02-13 16:11:14,,,,2025-02-13 16:25:14,양천구,1동,송파구,3동,여가 활동,3824,23.2,휠체어 탑승형 대형,지체장애 2급
2025-06-28 10:17:12,2025-06-28 11:19:12,,,,2025-06-28 10:37:12,중구,1동,강동구,2동,출퇴근,1584,5.3,휠체어 탑승형 대형,지체장애 2급
2025-01-26 19:56:00,2025-01-26 22:06:00,2025-01-26 19:59:10.840717,2025-01-26 20:21:07.891386,2025-01-26 20:37:50.532382,,종로구,3동,서대문구,3동,경조사,2032,6.9,휠체어 탑승형 대형,국가유공자(상이)
2025-11-05 08:11:00,2025-11-05 10:24:00,2025-11-06 10:11:00,2025-11-05 08:38:49.496559,2025-11-05 08:48:54.734874,,관악구,3동,금천구,3동,직업훈련,1500,3.1,휠체어 탑승형 대형,시각장애 1급
2025-04-21 11:02:36,2025-04-21 11:29:36,2025-04-21 11:12:58.935847,2025-04-21 11:13:58.935847,2025-04-21 11:32:10.126347,,영등포구,3동,강동구,1동,학교 등하교,1500,5.0,기타 차량,국가유공자(상이)
2025-01-18 16:10:31,2025-01-18 17:32:31,2025-01-18 16:17:13.353265,2025-01-18 16:18:27.085827,2025-01-18 17:13:42.292620,,노원구,3동,관악구,1동,주간보호센터,3656,20.8,휠체어 탑승형 중형,시각장애 1급
2025-02-01 06:52:40,2025-02-01 09:06:40,2025-02-01 06:55:44.585683,2025-02-01 06:58:39.080192,2025-02-01 07:11:10.274709,,양천구,3동,서대문구,1동,기타,1556,5.2,휠체어 탑승형 중형,지체장애 2급
2025-08-25 08:32:26,2025-08-25 11:07:26,2025-08-25 09:07:51.184650,2025-08-25 09:13:18.330514,2025-08-25 09:27:40.826013,,광진구,2동,강남구,1동,재활 치료,1500,3.8,일반 세단형,뇌병변장애 2급
2025-01-04 18:27:31,2025-01-04 21:06:31,2025-01-04 18:30:24.652209,2025-01-04 19:04:44.326913,2025-01-04 19:25:17.973947,,구로구,1동,영등포구,3동,복지관 이용,2256,7.7,휠체어 탑승형 대형,시각장애 1급
2025-01-08 07:15:27,2025-01-08 07:46:27,2025-01-08 07:17:28.288372,2025-01-08 07:21:46.462648,2025-01-08 07:27:55.800538,,중랑구,1동,송파구,3동,직업훈련,1500,2.3,기타 차량,뇌병변장애 2급
2025-06-15 08:07:04,2025-06-15 09:25:04,2025-06-15 08:16:28.748741,2025-06-15 08:34:55.927716,2025-06-15 08:37:55.927716,,관악구,3동,관악구,1동,병원 진료,1500,1.1,일반 세단형,시각장애 1급
2025-12-19 00:59:48,2025-12-19 03:49:48,2025-12-19 01:08:52.818671,2025-12-19 01:31:03.068193,2025-12-19 01:47:17.102791,,강동구,3동,종로구,2동,경조사,1500,5.0,휠체어 탑승형 중형,뇌병변장애 2급
2025-06-19 18:15:27,2025-06-19 19:50:27,2025-06-19 19:18:19.446942,2025-06-19 19:19:51.450557,2025-06-19 20:01:43.536199,,양천구,3동,강북구,1동,학교 등하교,2970,11.0,일반 세단형,지체장애 2급
2025-09-10 09:39:38,2025-09-10 11:05:38,2025-09-10 10:53:48.483507,2025-09-10 11:06:07.923934,2025-09-10 11:21:52.871432,,강북구,2동,용산구,2동,관공서 방문,1640,5.5,휠체어 탑승형 대형,뇌병변장애 2급
2025-08-18 18:37:12,2025-08-18 19:19:12,2025-08-18 18:48:06.327503,2025-08-18 19:20:28.983221,2025-08-18 19:52:33.414091,,도봉구,2동,강서구,3동,경조사,2676,9.2,휠체어 탑승형 중형,국가유공자(상이)
2025-11-14 07:07:53,2025-11-14 09:51:53,2025-11-14 07:59:28.644622,2025-11-14 08:02:11.211679,2025-11-14 08:31:52.903075,,성동구,1동,마포구,1동,학교 등하교,2970,11.0,기타 차량,시각장애 1급
2025-11-05 22:36:37,2025-11-06 00:36:37,2025-11-05 23:05:46.864202,,,2025-11-05 23:10:46.864202,양천구,3동,서초구,2동,경조사,1500,4.9,휠체어 탑승형 중형,시각장애 1급
2025-06-27 19:00:50,2025-06-27 19:47:50,2025-06-27 19:54:58.732471,2025-06-27 20:01:57.805931,2025-06-27 20:34:48.346648,,종로구,1동,성북구,1동,재활 치료,2998,11.4,기타 차량,지체장애 2급
2025-02-10 17:53:21,2025-02-10 20:17:21,2025-02-10 17:54:24.777016,2025-02-10 17:56:58.401009,2025-02-10 18:41:27.887142,,종로구,2동,용산구,2동,주간보호센터,3061,12.3,기타 차량,뇌병변장애 2급
2025-08-10 19:37:15,2025-08-10 21:42:15,2025-08-10 19:58:03.842919,2025-08-10 19:59:03.842919,2025-08-10 20:46:46.604009,,중랑구,2동,종로구,2동,학교 등하교,3355,16.5,일반 세단형,시각장애 1급
2025-06-10 15:27:19,2025-06-10 17:17:19,2025-06-10 15:36:44.554278,2025-06-10 15:38:46.534142,2025-06-10 15:49:12.904689,,금천구,3동,동대문구,2동,여가 활동,1500,3.1,일반 세단형,시각장애 1급
2025-09-30 15:25:10,2025-09-30 17:02:10,2025-09-30 15:31:16.382210,2025-09-30 15:57:15.970440,2025-09-30 16:08:51.570900,,종로구,3동,관악구,2동,병원 진료,1500,3.0,일반 세단형,국가유공자(상이)
2025-05-14 15:48:45,2025-05-14 16:32:45,2025-05-14 16:14:22.577788,2025-05-14 16:15:22.577788,2025-05-14 16:56:07.240801,,서초구,2동,동대문구,1동,관공서 방문,2914,10.2,일반 세단형,지체장애 1급
2025-02-14 16:08:20,2025-02-14 18:10:20,2025-02-14 16:28:13.844962,2025-02-14 16:33:55.076568,2025-02-14 16:44:15.652088,,은평구,1동,성동구,1동,재활 치료,1500,4.0,휠체어 탑승형 중형,신장장애
2025-08-27 13:41:20,2025-08-27 13:53:20,2025-08-27 13:53:11.541150,2025-08-27 13:58:59.276353,2025-08-27 14:31:32.612518,,은평구,3동,광진구,1동,기타,3138,13.4,휠체어 탑승형 중형,뇌병변장애 1급
2025-04-29 18:37:10,2025-04-29 19:00:10,2025-04-29 18:39:45.084543,2025-04-29 18:42:02.027083,2025-04-29 19:08:36.062464,,서대문구,2동,금천구,2동,병원 진료,2144,7.3,기타 차량,지체장애 1급
2025-06-11 08:06:31,2025-06-11 08:28:31,2025-06-11 08:09:05.030937,2025-06-11 08:27:01.707968,2025-06-11 08:42:44.952336,,관악구,2동,송파구,3동,여가 활동,1500,4.2,기타 차량,시각장애 1급
2025-06-08 22:59:21,2025-06-08 23:15:21,2025-06-08 23:12:28.323103,2025-06-08 23:18:22.351443,2025-06-09 00:11:43.224083,,동작구,2동,금천구,1동,재활 치료,3586,19.8,기타 차량,국가유공자(상이)
2025-12-09 13:39:40,2025-12-09 15:18:40,,,,2025-12-09 14:07:40,송파구,1동,구로구,3동,복지관 이용,2907,10.1,휠체어 탑승형 대형,신장장애
2025-08-17 00:57:30,2025-08-17 03:38:30,2025-08-17 01:34:19.485466,2025-08-17 01:35:31.566915,2025-08-17 02:01:04.745372,,강동구,1동,동작구,1동,재활 치료,2914,10.2,일반 세단형,지체장애 2급
2025-08-23 10:35:21,2025-08-23 12:25:21,2025-08-23 11:03:24.557217,2025-08-23 11:06:22.818972,2025-08-23 12:18:00.362316,,은평구,1동,중구,2동,재활 치료,3586,19.8,휠체어 탑승형 중형,국가유공자(상이)
2025-08-11 08:17:47,2025-08-11 10:25:47,2025-08-11 08:25:36.259460,2025-08-11 08:30:10.012021,2025-08-11 08:33:10.012021,,노원구,2동,강남구,1동,기타,1500,0.8,휠체어 탑승형 대형,신장장애
2025-11-07 12:25:08,2025-11-07 13:24:08,2025-11-07 12:31:11.491576,2025-11-07 12:37:21.317191,2025-11-07 12:59:31.089266,,강남구,2동,강남구,2동,병원 진료,2564,8.8,휠체어 탑승형 중형,뇌병변장애 2급
2025-09-19 17:08:12,2025-09-19 20:07:12,2025-09-19 17:13:27.647063,2025-09-19 17:24:05.762012,2025-09-19 17:43:38.581843,,강남구,1동,구로구,2동,주간보호센터,1500,4.9,휠체어 탑승형 중형,지체장애 1급
2025-01-29 12:41:28,2025-01-29 13:27:28,2025-01-29 12:48:24.806254,2025-01-29 12:50:34.085736,2025-01-29 13:13:41.882418,,양천구,3동,동작구,1동,직업훈련,2536,8.7,휠체어 탑승형 중형,국가유공자(상이)
2025-11-11 14:03:23,2025-11-11 15:57:23,2025-11-11 14:12:50.853463,2025-11-11 14:22:50.207467,2025-11-11 14:54:48.318773,,금천구,3동,관악구,2동,경조사,2998,11.4,일반 세단형,지체장애 1급
2025-05-08 16:42:22,2025-05-08 18:00:22,2025-05-08 17:03:41.962585,2025-05-08 17:05:30.077538,2025-05-08 17:33:04.930523,,강동구,2동,성동구,3동,복지관 이용,2228,7.6,휠체어 탑승형 대형,시각장애 1급
2025-03-27 23:47:52,2025-03-28 02:19:52,2025-03-27 23:53:07.628404,2025-03-27 23:54:31.429513,2025-03-28 00:37:16.485815,,강서구,2동,동작구,3동,주간보호센터,3019,11.7,휠체어 탑승형 중형,뇌병변장애 1급
2025-12-26 05:23:47,2025-12-26 08:11:47,2025-12-26 06:05:01.137565,2025-12-26 06:13:41.837636,2025-12-26 06:37:09.708934,,강남구,2동,도봉구,2동,학교 등하교,2704,9.3,휠체어 탑승형 대형,신장장애
2025-04-30 12:53:51,2025-04-30 13:57:51,2025-04-30 13:07:17.795442,2025-04-30 13:22:18.233695,2025-04-30 13:51:55.546859,,서초구,2동,동대문구,3동,병원 진료,2949,10.7,기타 차량,지체장애 1급
2025-12-01 05:51:06,2025-12-01 06:48:06,2025-12-01 05:52:06,2025-12-01 05:55:49.423689,2025-12-01 06:18:45.494320,,관악구,1동,구로구,2동,병원 진료,2228,7.6,기타 차량,시각장애 1급
2025-01-06 06:37:33,2025-01-06 07:07:33,2025-01-06 06:54:38.534197,2025-01-06 07:10:50.353775,2025-01-06 07:36:19.326672,,마포구,2동,성동구,2동,복지관 이용,2592,8.9,휠체어 탑승형 중형,국가유공자(상이)
2025-09-29 11:06:40,2025-09-29 13:19:40,2025-09-29 11:54:25.891273,2025-09-29 12:03:32.156670,2025-09-29 12:24:10.807147,,종로구,3동,경기 성남시,1동,기타,1808,6.1,일반 세단형,시각장애 1급
2025-12-16 16:02:21,2025-12-16 17:49:21,,,,2025-12-16 16:20:21,은평구,1동,용산구,1동,복지관 이용,1892,6.4,기타 차량,지체장애 1급
2025-03-29 18:17:56,2025-03-29 20:32:56,2025-03-29 19:40:40.151486,2025-03-29 19:44:45.277940,2025-03-29 20:00:51.143604,,구로구,3동,도봉구,3동,관공서 방문,1500,5.0,일반 세단형,지체장애 1급
2025-05-17 18:36:11,2025-05-17 18:51:11,2025-05-17 18:47:44.698215,2025-05-17 18:48:44.698215,2025-05-17 19:12:29.891493,,마포구,2동,마포구,1동,여가 활동,2172,7.4,휠체어 탑승형 대형,시각장애 1급
2025-09-18 17:40:50,2025-09-18 18:18:50,2025-09-18 17:52:21.371068,2025-09-18 18:02:17.444958,2025-09-18 18:14:24.228146,,강서구,2동,노원구,2동,재활 치료,1500,3.1,일반 세단형,뇌병변장애 1급
2025-04-22 15:58:29,2025-04-22 17:11:29,2025-04-22 16:21:21.285682,2025-04-22 16:27:41.969730,2025-04-22 16:41:34.934542,,동작구,2동,종로구,2동,출퇴근,1500,4.9,휠체어 탑승형 중형,뇌병변장애 2급
2025-10-07 16:11:10,2025-10-07 16:37:10,2025-10-07 16:17:02.764861,2025-10-07 16:33:45.662650,2025-10-07 17:02:56.712275,,중구,1동,성북구,3동,경조사,2676,9.2,휠체어 탑승형 중형,시각장애 1급
2025-03-09 14:43:46,2025-03-09 15:55:46,2025-03-09 14:44:46,2025-03-09 14:50:21.145440,2025-03-09 14:57:39.192518,,도봉구,2동,마포구,3동,복지관 이용,1500,2.7,기타 차량,뇌병변장애 2급
2025-06-18 17:01:29,2025-06-18 17:42:29,2025-06-18 17:08:37.051302,2025-06-18 17:15:16.042486,2025-06-18 17:30:44.665384,,구로구,2동,마포구,3동,학교 등하교,1640,5.5,기타 차량,지체장애 2급
2025-04-28 15:52:39,2025-04-28 16:29:39,2025-04-28 15:53:52.784967,2025-04-28 15:57:57.315858,2025-04-28 16:18:32.419158,,마포구,2동,강남구,3동,직업훈련,1864,6.3,일반 세단형,뇌병변장애 1급
2025-03-04 18:03:28,2025-03-04 18:43:28,2025-03-04 18:29:54.698006,2025-03-04 18:43:43.457709,2025-03-04 19:06:49.767616,,중랑구,2동,영등포구,1동,경조사,2760,9.5,휠체어 탑승형 중형,지체장애 1급
2025-04-12 17:21:40,2025-04-12 20:16:40,,,,2025-04-12 17:44:40,종로구,3동,서대문구,1동,여가 활동,2536,8.7,기타 차량,국가유공자(상이)
2025-01-27 10:01:49,2025-01-27 11:23:49,2025-01-27 10:52:21.127616,2025-01-27 10:54:56.568385,2025-01-27 11:04:10.172445,,동작구,1동,마포구,1동,학교 등하교,1500,3.4,기타 차량,국가유공자(상이)
2025-04-22 09:51:22,2025-04-22 12:51:22,2025-04-22 09:52:22,2025-04-22 10:01:36.181244,2025-04-22 10:27:13.586383,,동대문구,3동,서대문구,3동,주간보호센터,2256,7.7,휠체어 탑승형 중형,지체장애 2급
2025-10-19 07:27:15,2025-10-19 09:29:15,2025-10-19 07:39:57.346556,2025-10-19 07:48:08.881208,2025-10-19 08:03:53.160674,,양천구,2동,강서구,2동,출퇴근,1892,6.4,기타 차량,국가유공자(상이)
2025-06-14 09:16:38,2025-06-14 11:00:38,2025-06-14 09:50:02.720560,2025-06-14 09:58:30.972808,2025-06-14 10:48:45.738921,,노원구,2동,서대문구,2동,복지관 이용,3229,14.7,기타 차량,지체장애 1급
2025-06-19 11:32:12,2025-06-19 13:59:12,2025-06-19 11:57:13.331799,2025-06-19 12:00:40.902367,2025-06-19 12:49:54.077052,,강동구,2동,동작구,1동,병원 진료,3201,14.3,휠체어 탑승형 대형,신장장애
2025-03-10 14:19:18,2025-03-10 16:10:18,2025-03-10 14:36:19.085690,2025-03-10 14:37:19.085690,2025-03-10 14:50:42.855498,,양천구,2동,용산구,3동,관공서 방문,1500,4.4,휠체어 탑승형 대형,뇌병변장애 1급
2025-05-02 07:19:07,2025-05-02 09:07:07,2025-05-02 07:31:25.400599,2025-05-02 07:47:24.378204,2025-05-02 08:06:25.986903,,광진구,3동,관악구,3동,출퇴근,1864,6.3,휠체어 탑승형 중형,시각장애 1급
2025-09-09 21:38:27,2025-09-10 00:14:27,,,,2025-09-09 21:58:27,성북구,2동,영등포구,3동,복지관 이용,2872,9.9,휠체어 탑승형 중형,신장장애
2025-08-24 18:13:15,2025-08-24 20:13:15,2025-08-24 18:38:24.834671,2025-08-24 18:47:24.514289,2025-08-24 19:08:20.559242,,강서구,3동,송파구,2동,복지관 이용,1892,6.4,휠체어 탑승형 중형,지체장애 1급
2025-12-13 16:46:01,2025-12-13 19:20:01,2025-12-13 17:02:34.563166,2025-12-13 17:24:57.692551,2025-12-13 17:57:13.401804,,관악구,1동,도봉구,3동,출퇴근,3103,12.9,일반 세단형,국가유공자(상이)
2025-01-05 17:11:00,2025-01-05 19:27:00,2025-01-05 17:12:00,2025-01-05 17:20:25.211816,2025-01-05 18:29:38.475473,,관악구,1동,마포구,3동,여가 활동,3439,17.7,휠체어 탑승형 중형,시각장애 1급
2025-11-24 14:11:21,2025-11-24 15:01:21,,,,2025-11-24 14:19:21,성동구,3동,성동구,2동,주간보호센터,2480,8.5,기타 차량,신장장애
2025-12-19 16:15:01,2025-12-19 18:28:01,2025-12-19 16:16:01,2025-12-19 16:18:06.490219,2025-12-19 17:01:40.973159,,강서구,3동,성동구,3동,재활 치료,3404,17.2,일반 세단형,시각장애 1급
2025-01-23 15:51:48,2025-01-23 16:50:48,2025-01-23 16:15:19.469829,2025-01-23 16:16:19.469829,2025-01-23 17:05:06.261542,,강서구,2동,송파구,3동,관공서 방문,3117,13.1,기타 차량,지체장애 2급
2025-06-20 12:15:39,2025-06-20 12:59:39,2025-06-20 12:39:58.182639,2025-06-20 13:08:05.026382,2025-06-20 13:53:22.635923,,종로구,3동,중구,1동,직업훈련,3089,12.7,휠체어 탑승형 중형,지체장애 1급
2025-02-27 20:51:58,2025-02-27 22:07:58,2025-02-27 20:57:52.256985,2025-02-27 21:11:12.876056,2025-02-27 21:38:23.640339,,서대문구,1동,금천구,3동,복지관 이용,2921,10.3,휠체어 탑승형 중형,국가유공자(상이)
2025-05-19 18:52:33,2025-05-19 19:34:33,2025-05-19 19:18:53.070178,2025-05-19 19:26:42.282379,2025-05-19 20:04:54.871381,,은평구,3동,서초,1동,직업훈련,2970,11.0,휠체어 탑승형 대형,신장장애
2025-07-06 08:52:34,2025-07-06 09:14:34,2025-07-06 09:00:49.930306,2025-07-06 09:01:59.162999,2025-07-06 09:11:44.084580,,노원구,3동,종로구,1동,재활 치료,1500,3.3,휠체어 탑승형 중형,지체장애 2급
2025-10-07 14:36:15,2025-10-07 16:08:15,2025-10-07 14:38:12.037656,2025-10-07 14:44:03.670509,2025-10-07 15:11:11.727230,,구로구,2동,영등포구,1동,병원 진료,2984,11.2,일반 세단형,시각장애 1급
2025-02-26 19:49:57,2025-02-26 22:21:57,2025-02-26 20:11:39.467097,2025-02-26 20:19:48.618981,2025-02-26 20:45:05.115798,,동대문구,3동,노원구,2동,경조사,1948,6.6,휠체어 탑승형 중형,뇌병변장애 1급
2025-06-02 10:39:21,2025-06-02 10:51:21,2025-06-02 11:06:05.020412,2025-06-02 11:13:05.143260,2025-06-02 11:30:25.890090,,동작구,2동,마포구,2동,경조사,1752,5.9,휠체어 탑승형 중형,신장장애
2025-02-21 11:45:50,2025-02-21 14:25:50,2025-02-21 11:59:20.106799,2025-02-21 12:05:21.279962,2025-02-21 12:29:54.176894,,구로구,1동,구로구,3동,학교 등하교,2312,7.9,일반 세단형,신장장애
2025-05-06 08:17:39,2025-05-06 09:18:39,2025-05-06 08:57:50.336595,2025-05-06 08:59:31.008050,2025-05-06 09:12:53.846891,,서초구,2동,동대문구,2동,여가 활동,1500,4.3,일반 세단형,뇌병변장애 2급
2025-03-13 09:41:40,2025-03-13 10:01:40,2025-03-13 09:45:17.145369,2025-03-13 09:54:24.957006,2025-03-13 10:14:11.421833,,영등포구,1동,종로구,3동,주간보호센터,1724,5.8,휠체어 탑승형 대형,국가유공자(상이)
2025-03-18 15:06:42,2025-03-18 16:40:42,2025-03-18 15:37:09.840572,2025-03-18 15:41:07.289499,2025-03-18 16:11:45.547402,,구로구,3동,노원구,3동,복지관 이용,3033,11.9,기타 차량,신장장애
2025-07-11 06:44:21,2025-07-11 08:31:21,2025-07-11 07:07:06.101791,2025-07-11 07:27:49.714359,2025-07-11 07:47:31.291273,,금천구,2동,중랑구,1동,재활 치료,2200,7.5,일반 세단형,뇌병변장애 2급
2025-06-19 21:35:14,2025-06-19 23:40:14,2025-06-19 21:39:34.437081,2025-06-19 21:58:46.839436,2025-06-19 22:19:27.948493,,서대문구,3동,영등포구,2동,재활 치료,1864,6.3,기타 차량,국가유공자(상이)
2025-09-19 06:29:30,2025-09-19 08:47:30,2025-09-19 06:42:06.372626,2025-09-19 06:46:37.948859,2025-09-19 07:07:52.559283,,강북구,3동,서초구,1동,직업훈련,1780,6.0,기타 차량,신장장애
2025-03-14 09:47:49,2025-03-14 10:04:49,2025-03-14 09:48:49,2025-03-14 09:57:40.321305,2025-03-14 10:08:00.362562,,마포구,1동,성동구,3동,출퇴근,1500,3.7,일반 세단형,뇌병변장애 1급
2025-12-03 02:49:58,2025-12-03 05:10:58,2025-12-03 03:15:47.206353,2025-12-03 03:48:54.667073,2025-12-03 03:56:43.467714,,강동구,1동,중구,1동,여가 활동,1500,3.1,휠체어 탑승형 대형,시각장애 1급
2025-03-19 14:34:11,2025-03-19 15:58:11,2025-03-19 14:35:11,2025-03-19 14:36:11,2025-03-19 15:02:56.956138,,은평구,2동,강남구,3동,주간보호센터,2060,7.0,기타 차량,국가유공자(상이)
2025-10-27 12:20:41,2025-10-27 14:00:41,,,,2025-10-27 12:42:41,동작구,2동,강동구,3동,주간보호센터,1500,2.9,휠체어 탑승형 대형,시각장애 1급
2025-02-17 07:24:22,2025-02-17 08:28:22,2025-02-17 07:27:06.443431,,,2025-02-17 07:30:06.443431,영등포구,2동,도봉구,3동,주간보호센터,2921,10.3,휠체어 탑승형 대형,지체장애 2급
2025-09-02 17:55:08,2025-09-02 20:54:08,2025-09-02 18:20:51.955138,2025-09-02 18:26:24.381403,2025-09-02 19:22:10.841614,,성북구,2동,성동구,3동,재활 치료,3285,15.5,기타 차량,국가유공자(상이)
2025-05-08 15:30:38,2025-05-08 16:46:38,2025-05-08 16:44:17.569959,2025-05-08 16:49:05.316055,2025-05-08 17:03:47.743443,,노원구,3동,서초구,2동,주간보호센터,1528,5.1,기타 차량,뇌병변장애 1급
2025-02-26 15:27:57,2025-02-26 17:41:57,2025-02-26 15:34:04.843921,2025-02-26 15:41:14.372423,2025-02-26 16:02:33.996784,,양천구,3동,중구,3동,여가 활동,2116,7.2,기타 차량,시각장애 1급
2025-04-18 13:44:21,2025-04-18 15:06:21,,,,2025-04-18 13:55:21,동대문구,3동,강서구,2동,경조사,2312,7.9,휠체어 탑승형 중형,지체장애 2급
2025-09-14 15:22:09,2025-09-14 17:55:09,,,,2025-09-14 15:28:09,광진구,1동,구로구,1동,주간보호센터,1500,2.8,휠체어 탑승형 대형,신장장애
2025-12-28 17:59:10,2025-12-28 20:05:10,2025-12-28 18:03:09.162513,,,2025-12-28 18:12:09.162513,강서구,1동,서초구,3동,주간보호센터,1500,3.7,휠체어 탑승형 대형,시각장애 1급
2025-12-23 15:11:35,2025-12-23 16:52:35,2025-12-23 15:20:22.869718,2025-12-23 15:36:26.133355,2025-12-23 15:48:31.717114,,광진구,1동,관악구,2동,관공서 방문,1500,4.0,휠체어 탑승형 대형,국가유공자(상이)
2025-04-12 03:01:49,2025-04-12 03:16:49,2025-04-12 03:37:09.617097,2025-04-12 03:50:05.282877,2025-04-12 04:38:23.390753,,동작구,2동,은평구,2동,기타,3187,14.1,기타 차량,국가유공자(상이)
2025-07-08 20:16:30,2025-07-08 20:41:30,2025-07-08 20:31:18.404186,2025-07-08 20:56:10.084462,2025-07-08 21:08:44.726303,,성동구,3동,관악구,2동,재활 치료,1500,4.3,휠체어 탑승형 대형,신장장애
2025-01-11 09:52:30,2025-01-11 11:25:30,2025-01-11 10:01:12.978420,2025-01-11 10:09:43.844127,2025-01-11 10:24:27.038914,,영등포구,3동,강북구,3동,기타,1500,3.7,휠체어 탑승형 중형,지체장애 2급
2025-02-21 22:41:11,2025-02-22 00:53:11,2025-02-21 22:54:11.044171,2025-02-21 23:09:04.650530,2025-02-21 23:12:45.719767,,성북구,3동,용산구,2동,재활 치료,1500,1.5,일반 세단형,시각장애 1급
2025-04-27 09:48:22,2025-04-27 11:14:22,2025-04-27 09:49:22,2025-04-27 09:50:22,2025-04-27 10:06:01.331398,,마포구,3동,중랑구,1동,경조사,1528,5.1,휠체어 탑승형 대형,뇌병변장애 2급
2025-10-02 11:50:32,2025-10-02 14:24:32,2025-10-02 12:08:06.605972,2025-10-02 12:17:20.198017,2025-10-02 13:03:02.854927,,영등포구,1동,마포구,1동,병원 진료,3460,18.0,휠체어 탑승형 중형,뇌병변장애 1급
2025-03-04 20:09:54,2025-03-04 21:57:54,2025-03-04 20:14:44.217516,2025-03-04 20:16:48.664855,2025-03-04 20:31:17.897925,,영등포구,1동,서초,3동,주간보호센터,1500,3.7,일반 세단형,뇌병변장애 1급
2025-03-14 10:22:33,2025-03-14 11:12:33,2025-03-14 10:23:33,2025-03-14 10:26:03.295138,2025-03-14 11:16:01.358556,,서초구,3동,중구,2동,병원 진료,3285,15.5,기타 차량,국가유공자(상이)
2025-08-10 10:17:38,2025-08-10 12:38:38,2025-08-10 10:38:19.167158,2025-08-10 10:39:19.167158,2025-08-10 11:25:17.852005,,송파구,1동,종로구,1동,경조사,3369,16.7,일반 세단형,국가유공자(상이)
2025-08-08 15:08:44,2025-08-08 17:25:44,2025-08-08 15:18:58.864194,2025-08-08 15:27:17.648034,2025-08-08 15:58:47.379624,,서초구,2동,구로구,2동,출퇴근,2648,9.1,기타 차량,뇌병변장애 2급
2025-04-24 07:57:52,2025-04-24 09:37:52,2025-04-24 07:59:28.855522,2025-04-24 08:00:28.855522,2025-04-24 08:11:10.999526,,동대문구,3동,영등포구,2동,병원 진료,1500,4.3,휠체어 탑승형 대형,신장장애
2025-11-07 07:53:57,2025-11-07 10:21:57,2025-11-07 08:19:13.313354,2025-11-07 08:20:13.313354,2025-11-07 08:26:22.058774,,광진구,2동,서대문구,2동,여가 활동,1500,2.5,기타 차량,시각장애 1급
2025-06-13 21:29:25,2025-06-14 00:05:25,2025-06-13 21:32:16.668843,2025-06-13 21:45:48.480599,2025-06-13 21:56:16.128191,,도봉구,2동,은평구,1동,관공서 방문,1500,3.4,기타 차량,뇌병변장애 1급
2025-04-11 03:55:35,2025-04-11 06:43:35,2025-04-11 04:25:27.712372,2025-04-11 04:31:00.202158,2025-04-11 04:51:54.417245,,관악구,2동,중랑구,1동,출퇴근,2200,7.5,기타 차량,뇌병변장애 2급
2025-12-30 14:13:19,2025-12-30 17:05:19,2025-12-30 14:43:17.408550,2025-12-30 15:04:48.131231,2025-12-30 15:48:57.773436,,강서구,1동,성북구,3동,관공서 방문,3215,14.5,일반 세단형,지체장애 2급
2025-03-14 12:57:33,2025-03-14 13:24:33,,,,2025-03-14 12:58:33,세종시,2동,구로구,1동,기타,2452,8.4,기타 차량,시각장애 1급
2025-09-17 10:38:42,2025-09-17 12:00:42,,,,2025-09-17 10:46:42,강서구,1동,강동구,3동,관공서 방문,1500,3.3,휠체어 탑승형 대형,지체장애 1급
2025-09-29 21:37:06,2025-09-29 22:35:06,2025-10-01 00:37:06,2025-09-29 21:54:20.499162,2025-09-29 22:12:08.033296,,영등포구,3동,노원구,3동,복지관 이용,1500,4.9,휠체어 탑승형 대형,신장장애
2025-12-18 13:19:06,2025-12-18 14:54:06,2025-12-18 13:39:34.098023,2025-12-18 13:48:15.695816,2025-12-18 14:19:11.301992,,마포구,1동,강동구,1동,출퇴근,2340,8.0,휠체어 탑승형 대형,신장장애
2025-04-12 15:03:19,2025-04-12 17:09:19,2025-04-12 16:14:42.986211,2025-04-12 16:17:05.341659,2025-04-12 16:42:31.190550,,성동구,2동,용산구,2동,재활 치료,2914,10.2,일반 세단형,지체장애 2급
2025-10-28 16:00:01,2025-10-28 18:59:01,2025-10-28 16:26:52.733667,2025-10-28 16:29:40.963129,2025-10-28 17:17:19.987303,,강서구,3동,서초구,2동,여가 활동,3068,12.4,휠체어 탑승형 중형,뇌병변장애 1급
2025-11-07 06:55:01,2025-11-07 09:47:01,2025-11-07 07:48:40.407871,2025-11-07 07:55:50.935655,2025-11-07 08:18:27.986961,,송파구,3동,성동구,3동,학교 등하교,2564,8.8,휠체어 탑승형 중형,신장장애
2025-12-18 18:51:18,2025-12-18 20:27:18,2025-12-18 19:11:32.792987,2025-12-18 19:12:32.792987,2025-12-18 20:18:27.195718,,서대문구,1동,용산구,1동,경조사,3691,21.3,휠체어 탑승형 중형,뇌병변장애 2급
2025-12-07 12:53:17,2025-12-07 15:39:17,2025-12-07 13:09:48.797194,2025-12-07 13:14:12.557323,2025-12-07 14:26:22.504261,,동대문구,2동,송파구,1동,주간보호센터,3474,18.2,일반 세단형,뇌병변장애 2급
2025-02-18 17:24:41,2025-02-18 19:43:41,2025-02-18 18:16:49.073933,2025-02-18 18:21:29.558698,2025-02-18 18:37:24.302940,,마포구,2동,중구,1동,재활 치료,1780,6.0,휠체어 탑승형 대형,지체장애 1급
2025-10-09 05:33:17,2025-10-09 05:47:17,2025-10-09 05:40:30.100095,2025-10-09 05:41:52.896198,2025-10-09 06:04:24.298628,,양천구,1동,송파구,1동,출퇴근,1780,6.0,기타 차량,뇌병변장애 1급
2025-02-26 07:54:21,2025-02-26 08:18:21,2025-02-26 07:57:10.452548,2025-02-26 08:02:41.002747,2025-02-26 08:25:55.902458,,금천구,1동,강북구,3동,출퇴근,1864,6.3,휠체어 탑승형 대형,국가유공자(상이)
2025-08-25 16:48:09,2025-08-25 19:15:09,2025-08-25 17:13:02.270019,2025-08-25 17:21:53.051659,2025-08-25 17:42:05.636547,,성동구,2동,마포구,2동,재활 치료,2200,7.5,일반 세단형,시각장애 1급
2025-07-16 14:35:12,2025-07-16 14:46:12,2025-07-16 14:36:45.352392,2025-07-16 14:48:22.629440,2025-07-16 15:32:50.646880,,종로구,2동,송파구,2동,관공서 방문,3061,12.3,일반 세단형,국가유공자(상이)
2025-10-27 13:37:05,2025-10-27 14:44:05,2025-10-27 13:39:11.476570,2025-10-27 14:03:47.454052,2025-10-27 14:43:34.114768,,금천구,2동,중구,1동,직업훈련,3040,12.0,휠체어 탑승형 대형,뇌병변장애 1급
2025-01-01 05:47:20,2025-01-01 07:01:20,2025-01-01 05:55:54.015985,2025-01-01 06:11:00.161804,2025-01-01 06:34:11.032210,,구로구,2동,노원구,1동,재활 치료,2116,7.2,기타 차량,지체장애 2급
2025-05-15 17:03:13,2025-05-15 18:10:13,2025-05-15 17:08:37.861157,2025-05-15 17:14:02.890645,2025-05-15 17:44:52.618207,,강북구,3동,강북구,2동,기타,3075,12.5,휠체어 탑승형 대형,지체장애 2급
2025-08-17 07:40:30,2025-08-17 10:25:30,2025-08-17 08:11:22.489915,2025-08-17 08:27:03.212045,2025-08-17 08:37:47.335953,,강남구,2동,영등포구,2동,기타,1500,3.8,기타 차량,뇌병변장애 1급
2025-05-22 17:08:33,2025-05-22 18:56:33,2025-05-22 17:32:06.942843,2025-05-22 17:33:25.750980,2025-05-22 18:10:23.003468,,마포구,1동,영등포구,1동,경조사,3054,12.2,휠체어 탑승형 대형,지체장애 1급
2025-08-30 22:06:37,2025-08-30 23:15:37,2025-08-30 21:39:37,2025-08-30 22:28:48.862264,2025-08-30 23:00:08.343495,,관악구,2동,서초,2동,재활 치료,2480,8.5,기타 차량,뇌병변장애 1급
2025-11-21 07:34:10,2025-11-21 09:35:10,2025-11-21 07:51:31.493307,2025-11-21 08:42:05.800623,2025-11-21 09:05:46.005130,,서초구,1동,동작구,2동,경조사,2340,8.0,기타 차량,뇌병변장애 2급
2025-03-11 17:29:17,2025-03-11 19:24:17,2025-03-11 17:30:17,2025-03-11 17:32:37.164071,2025-03-11 17:49:45.315279,,중랑구,1동,강서구,1동,학교 등하교,1696,5.7,휠체어 탑승형 중형,시각장애 1급
2025-08-15 16:12:11,2025-08-15 17:43:11,2025-08-15 16:34:39.144146,2025-08-15 16:35:39.144146,2025-08-15 16:59:59.626728,,동작구,1동,강동구,2동,복지관 이용,1892,6.4,일반 세단형,뇌병변장애 1급
2025-05-20 08:50:49,2025-05-20 10:16:49,2025-05-20 08:51:49,2025-05-20 09:11:02.876473,2025-05-20 09:28:11.213090,,동작구,2동,중구,2동,학교 등하교,1696,5.7,휠체어 탑승형 대형,국가유공자(상이)
2025-08-06 00:12:42,2025-08-06 02:13:42,2025-08-06 00:44:58.336853,2025-08-06 00:45:58.336853,2025-08-06 01:17:15.651692,,중랑구,1동,마포구,1동,관공서 방문,2907,10.1,일반 세단형,국가유공자(상이)
2025-12-30 10:09:27,2025-12-30 11:12:27,2025-12-30 11:01:05.513274,2025-12-30 11:09:26.014087,2025-12-30 11:38:03.902270,,강북구,2동,서대문구,2동,출퇴근,2956,10.8,일반 세단형,뇌병변장애 1급
2025-12-03 21:38:22,2025-12-04 00:38:22,2025-12-03 21:42:05.140473,2025-12-03 21:43:11.718895,2025-12-03 22:04:46.815965,,구로구,1동,경기 성남시,3동,복지관 이용,1752,5.9,휠체어 탑승형 중형,지체장애 1급
2025-07-05 08:17:55,2025-07-05 10:08:55,2025-07-05 09:03:58.739896,2025-07-05 09:12:01.988094,2025-07-05 10:09:31.796310,,마포구,2동,중구,1동,출퇴근,3250,15.0,휠체어 탑승형 중형,시각장애 1급
2025-12-14 07:38:51,2025-12-14 09:35:51,2025-12-14 08:02:19.108203,2025-12-14 08:08:35.862399,2025-12-14 08:42:31.018189,,송파구,2동,마포구,2동,병원 진료,2844,9.8,기타 차량,뇌병변장애 1급
2025-03-18 11:46:51,2025-03-18 13:08:51,2025-03-18 11:49:37.448532,2025-03-18 11:55:46.917249,2025-03-18 12:29:07.613194,,강동구,3동,중구,1동,학교 등하교,2942,10.6,기타 차량,지체장애 1급
2025-04-19 12:14:51,2025-04-19 14:02:51,2025-04-19 12:18:13.435810,2025-04-19 12:19:28.752633,2025-04-19 12:43:05.464533,,강북구,3동,강북구,2동,직업훈련,2144,7.3,휠체어 탑승형 대형,지체장애 2급
2025-04-07 13:51:27,2025-04-07 15:36:27,2025-04-07 14:01:23.929120,2025-04-07 14:12:21.487722,2025-04-07 14:33:14.728230,,성동구,2동,용산구,3동,재활 치료,1976,6.7,일반 세단형,신장장애
2025-10-21 12:14:22,2025-10-21 14:01:22,2025-10-21 12:31:44.775614,2025-10-21 12:32:59.404450,2025-10-21 13:09:14.402919,,중구,2동,동작구,1동,학교 등하교,3096,12.8,일반 세단형,지체장애 2급
2025-01-27 04:51:23,2025-01-27 05:58:23,2025-01-27 05:01:04.279946,2025-01-27 05:23:18.351936,2025-01-27 05:59:58.298232,,용산구,3동,동작구,3동,병원 진료,2963,10.9,휠체어 탑승형 대형,시각장애 1급
2025-12-14 02:15:05,2025-12-14 04:16:05,2025-12-14 02:22:47.050735,2025-12-14 02:43:34.735849,2025-12-14 02:57:44.813294,,성동구,2동,도봉구,2동,주간보호센터,1500,5.0,휠체어 탑승형 대형,지체장애 2급
2025-12-06 21:30:07,2025-12-07 00:24:07,2025-12-06 21:38:13.044598,2025-12-06 22:08:11.265867,2025-12-06 22:28:37.575393,,금천구,1동,강동구,2동,직업훈련,2340,8.0,일반 세단형,뇌병변장애 2급
2025-09-07 08:24:20,2025-09-07 09:18:20,2025-09-07 09:33:36.089805,2025-09-07 09:46:07.142084,2025-09-07 10:03:19.958961,,영등포구,2동,중구,2동,복지관 이용,1612,5.4,휠체어 탑승형 대형,신장장애
2025-08-21 10:32:44,2025-08-21 11:56:44,2025-08-21 10:35:06.511979,2025-08-21 10:36:06.511979,2025-08-21 10:42:30.162371,,강서구,2동,종로구,1동,기타,1500,2.0,휠체어 탑승형 중형,뇌병변장애 2급
2025-04-22 09:27:33,2025-04-22 10:57:33,2025-04-22 09:37:45.350536,2025-04-22 09:42:09.164498,2025-04-22 09:58:10.434192,,종로구,1동,금천구,3동,재활 치료,1696,5.7,일반 세단형,뇌병변장애 2급
2025-07-23 14:24:37,2025-07-23 17:17:37,2025-07-23 14:45:51.615868,2025-07-23 15:12:45.899029,2025-07-23 15:31:25.140217,,영등포구,2동,성동구,3동,주간보호센터,2032,6.9,기타 차량,뇌병변장애 2급
2025-07-13 20:54:43,2025-07-13 23:47:43,2025-07-13 21:08:59.438924,2025-07-13 21:18:11.138786,2025-07-13 21:33:03.303395,,구로구,3동,관악구,2동,재활 치료,1500,4.3,휠체어 탑승형 중형,시각장애 1급
2025-12-27 13:50:50,2025-12-27 15:34:50,2025-12-27 13:57:30.861800,2025-12-27 13:58:30.861800,2025-12-27 14:08:28.905855,,광진구,3동,금천구,3동,재활 치료,1500,3.7,일반 세단형,국가유공자(상이)
2025-07-07 20:02:14,2025-07-07 21:04:14,2025-07-07 20:32:16.960636,2025-07-07 20:46:06.880163,2025-07-07 21:29:03.402914,,중랑구,2동,강북구,2동,주간보호센터,3348,16.4,휠체어 탑승형 대형,신장장애
2025-09-05 14:51:22,2025-09-05 15:44:22,2025-09-05 14:52:22,2025-09-05 15:07:02.454231,2025-09-05 15:33:24.789006,,관악구,1동,구로구,3동,출퇴근,1948,6.6,일반 세단형,지체장애 1급
2025-03-20 14:48:45,2025-03-20 15:07:45,2025-03-20 15:20:12.993400,2025-03-20 15:26:17.049943,2025-03-20 16:04:32.401097,,서대문구,1동,영등포구,1동,여가 활동,3103,12.9,기타 차량,뇌병변장애 2급
2025-05-25 13:55:27,2025-05-25 16:34:27,2025-05-25 13:58:29.202212,,,2025-05-25 14:09:29.202212,송파구,2동,성동구,3동,학교 등하교,1500,1.9,휠체어 탑승형 대형,지체장애 1급
2025-02-06 12:29:11,2025-02-06 13:58:11,2025-02-06 13:17:14.901989,2025-02-06 13:40:24.275635,2025-02-06 14:11:09.621502,,광진구,2동,성동구,3동,복지관 이용,2508,8.6,일반 세단형,지체장애 1급
2025-05-20 10:33:32,2025-05-20 12:25:32,2025-05-20 10:36:18.054123,2025-05-20 10:38:22.065212,2025-05-20 10:46:11.417757,,동작구,3동,관악구,1동,기타,1500,2.8,휠체어 탑승형 중형,뇌병변장애 1급
2025-10-30 07:09:30,2025-10-30 09:25:30,2025-10-30 07:10:55.959486,2025-10-30 07:18:52.928020,2025-10-30 07:46:14.838173,,강동구,3동,동작구,1동,관공서 방문,2228,7.6,휠체어 탑승형 중형,시각장애 1급
2025-07-30 13:18:49,2025-07-30 16:07:49,2025-07-30 13:56:30.774948,2025-07-30 14:08:50.622776,2025-07-30 14:23:44.467745,,관악구,2동,동작구,1동,경조사,1724,5.8,일반 세단형,뇌병변장애 2급
2025-10-30 11:58:01,2025-10-30 12:15:01,2025-10-30 12:16:18.051156,2025-10-30 12:43:59.259495,2025-10-30 13:01:36.537180,,구로구,2동,강남구,2동,학교 등하교,2032,6.9,기타 차량,국가유공자(상이)
2025-04-27 16:09:10,2025-04-27 17:02:10,2025-04-27 16:18:41.052213,2025-04-27 16:26:04.890517,2025-04-27 16:34:37.607832,,강남구,3동,송파구,1동,병원 진료,1500,2.9,기타 차량,시각장애 1급
2025-09-10 13:45:59,2025-09-10 15:45:59,2025-09-10 13:52:28.512981,2025-09-10 14:02:47.434650,2025-09-10 14:51:53.453774,,강북구,1동,동대문구,3동,출퇴근,3201,14.3,기타 차량,시각장애 1급
2025-01-18 12:35:41,2025-01-18 14:21:41,2025-01-18 13:14:28.458200,2025-01-18 13:20:58.515212,2025-01-18 13:47:18.134135,,금천구,2동,도봉구,3동,여가 활동,2900,10.0,휠체어 탑승형 중형,뇌병변장애 1급
2025-08-10 13:25:23,2025-08-10 13:44:23,2025-08-10 14:13:30.071285,2025-08-10 14:35:54.823560,2025-08-10 15:07:54.589779,,동작구,1동,양천구,3동,학교 등하교,2921,10.3,일반 세단형,신장장애
2025-11-29 09:24:59,2025-11-29 10:45:59,2025-11-29 09:45:44.150147,2025-11-29 09:47:19.650343,2025-11-29 10:05:34.408196,,중구,2동,성북구,2동,재활 치료,1528,5.1,기타 차량,지체장애 2급
2025-11-08 14:41:42,2025-11-08 16:29:42,2025-11-08 15:09:48.378476,2025-11-08 15:11:23.439520,2025-11-08 15:26:09.863458,,동작구,2동,강서구,2동,병원 진료,1500,4.7,기타 차량,뇌병변장애 1급
2025-10-15 05:44:54,2025-10-15 07:27:54,,,,2025-10-15 05:48:54,종로구,1동,마포구,1동,직업훈련,1500,1.9,휠체어 탑승형 중형,시각장애 1급
2025-07-04 12:25:37,2025-07-04 12:39:37,2025-07-04 12:37:26.528203,2025-07-04 12:39:30.214702,2025-07-04 12:53:04.000104,,관악구,1동,강북구,3동,기타,1584,5.3,휠체어 탑승형 대형,신장장애
2025-04-26 18:37:55,2025-04-26 21:18:55,2025-04-26 18:51:37.541001,2025-04-26 19:07:51.656487,2025-04-26 19:27:08.755512,,영등포구,2동,노원구,3동,복지관 이용,1724,5.8,기타 차량,뇌병변장애 2급
2025-09-06 15:56:05,2025-09-06 17:26:05,2025-09-06 15:57:43.193369,2025-09-06 16:07:38.588875,2025-09-06 16:55:47.914151,,용산구,3동,양천구,1동,기타,3201,14.3,휠체어 탑승형 중형,국가유공자(상이)
2025-11-15 09:24:12,2025-11-15 10:00:12,2025-11-15 09:39:10.371401,2025-11-15 09:42:12.467989,2025-11-15 10:02:39.584972,,노원구,3동,영등포구,2동,복지관 이용,2368,8.1,일반 세단형,지체장애 2급
2025-09-02 18:53:06,2025-09-02 19:56:06,2025-09-02 18:55:38.554002,2025-09-02 19:01:36.284431,2025-09-02 19:22:50.025862,,서초구,1동,동대문구,3동,출퇴근,2368,8.1,기타 차량,시각장애 1급
2025-12-07 11:14:25,2025-12-07 12:59:25,2025-12-07 11:17:13.659969,2025-12-07 11:19:58.142618,2025-12-07 11:28:46.954682,,송파구,3동,강북구,1동,학교 등하교,1500,3.3,휠체어 탑승형 대형,시각장애 1급
2025-07-08 12:45:05,2025-07-08 13:14:05,2025-07-08 13:02:37.808553,,,2025-07-08 13:20:37.808553,은평구,1동,성동구,2동,경조사,2907,10.1,휠체어 탑승형 중형,국가유공자(상이)
2025-02-18 13:15:47,2025-02-18 14:45:47,2025-02-18 13:16:47,2025-02-18 13:19:28.099022,2025-02-18 14:04:48.109734,,도봉구,3동,동대문구,3동,여가 활동,3159,13.7,휠체어 탑승형 대형,시각장애 1급
2025-10-06 11:47:36,2025-10-06 14:22:36,2025-10-06 12:49:42.489857,2025-10-06 12:51:15.368661,2025-10-06 13:57:50.623061,,종로구,3동,강동구,3동,직업훈련,3502,18.6,기타 차량,지체장애 1급
2025-01-29 06:47:01,2025-01-29 08:40:01,2025-01-29 06:48:01,2025-01-29 06:56:20.329082,2025-01-29 07:18:22.182701,,강동구,2동,은평구,1동,여가 활동,1948,6.6,기타 차량,뇌병변장애 2급
2025-05-13 12:34:42,2025-05-13 14:52:42,2025-05-13 12:50:52.522632,2025-05-13 13:03:53.240208,2025-05-13 13:13:34.111075,,도봉구,3동,노원구,3동,여가 활동,1500,3.0,일반 세단형,신장장애
2025-11-24 16:30:02,2025-11-24 18:19:02,2025-11-24 16:48:04.521470,2025-11-24 16:54:25.310767,2025-11-24 17:20:07.980939,,강동구,1동,금천구,3동,복지관 이용,2704,9.3,일반 세단형,뇌병변장애 1급
2025-01-10 18:28:25,2025-01-10 20:57:25,2025-01-10 18:45:24.466558,2025-01-10 18:52:40.166428,2025-01-10 18:59:46.149491,,강동구,2동,도봉구,3동,복지관 이용,1500,2.5,휠체어 탑승형 중형,국가유공자(상이)
2025-05-12 19:15:37,2025-05-12 21:23:37,2025-05-12 19:30:56.358168,2025-05-12 19:37:19.213953,2025-05-12 20:05:37.131472,,구로구,1동,양천구,2동,복지관 이용,2970,11.0,일반 세단형,지체장애 2급
2025-06-15 13:23:09,2025-06-15 14:38:09,2025-06-15 13:32:44.977323,2025-06-15 13:46:14.414930,2025-06-15 13:59:50.043357,,동작구,1동,강북구,2동,관공서 방문,1556,5.2,일반 세단형,지체장애 1급
2025-11-21 07:57:12,2025-11-21 10:12:12,2025-11-21 08:41:38.917655,2025-11-21 08:48:44.818102,2025-11-21 09:36:12.312335,,은평구,2동,중랑구,2동,출퇴근,3327,16.1,일반 세단형,뇌병변장애 2급
2025-09-22 07:14:38,2025-09-22 09:00:38,2025-09-22 07:19:17.076604,2025-09-22 07:20:36.272260,2025-09-22 07:42:17.679128,,동작구,3동,종로구,3동,기타,1696,5.7,휠체어 탑승형 대형,뇌병변장애 2급
2025-02-27 15:02:56,2025-02-27 16:26:56,2025-02-27 15:03:56,2025-02-27 15:08:30.470487,2025-02-27 15:26:50.460274,,광진구,3동,강서구,1동,관공서 방문,2200,7.5,일반 세단형,신장장애
2025-04-05 16:23:52,2025-04-05 18:17:52,2025-04-05 16:31:31.195344,,,2025-04-05 16:42:31.195344,구로구,3동,은평구,3동,출퇴근,1500,4.1,휠체어 탑승형 대형,지체장애 1급
2025-07-02 14:15:39,2025-07-02 14:49:39,2025-07-02 14:20:15.953711,2025-07-02 14:26:29.004181,2025-07-02 14:49:47.586605,,영등포구,3동,중랑구,1동,기타,1976,6.7,휠체어 탑승형 대형,뇌병변장애 2급
2025-11-21 15:26:00,2025-11-21 17:14:00,2025-11-21 15:57:58.409255,2025-11-21 16:00:11.319108,2025-11-21 16:12:22.839663,,종로구,3동,종로구,1동,기타,1500,4.8,기타 차량,지체장애 1급
2025-04-20 09:25:51,2025-04-20 10:27:51,2025-04-20 10:01:20.865362,2025-04-20 10:03:19.925370,2025-04-20 10:18:01.933718,,종로구,3동,성북구,2동,출퇴근,1500,4.6,휠체어 탑승형 대형,뇌병변장애 2급
2025-01-17 07:29:22,2025-01-17 09:00:22,2025-01-17 08:04:06.049000,2025-01-17 08:19:49.947193,2025-01-17 09:02:42.829917,,성동구,3동,은평구,2동,학교 등하교,3229,14.7,휠체어 탑승형 중형,지체장애 1급
2025-09-09 10:50:40,2025-09-09 11:29:40,2025-09-09 10:52:05.823561,2025-09-09 10:56:30.579766,2025-09-09 10:59:30.579766,,중구,2동,강남구,2동,직업훈련,1500,0.5,기타 차량,신장장애
2025-07-21 10:38:51,2025-07-21 13:33:51,2025-07-21 11:33:21.917917,2025-07-21 11:54:41.092310,2025-07-21 12:18:29.806969,,강북구,3동,서대문구,2동,직업훈련,2508,8.6,휠체어 탑승형 대형,뇌병변장애 2급
2025-01-30 09:41:01,2025-01-30 10:43:01,2025-01-30 09:47:19.545680,2025-01-30 09:48:19.545680,2025-01-30 10:11:37.957397,,도봉구,3동,강서구,1동,학교 등하교,2424,8.3,기타 차량,국가유공자(상이)
2025-09-20 06:21:01,2025-09-20 07:53:01,2025-09-20 06:34:25.444143,2025-09-20 06:46:49.102999,2025-09-20 07:19:50.048433,,도봉구,3동,은평구,3동,직업훈련,2536,8.7,휠체어 탑승형 대형,국가유공자(상이)
2025-08-23 17:39:16,2025-08-23 18:30:16,2025-08-23 17:46:35.205582,2025-08-23 17:50:51.474416,2025-08-23 18:17:14.840625,,관악구,3동,양천구,1동,기타,2921,10.3,휠체어 탑승형 대형,시각장애 1급
2025-09-13 07:54:41,2025-09-13 08:17:41,2025-09-13 08:05:24.613258,2025-09-13 08:19:16.129965,2025-09-13 08:40:05.864288,,성북구,2동,강남구,3동,병원 진료,2508,8.6,휠체어 탑승형 대형,뇌병변장애 2급
2025-12-30 13:22:22,2025-12-30 15:19:22,2025-12-30 13:37:04.841277,2025-12-30 13:39:02.032542,2025-12-30 13:49:24.778786,,중구,2동,종로구,1동,출퇴근,1500,4.3,기타 차량,지체장애 1급
2025-10-21 17:49:12,2025-10-21 20:10:12,2025-10-21 17:58:52.930534,2025-10-21 18:01:55.536151,2025-10-21 18:16:47.540070,,금천구,2동,중구,3동,관공서 방문,1640,5.5,기타 차량,시각장애 1급
2025-05-10 11:53:46,2025-05-10 14:33:46,2025-05-10 12:13:21.953597,2025-05-10 12:14:38.018041,2025-05-10 12:44:36.781487,,광진구,3동,성동구,3동,주간보호센터,2648,9.1,기타 차량,지체장애 2급
2025-12-25 11:31:02,2025-12-25 12:02:02,2025-12-25 12:06:07.719092,2025-12-25 12:12:23.318142,2025-12-25 12:43:41.016900,,서대문구,2동,동대문구,2동,재활 치료,2424,8.3,휠체어 탑승형 대형,지체장애 2급
2025-04-26 17:17:09,2025-04-26 17:39:09,2025-04-26 17:20:39.572144,2025-04-26 17:21:58.431974,2025-04-26 17:41:33.805759,,구로구,1동,서대문구,1동,병원 진료,2144,7.3,일반 세단형,신장장애
2025-11-19 16:00:36,2025-11-19 16:57:36,2025-11-19 16:18:43.387304,2025-11-19 16:22:18.949984,2025-11-19 16:25:18.949984,,종로구,3동,서초구,3동,출퇴근,1500,1.0,일반 세단형,지체장애 2급
2025-09-17 09:14:25,2025-09-17 10:29:25,2025-09-17 09:25:00.955051,2025-09-17 09:27:36.230255,2025-09-17 10:19:27.371433,,영등포구,2동,구로구,3동,주간보호센터,3180,14.0,휠체어 탑승형 중형,국가유공자(상이)
2025-05-28 12:49:01,2025-05-28 13:04:01,2025-05-28 13:17:52.714373,2025-05-28 13:31:57.289340,2025-05-28 13:54:01.573898,,양천구,3동,동작구,2동,경조사,2620,9.0,휠체어 탑승형 중형,뇌병변장애 2급
2025-02-02 10:25:49,2025-02-02 10:49:49,2025-02-02 11:07:03.731917,2025-02-02 11:21:43.697117,2025-02-02 11:43:59.155639,,광진구,3동,마포구,3동,기타,2676,9.2,휠체어 탑승형 중형,시각장애 1급
2025-05-07 14:25:25,2025-05-07 16:55:25,2025-05-07 14:58:41.881503,2025-05-07 14:59:41.881503,2025-05-07 15:22:57.938570,,금천구,3동,중구,3동,여가 활동,1864,6.3,일반 세단형,지체장애 2급
2025-01-03 03:04:23,2025-01-03 05:31:23,2025-01-03 03:27:53.164566,2025-01-03 03:28:53.164566,2025-01-03 04:22:52.997884,,광진구,1동,관악구,1동,여가 활동,3306,15.8,기타 차량,뇌병변장애 2급
2025-04-16 13:39:56,2025-04-16 16:26:56,2025-04-16 14:04:28.679030,2025-04-16 14:06:03.935249,2025-04-16 14:25:56.718712,,동작구,3동,광진구,2동,여가 활동,1836,6.2,휠체어 탑승형 중형,국가유공자(상이)
2025-09-03 07:26:46,2025-09-03 09:43:46,2025-09-03 07:28:55.151696,2025-09-03 07:33:25.293304,2025-09-03 07:53:29.883041,,종로구,1동,노원구,3동,직업훈련,2200,7.5,일반 세단형,지체장애 2급
2025-04-25 13:59:11,2025-04-25 15:49:11,2025-04-25 14:39:37.661947,2025-04-25 14:47:57.810875,2025-04-25 15:07:54.263075,,은평구,3동,관악구,3동,직업훈련,2256,7.7,일반 세단형,국가유공자(상이)
2025-08-25 14:39:17,2025-08-25 17:09:17,,,,2025-08-25 14:47:17,양천구,2동,강서구,2동,여가 활동,2564,8.8,휠체어 탑승형 중형,지체장애 1급
2025-10-23 14:50:27,2025-10-23 16:14:27,2025-10-23 14:51:27,2025-10-23 14:57:19.625928,2025-10-23 15:46:13.932967,,구로구,3동,중구,1동,주간보호센터,3243,14.9,일반 세단형,시각장애 1급
2025-01-14 05:15:10,2025-01-14 06:10:10,,,,2025-01-14 05:39:10,강서구,1동,동대문구,2동,경조사,3355,16.5,휠체어 탑승형 중형,국가유공자(상이)
2025-10-11 16:18:58,2025-10-11 18:41:58,2025-10-11 16:42:15.287718,2025-10-11 16:58:10.636721,2025-10-11 17:38:15.714943,,동작구,2동,중구,1동,복지관 이용,3208,14.4,일반 세단형,지체장애 1급
2025-01-26 20:45:30,2025-01-26 23:00:30,,,,2025-01-26 20:55:30,영등포구,3동,금천구,1동,관공서 방문,3264,15.2,휠체어 탑승형 중형,뇌병변장애 2급
2025-04-15 10:18:21,2025-04-15 10:53:21,2025-04-15 10:19:44.815796,2025-04-15 10:31:13.295638,2025-04-15 10:40:58.736099,,송파구,1동,양천구,1동,직업훈련,1500,3.8,휠체어 탑승형 대형,지체장애 1급
2025-04-28 12:59:52,2025-04-28 13:56:52,,,,2025-04-28 13:19:52,용산구,3동,노원구,2동,주간보호센터,2284,7.8,휠체어 탑승형 대형,지체장애 2급
2025-05-05 12:18:47,2025-05-05 14:44:47,,,,2025-05-05 12:38:47,서대문구,3동,강동구,1동,병원 진료,3040,12.0,기타 차량,국가유공자(상이)
2025-05-02 18:20:33,2025-05-02 19:06:33,2025-05-02 18:22:46.221646,2025-05-02 18:26:58.498961,2025-05-02 18:53:28.415230,,강북구,2동,구로구,3동,기타,2648,9.1,일반 세단형,신장장애
2025-03-15 09:25:56,2025-03-15 09:48:56,2025-03-15 09:50:14.831752,2025-03-15 09:54:13.104177,2025-03-15 10:12:11.452665,,도봉구,2동,도봉구,3동,출퇴근,2116,7.2,일반 세단형,시각장애 1급
2025-12-20 00:45:04,2025-12-20 03:22:04,2025-12-20 01:20:15.144170,,,2025-12-20 01:33:15.144170,동대문구,3동,양천구,1동,관공서 방문,1500,2.4,기타 차량,뇌병변장애 1급
2025-03-05 18:59:54,2025-03-05 21:07:54,2025-03-05 19:04:39.898134,2025-03-05 19:10:29.563836,2025-03-05 19:51:52.584911,,구로구,3동,동작구,3동,관공서 방문,2956,10.8,기타 차량,지체장애 1급
2025-03-30 09:24:48,2025-03-30 12:03:48,2025-03-30 09:28:14.857337,2025-03-30 09:36:50.347984,2025-03-30 09:40:17.103465,,도봉구,2동,도봉구,1동,관공서 방문,1500,1.4,휠체어 탑승형 대형,신장장애
2025-12-06 10:42:06,2025-12-06 11:15:06,,,,2025-12-06 11:08:06,영등포구,3동,종로구,1동,재활 치료,3572,19.6,휠체어 탑승형 중형,지체장애 1급
2025-04-29 16:34:09,2025-04-29 17:16:09,2025-04-29 17:25:57.335505,2025-04-29 17:34:07.838011,2025-04-29 17:51:35.438899,,강서구,3동,성동구,3동,여가 활동,2060,7.0,휠체어 탑승형 중형,지체장애 1급
2025-11-04 12:08:16,2025-11-04 14:21:16,2025-11-04 12:12:05.541429,,,2025-11-04 12:30:05.541429,부산 해운대구,1동,강북구,1동,경조사,2284,7.8,휠체어 탑승형 대형,뇌병변장애 2급
2025-06-09 02:44:47,2025-06-09 05:13:47,2025-06-09 02:45:47,2025-06-09 02:47:11.502422,2025-06-09 03:07:40.343175,,광진구,1동,부산 해운대구,2동,복지관 이용,2368,8.1,일반 세단형,지체장애 2급
2025-02-24 17:53:49,2025-02-24 19:30:49,2025-02-24 18:14:13.545003,2025-02-24 18:15:13.545003,2025-02-24 18:31:32.646491,,중랑구,2동,금천구,2동,복지관 이용,1500,4.4,기타 차량,지체장애 2급
2025-12-21 14:37:34,2025-12-21 17:33:34,2025-12-21 14:47:11.355482,2025-12-21 15:04:05.772386,2025-12-21 15:46:14.569059,,광진구,1동,도봉구,1동,학교 등하교,3012,11.6,휠체어 탑승형 대형,신장장애
2025-02-25 18:14:49,2025-02-25 20:40:49,2025-02-25 18:29:42.601457,2025-02-25 18:32:37.060929,2025-02-25 18:55:50.939328,,강남구,3동,성북구,1동,복지관 이용,1976,6.7,휠체어 탑승형 대형,국가유공자(상이)
2025-09-23 08:27:07,2025-09-23 08:58:07,2025-09-23 08:31:39.517051,2025-09-23 08:48:05.133737,2025-09-23 09:03:54.187846,,강서구,3동,금천구,3동,재활 치료,1696,5.7,휠체어 탑승형 대형,시각장애 1급
2025-12-19 08:17:36,2025-12-19 11:06:36,2025-12-19 08:19:01.033376,2025-12-19 08:27:53.975447,2025-12-19 09:14:44.559745,,은평구,3동,서대문구,3동,복지관 이용,3159,13.7,휠체어 탑승형 중형,국가유공자(상이)
2025-06-13 10:45:09,2025-06-13 11:35:09,2025-06-13 11:14:20.500566,2025-06-13 11:17:47.253367,2025-06-13 12:08:21.347817,,송파구,1동,동작구,2동,주간보호센터,3474,18.2,휠체어 탑승형 중형,뇌병변장애 1급
2025-06-09 16:38:00,2025-06-09 17:31:00,2025-06-09 17:03:20.718623,2025-06-09 17:26:15.139723,2025-06-09 17:45:37.862088,,광진구,1동,동대문구,1동,출퇴근,1668,5.6,일반 세단형,국가유공자(상이)
2025-02-18 10:38:09,2025-02-18 11:56:09,2025-02-18 10:45:17.475676,2025-02-18 11:04:28.284131,2025-02-18 11:41:56.668571,,강동구,1동,영등포구,1동,경조사,-3131,13.3,휠체어 탑승형 대형,신장장애
2025-10-16 07:52:33,2025-10-16 08:37:33,2025-10-16 07:53:33,2025-10-16 08:12:39.941306,2025-10-16 08:22:59.442360,,구로구,2동,강남구,3동,주간보호센터,1500,3.2,휠체어 탑승형 대형,국가유공자(상이)
2025-06-22 15:36:49,2025-06-22 16:37:49,2025-06-22 15:38:19.911154,2025-06-22 15:40:50.523382,2025-06-22 16:57:32.426076,,마포구,3동,은평구,1동,병원 진료,3649,20.7,기타 차량,지체장애 2급
2025-08-06 03:57:14,2025-08-06 04:52:14,2025-08-06 04:07:56.195559,2025-08-06 04:16:33.087120,2025-08-06 04:24:40.340173,,서초구,3동,은평구,1동,관공서 방문,1500,2.8,일반 세단형,뇌병변장애 2급
2025-02-02 16:46:21,2025-02-02 18:02:21,2025-02-02 16:47:21,2025-02-02 16:54:58.985165,2025-02-02 17:06:17.377706,,양천구,2동,동작구,3동,여가 활동,1500,4.0,일반 세단형,시각장애 1급
2025-02-16 07:25:44,2025-02-16 08:25:44,2025-02-16 08:07:49.132993,2025-02-16 08:20:06.553431,2025-02-16 08:30:25.180749,,양천구,2동,중구,1동,복지관 이용,1500,3.6,휠체어 탑승형 대형,뇌병변장애 1급
2025-09-06 10:39:39,2025-09-06 10:59:39,2025-09-06 10:47:04.466632,2025-09-06 10:54:09.184972,2025-09-06 11:05:13.999903,,강서구,3동,종로구,1동,학교 등하교,1500,4.6,기타 차량,뇌병변장애 1급
2025-11-25 13:28:19,2025-11-25 16:14:19,2025-11-25 13:50:56.996916,,,2025-11-25 13:54:56.996916,서초구,3동,서대문구,1동,출퇴근,1500,4.7,휠체어 탑승형 대형,신장장애
2025-07-20 12:23:24,2025-07-20 14:08:24,2025-07-20 12:41:30.733804,2025-07-20 12:57:51.997436,2025-07-20 13:12:32.834298,,강북구,3동,영등포구,1동,여가 활동,1724,5.8,기타 차량,뇌병변장애 1급
2025-12-09 06:43:48,2025-12-09 06:57:48,2025-12-09 06:46:10.375711,2025-12-09 06:48:35.231660,2025-12-09 07:09:18.398907,,강남구,1동,부산 해운대구,3동,관공서 방문,2508,8.6,휠체어 탑승형 대형,지체장애 1급
2025-03-13 07:26:06,2025-03-13 09:11:06,2025-03-13 07:31:28.038172,2025-03-13 07:32:48.087696,2025-03-13 08:00:14.807881,,은평구,2동,강서구,1동,기타,2648,9.1,휠체어 탑승형 중형,지체장애 2급
2025-11-16 17:48:46,2025-11-16 18:06:46,2025-11-16 17:54:21.418924,2025-11-16 17:55:21.418924,2025-11-16 18:32:40.979436,,서초구,1동,강서구,2동,기타,3005,11.5,휠체어 탑승형 중형,뇌병변장애 1급
2025-05-11 05:25:27,2025-05-11 07:49:27,2025-05-11 06:39:09.519838,2025-05-11 06:49:58.794040,2025-05-11 07:12:26.025807,,강동구,2동,강서구,3동,주간보호센터,2480,8.5,휠체어 탑승형 중형,뇌병변장애 2급
2025-04-08 16:05:42,2025-04-08 17:16:42,2025-04-08 16:07:34.624684,2025-04-08 16:16:41.556613,2025-04-08 16:34:58.749573,,송파구,2동,성북구,3동,재활 치료,1920,6.5,휠체어 탑승형 대형,국가유공자(상이)
2025-07-09 23:23:56,2025-07-09 23:47:56,2025-07-09 23:43:53.001903,2025-07-09 23:44:53.001903,2025-07-10 00:40:22.171905,,은평구,3동,종로구,1동,출퇴근,3257,15.1,휠체어 탑승형 대형,뇌병변장애 2급
2025-07-15 17:05:48,2025-07-15 17:50:48,2025-07-15 17:27:31.354964,2025-07-15 17:31:42.610227,2025-07-15 18:17:12.331335,,강서구,1동,은평구,1동,관공서 방문,3075,12.5,일반 세단형,시각장애 1급
2025-07-03 00:32:49,2025-07-03 00:52:49,2025-07-03 00:36:30.055858,2025-07-03 00:37:59.770693,2025-07-03 01:10:39.875906,,중구,3동,성동구,1동,재활 치료,3019,11.7,일반 세단형,지체장애 2급
2025-04-11 12:41:56,2025-04-11 14:44:56,2025-04-11 12:53:03.570302,,,2025-04-11 13:02:03.570302,송파구,3동,강동구,3동,관공서 방문,1724,5.8,휠체어 탑승형 대형,뇌병변장애 2급
2025-02-24 18:24:52,2025-02-24 18:51:52,2025-02-24 19:35:56.525540,2025-02-24 19:46:32.119124,2025-02-24 19:56:47.289436,,강동구,2동,마포구,3동,복지관 이용,1500,3.9,기타 차량,지체장애 2급
2025-12-27 01:49:40,2025-12-27 04:07:40,2025-12-27 02:05:49.466242,2025-12-27 02:12:53.645766,2025-12-27 02:40:06.844478,,마포구,3동,성북구,3동,여가 활동,2200,7.5,휠체어 탑승형 중형,뇌병변장애 1급
2025-01-23 17:31:29,2025-01-23 18:38:29,,,,2025-01-23 17:44:29,동작구,3동,관악구,1동,기타,1500,2.3,기타 차량,지체장애 2급
2025-07-19 06:34:22,2025-07-19 07:02:22,2025-07-19 06:50:34.853161,2025-07-19 06:59:39.921050,2025-07-19 07:17:13.325696,,송파구,3동,관악구,2동,학교 등하교,2060,7.0,휠체어 탑승형 중형,지체장애 2급
2025-11-18 17:58:52,2025-11-18 20:09:52,2025-11-18 18:37:56.720970,2025-11-18 18:43:27.994738,2025-11-18 18:53:05.312706,,강동구,1동,동작구,2동,복지관 이용,1500,2.8,휠체어 탑승형 대형,지체장애 1급
2025-12-29 14:10:20,2025-12-29 14:27:20,2025-12-29 14:14:26.995434,2025-12-29 14:19:23.590683,2025-12-29 14:43:50.736264,,강북구,2동,중구,2동,직업훈련,2816,9.7,휠체어 탑승형 중형,신장장애
2025-02-08 06:35:24,2025-02-08 07:18:24,2025-02-08 06:49:48.069548,2025-02-08 07:01:26.254068,2025-02-08 07:10:16.899046,,금천구,1동,강서구,2동,직업훈련,1500,3.1,휠체어 탑승형 대형,지체장애 2급
2025-01-15 07:34:38,2025-01-15 09:11:38,2025-01-15 07:42:53.011090,2025-01-15 07:55:49.308877,2025-01-15 08:10:31.232808,,송파구,3동,금천구,3동,여가 활동,1612,5.4,휠체어 탑승형 중형,국가유공자(상이)
2025-06-18 12:03:50,2025-06-18 12:49:50,2025-06-18 12:39:11.158903,2025-06-18 12:40:21.190300,2025-06-18 13:08:15.548921,,강동구,1동,성북구,2동,출퇴근,2284,7.8,휠체어 탑승형 대형,뇌병변장애 1급
2025-01-01 11:13:33,2025-01-01 14:09:33,2025-01-01 11:15:25.180227,2025-01-01 11:30:43.984277,2025-01-01 11:50:47.763371,,마포구,2동,종로구,1동,출퇴근,1584,5.3,휠체어 탑승형 대형,지체장애 2급
2025-05-06 12:19:39,2025-05-06 14:20:39,2025-05-06 12:20:49.629724,2025-05-06 12:22:49.110057,2025-05-06 12:44:17.352720,,성북구,2동,광진구,3동,주간보호센터,1612,5.4,일반 세단형,신장장애
2025-09-08 18:32:11,2025-09-08 19:15:11,2025-09-08 18:59:20.797344,2025-09-08 19:01:34.296195,2025-09-08 19:10:07.683967,,도봉구,1동,성동구,1동,경조사,1500,3.0,휠체어 탑승형 대형,국가유공자(상이)
2025-06-06 11:19:46,2025-06-06 13:33:46,2025-06-06 11:28:37.198479,2025-06-06 11:44:51.209938,2025-06-06 12:16:31.624469,,도봉구,2동,서대문구,3동,여가 활동,2732,9.4,기타 차량,시각장애 1급
2025-03-12 14:37:51,2025-03-12 17:07:51,2025-03-12 14:38:51,2025-03-12 14:45:47.633661,2025-03-12 14:55:24.775693,,강북구,3동,노원구,2동,여가 활동,1500,3.8,휠체어 탑승형 대형,국가유공자(상이)
2025-01-16 16:28:12,2025-01-16 17:55:12,2025-01-16 16:30:52.710127,2025-01-16 16:38:37.586144,2025-01-16 16:54:28.123287,,양천구,1동,종로구,2동,학교 등하교,1500,4.8,휠체어 탑승형 중형,시각장애 1급
2025-07-10 18:05:48,2025-07-10 19:21:48,2025-07-10 18:22:21.105139,2025-07-10 18:34:21.798587,2025-07-10 18:49:51.078233,,서초구,3동,노원구,1동,병원 진료,1500,4.0,일반 세단형,국가유공자(상이)
2025-09-09 18:31:59,2025-09-09 20:37:59,2025-09-09 19:02:47.882693,2025-09-09 19:04:33.825636,2025-09-09 19:14:45.424996,,종로구,3동,종로구,3동,관공서 방문,1500,3.2,기타 차량,지체장애 2급
2025-11-26 08:35:22,2025-11-26 08:47:22,2025-11-26 08:42:06.979067,2025-11-26 08:47:46.722109,2025-11-26 09:14:40.162593,,성동구,3동,마포구,3동,여가 활동,2676,9.2,일반 세단형,지체장애 1급
2025-04-17 13:29:17,2025-04-17 14:19:17,2025-04-17 13:33:42.797463,2025-04-17 13:34:42.797463,2025-04-17 13:46:53.368814,,강북구,1동,강북구,3동,학교 등하교,1500,3.7,기타 차량,신장장애
2025-04-11 09:35:08,2025-04-11 10:41:08,2025-04-11 09:51:39.261961,2025-04-11 09:58:16.353828,2025-04-11 10:35:38.733288,,광진구,1동,성동구,3동,주간보호센터,2872,9.9,휠체어 탑승형 중형,국가유공자(상이)
2025-01-24 20:35:37,2025-01-24 22:28:37,,,,2025-01-24 20:49:37,노원구,2동,광진구,3동,기타,1976,6.7,기타 차량,국가유공자(상이)
2025-07-21 09:49:31,2025-07-21 10:47:31,2025-07-21 10:12:08.189949,2025-07-21 10:29:13.030334,2025-07-21 10:59:31.693301,,서대문구,3동,광진구,3동,복지관 이용,2928,10.4,휠체어 탑승형 중형,국가유공자(상이)
2025-06-02 21:48:38,2025-06-02 23:24:38,2025-06-02 22:10:02.448336,,,2025-06-02 22:29:02.448336,양천구,3동,금천구,1동,출퇴근,3978,25.4,휠체어 탑승형 중형,지체장애 2급
2025-01-03 09:01:41,2025-01-03 10:00:41,2025-01-03 09:33:07.424889,2025-01-03 09:39:40.549226,2025-01-03 10:01:45.632313,,영등포구,3동,서대문구,2동,출퇴근,2508,8.6,휠체어 탑승형 대형,신장장애
2025-12-10 17:42:04,2025-12-10 19:13:04,2025-12-10 17:46:26.602685,2025-12-10 17:52:47.313418,2025-12-10 18:08:16.549663,,양천구,2동,서대문구,2동,출퇴근,1500,4.0,일반 세단형,국가유공자(상이)
2025-01-25 14:23:21,2025-01-25 17:17:21,2025-01-25 14:49:32.182710,2025-01-25 15:00:23.545450,2025-01-25 15:35:51.739328,,은평구,3동,강서구,1동,경조사,3012,11.6,휠체어 탑승형 대형,뇌병변장애 2급
2025-10-21 07:58:19,2025-10-21 09:48:19,2025-10-21 08:12:40.889049,2025-10-21 08:14:23.505568,2025-10-21 08:24:20.718786,,금천구,2동,동작구,3동,여가 활동,1500,3.6,일반 세단형,지체장애 1급
2025-12-17 12:54:10,2025-12-17 13:23:10,2025-12-17 13:42:21.552590,2025-12-17 13:43:21.552590,2025-12-17 14:00:16.531866,,강동구,1동,동대문구,2동,기타,1668,5.6,휠체어 탑승형 중형,국가유공자(상이)
2025-02-15 19:11:46,2025-02-15 19:23:46,2025-02-15 19:27:31.580323,2025-02-15 19:40:08.865036,2025-02-15 20:15:59.804711,,강북구,1동,양천구,3동,병원 진료,2984,11.2,휠체어 탑승형 중형,국가유공자(상이)
2025-10-29 12:29:57,2025-10-29 13:35:57,2025-10-29 13:42:13.389481,2025-10-29 13:48:33.895470,2025-10-29 14:19:25.993383,,양천구,2동,성동구,2동,재활 치료,2592,8.9,기타 차량,신장장애
2025-09-13 11:08:03,2025-09-13 13:55:03,2025-09-13 11:31:33.472156,2025-09-13 11:32:33.472156,2025-09-13 11:42:43.343404,,종로구,3동,중구,1동,병원 진료,1500,3.7,기타 차량,뇌병변장애 2급
2025-07-26 10:35:40,2025-07-26 12:16:40,2025-07-26 11:04:33.674430,2025-07-26 11:22:05.840257,2025-07-26 11:49:50.471894,,서대문구,2동,마포구,1동,병원 진료,2648,9.1,기타 차량,지체장애 2급
2025-04-10 17:34:40,2025-04-10 19:02:40,2025-04-10 17:36:44.146993,2025-04-10 17:44:00.997795,2025-04-10 18:09:22.007072,,도봉구,1동,도봉구,1동,학교 등하교,2200,7.5,기타 차량,신장장애
2025-08-29 17:57:36,2025-08-29 19:07:36,2025-08-29 18:11:47.891821,2025-08-29 18:12:47.891821,2025-08-29 18:43:38.419168,,서대문구,1동,구로구,3동,여가 활동,2935,10.5,휠체어 탑승형 중형,국가유공자(상이)
2025-10-22 13:21:33,2025-10-22 13:58:33,2025-10-22 13:24:29.441058,,,2025-10-22 13:44:29.441058,강남구,1동,서초구,3동,경조사,2949,10.7,일반 세단형,뇌병변장애 1급
2025-02-28 11:29:15,2025-02-28 12:03:15,2025-02-28 11:44:06.240000,2025-02-28 11:50:27.918722,2025-02-28 12:01:26.282248,,중구,1동,성동구,1동,경조사,1500,2.9,휠체어 탑승형 대형,신장장애
2025-02-28 16:07:13,2025-02-28 19:06:13,2025-02-28 16:14:02.866612,2025-02-28 16:15:22.761295,2025-02-28 16:26:09.134519,,광진구,3동,은평구,3동,관공서 방문,1500,2.9,기타 차량,뇌병변장애 2급
2025-08-03 08:13:08,2025-08-03 10:09:08,2025-08-03 08:40:07.572558,2025-08-03 08:51:22.997692,2025-08-03 09:47:42.239137,,금천구,1동,동대문구,3동,주간보호센터,3292,15.6,일반 세단형,뇌병변장애 2급
2025-01-06 07:59:37,2025-01-06 09:00:37,2025-01-06 08:05:24.090602,2025-01-06 08:16:00.749630,2025-01-06 09:34:14.054475,,광진구,3동,송파구,1동,직업훈련,4230,29.0,휠체어 탑승형 중형,국가유공자(상이)
2025-07-13 14:39:14,2025-07-13 15:19:14,2025-07-13 14:52:08.666655,2025-07-13 14:58:18.504392,2025-07-13 15:40:47.677849,,강북구,1동,서대문구,2동,기타,3229,14.7,기타 차량,뇌병변장애 1급
2025-11-12 16:32:29,2025-11-12 16:47:29,2025-11-12 16:38:43.452968,2025-11-12 16:41:46.406660,2025-11-12 17:21:40.478572,,중랑구,2동,송파구,3동,재활 치료,3355,16.5,일반 세단형,신장장애
2025-01-30 09:34:13,2025-01-30 11:01:13,2025-01-30 09:42:36.242998,2025-01-30 09:43:36.242998,2025-01-30 10:03:20.345290,,성동구,2동,동작구,3동,주간보호센터,2200,7.5,기타 차량,신장장애
2025-08-12 13:44:07,2025-08-12 14:51:07,2025-08-12 13:45:29.852976,2025-08-12 13:49:34.500936,2025-08-12 14:07:39.571753,,금천구,3동,성북구,1동,출퇴근,1724,5.8,휠체어 탑승형 중형,시각장애 1급
2025-07-26 13:48:34,2025-07-26 15:47:34,2025-07-26 13:49:34,2025-07-26 13:54:16.965780,2025-07-26 14:03:52.331513,,용산구,2동,동대문구,1동,주간보호센터,1500,3.0,일반 세단형,신장장애
2025-08-20 09:26:13,2025-08-20 12:07:13,2025-08-20 09:56:12.181333,2025-08-20 09:59:20.146735,2025-08-20 10:19:11.570767,,성동구,1동,성북구,2동,경조사,2312,7.9,휠체어 탑승형 중형,시각장애 1급
2025-12-03 23:49:51,2025-12-04 02:36:51,2025-12-04 00:34:22.107549,2025-12-04 00:53:36.082317,2025-12-04 01:13:17.364856,,금천구,1동,중구,1동,직업훈련,1668,5.6,기타 차량,지체장애 2급
2025-08-21 15:55:03,2025-08-21 16:19:03,2025-08-21 16:26:49.023044,2025-08-21 16:27:59.087670,2025-08-21 16:57:34.916587,,금천구,1동,마포구,3동,여가 활동,3061,12.3,휠체어 탑승형 중형,국가유공자(상이)
2025-05-17 06:01:41,2025-05-17 07:34:41,2025-05-17 06:15:59.596461,2025-05-17 06:20:09.419315,2025-05-17 06:32:04.786000,,노원구,3동,종로구,2동,관공서 방문,1500,4.6,기타 차량,뇌병변장애 2급
2025-05-18 07:25:50,2025-05-18 09:41:50,2025-05-18 07:55:21.647413,2025-05-18 08:07:08.752155,2025-05-18 08:41:05.343861,,금천구,1동,서대문구,3동,여가 활동,2704,9.3,기타 차량,시각장애 1급
2025-11-28 07:55:11,2025-11-28 10:22:11,2025-11-28 07:56:40.909951,2025-11-28 08:01:46.452632,2025-11-28 08:27:10.097589,,은평구,2동,관악구,2동,주간보호센터,2536,8.7,기타 차량,국가유공자(상이)
2025-10-06 07:27:04,2025-10-06 08:10:04,2025-10-06 07:40:37.256152,2025-10-06 07:46:55.357739,2025-10-06 08:08:40.022691,,성동구,1동,성북구,3동,복지관 이용,2592,8.9,일반 세단형,신장장애
2025-09-06 13:25:56,2025-09-06 15:16:56,2025-09-06 13:26:56,2025-09-06 13:38:29.782020,2025-09-06 13:48:43.554805,,강남구,1동,강동구,1동,복지관 이용,1500,3.5,기타 차량,지체장애 1급
2025-08-27 09:49:05,2025-08-27 11:41:05,2025-08-27 09:56:06.307719,2025-08-27 09:57:06.307719,2025-08-27 11:36:20.135589,,구로구,1동,중랑구,1동,직업훈련,4167,28.1,휠체어 탑승형 대형,뇌병변장애 2급
2025-04-30 06:21:47,2025-04-30 06:53:47,,,,2025-04-30 06:33:47,금천구,2동,성북구,1동,기타,2312,7.9,휠체어 탑승형 중형,뇌병변장애 1급
2025-03-05 16:51:28,2025-03-05 18:01:28,2025-03-05 16:52:47.864129,2025-03-05 17:07:47.254811,2025-03-05 17:29:15.640713,,동작구,3동,도봉구,2동,출퇴근,2452,8.4,기타 차량,국가유공자(상이)
2025-11-08 14:56:10,2025-11-08 15:15:10,2025-11-08 15:09:19.797982,2025-11-08 15:15:28.918135,2025-11-08 15:39:59.794969,,용산구,3동,중구,1동,재활 치료,1976,6.7,휠체어 탑승형 대형,신장장애
2025-03-11 14:35:42,2025-03-11 15:07:42,2025-03-11 14:41:51.213446,2025-03-11 14:45:59.956278,2025-03-11 14:58:20.202398,,성동구,3동,광진구,1동,재활 치료,1500,4.4,일반 세단형,신장장애
2025-12-10 10:05:56,2025-12-10 10:43:56,2025-12-10 10:39:55.294137,2025-12-10 10:42:13.430255,2025-12-10 11:24:54.793479,,동작구,3동,관악구,1동,기타,3341,16.3,기타 차량,지체장애 2급
2025-12-04 09:36:17,2025-12-04 10:21:17,2025-12-04 09:45:26.159157,2025-12-04 09:59:48.909235,2025-12-04 10:20:06.545011,,성북구,1동,도봉구,1동,재활 치료,1640,5.5,휠체어 탑승형 중형,지체장애 2급
2025-03-21 06:16:40,2025-03-21 09:07:40,2025-03-21 06:18:28.009719,2025-03-21 06:23:34.296202,2025-03-21 07:13:09.077069,,강동구,2동,중구,2동,출퇴근,3292,15.6,휠체어 탑승형 대형,국가유공자(상이)
2025-12-29 06:32:19,2025-12-29 07:51:19,2025-12-29 07:20:50.886681,2025-12-29 07:22:41.517456,2025-12-29 07:54:33.445371,,성북구,2동,도봉구,3동,복지관 이용,2788,9.6,휠체어 탑승형 중형,뇌병변장애 1급
2025-05-05 01:09:43,2025-05-05 02:45:43,2025-05-05 01:25:50.290828,2025-05-05 01:40:57.548637,2025-05-05 01:49:25.495269,,양천구,1동,은평구,1동,경조사,1500,3.4,휠체어 탑승형 중형,뇌병변장애 2급
2025-03-07 16:47:41,2025-03-07 17:24:41,2025-03-07 16:50:20.939991,2025-03-07 17:29:48.034695,2025-03-07 18:29:45.322380,,마포구,2동,서초구,1동,직업훈련,3523,18.9,일반 세단형,시각장애 1급
2025-06-21 15:06:51,2025-06-21 18:04:51,,,,2025-06-21 15:27:51,은평구,1동,서초구,2동,기타,2676,9.2,휠체어 탑승형 중형,뇌병변장애 1급
2025-11-27 17:29:26,2025-11-27 18:16:26,2025-11-27 19:07:12.116846,2025-11-27 19:12:35.443011,2025-11-27 19:58:25.278121,,용산구,1동,종로구,2동,관공서 방문,3005,11.5,기타 차량,지체장애 2급
2025-04-25 08:11:38,2025-04-25 09:24:38,2025-04-25 08:12:38,2025-04-25 08:21:31.729873,2025-04-25 09:51:12.114192,,노원구,1동,성동구,1동,재활 치료,3999,25.7,휠체어 탑승형 대형,신장장애
2025-09-25 08:08:38,2025-09-25 08:49:38,2025-09-25 08:43:04.995324,,,2025-09-25 09:01:04.995324,은평구,1동,송파구,2동,학교 등하교,1500,2.7,기타 차량,시각장애 1급
2025-11-26 09:13:04,2025-11-26 10:44:04,,,,2025-11-26 09:27:04,강남구,1동,강남구,2동,여가 활동,1500,2.1,기타 차량,시각장애 1급
2025-11-29 07:52:41,2025-11-29 09:17:41,2025-11-29 08:30:59.583537,2025-11-29 08:31:59.583537,2025-11-29 09:32:41.832849,,강북구,1동,관악구,3동,복지관 이용,3908,24.4,휠체어 탑승형 대형,뇌병변장애 1급
2025-12-19 20:35:01,2025-12-19 23:26:01,2025-12-19 21:02:44.180043,2025-12-19 21:14:53.360511,2025-12-19 21:39:20.177401,,노원구,2동,중구,1동,여가 활동,2172,7.4,기타 차량,뇌병변장애 2급
2025-07-02 07:44:06,2025-07-02 10:10:06,2025-07-02 08:48:36.854095,2025-07-02 08:55:45.333738,2025-07-02 09:15:56.592876,,마포구,1동,강동구,1동,직업훈련,2172,7.4,휠체어 탑승형 중형,뇌병변장애 2급
2025-05-14 13:40:58,2025-05-14 15:02:58,2025-05-14 13:44:05.527548,2025-05-14 13:56:21.109662,2025-05-14 14:05:48.704473,,동작구,2동,강서구,2동,주간보호센터,1500,3.9,기타 차량,지체장애 1급
2025-08-07 16:44:18,2025-08-07 19:25:18,2025-08-07 16:53:09.594858,2025-08-07 17:02:00.151487,2025-08-07 17:13:33.534592,,금천구,2동,관악구,2동,여가 활동,1500,3.3,기타 차량,뇌병변장애 2급
2025-07-07 18:57:41,2025-07-07 21:55:41,2025-07-07 19:15:35.812317,2025-07-07 19:16:55.468394,2025-07-07 19:35:17.052839,,도봉구,3동,중구,1동,출퇴근,1640,5.5,기타 차량,뇌병변장애 1급
2025-05-05 09:59:48,2025-05-05 12:08:48,2025-05-05 10:17:20.113048,2025-05-05 10:46:12.480731,2025-05-05 11:10:10.083187,,강동구,3동,성북구,3동,기타,2340,8.0,기타 차량,뇌병변장애 2급
2025-12-24 09:08:18,2025-12-24 10:21:18,2025-12-24 09:18:33.623764,2025-12-24 09:19:33.623764,2025-12-24 10:10:17.097696,,중랑구,3동,강서구,2동,병원 진료,3376,16.8,휠체어 탑승형 중형,뇌병변장애 1급
2025-06-15 19:41:34,2025-06-15 21:59:34,2025-06-15 20:10:07.517841,2025-06-15 20:13:51.869085,2025-06-15 21:07:02.981345,,성동구,1동,금천구,2동,병원 진료,3208,14.4,일반 세단형,시각장애 1급
2025-01-23 17:18:00,2025-01-23 20:05:00,2025-01-23 17:37:58.528338,2025-01-23 17:59:33.648529,2025-01-23 18:25:54.315372,,서초구,2동,종로구,2동,병원 진료,2760,9.5,기타 차량,뇌병변장애 1급
2025-06-02 18:49:36,2025-06-02 21:23:36,2025-06-02 19:02:36.816348,,,2025-06-02 19:18:36.816348,강동구,1동,동대문구,2동,경조사,2508,8.6,휠체어 탑승형 중형,신장장애
2025-02-26 06:22:40,2025-02-26 09:12:40,2025-02-26 06:30:01.379827,2025-02-26 06:47:23.426548,2025-02-26 07:21:14.434493,,구로구,3동,성동구,2동,직업훈련,2991,11.3,일반 세단형,시각장애 1급
2025-02-07 17:21:33,2025-02-07 19:44:33,2025-02-07 17:26:01.597646,2025-02-07 17:27:49.245140,2025-02-07 18:21:49.577868,,송파구,3동,중구,1동,재활 치료,3320,16.0,기타 차량,지체장애 1급
2025-02-23 17:03:08,2025-02-23 19:31:08,2025-02-23 17:04:27.009679,2025-02-23 17:22:10.698671,2025-02-23 17:26:54.781119,,도봉구,2동,성북구,3동,직업훈련,1500,1.3,일반 세단형,시각장애 1급
2025-10-27 14:51:27,2025-10-27 16:29:27,2025-10-27 15:20:44.436586,2025-10-27 15:24:31.036361,2025-10-27 15:52:03.608600,,구로구,3동,동작구,2동,관공서 방문,2564,8.8,일반 세단형,국가유공자(상이)
2025-07-08 09:03:31,2025-07-08 09:59:31,2025-07-08 09:13:46.855696,2025-07-08 09:21:56.208615,2025-07-08 09:34:32.758465,,성동구,3동,금천구,3동,복지관 이용,1500,4.6,일반 세단형,뇌병변장애 2급
2025-08-24 08:32:12,2025-08-24 09:52:12,,,,2025-08-24 08:40:12,동대문구,1동,영등포구,1동,출퇴근,1892,6.4,기타 차량,뇌병변장애 2급
2025-12-21 15:16:36,2025-12-21 16:55:36,2025-12-21 15:20:00.985466,2025-12-21 15:24:44.847169,2025-12-21 15:50:05.044136,,은평구,2동,영등포구,2동,병원 진료,2536,8.7,일반 세단형,지체장애 1급
2025-10-18 12:59:22,2025-10-18 13:48:22,2025-10-18 13:15:12.407280,2025-10-18 13:34:37.862463,2025-10-18 13:56:26.186295,,동대문구,2동,서대문구,2동,직업훈련,1668,5.6,휠체어 탑승형 중형,시각장애 1급
2025-08-22 14:42:53,2025-08-22 17:22:53,2025-08-22 14:43:53,2025-08-22 14:58:26.349354,2025-08-22 15:33:44.869660,,광진구,1동,중랑구,2동,출퇴근,2704,9.3,기타 차량,신장장애
2025-08-07 08:34:44,2025-08-07 11:16:44,2025-08-07 09:07:14.148640,2025-08-07 09:08:14.148640,2025-08-07 09:53:07.999570,,강동구,2동,강서구,3동,주간보호센터,3047,12.1,기타 차량,신장장애
2025-11-15 18:48:00,2025-11-15 20:53:00,2025-11-15 18:53:59.014514,2025-11-15 19:07:51.430325,2025-11-15 19:27:27.123509,,도봉구,2동,성북구,3동,기타,2284,7.8,휠체어 탑승형 대형,시각장애 1급
2025-10-29 16:09:37,2025-10-29 19:03:37,2025-10-29 16:17:24.237975,2025-10-29 16:19:47.121663,2025-10-29 16:37:57.042263,,종로구,1동,은평구,2동,출퇴근,2116,7.2,기타 차량,신장장애
2025-10-29 06:15:39,2025-10-29 06:30:39,2025-10-29 06:22:14.183919,2025-10-29 06:34:58.670824,2025-10-29 07:12:23.149816,,성동구,3동,강북구,3동,직업훈련,3124,13.2,휠체어 탑승형 대형,국가유공자(상이)
2025-05-30 18:10:39,2025-05-30 20:53:39,2025-05-30 19:14:31.541786,2025-05-30 19:30:08.963366,2025-05-30 20:27:59.621588,,성북구,2동,영등포구,1동,주간보호센터,3712,21.6,일반 세단형,지체장애 2급
2025-01-08 14:16:55,2025-01-08 17:00:55,2025-01-08 14:21:43.711916,2025-01-08 14:40:55.045971,2025-01-08 14:50:19.305891,,노원구,2동,중랑구,1동,재활 치료,1500,3.7,휠체어 탑승형 중형,뇌병변장애 2급
2025-01-04 09:48:57,2025-01-04 11:38:57,2025-01-04 10:22:44.009430,2025-01-04 10:33:56.357948,2025-01-04 10:53:59.263857,,동작구,1동,강북구,3동,병원 진료,1668,5.6,기타 차량,뇌병변장애 1급
2025-12-22 14:30:08,2025-12-22 16:41:08,2025-12-22 15:04:42.957298,2025-12-22 15:07:37.273801,2025-12-22 15:29:26.443771,,중구,1동,용산구,1동,주간보호센터,2564,8.8,휠체어 탑승형 중형,뇌병변장애 2급
2025-11-02 08:51:27,2025-11-02 10:54:27,2025-11-02 09:00:43.439648,2025-11-02 09:04:12.460334,2025-11-02 09:47:07.382227,,서대문구,3동,서초구,1동,기타,2956,10.8,일반 세단형,지체장애 1급
2025-07-15 08:56:28,2025-07-15 11:52:28,2025-07-15 09:04:44.674842,2025-07-15 09:05:44.674842,2025-07-15 09:57:00.784524,,동대문구,1동,마포구,1동,관공서 방문,3166,13.8,휠체어 탑승형 대형,지체장애 2급
2025-01-25 08:31:32,2025-01-25 11:27:32,2025-01-25 10:07:31.174149,2025-01-25 10:11:21.308250,2025-01-25 10:46:13.148754,,노원구,2동,영등포구,1동,병원 진료,2921,10.3,휠체어 탑승형 중형,지체장애 1급
2025-06-07 20:58:35,2025-06-07 21:35:35,2025-06-07 21:05:02.723540,2025-06-07 21:10:05.648263,2025-06-07 21:32:55.727902,,강서구,2동,강남구,1동,학교 등하교,2284,7.8,기타 차량,시각장애 1급
2025-01-18 14:41:43,2025-01-18 15:16:43,2025-01-18 14:53:05.220360,2025-01-18 15:11:38.412791,2025-01-18 15:34:01.244593,,용산구,3동,중랑구,3동,출퇴근,2200,7.5,휠체어 탑승형 대형,지체장애 1급
2025-03-17 05:32:27,2025-03-17 06:17:27,2025-03-17 05:42:27.987039,2025-03-17 05:46:49.023902,2025-03-17 06:01:48.662262,,동대문구,1동,종로구,2동,병원 진료,1668,5.6,일반 세단형,국가유공자(상이)
2025-11-18 09:58:46,2025-11-18 11:45:46,2025-11-18 10:10:19.570222,2025-11-18 10:28:29.697882,2025-11-18 10:48:06.280327,,강북구,2동,동대문구,2동,기타,2256,7.7,휠체어 탑승형 중형,국가유공자(상이)
2025-10-22 11:43:22,2025-10-22 13:49:22,2025-10-22 11:44:40.747117,2025-10-22 11:45:48.026051,2025-10-22 11:57:20.021005,,관악구,1동,영등포구,2동,여가 활동,1500,4.4,기타 차량,신장장애
2025-05-27 09:57:46,2025-05-27 12:17:46,2025-05-27 09:58:46,2025-05-27 10:15:23.002371,2025-05-27 10:26:51.589277,,강동구,3동,중구,2동,직업훈련,1500,4.6,기타 차량,신장장애
2025-12-25 20:40:22,2025-12-25 21:41:22,2025-12-25 21:19:51.844487,2025-12-25 21:29:36.497972,2025-12-25 21:48:49.058323,,성동구,3동,관악구,3동,관공서 방문,1500,4.9,휠체어 탑승형 대형,신장장애
2025-05-27 08:08:18,2025-05-27 09:01:18,2025-05-27 08:11:16.489736,2025-05-27 08:40:30.225675,2025-05-27 09:13:50.103033,,용산구,1동,은평구,3동,기타,2970,11.0,기타 차량,국가유공자(상이)
2025-06-28 13:21:57,2025-06-28 16:15:57,2025-06-28 13:25:28.547564,2025-06-28 13:31:41.106602,2025-06-28 13:40:36.270558,,강남구,2동,노원구,3동,관공서 방문,1500,2.7,일반 세단형,국가유공자(상이)
2025-07-18 17:07:33,2025-07-18 19:19:33,2025-07-18 17:15:59.054429,2025-07-18 17:18:41.479686,2025-07-18 17:53:30.701525,,은평구,2동,부산 해운대구,2동,직업훈련,2844,9.8,휠체어 탑승형 중형,국가유공자(상이)
2025-03-15 19:29:05,2025-03-15 20:49:05,2025-03-15 19:37:10.505489,,,2025-03-15 19:42:10.505489,강북구,2동,광진구,1동,재활 치료,2032,6.9,휠체어 탑승형 대형,지체장애 2급
2025-01-25 17:02:41,2025-01-25 17:54:41,2025-01-25 17:10:34.073949,2025-01-25 17:11:34.073949,2025-01-25 17:25:36.625991,,동작구,2동,양천구,1동,주간보호센터,1500,4.6,휠체어 탑승형 중형,뇌병변장애 1급
2025-09-30 07:32:47,2025-09-30 09:54:47,,,,2025-09-30 07:43:47,서대문구,2동,서초구,1동,여가 활동,2956,10.8,휠체어 탑승형 대형,지체장애 2급
2025-11-27 11:14:49,2025-11-27 14:09:49,2025-11-27 11:21:09.568401,2025-11-27 11:33:13.846535,2025-11-27 11:55:43.151970,,서초구,1동,성동구,2동,직업훈련,2452,8.4,기타 차량,뇌병변장애 2급
2025-03-10 17:58:41,2025-03-10 19:24:41,2025-03-10 18:14:40.815523,2025-03-10 18:21:25.396954,2025-03-10 18:47:27.095569,,종로구,2동,성동구,1동,출퇴근,2921,10.3,휠체어 탑승형 중형,뇌병변장애 1급
2025-08-30 23:06:04,2025-08-31 00:50:04,2025-08-30 23:07:04,2025-08-30 23:20:47.964732,2025-08-30 23:36:53.817018,,송파구,3동,노원구,3동,직업훈련,1556,5.2,휠체어 탑승형 대형,지체장애 2급
2025-08-29 17:16:59,2025-08-29 19:13:59,2025-08-29 17:31:59.291720,2025-08-29 17:37:13.578184,2025-08-29 17:55:36.828160,,관악구,1동,강북구,2동,출퇴근,1500,4.8,기타 차량,신장장애
2025-08-26 16:38:11,2025-08-26 16:49:11,2025-08-26 16:49:39.446398,2025-08-26 17:13:52.847831,2025-08-26 17:29:07.793975,,종로구,3동,강북구,1동,학교 등하교,1500,4.3,일반 세단형,뇌병변장애 2급
2025-04-12 07:34:52,2025-04-12 08:03:52,2025-04-12 07:54:17.206572,2025-04-12 07:56:58.868140,2025-04-12 08:08:20.346925,,관악구,2동,양천구,3동,학교 등하교,1500,4.4,기타 차량,시각장애 1급
2025-07-03 15:48:39,2025-07-03 16:46:39,2025-07-03 16:21:14.656002,2025-07-03 16:47:57.941369,2025-07-03 17:33:04.161688,,노원구,1동,강남구,1동,복지관 이용,3180,14.0,일반 세단형,지체장애 1급
2025-08-18 13:36:56,2025-08-18 13:54:56,2025-08-18 14:08:24.234920,2025-08-18 14:28:46.056758,2025-08-18 15:12:04.575913,,노원구,3동,관악구,1동,직업훈련,3362,16.6,휠체어 탑승형 중형,시각장애 1급
2025-07-21 14:20:42,2025-07-21 16:53:42,2025-07-21 14:47:50.885807,2025-07-21 14:50:50.905070,2025-07-21 14:59:04.061824,,은평구,2동,동작구,1동,여가 활동,1500,3.2,휠체어 탑승형 중형,신장장애
2025-02-28 16:19:02,2025-02-28 16:52:02,2025-02-28 16:24:18.198827,2025-02-28 16:34:28.722938,2025-02-28 16:51:09.331208,,중랑구,3동,강서구,3동,여가 활동,1752,5.9,휠체어 탑승형 중형,지체장애 2급
2025-06-19 15:05:12,2025-06-19 17:33:12,2025-06-19 15:07:19.239578,2025-06-19 15:11:05.554526,2025-06-19 15:23:10.417540,,관악구,2동,동작구,2동,출퇴근,1500,4.1,휠체어 탑승형 중형,국가유공자(상이)
2025-05-13 08:02:37,2025-05-13 10:22:37,2025-05-13 08:16:49.854779,2025-05-13 08:29:39.350546,2025-05-13 09:24:29.235164,,용산구,2동,동대문구,1동,직업훈련,3278,15.4,일반 세단형,지체장애 1급
2025-05-19 17:19:28,2025-05-19 19:57:28,2025-05-19 17:24:00.123115,2025-05-19 17:27:25.413204,2025-05-19 17:47:43.223601,,성북구,3동,중구,2동,관공서 방문,2284,7.8,휠체어 탑승형 대형,뇌병변장애 1급
2025-01-03 08:36:22,2025-01-03 09:05:22,2025-01-03 08:56:43.280950,2025-01-03 08:59:29.005447,2025-01-03 09:18:15.375589,,동대문구,1동,도봉구,1동,출퇴근,1864,6.3,일반 세단형,지체장애 2급
2025-05-05 18:48:37,2025-05-05 21:00:37,2025-05-05 19:02:00.605861,2025-05-05 19:04:28.670239,2025-05-05 19:15:51.934064,,서대문구,2동,은평구,3동,여가 활동,1500,4.7,휠체어 탑승형 중형,시각장애 1급
2025-05-13 18:10:42,2025-05-13 20:14:42,2025-05-13 18:32:16.952663,,,2025-05-13 18:50:16.952663,동대문구,3동,마포구,3동,병원 진료,2816,9.7,휠체어 탑승형 중형,지체장애 2급
2025-12-20 09:28:25,2025-12-20 10:53:25,2025-12-20 09:33:59.905505,2025-12-20 09:38:37.831085,2025-12-20 10:17:14.350488,,종로구,3동,영등포구,2동,관공서 방문,3019,11.7,휠체어 탑승형 대형,지체장애 2급
2025-02-18 15:39:34,2025-02-18 18:37:34,2025-02-18 15:46:17.299107,2025-02-18 15:51:11.014822,2025-02-18 16:07:55.177646,,강북구,2동,광진구,3동,경조사,1976,6.7,휠체어 탑승형 중형,지체장애 2급
2025-04-01 11:10:48,2025-04-01 13:07:48,2025-04-01 11:35:12.322542,2025-04-01 12:02:32.802968,2025-04-01 12:13:49.795436,,광진구,2동,용산구,1동,복지관 이용,1500,4.7,기타 차량,시각장애 1급
2025-12-17 16:20:38,2025-12-17 16:50:38,2025-12-17 16:45:16.101926,2025-12-17 16:51:56.407194,2025-12-17 17:01:08.768872,,강북구,2동,부산 해운대구,2동,병원 진료,1500,2.7,휠체어 탑승형 중형,지체장애 2급
2025-01-11 14:45:42,2025-01-11 16:44:42,2025-01-11 15:51:31.730074,2025-01-11 16:02:42.341024,2025-01-11 16:51:30.208652,,관악구,2동,경기 성남시,3동,주간보호센터,3320,16.0,기타 차량,뇌병변장애 2급
2025-02-23 10:26:35,2025-02-23 12:44:35,2025-02-23 10:31:26.708106,2025-02-23 10:34:33.801416,2025-02-23 10:57:35.258882,,동대문구,2동,송파구,2동,출퇴근,1892,6.4,기타 차량,뇌병변장애 1급
2025-08-11 21:32:31,2025-08-11 21:54:31,2025-08-11 21:48:46.576804,2025-08-11 22:00:16.771428,2025-08-11 22:26:09.789341,,관악구,2동,종로구,2동,출퇴근,2914,10.2,휠체어 탑승형 대형,뇌병변장애 2급
2025-02-24 16:27:51,2025-02-24 17:49:51,2025-02-24 16:32:26.254094,2025-02-24 16:33:26.254094,2025-02-24 17:17:56.061177,,관악구,1동,구로구,1동,학교 등하교,3110,13.0,휠체어 탑승형 대형,지체장애 1급
2025-05-14 17:25:47,2025-05-14 18:16:47,2025-05-14 17:57:09.897136,,,2025-05-14 18:14:09.897136,관악구,2동,은평구,2동,주간보호센터,2172,7.4,기타 차량,국가유공자(상이)
2025-09-28 15:05:22,2025-09-28 17:33:22,2025-09-28 15:10:51.400123,2025-09-28 15:25:16.235839,2025-09-28 16:08:40.181861,,광진구,1동,송파구,3동,출퇴근,3292,15.6,기타 차량,지체장애 2급
2025-08-13 21:54:14,2025-08-14 00:02:14,2025-08-13 23:05:58.686303,2025-08-13 23:11:06.698154,2025-08-13 23:32:38.167692,,강북구,3동,성북구,1동,주간보호센터,2340,8.0,기타 차량,국가유공자(상이)
2025-02-13 15:55:18,2025-02-13 18:17:18,2025-02-13 16:27:55.679679,2025-02-13 16:34:06.426560,2025-02-13 16:42:44.312025,,서초구,1동,구로구,3동,학교 등하교,1500,3.2,휠체어 탑승형 대형,뇌병변장애 2급
2025-01-11 00:37:10,2025-01-11 01:02:10,2025-01-11 00:48:55.208046,2025-01-11 00:52:57.281752,2025-01-11 01:43:01.158306,,은평구,1동,송파구,2동,직업훈련,3488,18.4,휠체어 탑승형 중형,뇌병변장애 1급
2025-08-10 06:16:50,2025-08-10 06:29:50,,,,2025-08-10 06:26:50,노원구,1동,동작구,1동,학교 등하교,3278,15.4,휠체어 탑승형 대형,지체장애 1급
2025-04-10 14:31:56,2025-04-10 16:44:56,2025-04-10 15:00:22.414913,2025-04-10 15:01:22.414913,2025-04-10 15:13:02.382526,,은평구,1동,강동구,1동,관공서 방문,1500,4.4,기타 차량,국가유공자(상이)
2025-11-01 06:47:43,2025-11-01 09:36:43,2025-11-01 06:57:36.172132,2025-11-01 07:01:37.743010,2025-11-01 07:35:35.644728,,서대문구,1동,은평구,1동,병원 진료,2907,10.1,휠체어 탑승형 대형,뇌병변장애 1급
2025-03-23 08:09:45,2025-03-23 10:13:45,2025-03-23 08:31:29.265704,2025-03-23 08:41:16.653647,2025-03-23 09:16:05.938892,,관악구,2동,강동구,2동,재활 치료,3103,12.9,휠체어 탑승형 중형,지체장애 1급
2025-04-02 13:35:04,2025-04-02 13:45:04,2025-04-02 13:44:18.296042,2025-04-02 13:55:12.935546,2025-04-02 14:12:55.808501,,종로구,3동,종로구,1동,기타,1892,6.4,일반 세단형,시각장애 1급
2025-08-21 11:00:17,2025-08-21 13:56:17,2025-08-21 11:05:09.458037,2025-08-21 11:06:42.843253,2025-08-21 11:33:38.039121,,종로구,2동,송파구,3동,여가 활동,2564,8.8,기타 차량,뇌병변장애 1급
2025-12-01 15:45:07,2025-12-01 18:08:07,2025-12-01 15:52:57.013833,2025-12-01 16:02:31.923475,2025-12-01 16:16:17.394757,,양천구,3동,종로구,1동,기타,1640,5.5,휠체어 탑승형 중형,시각장애 1급
2025-04-25 12:03:40,2025-04-25 12:13:40,2025-04-25 12:10:30.916425,2025-04-25 12:14:32.204878,2025-04-25 12:29:15.444836,,은평구,3동,강서구,2동,출퇴근,1584,5.3,휠체어 탑승형 중형,지체장애 1급
