접수일시,예정일시,배차일시,승차일시,하차일시,취소일시,출발구,출발동,목적구,목적동,이용목적,요금,승차거리,차량구분,장애유형,이상유형
2025-01-01 10:00:59.000,2025-01-01 10:02:00.000,2025-01-01 10:24:02.627,,2025-01-01 13:58:08.010,,중랑구,묵제1동,동작구,사당제2동,기타,0,0,특장차,지체,완료 및 취소 모두 아님
2025-01-02 11:55:23.923,2025-01-02 11:55:00.000,2025-01-02 12:08:51.623,,2025-01-02 13:41:51.887,,서초구,내곡동,관악구,조원동,기타,0,0,특장차,지적,완료 및 취소 모두 아님
2025-01-02 12:49:37.000,2025-01-02 12:50:00.000,2025-01-02 13:36:46.540,,2025-01-02 13:42:16.403,,강남구,수서동,강남구,수서동,재활,0,0,특장차,뇌병,완료 및 취소 모두 아님
2025-01-03 12:16:52.780,2025-01-03 12:17:00.000,2025-01-03 12:18:30.280,,2025-01-03 13:17:01.100,,중구,신당제5동,중구,신당제3동,기타,0,0,특장차,뇌병,완료 및 취소 모두 아님
2025-01-03 12:18:56.297,2025-01-03 12:19:00.000,2025-01-03 12:53:42.357,,2025-01-03 12:57:24.937,,종로구,청운효자동,서대문구,신촌동,기타,0,0,특장차,뇌병,완료 및 취소 모두 아님
2025-01-03 14:13:05.380,2025-01-03 14:13:05.380,2025-01-03 14:18:18.710,,2025-01-03 16:02:09.383,,송파구,풍납2동,송파구,마천1동,기타,0,0,특장차,지체,완료 및 취소 모두 아님
2025-01-06 14:40:17.170,2025-01-06 14:40:00.000,2025-01-06 14:42:36.817,,2025-01-06 15:32:24.357,,마포구,상암동,은평구,증산동,기타,0,0,특장차,지적,완료 및 취소 모두 아님
2025-01-07 07:20:44.000,2025-01-07 07:21:00.000,2025-01-07 07:28:18.437,,2025-01-07 08:28:11.080,,강북구,삼각산동,동대문구,회기동,치료,0,0,임차택시,뇌병,완료 및 취소 모두 아님
2025-01-07 07:34:53.000,2025-01-07 07:35:00.000,2025-01-07 08:31:38.520,,2025-01-07 09:25:28.760,,중랑구,중화제2동,광진구,화양동,치료,0,0,임차택시,지체,완료 및 취소 모두 아님
2025-01-07 09:28:48.780,2025-01-07 09:29:00.000,2025-01-07 10:09:30.240,,2025-01-07 11:20:54.213,,구로구,구로제5동,양천구,신정6동,기타,0,0,특장차,지체,완료 및 취소 모두 아님
2025-01-06 17:12:48.000,2025-01-07 10:00:00.000,2025-01-07 10:04:21.753,,2025-01-07 11:39:58.063,,서대문구,남가좌제2동,고양시덕양구,행신2동,예약기타,0,0,특장차,뇌병,완료 및 취소 모두 아님
2025-01-07 11:45:41.017,2025-01-07 11:46:00.000,2025-01-07 12:16:13.230,,2025-01-07 13:06:20.890,,양천구,목5동,마포구,대흥동,기타,0,0,특장차,뇌병,완료 및 취소 모두 아님
2025-01-07 14:20:03.443,2025-01-07 14:20:03.443,2025-01-07 14:24:33.503,,,,관악구,보라매동,서초구,방배2동,기타,,0,특장차,뇌병,완료 및 취소 모두 아님
2025-01-07 14:37:54.400,2025-01-07 14:37:54.400,2025-01-07 15:23:53.450,2025-01-07 15:43:18.063,,,서초구,서초1동,서초구,방배4동,기타,,0,특장차,지체,완료 및 취소 모두 아님
2025-01-07 08:02:55.000,2025-01-08 08:00:00.000,2025-01-08 08:07:25.853,,2025-01-08 08:31:59.590,,은평구,구산동,은평구,역촌동,예약기타,0,0,특장차,지체,완료 및 취소 모두 아님
2025-01-08 08:01:52.883,2025-01-08 08:02:00.000,2025-01-08 08:40:32.503,,2025-01-08 09:15:45.643,,은평구,녹번동,은평구,진관동,기타,0,0,특장차,뇌병,완료 및 취소 모두 아님
2025-01-09 11:27:22.993,2025-01-09 11:27:00.000,2025-01-09 11:37:52.850,,2025-01-09 13:39:00.493,,강서구,발산제1동,종로구,이화동,기타,0,0,특장차,지체,완료 및 취소 모두 아님
2025-01-09 12:16:16.437,2025-01-09 12:16:00.000,2025-01-09 12:25:21.413,,2025-01-09 13:29:26.597,,서초구,반포4동,강남구,도곡1동,기타,0,0,특장차,뇌병,완료 및 취소 모두 아님
2025-01-10 14:44:01.610,2025-01-10 14:44:00.000,2025-01-10 14:47:13.507,,2025-01-10 16:00:02.483,,도봉구,쌍문제2동,성동구,금호4가동,기타,0,0,특장차,지체,완료 및 취소 모두 아님
2025-01-10 15:17:51.533,2025-01-10 15:18:00.000,2025-01-10 15:27:06.077,,2025-01-10 16:17:43.683,,성북구,길음제2동,종로구,이화동,기타,0,0,특장차,지체,완료 및 취소 모두 아님
2025-01-10 16:00:51.510,2025-01-10 16:01:00.000,2025-01-10 16:27:39.317,,2025-01-10 17:07:53.577,,종로구,교남동,서대문구,홍은제2동,기타,0,0,특장차,뇌병,완료 및 취소 모두 아님
2025-01-13 10:40:05.000,2025-01-13 10:41:00.000,2025-01-13 10:50:46.483,,2025-01-13 11:31:06.673,,노원구,중계2.3동,노원구,상계6.7동,치료,0,0,특장차,신장,완료 및 취소 모두 아님
2025-01-15 09:10:24.983,2025-01-15 09:10:00.000,2025-01-15 09:59:15.840,,2025-01-15 10:09:43.537,,강서구,공항동,강서구,가양제1동,기타,0,0,특장차,뇌병,완료 및 취소 모두 아님
2025-01-15 12:30:53.030,2025-01-15 12:31:00.000,2025-01-15 12:36:43.433,,2025-01-15 14:44:03.840,,송파구,잠실2동,송파구,장지동,기타,0,0,특장차,지체,완료 및 취소 모두 아님
2025-01-15 15:41:40.680,2025-01-15 15:42:00.000,2025-01-15 15:58:29.600,,2025-01-15 18:44:16.120,,관악구,미성동,노원구,상계9동,기타,0,0,특장차,뇌병,완료 및 취소 모두 아님
2025-01-16 08:00:07.817,2025-01-17 08:00:00.000,2025-01-17 07:55:08.110,,2025-01-17 09:14:49.510,,노원구,월계2동,노원구,공릉2동,예약기타,0,0,특장차,지체,완료 및 취소 모두 아님
2025-01-17 14:31:00.367,2025-01-17 14:31:00.000,2025-01-17 14:34:50.057,,2025-01-17 15:12:25.673,,마포구,성산제2동,강서구,방화제1동,기타,0,0,특장차,뇌병,완료 및 취소 모두 아님
2025-01-20 09:07:31.570,2025-01-20 09:08:00.000,2025-01-20 10:01:49.410,,2025-01-20 10:26:55.290,,노원구,월계2동,노원구,상계6.7동,기타,0,0,특장차,뇌병,완료 및 취소 모두 아님
2025-01-20 13:22:07.530,2025-01-20 13:22:00.000,2025-01-20 13:23:54.313,,2025-01-20 14:37:22.587,,중랑구,망우본동,성동구,왕십리도선동,기타,0,0,특장차,지체,완료 및 취소 모두 아님
2025-01-20 12:26:40.000,2025-01-20 14:34:00.000,2025-01-20 14:30:56.243,,2025-01-20 17:16:30.860,,양주시,백석읍,성북구,월곡제1동,기타,0,0,임차택시,뇌병,완료 및 취소 모두 아님
2025-01-21 11:58:48.223,2025-01-21 11:59:00.000,2025-01-21 12:05:57.967,,2025-01-21 12:58:50.167,,관악구,보라매동,관악구,난곡동,기타,0,0,특장차,신장,완료 및 취소 모두 아님
2025-01-24 12:29:25.663,2025-01-24 12:29:00.000,2025-01-24 12:38:39.557,,2025-01-24 14:05:46.273,,광진구,자양제1동,성남시중원구,상대원3동,기타,0,0,특장차,신장,완료 및 취소 모두 아님
2025-01-24 13:03:32.000,2025-01-24 13:04:00.000,2025-01-24 13:08:35.153,,2025-01-24 13:35:04.573,,양천구,신정6동,양천구,신월6동,기타,0,0,특장차,뇌병,완료 및 취소 모두 아님
2025-01-25 10:34:54.000,2025-01-25 10:35:00.000,2025-01-25 10:36:58.947,,2025-01-25 11:19:22.737,,관악구,삼성동,동작구,신대방제2동,기타,0,0,특장차,지체,완료 및 취소 모두 아님
2025-01-25 14:33:56.000,2025-01-25 14:34:00.000,2025-01-25 14:42:18.030,,2025-01-25 17:03:32.720,,동대문구,답십리제2동,성남시분당구,야탑1동,치료,0,0,특장차,지체,완료 및 취소 모두 아님
2025-01-27 08:04:09.610,2025-01-27 08:04:00.000,2025-01-27 08:06:05.017,,2025-01-27 09:02:44.010,,은평구,갈현제2동,서대문구,신촌동,기타,0,0,특장차,뇌병,완료 및 취소 모두 아님
2025-01-27 09:11:10.597,2025-01-27 09:11:00.000,2025-01-27 09:18:21.963,,2025-01-27 10:25:57.360,,은평구,불광제1동,중랑구,면목제5동,기타,0,0,특장차,뇌병,완료 및 취소 모두 아님
2025-01-27 10:24:15.797,2025-01-27 10:24:00.000,2025-01-27 10:36:06.500,,2025-01-27 12:14:21.190,,성동구,왕십리도선동,관악구,서림동,기타,0,0,특장차,뇌병,완료 및 취소 모두 아님
2025-01-30 15:07:08.887,2025-01-30 15:07:00.000,2025-01-30 15:13:44.873,,2025-01-30 16:22:24.867,,도봉구,쌍문제4동,동대문구,전농제2동,기타,0,0,특장차,뇌병,완료 및 취소 모두 아님
2025-01-30 15:38:47.000,2025-01-30 17:05:00.000,2025-01-30 16:38:51.667,,2025-01-30 17:24:06.440,,남양주시,퇴계원면,노원구,중계2.3동,귀가,0,0,특장차,지체,완료 및 취소 모두 아님
2025-01-31 12:32:56.967,2025-01-31 12:33:00.000,2025-01-31 12:35:33.283,,2025-01-31 13:49:43.690,,양천구,신월1동,강서구,공항동,기타,0,0,특장차,지체,완료 및 취소 모두 아님
2025-02-03 08:09:52.000,2025-02-03 08:10:00.000,2025-02-03 09:15:53.940,,2025-02-03 10:09:15.480,,성북구,월곡제2동,동대문구,신설동,재활,0,0,임차택시,뇌병,완료 및 취소 모두 아님
2025-02-04 09:52:43.040,2025-02-04 09:52:43.040,2025-02-04 10:24:19.827,,2025-02-04 13:57:50.173,,마포구,서강동,마포구,망원제1동,기타,0,0,특장차,뇌병,완료 및 취소 모두 아님
2025-02-04 14:18:22.000,2025-02-04 14:19:00.000,2025-02-04 14:22:20.707,,2025-02-04 15:19:02.880,,영등포구,여의동,영등포구,영등포동,기타,0,0,특장차,지체,완료 및 취소 모두 아님
2025-02-05 08:44:50.000,2025-02-05 08:45:00.000,2025-02-05 09:23:21.460,,2025-02-05 10:52:55.253,,은평구,증산동,광명시,소하1동,기타,0,0,특장차,지적,완료 및 취소 모두 아님
2025-02-05 13:55:05.000,2025-02-05 13:56:00.000,2025-02-05 14:14:26.000,,2025-02-05 15:10:30.783,,동작구,대방동,성남시분당구,서현1동,기타,0,0,특장차,자폐,완료 및 취소 모두 아님
2025-02-06 15:10:05.247,2025-02-06 15:10:00.000,2025-02-06 15:13:32.420,,2025-02-06 17:03:00.990,,마포구,망원제2동,마포구,성산제1동,기타,0,0,특장차,지체,완료 및 취소 모두 아님
2025-02-07 11:50:37.050,2025-02-07 11:51:00.000,2025-02-07 11:51:55.753,,2025-02-07 12:25:22.317,,노원구,중계2.3동,노원구,상계1동,기타,0,0,특장차,뇌병,완료 및 취소 모두 아님
2025-02-09 10:20:41.273,2025-02-09 10:21:00.000,2025-02-09 11:11:49.547,,2025-02-09 11:58:18.600,,은평구,신사제1동,중랑구,신내1동,기타,0,0,특장차,자폐,완료 및 취소 모두 아님
2025-02-10 08:39:12.243,2025-02-10 08:39:12.243,2025-02-10 09:48:51.963,2025-02-10 10:02:34.357,,,중구,신당제2동,부천시원미구,상동,기타,,0,특장차,뇌병,완료 및 취소 모두 아님
2025-02-10 08:40:11.620,2025-02-10 08:40:11.607,2025-02-10 09:55:24.437,2025-02-10 10:17:57.967,,,노원구,공릉2동,강서구,가양제2동,기타,,0,특장차,지체,완료 및 취소 모두 아님
2025-02-10 08:51:19.150,2025-02-10 08:51:19.150,2025-02-10 10:04:17.610,2025-02-10 10:20:57.200,,,은평구,구산동,마포구,대흥동,기타,,0,특장차,뇌병,완료 및 취소 모두 아님
2025-02-10 09:21:48.000,2025-02-10 09:22:00.000,2025-02-10 09:59:58.313,2025-02-10 10:26:47.290,,,중구,신당제6동,서대문구,신촌동,치료,,0,특장차,뇌병,완료 및 취소 모두 아님
2025-02-10 09:24:10.000,2025-02-10 09:25:00.000,2025-02-10 10:08:25.253,2025-02-10 10:38:32.187,,,양천구,신월7동,양천구,목5동,치료,,0,임차택시,지체,완료 및 취소 모두 아님
2025-02-10 09:24:38.000,2025-02-10 09:25:00.000,2025-02-10 10:10:22.973,2025-02-10 10:45:47.630,,,서초구,반포4동,광진구,자양제2동,치료,,0,특장차,뇌병,완료 및 취소 모두 아님
2025-02-10 09:26:39.977,2025-02-10 09:26:39.977,2025-02-10 10:11:56.490,2025-02-10 10:42:21.440,,,양천구,신월7동,강서구,화곡제6동,기타,,0,임차택시,신장,완료 및 취소 모두 아님
2025-02-10 09:27:10.010,2025-02-10 09:27:10.010,2025-02-10 10:03:18.297,2025-02-10 10:27:15.870,,,용산구,이태원제1동,동대문구,휘경제2동,기타,,0,특장차,뇌병,완료 및 취소 모두 아님
2025-02-10 09:35:16.080,2025-02-10 09:35:16.080,2025-02-10 10:11:27.617,2025-02-10 10:27:43.120,,,은평구,역촌동,마포구,대흥동,기타,,0,임차택시,지적,완료 및 취소 모두 아님
2025-02-10 09:47:16.000,2025-02-10 09:48:00.000,2025-02-10 10:17:24.060,2025-02-10 10:38:44.157,,,마포구,성산제2동,서대문구,충현동,치료,,0,특장차,시각,완료 및 취소 모두 아님
2025-02-10 09:49:55.950,2025-02-10 09:49:55.950,2025-02-10 10:28:22.183,2025-02-10 10:36:58.467,,,노원구,중계2.3동,의정부시,송산1동,기타,,0,임차택시,지체,완료 및 취소 모두 아님
2025-02-10 09:56:14.373,2025-02-10 09:56:14.373,2025-02-10 10:23:06.543,2025-02-10 10:41:43.207,,,송파구,잠실4동,강남구,수서동,기타,,0,특장차,지체,완료 및 취소 모두 아님
2025-02-10 09:56:13.000,2025-02-10 09:57:00.000,2025-02-10 10:14:06.650,2025-02-10 10:36:22.060,,,양천구,신정3동,양천구,신정6동,재활,,0,특장차,자폐,완료 및 취소 모두 아님
2025-02-10 09:58:57.610,2025-02-10 09:58:57.610,2025-02-10 10:38:18.700,2025-02-10 10:49:51.933,,,성북구,장위제1동,노원구,월계3동,기타,,0,특장차,지체,완료 및 취소 모두 아님
2025-02-09 10:01:11.597,2025-02-10 10:00:00.000,2025-02-10 10:07:49.113,2025-02-10 10:32:52.980,,,서초구,반포3동,송파구,오륜동,예약기타,,0,특장차,지체,완료 및 취소 모두 아님
2025-02-09 14:17:44.000,2025-02-10 10:00:00.000,2025-02-10 10:09:18.443,2025-02-10 10:23:37.073,,,송파구,삼전동,중구,중림동,예약치료,,0,특장차,지체,완료 및 취소 모두 아님
2025-02-10 10:02:05.827,2025-02-10 10:02:00.000,2025-02-10 10:43:56.207,,2025-02-10 13:12:43.967,,강남구,세곡동,성북구,정릉제2동,기타,0,0,특장차,뇌병,완료 및 취소 모두 아님
2025-02-10 10:06:33.000,2025-02-10 10:07:00.000,2025-02-10 10:31:40.057,2025-02-10 10:34:49.137,,,성동구,왕십리도선동,강북구,번제3동,귀가,,0,특장차,뇌병,완료 및 취소 모두 아님
2025-02-10 10:09:53.000,2025-02-10 10:10:00.000,2025-02-10 10:41:43.300,,2025-02-10 11:48:32.307,,강남구,세곡동,강남구,역삼1동,치료,2900,10613,특장차,신장,완료 및 취소 모두 아님
2025-02-10 10:10:31.473,2025-02-10 10:11:00.000,2025-02-10 10:30:58.590,2025-02-10 10:51:19.933,,,노원구,상계9동,노원구,상계6.7동,기타,,0,특장차,뇌병,완료 및 취소 모두 아님
2025-02-10 10:10:39.000,2025-02-10 10:11:00.000,2025-02-10 10:26:16.823,2025-02-10 10:50:08.543,,,관악구,서원동,관악구,삼성동,귀가,,0,특장차,뇌병,완료 및 취소 모두 아님
2025-02-10 10:11:27.930,2025-02-10 10:11:27.930,2025-02-10 10:31:35.980,2025-02-10 10:55:04.890,,,성북구,길음제2동,강북구,삼각산동,기타,,0,특장차,지체,완료 및 취소 모두 아님
2025-02-10 10:12:37.087,2025-02-10 10:12:37.087,2025-02-10 10:14:36.837,2025-02-10 10:48:31.790,,,강동구,암사제1동,하남시,풍산동,기타,,0,임차택시,뇌병,완료 및 취소 모두 아님
2025-02-10 10:18:18.000,2025-02-10 10:19:00.000,2025-02-10 10:39:27.220,,2025-02-10 11:13:19.667,,강동구,성내제3동,강동구,성내제2동,치료,1500,2231,특장차,뇌병,완료 및 취소 모두 아님
2025-02-10 10:18:32.000,2025-02-10 10:19:00.000,2025-02-10 10:25:07.807,2025-02-10 10:54:29.700,,,강서구,우장산동,강서구,우장산동,기타,,0,특장차,뇌병,완료 및 취소 모두 아님
2025-02-10 10:19:11.293,2025-02-10 10:19:11.293,2025-02-10 10:35:27.920,2025-02-10 10:44:42.990,,,노원구,중계2.3동,강북구,번제2동,기타,,0,특장차,지체,완료 및 취소 모두 아님
2025-02-10 08:15:00.680,2025-02-10 10:20:00.000,2025-02-10 10:27:22.807,2025-02-10 10:45:23.507,,,서대문구,홍제제3동,은평구,증산동,재활,,0,특장차,뇌병,완료 및 취소 모두 아님
2025-02-10 10:22:34.887,2025-02-10 10:22:34.887,2025-02-10 10:36:47.810,2025-02-10 10:51:30.683,,,양천구,신정3동,양천구,신정3동,기타,,0,특장차,호흡,완료 및 취소 모두 아님
2025-02-10 10:22:44.747,2025-02-10 10:22:44.747,2025-02-10 10:44:20.270,,2025-02-10 11:26:18.733,,노원구,월계3동,동대문구,회기동,기타,2000,6169,특장차,뇌병,완료 및 취소 모두 아님
2025-02-10 10:22:23.000,2025-02-10 10:23:00.000,2025-02-10 10:33:55.310,,2025-02-10 11:08:20.410,,강서구,등촌제3동,강서구,등촌제3동,치료,1500,1015,특장차,정신,완료 및 취소 모두 아님
2025-02-10 10:22:40.000,2025-02-10 10:23:00.000,2025-02-10 10:41:08.813,,2025-02-10 11:11:29.460,,관악구,신원동,관악구,보라매동,치료,1500,1629,특장차,신장,완료 및 취소 모두 아님
2025-02-10 10:24:10.933,2025-02-10 10:24:10.933,2025-02-10 10:43:38.927,,2025-02-10 11:25:13.403,,관악구,난향동,관악구,보라매동,기타,1500,4819,특장차,뇌병,완료 및 취소 모두 아님
2025-02-10 10:25:17.900,2025-02-10 10:25:17.900,2025-02-10 10:50:16.213,2025-02-10 10:57:04.560,,,종로구,이화동,성북구,성북동,기타,,0,특장차,뇌병,완료 및 취소 모두 아님
2025-02-10 10:25:26.463,2025-02-10 10:25:26.463,2025-02-10 10:38:25.547,2025-02-10 10:43:04.283,,,양천구,신정6동,구로구,구로제3동,기타,,0,특장차,뇌병,완료 및 취소 모두 아님
2025-02-10 10:28:38.713,2025-02-10 10:28:38.713,2025-02-10 10:35:53.873,,2025-02-10 11:12:30.913,,양천구,목1동,양천구,신정7동,기타,1500,2876,임차택시,지적,완료 및 취소 모두 아님
2025-02-10 10:31:26.000,2025-02-10 10:32:00.000,2025-02-10 10:32:59.387,2025-02-10 10:42:59.723,,,금천구,독산제2동,구로구,구로제3동,치료,,0,임차택시,지체,완료 및 취소 모두 아님
2025-02-10 10:32:10.747,2025-02-10 10:32:10.747,2025-02-10 10:40:01.330,,2025-02-10 11:16:23.377,,강동구,천호제2동,강동구,상일동,기타,1500,3504,특장차,뇌병,완료 및 취소 모두 아님
2025-02-10 10:32:29.963,2025-02-10 10:32:29.963,2025-02-10 10:45:08.177,,2025-02-10 11:08:39.130,,노원구,상계1동,노원구,상계1동,기타,1500,989,특장차,뇌병,완료 및 취소 모두 아님
2025-02-10 10:33:39.000,2025-02-10 10:34:00.000,2025-02-10 10:45:37.100,,2025-02-10 11:22:35.540,,서대문구,북가좌제1동,서대문구,신촌동,치료,1500,4508,특장차,신장,완료 및 취소 모두 아님
2025-02-10 10:35:52.997,2025-02-10 10:35:52.997,2025-02-10 10:44:26.287,,2025-02-10 11:27:23.437,,종로구,교남동,은평구,역촌동,기타,2300,7121,특장차,뇌병,완료 및 취소 모두 아님
2025-02-10 10:35:29.000,2025-02-10 10:36:00.000,2025-02-10 10:44:42.897,2025-02-10 10:59:43.157,,,중랑구,신내1동,중랑구,신내1동,기타,,0,특장차,지체,완료 및 취소 모두 아님
2025-02-10 10:37:49.513,2025-02-10 10:37:49.513,2025-02-10 10:43:30.190,,2025-02-10 12:04:58.277,,구로구,오류제1동,성북구,삼선동,기타,4000,25540,특장차,뇌병,완료 및 취소 모두 아님
2025-02-10 10:37:55.810,2025-02-10 10:37:55.810,2025-02-10 10:45:24.960,2025-02-10 10:54:37.327,,,송파구,오금동,송파구,가락본동,기타,,0,특장차,신장,완료 및 취소 모두 아님
2025-02-10 10:38:13.000,2025-02-10 10:39:00.000,2025-02-10 10:45:18.507,2025-02-10 11:00:58.720,,,동대문구,휘경제2동,동대문구,휘경제2동,치료,,0,특장차,뇌병,완료 및 취소 모두 아님
2025-02-10 08:35:00.740,2025-02-10 10:40:00.000,2025-02-10 10:42:37.457,,2025-02-10 11:34:33.640,,은평구,수색동,고양시일산동구,백석1동,재활,0,0,특장차,뇌병,완료 및 취소 모두 아님
2025-02-10 10:42:22.393,2025-02-10 10:42:22.393,2025-02-10 10:43:55.160,,2025-02-10 11:29:43.110,,동대문구,답십리제3동,강동구,암사제1동,기타,2600,8177,특장차,뇌병,완료 및 취소 모두 아님
2025-02-10 10:44:29.000,2025-02-10 10:45:00.000,2025-02-10 10:46:05.163,,2025-02-10 11:57:54.943,,송파구,방이2동,강남구,도곡1동,기타,0,0,특장차,일시,완료 및 취소 모두 아님
2025-02-10 10:44:57.000,2025-02-10 10:45:00.000,2025-02-10 10:53:12.013,,2025-02-10 11:10:24.350,,성동구,행당제1동,성동구,행당제2동,기타,1500,883,특장차,지체,완료 및 취소 모두 아님
2025-02-10 10:46:12.897,2025-02-10 10:46:12.897,2025-02-10 10:47:56.370,,2025-02-10 11:32:56.607,,광진구,화양동,광진구,구의제2동,기타,1500,8,특장차,지체,완료 및 취소 모두 아님
2025-02-10 10:47:38.947,2025-02-10 10:47:38.947,,,,,광진구,화양동,관악구,난곡동,기타,,0,특장차,뇌병,완료 및 취소 모두 아님
2025-02-10 10:48:30.000,2025-02-10 10:49:00.000,2025-02-10 10:57:23.140,,2025-02-10 11:24:48.013,,영등포구,영등포동,서대문구,북아현동,기타,2000,6508,특장차,뇌병,완료 및 취소 모두 아님
2025-02-10 10:51:03.950,2025-02-10 10:51:03.950,,,,,용산구,보광동,중구,광희동,기타,,0,특장차,지체,완료 및 취소 모두 아님
2025-02-10 10:51:18.000,2025-02-10 10:52:00.000,,,,,성북구,석관동,중랑구,면목제5동,기타,,0,특장차,뇌병,완료 및 취소 모두 아님
2025-02-10 10:51:36.000,2025-02-10 10:52:00.000,,,,,서대문구,천연동,영등포구,신길제1동,치료,,0,특장차,뇌병,완료 및 취소 모두 아님
2025-02-10 10:54:51.560,2025-02-10 10:54:51.560,,,,,도봉구,쌍문제1동,종로구,이화동,기타,,0,특장차,지적,완료 및 취소 모두 아님
2025-02-10 10:54:04.000,2025-02-10 10:55:00.000,2025-02-10 10:58:53.750,,2025-02-10 11:08:39.317,,영등포구,영등포동,영등포구,영등포본동,기타,1500,1589,임차택시,지체,완료 및 취소 모두 아님
2025-02-10 10:55:48.827,2025-02-10 10:55:48.827,,,,,강동구,둔촌제2동,강동구,고덕제1동,기타,,0,특장차,뇌병,완료 및 취소 모두 아님
2025-02-10 10:55:11.000,2025-02-10 10:56:00.000,,,,,송파구,풍납2동,강동구,성내제2동,기타,,0,특장차,뇌병,완료 및 취소 모두 아님
2025-02-10 10:56:13.843,2025-02-10 10:56:13.843,,,,,강서구,방화제3동,마포구,서교동,기타,,0,특장차,뇌병,완료 및 취소 모두 아님
2025-02-10 10:56:35.123,2025-02-10 10:56:35.123,,,,,노원구,상계2동,도봉구,방학제1동,기타,,0,특장차,뇌병,완료 및 취소 모두 아님
2025-02-10 10:56:28.000,2025-02-10 10:57:00.000,,,,,강남구,수서동,종로구,종로1.2.3.4가동,기타,,0,특장차,지체,완료 및 취소 모두 아님
2025-02-10 10:57:41.280,2025-02-10 10:57:41.280,,,,,노원구,상계6.7동,노원구,중계2.3동,기타,,0,특장차,지체,완료 및 취소 모두 아님
2025-02-10 10:58:02.937,2025-02-10 10:58:00.000,2025-02-10 11:44:06.597,,2025-02-10 13:11:28.247,,도봉구,쌍문제3동,도봉구,방학제1동,기타,0,0,특장차,뇌병,완료 및 취소 모두 아님
2025-02-10 11:00:03.123,2025-02-10 11:00:03.123,,,,,금천구,독산제1동,관악구,보라매동,기타,,0,특장차,뇌병,완료 및 취소 모두 아님
2025-02-11 12:08:18.000,2025-02-11 12:09:00.000,2025-02-11 12:13:12.780,,2025-02-11 12:34:01.170,,노원구,공릉1.3동,노원구,공릉2동,기타,0,0,특장차,지체,완료 및 취소 모두 아님
2025-02-11 13:51:42.470,2025-02-11 13:52:00.000,2025-02-11 14:01:43.637,,2025-02-11 14:35:54.980,,강동구,강일동,강동구,암사제3동,기타,0,0,특장차,뇌병,완료 및 취소 모두 아님
2025-02-12 04:55:00.327,2025-02-12 07:00:00.000,2025-02-12 07:10:26.947,,2025-02-12 13:11:37.650,,도봉구,쌍문제1동,노원구,상계6.7동,재활,0,0,특장차,뇌병,완료 및 취소 모두 아님
2025-02-11 08:02:40.000,2025-02-12 08:00:00.000,2025-02-12 08:09:03.893,,2025-02-12 13:12:02.700,,노원구,월계3동,성동구,마장동,예약기타,0,0,특장차,뇌병,완료 및 취소 모두 아님
2025-02-12 06:35:00.367,2025-02-12 08:40:00.000,2025-02-12 09:30:13.100,,2025-02-12 10:42:57.537,,동대문구,장안제1동,동대문구,신설동,통학/출근,0,0,특장차,뇌병,완료 및 취소 모두 아님
2025-02-12 13:58:28.317,2025-02-12 13:58:00.000,2025-02-12 14:00:06.723,,2025-02-12 17:32:50.813,,마포구,성산제2동,마포구,대흥동,기타,0,0,특장차,뇌병,완료 및 취소 모두 아님
2025-02-13 05:14:28.587,2025-02-13 05:14:00.000,2025-02-13 06:04:53.133,,2025-02-13 06:58:37.207,,관악구,난곡동,동작구,신대방제2동,기타,0,0,특장차,신장,완료 및 취소 모두 아님
2025-02-13 07:43:28.637,2025-02-13 07:43:00.000,2025-02-13 08:35:27.180,,2025-02-13 09:02:46.723,,강북구,번제3동,노원구,상계6.7동,기타,0,0,특장차,뇌병,완료 및 취소 모두 아님
2025-02-13 11:44:37.000,2025-02-13 11:45:00.000,2025-02-13 11:52:38.060,,2025-02-13 12:46:34.923,,중구,회현동,영등포구,여의동,기타,0,0,특장차,뇌병,완료 및 취소 모두 아님
2025-02-13 12:17:07.410,2025-02-13 12:17:00.000,2025-02-13 12:20:08.337,,2025-02-13 13:02:02.240,,광진구,자양제1동,광진구,중곡제4동,기타,0,0,특장차,뇌병,완료 및 취소 모두 아님
2025-02-13 12:46:19.000,2025-02-13 12:47:00.000,2025-02-13 12:49:55.927,,2025-02-13 13:32:17.997,,용산구,이촌제2동,용산구,이촌제1동,치료,0,0,특장차,지체,완료 및 취소 모두 아님
2025-02-13 13:53:19.000,2025-02-13 13:54:00.000,2025-02-13 13:59:50.447,,2025-02-13 16:43:50.533,,용산구,한남동,고양시일산서구,송산동,치료,0,0,특장차,뇌병,완료 및 취소 모두 아님
2025-02-13 16:16:12.000,2025-02-13 16:17:00.000,2025-02-13 16:47:55.820,,2025-02-13 19:16:05.780,,구로구,구로제2동,동작구,상도제1동,기타,0,0,특장차,신장,완료 및 취소 모두 아님
2025-02-13 16:27:49.690,2025-02-13 16:28:00.000,2025-02-13 16:34:44.523,,2025-02-13 17:49:20.540,,강서구,방화제1동,강서구,화곡제6동,기타,0,0,특장차,지체,완료 및 취소 모두 아님
2025-02-13 17:45:15.000,2025-02-13 17:46:00.000,2025-02-13 17:52:28.980,,2025-02-13 18:44:39.023,,강서구,가양제1동,강서구,공항동,기타,0,0,특장차,지체,완료 및 취소 모두 아님
2025-02-13 19:03:16.353,2025-02-13 19:03:00.000,2025-02-13 19:07:18.417,,2025-02-13 19:57:47.510,,양천구,신정1동,양천구,목3동,기타,0,0,특장차,지적,완료 및 취소 모두 아님
2025-02-14 12:43:28.007,2025-02-14 12:43:00.000,2025-02-14 12:45:17.227,,2025-02-14 13:47:46.413,,성북구,성북동,은평구,녹번동,기타,0,0,특장차,지체,완료 및 취소 모두 아님
2025-02-14 12:51:01.720,2025-02-14 12:51:00.000,2025-02-14 13:05:03.807,,2025-02-14 14:07:57.917,,강동구,천호제2동,중구,명동,기타,0,0,특장차,지체,완료 및 취소 모두 아님
2025-02-14 14:32:24.083,2025-02-14 14:32:00.000,2025-02-14 14:35:28.020,,2025-02-14 15:13:38.217,,영등포구,영등포동,강서구,염창동,기타,0,0,특장차,뇌병,완료 및 취소 모두 아님
2025-02-14 10:14:28.427,2025-02-15 10:00:00.000,2025-02-15 10:02:48.213,,2025-02-15 11:18:28.133,,강서구,등촌제3동,서초구,반포4동,예약기타,0,0,특장차,지체,완료 및 취소 모두 아님
2025-02-17 10:18:04.000,2025-02-17 10:19:00.000,2025-02-17 10:37:09.500,,2025-02-17 12:15:38.217,,강서구,가양제3동,고양시덕양구,행신2동,기타,0,0,특장차,뇌병,완료 및 취소 모두 아님
2025-02-17 16:10:51.000,2025-02-17 16:11:00.000,2025-02-17 16:54:21.670,,2025-02-17 17:42:15.970,,구로구,고척제1동,구로구,수궁동,기타,0,0,특장차,지적,완료 및 취소 모두 아님
2025-02-18 13:02:01.790,2025-02-18 13:02:00.000,2025-02-18 13:12:41.390,,2025-02-18 13:56:54.520,,구로구,구로제2동,양천구,신정7동,기타,0,0,특장차,뇌병,완료 및 취소 모두 아님
2025-02-18 14:45:04.000,2025-02-18 14:45:00.000,2025-02-18 14:47:20.060,,2025-02-18 15:23:30.177,,영등포구,대림제1동,관악구,조원동,귀가,0,0,특장차,외국,완료 및 취소 모두 아님
2025-02-18 23:32:44.000,2025-02-18 23:33:00.000,2025-02-18 23:37:00.407,,2025-02-19 00:58:06.930,,종로구,종로5.6가동,동작구,노량진제1동,귀가,0,0,특장차,뇌병,완료 및 취소 모두 아님
2025-02-18 23:40:40.580,2025-02-18 23:40:40.580,2025-02-18 23:47:04.800,,,,노원구,상계2동,노원구,상계2동,기타,,0,특장차,뇌병,완료 및 취소 모두 아님
2025-02-19 15:00:45.000,2025-02-19 15:01:00.000,2025-02-19 15:06:54.820,,2025-02-19 15:24:49.930,,서대문구,신촌동,마포구,대흥동,기타,0,0,특장차,뇌병,완료 및 취소 모두 아님
2025-02-20 07:30:37.643,2025-02-20 07:31:00.000,2025-02-20 08:36:44.397,,2025-02-20 09:23:35.563,,성북구,월곡제1동,노원구,상계6.7동,기타,0,0,특장차,뇌병,완료 및 취소 모두 아님
2025-02-20 08:10:20.000,2025-02-20 08:11:00.000,2025-02-20 09:24:28.453,,2025-02-20 09:57:37.983,,도봉구,방학제1동,노원구,상계6.7동,재활,0,0,특장차,지적,완료 및 취소 모두 아님
2025-02-20 10:30:34.000,2025-02-20 10:31:00.000,2025-02-20 10:34:39.067,,2025-02-20 12:15:24.953,,은평구,녹번동,마포구,공덕동,기타,0,0,특장차,지체,완료 및 취소 모두 아님
2025-02-20 11:28:36.500,2025-02-20 11:29:00.000,2025-02-20 11:32:42.440,,2025-02-20 11:48:23.650,,서대문구,신촌동,영등포구,당산제1동,기타,0,0,특장차,뇌병,완료 및 취소 모두 아님
2025-02-20 17:56:26.820,2025-02-20 17:56:00.000,2025-02-20 18:15:54.870,,2025-02-20 19:14:42.827,,마포구,상암동,은평구,대조동,기타,0,0,특장차,뇌병,완료 및 취소 모두 아님
2025-02-21 11:25:16.107,2025-02-21 11:25:00.000,2025-02-21 11:28:45.297,,2025-02-21 11:53:00.420,,은평구,구산동,은평구,역촌동,기타,0,0,특장차,뇌병,완료 및 취소 모두 아님
2025-02-21 12:10:24.000,2025-02-21 12:11:00.000,2025-02-21 12:10:59.223,,2025-02-21 12:55:02.143,,노원구,상계6.7동,중랑구,중화제1동,기타,0,0,특장차,지체,완료 및 취소 모두 아님
2025-02-21 12:30:26.000,2025-02-21 12:31:00.000,2025-02-21 12:47:59.433,,2025-02-21 14:07:22.660,,강남구,역삼1동,동대문구,제기제2동,기타,0,0,특장차,뇌병,완료 및 취소 모두 아님
2025-02-21 12:35:37.000,2025-02-21 12:36:00.000,2025-02-21 12:39:18.720,,2025-02-21 13:47:38.387,,노원구,중계4동,강서구,등촌제3동,기타,0,0,특장차,지체,완료 및 취소 모두 아님
2025-02-21 13:48:40.183,2025-02-21 13:48:40.183,2025-02-21 14:01:32.160,2025-02-21 14:13:44.520,,,서초구,서초1동,서초구,내곡동,기타,,0,특장차,지적,완료 및 취소 모두 아님
2025-02-21 14:04:23.580,2025-02-21 14:04:00.000,2025-02-21 14:10:28.520,,2025-02-21 23:34:17.740,,성동구,금호1가동,종로구,종로1.2.3.4가동,기타,0,0,특장차,지체,완료 및 취소 모두 아님
2025-02-21 14:56:43.000,2025-02-21 14:57:00.000,2025-02-21 15:10:00.563,,2025-02-21 23:34:37.457,,중구,광희동,성동구,왕십리도선동,귀가,0,0,특장차,뇌병,완료 및 취소 모두 아님
2025-02-21 15:48:49.000,2025-02-21 15:49:00.000,2025-02-21 16:31:14.713,,2025-02-21 23:34:53.100,,광진구,자양제3동,동대문구,답십리제2동,기타,0,0,특장차,지체,완료 및 취소 모두 아님
2025-02-21 16:21:22.000,2025-02-21 16:22:00.000,2025-02-21 16:56:38.503,,2025-02-21 17:41:03.920,,노원구,상계6.7동,노원구,상계2동,기타,0,0,특장차,뇌병,완료 및 취소 모두 아님
2025-02-21 23:56:25.000,2025-02-21 23:57:00.000,2025-02-22 00:13:29.200,,2025-02-22 00:57:07.167,,강서구,방화제2동,고양시일산서구,일산2동,기타,0,0,특장차,지적,완료 및 취소 모두 아님
2025-02-22 16:44:03.000,2025-02-22 16:45:00.000,2025-02-22 17:06:25.963,,2025-02-22 20:33:49.327,,동대문구,회기동,관악구,삼성동,기타,0,0,특장차,지체,완료 및 취소 모두 아님
2025-02-24 11:19:16.000,2025-02-24 11:20:00.000,2025-02-24 11:22:10.790,,2025-02-24 12:38:48.550,,중구,회현동,성북구,안암동,기타,0,0,특장차,지체,완료 및 취소 모두 아님
2025-02-24 11:28:51.000,2025-02-24 11:29:00.000,2025-02-24 11:32:55.527,,2025-02-24 12:34:49.390,,금천구,독산제1동,은평구,진관동,치료,4500,32933,특장차,지체,완료 및 취소 모두 아님
2025-02-24 15:57:13.210,2025-02-24 15:57:00.000,2025-02-24 16:18:45.563,,2025-02-24 17:22:45.957,,금천구,독산제1동,영등포구,신길제7동,기타,0,0,특장차,지체,완료 및 취소 모두 아님
2025-02-24 16:54:49.000,2025-02-24 16:55:00.000,2025-02-24 17:26:17.813,,2025-02-24 18:20:48.253,,구로구,구로제5동,구로구,구로제5동,기타,0,0,특장차,뇌병,완료 및 취소 모두 아님
2025-02-24 17:29:46.390,2025-02-24 17:30:00.000,2025-02-24 18:22:10.630,,2025-02-24 19:38:52.747,,구로구,구로제5동,양천구,신월2동,기타,0,0,특장차,지체,완료 및 취소 모두 아님
2025-02-25 13:15:00.450,2025-02-25 15:20:00.000,2025-02-25 15:29:06.297,,2025-02-25 16:31:51.020,,노원구,상계6.7동,성북구,장위제1동,귀가,0,0,특장차,뇌병,완료 및 취소 모두 아님
2025-02-26 17:01:22.773,2025-02-26 17:01:00.000,2025-02-26 17:03:46.717,,2025-02-26 18:15:51.957,,강동구,길동,하남시,덕풍3동,기타,0,0,특장차,신장,완료 및 취소 모두 아님
2025-02-27 13:27:32.560,2025-02-27 13:28:00.000,2025-02-27 13:34:07.033,,2025-02-27 14:02:36.610,,은평구,응암제2동,은평구,응암제2동,기타,0,0,임차택시,자폐,완료 및 취소 모두 아님
2025-02-28 11:21:45.000,2025-02-28 11:22:00.000,2025-02-28 11:27:01.800,2025-02-28 11:46:04.667,,,동대문구,신설동,구리시,갈매동,기타,,0,특장차,지체,완료 및 취소 모두 아님
2025-02-28 11:36:42.197,2025-02-28 11:36:42.197,2025-02-28 11:54:41.240,2025-02-28 12:21:38.990,,,동작구,신대방제2동,동작구,상도제4동,기타,,0,임차택시,뇌병,완료 및 취소 모두 아님
2025-02-28 11:37:22.000,2025-02-28 11:38:00.000,2025-02-28 11:41:04.523,2025-02-28 12:02:52.887,,,송파구,장지동,강동구,천호제2동,종교,,0,특장차,지체,완료 및 취소 모두 아님
2025-02-28 11:37:57.000,2025-02-28 11:38:00.000,2025-02-28 11:40:20.667,2025-02-28 11:50:48.043,,,송파구,잠실3동,중구,명동,기타,,0,특장차,지체,완료 및 취소 모두 아님
2025-02-28 11:38:27.000,2025-02-28 11:39:00.000,2025-02-28 11:55:16.350,2025-02-28 12:09:55.907,,,서대문구,북가좌제2동,종로구,교남동,치료,,0,특장차,신장,완료 및 취소 모두 아님
2025-02-28 11:45:18.183,2025-02-28 11:45:18.183,2025-02-28 12:00:45.353,2025-02-28 12:18:39.927,,,관악구,난곡동,동작구,신대방제2동,기타,,0,특장차,자폐,완료 및 취소 모두 아님
2025-02-28 11:49:02.607,2025-02-28 11:49:02.607,2025-02-28 12:07:39.533,2025-02-28 12:21:52.083,,,마포구,망원제1동,서대문구,홍은제2동,기타,,0,특장차,뇌병,완료 및 취소 모두 아님
2025-02-28 11:50:02.420,2025-02-28 11:50:02.420,2025-02-28 11:55:40.630,2025-02-28 12:17:08.097,,,성북구,안암동,동대문구,휘경제1동,기타,,0,임차택시,뇌병,완료 및 취소 모두 아님
2025-02-28 11:51:52.780,2025-02-28 11:51:52.780,2025-02-28 11:55:03.973,2025-02-28 12:24:13.697,,,중랑구,망우본동,중랑구,묵제2동,기타,,0,특장차,뇌병,완료 및 취소 모두 아님
2025-02-28 11:52:15.703,2025-02-28 11:52:15.703,2025-02-28 12:09:18.423,2025-02-28 12:22:39.913,,,마포구,도화동,종로구,교남동,기타,,0,특장차,지적,완료 및 취소 모두 아님
2025-02-28 11:55:46.113,2025-02-28 11:55:46.113,2025-02-28 12:01:40.590,2025-02-28 12:09:55.893,,,강서구,방화제1동,영등포구,영등포동,기타,,0,임차택시,지체,완료 및 취소 모두 아님
2025-02-28 11:58:21.303,2025-02-28 11:58:21.303,2025-02-28 12:10:08.970,,2025-02-28 12:51:08.587,,강서구,등촌제2동,영등포구,영등포동,기타,2300,7104,특장차,뇌병,완료 및 취소 모두 아님
2025-02-27 07:01:35.000,2025-02-28 12:01:00.000,2025-02-28 12:10:08.970,,2025-02-28 13:56:41.553,,서초구,반포4동,평택시,중앙동,예약광역,6100,55814,특장차,지체,완료 및 취소 모두 아님
2025-02-28 12:02:26.000,2025-02-28 12:03:00.000,2025-02-28 12:11:44.860,,2025-02-28 13:01:05.060,,마포구,도화동,강서구,가양제2동,기타,3000,11741,특장차,지체,완료 및 취소 모두 아님
2025-02-28 12:03:53.590,2025-02-28 12:03:53.590,2025-02-28 12:12:50.753,,2025-02-28 12:48:45.770,,마포구,서교동,마포구,성산제1동,기타,1500,1458,특장차,시각,완료 및 취소 모두 아님
2025-02-28 12:09:10.597,2025-02-28 12:09:10.597,2025-02-28 12:19:24.567,,2025-02-28 12:47:13.177,,강남구,세곡동,강남구,세곡동,기타,1500,1809,특장차,뇌병,완료 및 취소 모두 아님
2025-02-28 12:10:54.143,2025-02-28 12:10:54.143,2025-02-28 12:12:26.143,2025-02-28 12:30:22.773,,,중랑구,신내1동,중랑구,중화제1동,기타,,0,특장차,지체,완료 및 취소 모두 아님
2025-02-28 12:12:41.000,2025-02-28 12:13:00.000,2025-02-28 12:21:55.803,,2025-02-28 12:51:04.290,,노원구,하계2동,노원구,월계1동,재활,1500,2574,특장차,지체,완료 및 취소 모두 아님
2025-02-28 12:12:50.000,2025-02-28 12:13:00.000,2025-02-28 12:13:49.877,,2025-02-28 12:44:07.460,,구로구,오류제2동,구로구,오류제2동,기타,1500,534,특장차,뇌병,완료 및 취소 모두 아님
2025-02-28 12:18:07.037,2025-02-28 12:18:07.037,2025-02-28 12:24:52.260,,2025-02-28 12:48:44.007,,강동구,암사제1동,광진구,구의제2동,기타,1500,4113,특장차,뇌병,완료 및 취소 모두 아님
2025-02-28 12:18:13.707,2025-02-28 12:18:13.707,2025-02-28 12:19:52.770,,2025-02-28 12:47:08.380,,성북구,월곡제2동,성북구,장위제1동,기타,1500,2238,특장차,지체,완료 및 취소 모두 아님
2025-02-28 10:15:00.950,2025-02-28 12:20:00.000,2025-02-28 12:21:59.227,,2025-02-28 13:08:18.393,,강남구,세곡동,강동구,둔촌제2동,치료,3000,11886,특장차,국가,완료 및 취소 모두 아님
2025-02-28 12:20:32.990,2025-02-28 12:20:32.990,,,,,구로구,구로제5동,구로구,구로제1동,기타,,0,특장차,뇌병,완료 및 취소 모두 아님
2025-02-28 12:22:54.000,2025-02-28 12:23:00.000,,,,,은평구,역촌동,종로구,교남동,치료,,0,특장차,지체,완료 및 취소 모두 아님
2025-02-28 12:24:24.477,2025-02-28 12:24:24.477,,,,,양천구,신정7동,동대문구,장안제1동,기타,,0,특장차,지체,완료 및 취소 모두 아님
2025-02-28 12:27:40.657,2025-02-28 12:27:40.657,,,,,금천구,시흥제1동,금천구,시흥제2동,기타,,0,특장차,뇌병,완료 및 취소 모두 아님
2025-02-28 12:28:15.957,2025-02-28 12:28:15.957,,,,,노원구,하계1동,구리시,갈매동,기타,,0,특장차,뇌병,완료 및 취소 모두 아님
2025-02-28 12:29:19.537,2025-02-28 12:29:19.537,,,,,송파구,문정2동,송파구,풍납2동,기타,,0,특장차,뇌병,완료 및 취소 모두 아님
2025-02-28 12:31:45.000,2025-02-28 12:32:00.000,,,,,중랑구,묵제1동,광진구,화양동,치료,,0,특장차,간장,완료 및 취소 모두 아님
2025-02-28 12:32:16.650,2025-02-28 12:32:16.650,,,,,노원구,상계6.7동,의정부시,자금동,기타,,0,특장차,뇌병,완료 및 취소 모두 아님
2025-02-28 12:33:37.277,2025-02-28 12:33:37.277,,,,,관악구,은천동,용산구,한강로동,기타,,0,특장차,뇌병,완료 및 취소 모두 아님
2025-02-28 12:34:53.000,2025-02-28 12:35:00.000,,,,,광진구,구의제3동,광진구,자양제2동,귀가,,0,특장차,지체,완료 및 취소 모두 아님
2025-03-01 10:17:08.000,2025-03-01 10:18:00.000,2025-03-01 11:02:17.657,,2025-03-01 12:12:38.970,,강서구,방화제2동,김포시,통진읍,기타,0,0,특장차,지체,완료 및 취소 모두 아님
2025-03-02 15:21:31.687,2025-03-02 15:22:00.000,2025-03-02 15:30:56.640,,2025-03-02 16:31:30.297,,강서구,방화제2동,강서구,방화제3동,기타,0,0,특장차,뇌병,완료 및 취소 모두 아님
2025-03-05 12:33:14.000,2025-03-05 12:34:00.000,2025-03-05 12:40:13.807,,2025-03-05 13:30:57.143,,용산구,효창동,용산구,효창동,귀가,0,0,특장차,뇌병,완료 및 취소 모두 아님
2025-03-06 02:46:55.000,2025-03-06 02:47:00.000,2025-03-06 03:01:12.223,,2025-03-06 03:47:24.183,,강서구,화곡제1동,양천구,신정4동,기타,0,0,특장차,뇌병,완료 및 취소 모두 아님
2025-03-06 09:14:36.000,2025-03-06 09:15:00.000,2025-03-06 10:14:53.377,,2025-03-06 10:50:48.897,,금천구,독산제3동,영등포구,대림제2동,치료,0,0,특장차,뇌병,완료 및 취소 모두 아님
2025-03-07 06:59:38.000,2025-03-07 10:00:00.000,2025-03-07 09:29:28.890,,2025-03-07 11:55:54.887,,남양주시,진접읍,중랑구,망우본동,기타,0,0,임차택시,뇌병,완료 및 취소 모두 아님
2025-03-07 11:37:50.000,2025-03-07 11:38:00.000,2025-03-07 11:39:13.053,,2025-03-07 14:03:52.400,,종로구,종로1.2.3.4가동,중랑구,면목제2동,귀가,0,0,특장차,지체,완료 및 취소 모두 아님
2025-03-07 12:15:41.817,2025-03-07 12:16:00.000,2025-03-07 12:26:12.383,,2025-03-07 13:34:04.083,,중랑구,면목본동,광진구,구의제2동,기타,0,0,특장차,지체,완료 및 취소 모두 아님
2025-03-07 10:48:16.000,2025-03-07 12:26:00.000,2025-03-07 11:59:43.187,,2025-03-07 14:02:51.523,,고양시덕양구,흥도동,동대문구,신설동,기타,0,0,특장차,지체,완료 및 취소 모두 아님
2025-03-08 00:38:34.693,2025-03-08 00:39:00.000,2025-03-08 00:49:25.390,,2025-03-08 01:15:10.943,,강북구,인수동,강북구,수유제3동,기타,0,0,특장차,뇌병,완료 및 취소 모두 아님
2025-03-08 18:59:16.000,2025-03-08 19:00:00.000,2025-03-08 19:33:17.213,,2025-03-08 20:07:15.800,,구로구,가리봉동,금천구,시흥제1동,귀가,0,0,특장차,신장,완료 및 취소 모두 아님
2025-03-09 16:53:01.463,2025-03-09 16:53:00.000,2025-03-09 16:59:28.403,,2025-03-09 19:06:51.767,,중랑구,중화제1동,광명시,소하2동,기타,0,0,특장차,신장,완료 및 취소 모두 아님
2025-03-09 23:27:27.000,2025-03-09 23:28:00.000,2025-03-10 00:11:15.213,,2025-03-10 00:22:52.643,,중구,신당제4동,중구,광희동,기타,0,0,특장차,신장,완료 및 취소 모두 아님
2025-03-10 09:11:51.000,2025-03-10 09:12:00.000,2025-03-10 10:17:56.327,,2025-03-10 11:54:33.437,,송파구,마천1동,송파구,풍납2동,치료,0,0,특장차,뇌병,완료 및 취소 모두 아님
2025-03-10 11:13:40.000,2025-03-10 11:14:00.000,2025-03-10 11:20:28.507,,2025-03-10 12:16:11.273,,송파구,가락본동,송파구,장지동,기타,0,0,특장차,뇌병,완료 및 취소 모두 아님
2025-03-10 12:45:30.740,2025-03-10 12:46:00.000,2025-03-10 12:54:33.123,,2025-03-10 13:38:12.623,,송파구,장지동,강동구,고덕제1동,기타,0,0,특장차,뇌병,완료 및 취소 모두 아님
2025-03-12 05:55:00.997,2025-03-12 08:00:00.000,2025-03-12 08:55:44.170,,2025-03-12 09:27:14.987,,서대문구,홍은제1동,마포구,대흥동,재활,0,0,특장차,뇌병,완료 및 취소 모두 아님
2025-03-13 08:57:09.957,2025-03-13 08:57:00.000,2025-03-13 09:38:32.917,,2025-03-13 10:19:04.093,,은평구,증산동,마포구,성산제2동,기타,0,0,특장차,지적,완료 및 취소 모두 아님
2025-03-14 11:28:05.027,2025-03-14 11:28:00.000,2025-03-14 11:41:24.683,,2025-03-14 12:01:03.150,,동작구,신대방제2동,영등포구,신길제7동,기타,0,0,특장차,신장,완료 및 취소 모두 아님
2025-03-14 12:39:54.000,2025-03-14 12:40:00.000,2025-03-14 12:41:45.220,,2025-03-14 12:53:45.310,,은평구,대조동,은평구,역촌동,기타,0,0,특장차,뇌병,완료 및 취소 모두 아님
2025-03-15 06:16:05.000,2025-03-15 07:00:00.000,2025-03-15 07:35:39.340,,2025-03-15 10:06:19.023,,강남구,세곡동,송파구,가락1동,기타,0,0,특장차,신장,완료 및 취소 모두 아님
2025-03-17 07:42:21.690,2025-03-17 07:42:00.000,2025-03-17 08:40:52.403,,2025-03-17 09:53:32.817,,중구,신당제4동,노원구,하계1동,기타,0,0,특장차,뇌병,완료 및 취소 모두 아님
2025-03-16 08:00:14.900,2025-03-17 08:00:00.000,2025-03-17 08:21:06.170,,2025-03-17 09:22:43.140,,구로구,구로제1동,광명시,하안3동,예약기타,0,0,특장차,지체,완료 및 취소 모두 아님
2025-03-17 15:20:02.853,2025-03-17 15:20:00.000,2025-03-17 15:30:14.347,,2025-03-17 16:14:20.260,,노원구,월계3동,강북구,번제2동,기타,0,0,특장차,지체,완료 및 취소 모두 아님
2025-03-20 11:05:29.003,2025-03-20 11:05:00.000,2025-03-20 11:06:50.003,,2025-03-20 15:51:24.653,,서대문구,연희동,마포구,성산제2동,기타,0,0,특장차,뇌병,완료 및 취소 모두 아님
2025-03-20 10:44:07.000,2025-03-21 10:00:00.000,2025-03-21 10:22:22.183,,2025-03-21 10:39:32.390,,서초구,양재1동,동대문구,신설동,예약기타,0,0,특장차,지체,완료 및 취소 모두 아님
2025-03-21 10:41:26.000,2025-03-21 10:42:00.000,2025-03-21 10:49:48.570,,2025-03-21 11:36:38.283,,서초구,양재1동,동대문구,신설동,기타,0,0,특장차,지체,완료 및 취소 모두 아님
2025-03-21 14:38:07.000,2025-03-21 16:54:00.000,2025-03-21 16:25:54.750,,2025-03-21 17:43:34.490,,하남시,풍산동,성동구,성수1가제1동,기타,0,0,특장차,지적,완료 및 취소 모두 아님
2025-03-24 14:00:24.020,2025-03-24 14:00:24.020,2025-03-24 14:02:31.050,,2025-03-24 14:27:10.997,,강동구,상일동,강동구,강일동,기타,1500,4084,특장차,뇌병,완료 및 취소 모두 아님
2025-03-24 17:26:27.640,2025-03-24 17:26:00.000,2025-03-24 18:03:31.830,,2025-03-24 18:51:47.833,,송파구,잠실2동,송파구,장지동,기타,0,0,특장차,지체,완료 및 취소 모두 아님
2025-03-25 07:15:47.087,2025-03-25 07:16:00.000,2025-03-25 08:10:55.617,,2025-03-25 08:41:54.100,,노원구,상계6.7동,노원구,하계1동,기타,0,0,특장차,뇌병,완료 및 취소 모두 아님
2025-03-25 14:55:16.883,2025-03-25 14:55:16.883,2025-03-25 15:02:13.903,,,,강서구,방화제1동,강서구,등촌제3동,기타,,0,특장차,뇌병,완료 및 취소 모두 아님
2025-03-25 14:59:41.947,2025-03-25 15:00:00.000,2025-03-25 15:09:21.500,,2025-03-25 15:40:36.567,,양천구,목5동,양천구,신정6동,기타,0,0,특장차,뇌병,완료 및 취소 모두 아님
2025-03-25 13:25:00.230,2025-03-25 15:30:00.000,2025-03-25 15:32:30.483,,,,강서구,우장산동,강서구,방화제1동,귀가,,0,특장차,뇌병,완료 및 취소 모두 아님
2025-03-25 16:00:23.637,2025-03-25 16:00:23.637,2025-03-25 16:18:49.910,,2025-03-25 16:40:08.637,,강서구,발산제1동,강서구,발산제1동,기타,1500,2401,특장차,뇌병,완료 및 취소 모두 아님
2025-03-25 16:38:44.040,2025-03-25 16:38:44.040,2025-03-25 16:42:56.797,,,,강서구,발산제1동,김포시,고촌면,기타,,0,특장차,뇌병,완료 및 취소 모두 아님
2025-03-25 17:31:14.030,2025-03-25 17:31:14.030,2025-03-25 17:35:22.457,,,,강서구,방화제1동,강서구,우장산동,기타,,0,특장차,지체,완료 및 취소 모두 아님
2025-03-25 19:12:43.770,2025-03-25 19:12:43.770,2025-03-25 19:22:00.090,,,,강서구,방화제1동,강서구,공항동,기타,,0,특장차,지체,완료 및 취소 모두 아님
2025-03-25 08:02:11.000,2025-03-26 08:00:00.000,2025-03-26 08:09:48.957,,,,강서구,우장산동,마포구,성산제2동,예약재활,,0,특장차,뇌병,완료 및 취소 모두 아님
2025-03-26 06:35:00.480,2025-03-26 08:40:00.000,2025-03-26 09:12:33.727,,2025-03-26 09:45:10.843,,마포구,망원제1동,은평구,구산동,재활,802300,807347,특장차,뇌병,완료 및 취소 모두 아님
2025-03-26 10:17:45.000,2025-03-26 10:18:00.000,2025-03-26 10:26:23.257,,,,강서구,가양제3동,강서구,등촌제1동,치료,,0,특장차,뇌병,완료 및 취소 모두 아님
2025-03-26 11:49:13.000,2025-03-26 11:50:00.000,2025-03-26 11:56:15.297,,2025-03-26 12:43:44.000,,양천구,목3동,은평구,역촌동,기타,802380,807423,특장차,뇌병,완료 및 취소 모두 아님
2025-03-26 12:44:27.000,2025-03-26 12:45:00.000,2025-03-26 12:53:58.943,,,,서대문구,홍제제3동,서대문구,홍은제2동,기타,,0,특장차,지체,완료 및 취소 모두 아님
2025-03-26 13:39:13.327,2025-03-26 13:39:13.327,2025-03-26 13:42:06.850,,,,마포구,성산제2동,강서구,가양제1동,기타,,0,특장차,뇌병,완료 및 취소 모두 아님
2025-03-26 13:51:35.000,2025-03-26 13:52:00.000,2025-03-26 13:58:09.957,,2025-03-26 14:36:56.690,,도봉구,창제5동,강북구,인수동,치료,0,0,특장차,지체,완료 및 취소 모두 아님
2025-03-26 14:57:17.200,2025-03-26 14:57:00.000,2025-03-26 15:02:06.533,,2025-03-26 15:51:03.280,,강북구,번제2동,노원구,중계1동,기타,0,0,특장차,뇌병,완료 및 취소 모두 아님
2025-03-26 17:28:10.580,2025-03-26 17:28:00.000,2025-03-26 17:31:11.800,,2025-03-26 18:11:15.723,,금천구,시흥제1동,금천구,독산제3동,기타,0,0,특장차,뇌병,완료 및 취소 모두 아님
2025-03-26 07:00:17.803,2025-03-27 07:00:00.000,2025-03-27 07:09:12.623,2025-03-27 07:30:25.367,,,강서구,가양제1동,종로구,평창동,예약기타,,0,특장차,지체,완료 및 취소 모두 아님
2025-03-27 07:34:48.000,2025-03-27 07:35:00.000,2025-03-27 08:35:30.640,,,,은평구,불광제1동,은평구,진관동,치료,,0,특장차,뇌병,완료 및 취소 모두 아님
2025-03-27 07:49:35.080,2025-03-27 07:50:00.000,2025-03-27 09:08:37.700,,2025-03-27 09:43:12.813,,중랑구,중화제1동,중랑구,신내1동,기타,0,0,특장차,지체,완료 및 취소 모두 아님
2025-03-27 10:47:46.000,2025-03-27 10:48:00.000,2025-03-27 10:53:32.420,,,,양천구,목3동,양천구,목2동,기타,,0,특장차,지체,완료 및 취소 모두 아님
2025-03-27 11:23:34.353,2025-03-27 11:23:34.353,2025-03-27 11:35:03.333,,,,강서구,등촌제1동,강서구,등촌제2동,기타,,0,특장차,지체,완료 및 취소 모두 아님
2025-03-26 07:02:37.000,2025-03-27 12:01:00.000,2025-03-27 12:12:34.450,,,,강서구,화곡제6동,부평구,부평5동,예약광역,,0,특장차,뇌병,완료 및 취소 모두 아님
2025-03-27 13:54:24.000,2025-03-27 13:55:00.000,2025-03-27 14:04:42.580,,2025-03-27 23:12:22.767,,서대문구,홍은제2동,종로구,교남동,치료,0,0,임차택시,지체,완료 및 취소 모두 아님
2025-03-27 15:07:52.123,2025-03-27 15:07:52.123,2025-03-27 15:18:44.870,,,,강서구,방화제1동,강서구,방화제2동,기타,,0,특장차,뇌병,완료 및 취소 모두 아님
2025-03-28 06:34:02.000,2025-03-28 06:35:00.000,2025-03-28 07:09:14.950,,,,강서구,우장산동,강서구,방화제1동,재활,,0,특장차,지체,완료 및 취소 모두 아님
2025-03-28 07:08:39.000,2025-03-28 07:09:00.000,2025-03-28 07:56:56.097,,2025-03-28 08:26:59.897,,강서구,공항동,강서구,등촌제3동,치료,1500,803635,특장차,신장,완료 및 취소 모두 아님
2025-03-28 07:15:59.313,2025-03-28 07:16:00.000,2025-03-28 08:32:59.917,,,,강서구,화곡제6동,서대문구,연희동,기타,,0,특장차,뇌병,완료 및 취소 모두 아님
2025-03-28 08:53:45.000,2025-03-28 08:54:00.000,2025-03-28 09:30:23.070,2025-03-28 09:49:14.683,,,마포구,망원제2동,마포구,서교동,치료,,0,특장차,신장,완료 및 취소 모두 아님
2025-03-27 10:01:30.607,2025-03-28 10:00:00.000,2025-03-28 10:04:54.147,,,,마포구,성산제2동,서대문구,신촌동,예약기타,,0,특장차,뇌병,완료 및 취소 모두 아님
2025-03-28 16:57:51.540,2025-03-28 16:58:00.000,2025-03-28 18:02:04.437,,2025-03-28 19:48:46.590,,강서구,공항동,구리시,갈매동,기타,0,0,특장차,뇌병,완료 및 취소 모두 아님
2025-03-30 14:56:51.000,2025-03-30 14:57:00.000,2025-03-30 15:06:22.820,,2025-03-30 16:13:00.390,,도봉구,도봉제1동,노원구,하계2동,귀가,0,0,특장차,지체,완료 및 취소 모두 아님
2025-03-31 11:33:13.000,2025-03-31 11:34:00.000,2025-03-31 11:50:59.797,,2025-03-31 12:38:36.150,,금천구,시흥제4동,영등포구,여의동,기타,0,0,특장차,뇌병,완료 및 취소 모두 아님
2025-03-31 12:42:54.923,2025-03-31 12:43:00.000,2025-03-31 12:46:12.830,,2025-03-31 13:19:32.780,,영등포구,여의동,관악구,인헌동,기타,0,0,특장차,뇌병,완료 및 취소 모두 아님
2025-04-02 07:00:27.000,2025-04-02 07:01:00.000,2025-04-02 07:12:07.797,,2025-04-02 08:42:27.237,,송파구,오금동,노원구,하계1동,재활,0,0,임차택시,지적,완료 및 취소 모두 아님
2025-04-03 11:10:30.240,2025-04-03 11:11:00.000,2025-04-03 11:20:11.857,,2025-04-03 12:13:39.340,,동작구,신대방제2동,영등포구,신길제7동,기타,0,0,특장차,지적,완료 및 취소 모두 아님
2025-04-03 11:52:05.090,2025-04-03 11:52:00.000,2025-04-03 12:08:10.637,,2025-04-03 12:45:02.180,,광진구,구의제2동,광진구,자양제4동,기타,0,0,특장차,지체,완료 및 취소 모두 아님
2025-04-03 13:05:33.843,2025-04-03 13:06:00.000,2025-04-03 13:15:06.017,,2025-04-03 15:14:45.470,,강동구,상일동,강동구,강일동,기타,0,0,특장차,뇌병,완료 및 취소 모두 아님
2025-04-03 14:01:50.000,2025-04-03 14:02:00.000,2025-04-03 14:10:34.060,,2025-04-03 15:15:09.377,,강동구,둔촌제2동,성남시분당구,구미1동,기타,0,0,특장차,지체,완료 및 취소 모두 아님
2025-04-04 23:27:32.623,2025-04-04 23:28:00.000,2025-04-04 23:38:05.780,,2025-04-05 00:16:02.650,,영등포구,신길제1동,영등포구,대림제1동,기타,0,0,특장차,지체,완료 및 취소 모두 아님
2025-04-05 00:10:16.647,2025-04-05 00:10:00.000,2025-04-05 00:17:57.323,,2025-04-05 01:04:27.230,,영등포구,당산제1동,금천구,독산제3동,기타,0,0,특장차,지체,완료 및 취소 모두 아님
2025-04-06 22:43:03.143,2025-04-06 22:43:00.000,2025-04-06 23:30:21.050,,2025-04-07 00:11:38.393,,서초구,반포1동,서초구,잠원동,기타,0,0,특장차,지체,완료 및 취소 모두 아님
2025-04-07 15:31:00.987,2025-04-07 15:31:00.000,2025-04-07 16:00:16.643,,2025-04-07 17:04:17.997,,송파구,오금동,중랑구,망우제3동,기타,0,0,특장차,지체,완료 및 취소 모두 아님
2025-04-07 08:03:06.000,2025-04-08 08:00:00.000,2025-04-08 08:09:23.193,,2025-04-08 08:53:29.743,,노원구,하계2동,중랑구,신내1동,예약치료,0,0,특장차,지체,완료 및 취소 모두 아님
2025-04-08 13:05:50.337,2025-04-08 13:06:00.000,2025-04-08 13:15:06.253,,2025-04-08 13:55:37.960,,영등포구,대림제3동,동작구,대방동,기타,0,0,특장차,뇌병,완료 및 취소 모두 아님
2025-04-09 14:50:27.923,2025-04-09 14:50:00.000,2025-04-09 15:30:53.697,,2025-04-09 16:40:12.690,,광진구,자양제2동,성동구,성수2가제1동,기타,0,0,임차택시,자폐,완료 및 취소 모두 아님
2025-04-10 12:22:06.130,2025-04-10 12:22:06.130,2025-04-10 12:27:51.553,,2025-04-10 14:35:00.603,,강남구,신사동,노원구,공릉1.3동,기타,0,0,특장차,뇌병,완료 및 취소 모두 아님
2025-04-10 15:28:29.000,2025-04-10 15:29:00.000,2025-04-10 16:44:35.000,2025-04-10 17:06:17.870,,,동대문구,신설동,성북구,월곡제2동,귀가,,0,특장차,뇌병,완료 및 취소 모두 아님
2025-04-10 15:31:28.077,2025-04-10 15:31:28.077,2025-04-10 15:33:55.530,,2025-04-10 19:13:37.430,,도봉구,도봉제2동,노원구,상계9동,기타,0,0,특장차,뇌병,완료 및 취소 모두 아님
2025-04-10 16:40:31.650,2025-04-10 16:40:31.650,2025-04-10 17:36:53.417,,2025-04-11 00:22:18.837,,송파구,잠실2동,송파구,장지동,기타,0,0,특장차,지체,완료 및 취소 모두 아님
2025-04-11 11:40:45.787,2025-04-11 11:41:00.000,2025-04-11 11:43:39.667,,2025-04-11 12:24:15.100,,노원구,상계5동,노원구,월계3동,기타,0,0,특장차,뇌병,완료 및 취소 모두 아님
2025-04-14 14:17:54.663,2025-04-14 14:18:00.000,2025-04-14 14:27:21.810,,2025-04-14 14:56:44.163,,노원구,하계1동,노원구,하계1동,기타,0,0,특장차,지적,완료 및 취소 모두 아님
2025-04-14 16:38:11.163,2025-04-14 16:38:00.000,2025-04-14 17:00:07.330,2025-04-14 17:57:51.007,,,송파구,문정2동,강동구,천호제3동,기타,,0,특장차,지체,완료 및 취소 모두 아님
2025-04-15 06:41:22.410,2025-04-15 07:00:00.000,2025-04-15 07:06:59.343,,2025-04-15 09:18:24.037,,도봉구,쌍문제1동,고양시일산서구,송산동,기타,0,0,특장차,뇌병,완료 및 취소 모두 아님
2025-04-15 09:25:58.277,2025-04-15 09:26:00.000,2025-04-15 09:57:50.110,,2025-04-15 10:30:13.767,,은평구,진관동,은평구,진관동,기타,0,0,특장차,뇌병,완료 및 취소 모두 아님
2025-04-15 12:03:31.293,2025-04-15 12:03:31.293,2025-04-15 12:11:48.863,,2025-04-15 21:57:25.663,,양천구,신정6동,금천구,시흥제5동,기타,0,0,특장차,지적,완료 및 취소 모두 아님
2025-04-15 13:32:55.977,2025-04-15 13:32:55.977,2025-04-15 13:40:14.887,,2025-04-15 14:43:33.137,,송파구,풍납2동,중구,회현동,기타,803880,23011,특장차,뇌병,완료 및 취소 모두 아님
2025-04-15 15:00:20.403,2025-04-15 15:00:00.000,2025-04-15 15:10:38.683,,2025-04-15 15:39:34.440,,강남구,수서동,강남구,세곡동,기타,0,0,특장차,뇌병,완료 및 취소 모두 아님
2025-04-16 05:51:04.997,2025-04-16 07:00:00.000,2025-04-16 07:07:16.260,,2025-04-16 08:25:00.030,,강서구,공항동,서대문구,신촌동,기타,0,0,특장차,뇌병,완료 및 취소 모두 아님
2025-04-16 09:06:47.000,2025-04-16 09:07:00.000,2025-04-16 09:08:10.090,,2025-04-16 12:05:06.280,,은평구,응암제3동,마포구,대흥동,기타,0,0,특장차,지체,완료 및 취소 모두 아님
2025-04-16 15:00:22.060,2025-04-16 15:00:00.000,2025-04-16 15:51:12.063,,2025-04-16 16:31:59.103,,영등포구,대림제1동,양천구,목2동,기타,0,0,특장차,지체,완료 및 취소 모두 아님
2025-04-16 07:00:20.223,2025-04-17 07:00:00.000,2025-04-17 07:04:04.477,,2025-04-17 08:05:07.327,,구로구,오류제2동,구로구,구로제2동,예약기타,0,0,특장차,지체,완료 및 취소 모두 아님
2025-04-17 08:01:44.747,2025-04-17 08:02:00.000,2025-04-17 08:12:54.517,,2025-04-17 09:07:26.967,,구로구,구로제2동,영등포구,영등포동,기타,0,0,특장차,지체,완료 및 취소 모두 아님
2025-04-17 12:06:07.200,2025-04-17 12:06:00.000,2025-04-17 12:10:54.503,,2025-04-17 12:51:57.740,,동대문구,장안제2동,노원구,하계1동,기타,0,0,특장차,뇌병,완료 및 취소 모두 아님
2025-04-16 07:03:42.000,2025-04-17 13:01:00.000,2025-04-17 13:03:21.203,,2025-04-17 14:13:50.313,,노원구,하계2동,동두천시,불현동,예약광역,0,0,특장차,지체,완료 및 취소 모두 아님
2025-04-17 13:16:29.000,2025-04-17 13:17:00.000,2025-04-17 13:25:37.400,,2025-04-17 14:01:36.087,,서대문구,홍은제1동,서대문구,홍은제1동,귀가,0,0,특장차,뇌병,완료 및 취소 모두 아님
2025-04-17 14:02:37.320,2025-04-17 14:03:00.000,2025-04-17 14:11:17.110,,2025-04-17 15:44:19.183,,은평구,역촌동,강북구,미아동,기타,0,0,특장차,뇌병,완료 및 취소 모두 아님
2025-04-17 15:34:53.900,2025-04-17 15:35:00.000,2025-04-17 15:47:28.563,,2025-04-17 16:12:55.603,,중랑구,상봉제2동,동대문구,이문제1동,기타,0,0,특장차,뇌병,완료 및 취소 모두 아님
2025-04-17 15:38:37.493,2025-04-17 15:39:00.000,2025-04-17 16:04:41.173,,2025-04-17 17:47:05.567,,노원구,하계1동,동대문구,청량리동,기타,0,0,특장차,뇌병,완료 및 취소 모두 아님
2025-04-17 17:01:47.000,2025-04-17 17:02:00.000,2025-04-17 17:48:06.427,,2025-04-17 20:59:52.400,,종로구,종로5.6가동,남양주시,화도읍,기타,0,0,특장차,지체,완료 및 취소 모두 아님
2025-04-17 17:50:44.820,2025-04-17 17:51:00.000,2025-04-17 18:45:17.350,,2025-04-17 20:20:21.333,,강북구,미아동,용산구,이태원제1동,기타,0,0,특장차,뇌병,완료 및 취소 모두 아님
2025-04-17 20:29:31.000,2025-04-17 20:30:00.000,2025-04-17 20:49:57.363,,2025-04-17 21:35:11.050,,구로구,구로제5동,양천구,신정7동,기타,0,0,특장차,뇌병,완료 및 취소 모두 아님
2025-04-18 04:35:00.620,2025-04-18 06:40:00.000,2025-04-18 07:06:35.510,,2025-04-18 08:25:52.410,,은평구,신사제1동,동대문구,청량리동,통학/출근,0,0,특장차,지체,완료 및 취소 모두 아님
2025-04-20 20:01:35.897,2025-04-20 20:02:00.000,2025-04-20 23:32:17.830,,2025-04-21 00:22:52.863,,강동구,암사제1동,강동구,천호제1동,기타,0,0,특장차,지체,완료 및 취소 모두 아님
2025-04-20 22:40:24.000,2025-04-20 22:41:00.000,2025-04-21 00:18:19.783,,2025-04-21 01:10:34.303,,동대문구,용두동,노원구,상계1동,귀가,0,0,특장차,뇌병,완료 및 취소 모두 아님
2025-04-21 07:30:41.877,2025-04-21 07:31:00.000,2025-04-21 08:05:51.053,,2025-04-21 08:52:01.487,,노원구,공릉2동,노원구,상계1동,기타,0,0,특장차,지체,완료 및 취소 모두 아님
2025-04-22 06:44:55.000,2025-04-22 07:00:00.000,2025-04-22 07:05:00.967,,2025-04-22 08:53:06.373,,도봉구,방학제3동,종로구,이화동,치료,0,0,특장차,뇌병,완료 및 취소 모두 아님
2025-04-22 05:55:00.520,2025-04-22 08:00:00.000,2025-04-22 08:57:06.517,,2025-04-22 09:47:26.930,,성북구,길음제1동,성북구,보문동,통학/출근,0,0,특장차,뇌병,완료 및 취소 모두 아님
2025-04-22 11:45:22.740,2025-04-22 11:45:00.000,2025-04-22 12:07:23.120,,2025-04-22 12:56:45.243,,성북구,삼선동,강북구,인수동,기타,0,0,특장차,지체,완료 및 취소 모두 아님
2025-04-22 13:00:53.280,2025-04-22 13:01:00.000,2025-04-22 13:09:58.720,,2025-04-22 14:10:12.890,,도봉구,도봉제2동,의정부시,송산2동,기타,0,0,특장차,뇌병,완료 및 취소 모두 아님
2025-04-22 14:51:34.513,2025-04-22 14:52:00.000,2025-04-22 16:07:25.670,,2025-04-22 19:27:29.967,,서대문구,연희동,서대문구,홍은제2동,기타,0,0,특장차,지적,완료 및 취소 모두 아님
2025-04-22 14:59:16.330,2025-04-22 14:59:00.000,2025-04-22 15:49:48.913,,2025-04-22 18:07:59.160,,도봉구,쌍문제2동,성동구,금호4가동,기타,0,0,특장차,지체,완료 및 취소 모두 아님
2025-04-22 15:59:44.000,2025-04-22 16:00:00.000,2025-04-22 16:16:55.510,,2025-04-22 17:18:23.817,,송파구,잠실2동,남양주시,지금동,귀가,0,0,특장차,지체,완료 및 취소 모두 아님
2025-04-22 20:11:43.937,2025-04-22 20:12:00.000,2025-04-22 20:31:06.597,,2025-04-22 21:23:57.983,,양천구,신정3동,금천구,가산동,기타,0,0,특장차,지체,완료 및 취소 모두 아님
2025-04-22 07:10:00.000,2025-04-23 07:00:00.000,2025-04-23 07:09:00.673,,2025-04-23 07:46:42.193,,노원구,중계4동,노원구,공릉1.3동,예약치료,0,0,특장차,뇌병,완료 및 취소 모두 아님
2025-04-23 22:16:11.000,2025-04-23 22:17:00.000,2025-04-23 22:31:04.633,,2025-04-23 23:04:31.920,,구로구,구로제3동,영등포구,대림제3동,기타,0,0,특장차,지체,완료 및 취소 모두 아님
2025-04-23 10:03:31.800,2025-04-24 10:00:00.000,2025-04-24 10:03:52.403,,2025-04-24 11:32:17.737,,강남구,세곡동,서초구,반포4동,예약기타,0,0,특장차,지체,완료 및 취소 모두 아님
2025-04-24 13:02:21.893,2025-04-24 13:02:00.000,2025-04-24 13:11:49.287,,2025-04-24 14:03:53.663,,노원구,하계1동,중랑구,신내1동,기타,0,0,특장차,뇌병,완료 및 취소 모두 아님
2025-04-25 12:32:03.633,2025-04-25 12:32:00.000,2025-04-25 12:53:49.857,,2025-04-25 13:03:23.303,,마포구,상암동,마포구,상암동,기타,0,0,특장차,지체,완료 및 취소 모두 아님
2025-04-28 19:14:52.000,2025-04-28 19:15:00.000,2025-04-28 19:17:44.543,,2025-04-28 23:09:19.530,,서초구,양재1동,서초구,양재1동,기타,0,0,특장차,지체,완료 및 취소 모두 아님
2025-04-29 09:31:39.647,2025-04-29 09:32:00.000,2025-04-29 09:49:53.490,,2025-04-29 22:11:19.407,,마포구,성산제2동,서대문구,신촌동,기타,0,0,특장차,뇌병,완료 및 취소 모두 아님
2025-04-29 11:49:55.167,2025-04-29 11:50:00.000,2025-04-29 12:12:05.327,,2025-04-29 14:55:25.647,,종로구,청운효자동,동작구,사당제3동,기타,0,0,특장차,뇌병,완료 및 취소 모두 아님
2025-04-29 19:36:19.000,2025-04-30 10:00:00.000,2025-04-30 10:09:40.483,,2025-04-30 10:53:43.333,,강서구,가양제1동,강서구,우장산동,예약치료,0,0,특장차,지체,완료 및 취소 모두 아님
2025-04-30 14:44:24.000,2025-04-30 14:45:00.000,2025-04-30 14:45:47.580,,2025-04-30 15:24:08.533,,중랑구,상봉제2동,강북구,수유제3동,기타,0,0,특장차,지체,완료 및 취소 모두 아님
2025-04-30 17:35:48.000,2025-04-30 17:36:00.000,2025-04-30 18:08:06.603,,2025-04-30 21:06:04.790,,노원구,상계3.4동,중랑구,중화제2동,기타,0,0,특장차,뇌병,완료 및 취소 모두 아님
2025-04-30 23:34:05.327,2025-04-30 23:34:00.000,2025-04-30 23:41:50.403,,2025-05-01 01:35:23.030,,노원구,하계2동,고양시일산서구,대화동,기타,0,0,특장차,신장,완료 및 취소 모두 아님
2025-04-30 23:45:08.217,2025-04-30 23:45:00.000,2025-04-30 23:55:19.650,,2025-05-01 00:20:58.887,,노원구,상계10동,노원구,상계9동,기타,0,0,특장차,뇌병,완료 및 취소 모두 아님
2025-05-01 11:17:26.000,2025-05-01 12:40:00.000,2025-05-01 12:43:07.610,,2025-05-01 15:13:18.377,,동대문구,신설동,중구,명동,기타,0,0,특장차,뇌병,완료 및 취소 모두 아님
2025-05-02 10:44:24.810,2025-05-02 10:44:00.000,2025-05-02 10:45:43.453,,2025-05-02 11:51:05.607,,도봉구,도봉제2동,성북구,동선동,기타,0,0,특장차,뇌병,완료 및 취소 모두 아님
2025-05-02 11:47:03.823,2025-05-02 11:47:00.000,2025-05-02 11:53:51.373,,2025-05-02 12:56:32.180,,동대문구,신설동,강동구,천호제2동,기타,0,0,특장차,뇌병,완료 및 취소 모두 아님
2025-05-02 23:48:21.373,2025-05-02 23:48:00.000,2025-05-02 23:54:15.033,,2025-05-03 00:13:50.600,,노원구,상계3.4동,노원구,상계3.4동,기타,0,0,특장차,뇌병,완료 및 취소 모두 아님
2025-05-02 23:54:20.000,2025-05-02 23:55:00.000,2025-05-02 23:55:35.173,,2025-05-03 00:32:53.027,,영등포구,영등포동,영등포구,신길제5동,기타,0,0,특장차,지적,완료 및 취소 모두 아님
2025-05-04 14:02:51.000,2025-05-04 14:03:00.000,2025-05-04 14:06:28.023,,2025-05-04 14:49:56.387,,강동구,둔촌제2동,하남시,감북동,귀가,0,0,특장차,뇌병,완료 및 취소 모두 아님
2025-05-05 12:16:21.510,2025-05-05 12:16:00.000,2025-05-05 12:50:17.690,,2025-05-05 16:52:15.520,,서대문구,홍은제2동,송파구,잠실4동,기타,0,0,특장차,자폐,완료 및 취소 모두 아님
2025-05-06 08:00:18.560,2025-05-07 08:00:00.000,2025-05-07 08:11:02.990,,2025-05-07 08:57:41.673,,은평구,진관동,은평구,진관동,예약기타,0,0,특장차,지체,완료 및 취소 모두 아님
2025-05-07 14:36:34.410,2025-05-07 14:37:00.000,2025-05-07 15:01:47.963,,2025-05-07 15:52:14.477,,강동구,둔촌제2동,강동구,강일동,기타,0,0,특장차,뇌병,완료 및 취소 모두 아님
2025-05-08 07:26:52.320,2025-05-08 07:27:00.000,2025-05-08 07:56:04.487,,2025-05-08 08:29:49.193,,서대문구,북아현동,마포구,성산제2동,기타,0,0,특장차,지체,완료 및 취소 모두 아님
2025-05-08 14:02:47.420,2025-05-08 14:03:00.000,2025-05-08 14:12:31.070,,2025-05-08 15:02:19.543,,강동구,고덕제1동,송파구,마천1동,기타,0,0,특장차,뇌병,완료 및 취소 모두 아님
2025-05-09 15:10:42.263,2025-05-09 15:11:00.000,2025-05-09 16:28:58.090,,2025-05-09 17:21:30.887,,영등포구,여의동,마포구,연남동,기타,0,0,특장차,지체,완료 및 취소 모두 아님
2025-05-09 15:19:59.140,2025-05-09 15:20:00.000,2025-05-09 17:22:29.793,,2025-05-09 18:06:56.737,,용산구,원효로제1동,용산구,청파동,기타,0,0,특장차,뇌병,완료 및 취소 모두 아님
2025-05-11 07:00:09.017,2025-05-12 07:00:00.000,2025-05-12 07:08:16.957,,2025-05-12 10:17:29.890,,서초구,서초4동,동작구,흑석동,예약기타,0,0,특장차,뇌병,완료 및 취소 모두 아님
2025-05-12 07:36:17.113,2025-05-12 07:36:17.113,2025-05-12 08:21:14.183,,2025-05-12 10:17:55.830,,관악구,은천동,강북구,인수동,기타,0,0,특장차,지체,완료 및 취소 모두 아님
2025-05-12 09:54:47.000,2025-05-12 09:55:00.000,2025-05-12 10:00:49.077,,2025-05-12 12:18:13.200,,강북구,번제2동,강북구,수유제1동,기타,0,0,특장차,지체,완료 및 취소 모두 아님
2025-05-12 12:09:56.223,2025-05-12 12:09:56.223,2025-05-12 12:28:11.533,,2025-05-12 13:38:28.163,,서초구,반포1동,성동구,사근동,기타,0,0,특장차,뇌병,완료 및 취소 모두 아님
2025-05-12 13:05:59.363,2025-05-12 13:06:00.000,2025-05-12 13:14:28.507,,2025-05-12 13:45:44.060,,도봉구,창제1동,도봉구,방학제2동,기타,0,0,특장차,지체,완료 및 취소 모두 아님
2025-05-12 14:06:04.863,2025-05-12 14:06:00.000,2025-05-12 14:15:47.827,,2025-05-12 14:43:57.950,,노원구,하계1동,노원구,공릉1.3동,기타,0,0,특장차,뇌병,완료 및 취소 모두 아님
2025-05-12 15:07:51.307,2025-05-12 15:08:00.000,2025-05-12 15:54:23.150,,2025-05-12 16:29:22.280,,서초구,내곡동,강남구,세곡동,기타,0,0,특장차,뇌병,완료 및 취소 모두 아님
2025-05-13 12:09:42.163,2025-05-13 12:10:00.000,2025-05-13 12:15:45.323,,2025-05-13 12:36:41.530,,중랑구,신내1동,중랑구,중화제1동,기타,0,0,특장차,뇌병,완료 및 취소 모두 아님
2025-05-13 12:33:28.540,2025-05-13 12:33:00.000,2025-05-13 12:39:49.163,,2025-05-13 13:38:10.740,,중랑구,망우본동,동대문구,용두동,기타,0,0,특장차,지체,완료 및 취소 모두 아님
2025-05-13 17:05:27.950,2025-05-13 17:05:00.000,2025-05-13 17:49:03.300,,2025-05-13 20:48:19.720,,종로구,종로1.2.3.4가동,동대문구,용두동,기타,0,0,특장차,뇌병,완료 및 취소 모두 아님
2025-05-14 09:07:11.000,2025-05-14 09:08:00.000,2025-05-14 09:11:15.273,,2025-05-14 11:04:07.387,,강남구,세곡동,송파구,문정2동,기타,0,0,임차택시,지체,완료 및 취소 모두 아님
2025-05-14 14:03:27.000,2025-05-14 14:04:00.000,2025-05-14 14:15:47.817,,2025-05-14 15:47:18.677,,동대문구,휘경제2동,노원구,공릉2동,귀가,0,0,특장차,지체,완료 및 취소 모두 아님
2025-05-14 14:04:17.890,2025-05-14 14:04:17.890,2025-05-14 14:06:18.470,,2025-05-14 14:42:29.310,,영등포구,영등포동,강서구,염창동,기타,0,0,특장차,뇌병,완료 및 취소 모두 아님
2025-05-14 15:42:10.847,2025-05-14 15:42:10.847,2025-05-14 16:22:47.373,,2025-05-14 16:56:15.150,,동대문구,휘경제2동,중랑구,면목본동,기타,0,0,특장차,뇌병,완료 및 취소 모두 아님
2025-05-16 15:01:45.153,2025-05-16 15:02:00.000,2025-05-16 16:13:59.417,,2025-05-16 17:28:54.513,,광진구,자양제1동,광진구,자양제4동,기타,0,0,특장차,신장,완료 및 취소 모두 아님
2025-05-16 21:52:57.097,2025-05-16 21:53:00.000,2025-05-16 23:54:55.203,,2025-05-17 01:03:21.393,,서대문구,신촌동,노원구,월계2동,기타,0,0,특장차,뇌병,완료 및 취소 모두 아님
2025-05-17 09:43:52.000,2025-05-17 10:55:00.000,2025-05-17 10:29:44.060,,2025-05-17 12:36:46.487,,의정부시,호원1동,도봉구,도봉제2동,기타,0,0,특장차,지체,완료 및 취소 모두 아님
2025-05-18 22:05:58.510,2025-05-18 22:06:00.000,2025-05-18 23:51:28.803,,2025-05-19 00:29:22.720,,강동구,천호제2동,하남시,풍산동,기타,0,0,특장차,지체,완료 및 취소 모두 아님
2025-05-19 07:31:59.000,2025-05-19 07:33:00.000,2025-05-19 07:40:22.550,,2025-05-19 09:02:32.417,,강동구,명일제1동,서초구,반포4동,기타,0,0,특장차,지체,완료 및 취소 모두 아님
2025-05-20 08:29:17.000,2025-05-20 08:30:00.000,2025-05-20 08:53:30.037,,2025-05-20 10:01:03.857,,은평구,신사제2동,서대문구,신촌동,치료,0,0,특장차,외국,완료 및 취소 모두 아님
2025-05-20 12:01:36.353,2025-05-20 12:02:00.000,2025-05-20 12:21:32.157,,2025-05-20 13:05:07.577,,노원구,월계2동,도봉구,방학제1동,기타,0,0,특장차,뇌병,완료 및 취소 모두 아님
2025-05-20 12:36:22.127,2025-05-20 12:36:00.000,2025-05-20 12:38:05.847,,2025-05-20 14:18:56.453,,용산구,청파동,구로구,오류제1동,기타,0,0,특장차,뇌병,완료 및 취소 모두 아님
2025-05-22 11:26:56.257,2025-05-22 11:27:00.000,2025-05-22 11:28:48.293,,2025-05-22 12:10:32.777,,성북구,삼선동,성북구,돈암제1동,기타,0,0,임차택시,뇌병,완료 및 취소 모두 아님
2025-05-22 13:44:35.493,2025-05-22 13:45:00.000,2025-05-22 13:46:09.307,,2025-05-22 15:20:15.853,,은평구,녹번동,종로구,삼청동,기타,0,0,특장차,지체,완료 및 취소 모두 아님
2025-05-22 23:37:23.430,2025-05-22 23:37:00.000,2025-05-22 23:41:56.680,,2025-05-23 00:19:09.617,,영등포구,신길제1동,영등포구,대림제1동,기타,0,0,특장차,지체,완료 및 취소 모두 아님
2025-05-23 14:26:05.800,2025-05-23 14:26:00.000,2025-05-23 14:46:49.770,,2025-05-23 15:02:46.160,,은평구,구산동,은평구,구산동,기타,0,0,특장차,지적,완료 및 취소 모두 아님
2025-05-23 15:56:17.070,2025-05-23 15:56:00.000,2025-05-23 17:55:04.093,,2025-05-23 21:09:20.343,,서초구,반포2동,마포구,서강동,기타,0,0,특장차,뇌병,완료 및 취소 모두 아님
2025-05-25 00:03:47.570,2025-05-25 00:04:00.000,2025-05-25 00:04:45.870,,2025-05-25 00:37:28.000,,노원구,상계3.4동,노원구,상계3.4동,기타,0,0,특장차,뇌병,완료 및 취소 모두 아님
2025-05-26 23:38:12.533,2025-05-26 23:38:00.000,2025-05-26 23:42:29.880,,2025-05-27 00:32:48.907,,영등포구,신길제1동,영등포구,대림제1동,기타,0,0,특장차,지체,완료 및 취소 모두 아님
2025-05-27 08:13:52.680,2025-05-27 08:14:00.000,2025-05-27 08:38:27.270,,2025-05-27 11:31:15.993,,강동구,천호제1동,강동구,상일동,기타,0,0,특장차,지적,완료 및 취소 모두 아님
2025-05-27 07:00:31.003,2025-05-28 07:00:00.000,2025-05-28 07:09:32.420,,2025-05-28 09:24:22.177,,구로구,고척제1동,은평구,녹번동,예약기타,0,0,특장차,지체,완료 및 취소 모두 아님
2025-05-28 05:57:54.000,2025-05-28 09:20:00.000,2025-05-28 08:57:32.857,,2025-05-28 10:17:37.637,,김포시,양촌면,강서구,화곡제3동,기타,0,0,특장차,지체,완료 및 취소 모두 아님
2025-05-28 09:23:36.550,2025-05-28 09:24:00.000,2025-05-28 09:33:25.340,,2025-05-28 10:13:18.053,,은평구,응암제1동,은평구,응암제3동,기타,0,0,특장차,신장,완료 및 취소 모두 아님
2025-05-28 13:47:39.820,2025-05-28 13:48:00.000,2025-05-28 13:48:58.443,,2025-05-28 14:47:24.453,,도봉구,도봉제2동,강북구,삼양동,기타,0,0,특장차,지체,완료 및 취소 모두 아님
2025-05-28 14:29:25.660,2025-05-28 14:29:25.660,2025-05-28 14:55:26.963,,2025-05-28 15:55:09.017,,강북구,삼양동,성북구,삼선동,기타,0,0,특장차,자폐,완료 및 취소 모두 아님
2025-05-28 15:02:52.363,2025-05-28 15:03:00.000,2025-05-28 15:09:28.807,,2025-05-28 15:58:15.173,,양천구,신정3동,구로구,개봉제3동,기타,0,0,특장차,뇌병,완료 및 취소 모두 아님
2025-05-29 07:26:23.590,2025-05-29 07:26:00.000,2025-05-29 07:27:24.353,,2025-05-29 10:17:22.267,,종로구,무악동,종로구,종로1.2.3.4가동,기타,0,0,임차택시,지적,완료 및 취소 모두 아님
2025-05-30 11:58:49.797,2025-05-30 11:59:00.000,2025-05-30 12:10:05.490,,2025-05-30 19:13:36.030,,영등포구,대림제1동,동작구,상도제3동,기타,0,0,특장차,지체,완료 및 취소 모두 아님
2025-05-30 12:39:01.000,2025-05-30 12:39:00.000,2025-05-30 13:03:12.317,,2025-05-30 13:03:32.630,,강서구,염창동,영등포구,여의동,기타,0,0,특장차,뇌병,완료 및 취소 모두 아님
2025-05-30 23:24:06.000,2025-05-30 23:25:00.000,2025-05-30 23:54:28.673,,2025-05-31 01:06:22.513,,강동구,둔촌제2동,강남구,일원2동,기타,0,0,특장차,뇌병,완료 및 취소 모두 아님
2025-05-31 11:29:52.000,2025-05-31 11:30:00.000,2025-05-31 12:51:13.713,,2025-05-31 13:51:06.843,,영등포구,여의동,은평구,증산동,귀가,0,0,특장차,지체,완료 및 취소 모두 아님
2025-06-01 07:09:21.000,2025-06-02 07:00:00.000,2025-06-02 07:05:08.000,,2025-06-02 09:43:16.463,,강서구,가양제1동,종로구,평창동,예약기타,0,0,특장차,지체,완료 및 취소 모두 아님
2025-06-02 15:19:21.820,2025-06-02 15:19:00.000,2025-06-02 16:09:00.583,,2025-06-02 18:34:24.883,,영등포구,대림제2동,구로구,구로제1동,기타,0,0,특장차,뇌병,완료 및 취소 모두 아님
2025-06-02 15:56:34.930,2025-06-02 15:57:00.000,2025-06-02 16:11:30.510,,2025-06-02 17:14:17.813,,성북구,길음제1동,강북구,번제1동,기타,0,0,특장차,뇌병,완료 및 취소 모두 아님
2025-06-02 16:21:57.957,2025-06-02 16:22:00.000,2025-06-02 16:54:56.160,,2025-06-02 22:10:40.147,,동대문구,전농제2동,하남시,풍산동,기타,0,0,특장차,뇌병,완료 및 취소 모두 아님
2025-06-02 16:37:29.717,2025-06-02 16:37:00.000,2025-06-02 16:47:29.263,,2025-06-02 22:10:22.007,,강북구,송중동,성북구,길음제1동,기타,0,0,특장차,자폐,완료 및 취소 모두 아님
2025-06-02 16:35:00.027,2025-06-02 18:40:00.000,2025-06-02 18:41:29.500,,2025-06-02 19:35:21.240,,금천구,가산동,금천구,독산제4동,귀가,0,0,특장차,뇌병,완료 및 취소 모두 아님
2025-06-04 08:57:21.657,2025-06-04 08:57:00.000,2025-06-04 09:06:57.577,,2025-06-04 09:54:11.520,,마포구,상암동,마포구,성산제2동,기타,0,0,특장차,뇌병,완료 및 취소 모두 아님
2025-06-04 14:01:45.000,2025-06-04 14:02:00.000,2025-06-04 14:04:45.883,,2025-06-04 22:23:27.967,,서대문구,신촌동,서대문구,홍은제2동,귀가,0,0,특장차,뇌병,완료 및 취소 모두 아님
2025-06-05 21:58:23.440,2025-06-05 21:58:00.000,2025-06-05 23:43:50.227,,2025-06-06 01:03:04.710,,강동구,천호제2동,안양시동안구,부림동,기타,0,0,특장차,지체,완료 및 취소 모두 아님
2025-06-05 22:25:16.533,2025-06-05 22:25:00.000,2025-06-05 23:33:22.047,,2025-06-06 00:34:53.203,,금천구,독산제1동,광명시,소하2동,기타,0,0,특장차,지체,완료 및 취소 모두 아님
2025-06-09 11:14:07.000,2025-06-09 11:15:00.000,2025-06-09 11:16:55.547,,2025-06-09 11:56:10.083,,강서구,등촌제1동,강서구,방화제1동,귀가,0,0,특장차,신장,완료 및 취소 모두 아님
2025-06-09 11:28:31.663,2025-06-09 11:28:31.663,2025-06-09 11:31:52.900,,2025-06-09 12:22:28.840,,영등포구,양평제2동,구로구,구로제1동,기타,0,0,특장차,뇌병,완료 및 취소 모두 아님
2025-06-09 11:59:37.000,2025-06-09 12:00:00.000,2025-06-09 12:02:32.933,,2025-06-09 12:38:05.050,,강서구,발산제1동,강서구,방화제3동,귀가,0,0,특장차,지체,완료 및 취소 모두 아님
2025-06-09 12:21:53.183,2025-06-09 12:22:00.000,2025-06-09 12:24:42.297,,2025-06-09 14:10:30.100,,구로구,구로제4동,관악구,보라매동,기타,0,0,특장차,지체,완료 및 취소 모두 아님
2025-06-10 10:27:15.203,2025-06-10 10:27:00.000,2025-06-10 10:31:34.033,,2025-06-10 11:13:28.127,,성북구,보문동,성동구,마장동,기타,0,0,특장차,지체,완료 및 취소 모두 아님
2025-06-10 13:54:29.000,2025-06-10 13:55:00.000,2025-06-10 14:21:52.033,,2025-06-10 15:59:38.480,,성동구,성수1가제1동,금천구,독산제1동,기타,0,0,특장차,외국,완료 및 취소 모두 아님
2025-06-10 15:27:27.000,2025-06-10 15:28:00.000,2025-06-10 16:00:39.513,,2025-06-10 17:07:28.367,,중랑구,신내1동,노원구,하계1동,귀가,0,0,특장차,신장,완료 및 취소 모두 아님
2025-06-10 16:47:04.000,2025-06-10 16:48:00.000,2025-06-10 17:12:04.167,,2025-06-10 17:53:14.190,,중랑구,신내1동,노원구,공릉2동,기타,0,0,특장차,뇌병,완료 및 취소 모두 아님
2025-06-11 10:42:10.730,2025-06-11 10:42:00.000,2025-06-11 10:43:24.060,,2025-06-11 12:07:29.640,,은평구,진관동,동대문구,청량리동,기타,0,0,특장차,뇌병,완료 및 취소 모두 아님
2025-06-11 09:54:44.000,2025-06-12 07:00:00.000,2025-06-12 07:03:56.787,,2025-06-12 08:35:27.897,,금천구,시흥제2동,노원구,상계6.7동,예약치료,0,0,특장차,뇌병,완료 및 취소 모두 아님
2025-06-12 12:29:48.000,2025-06-12 12:30:00.000,2025-06-12 12:31:33.990,,2025-06-12 13:08:57.590,,은평구,신사제1동,은평구,구산동,치료,0,0,특장차,지체,완료 및 취소 모두 아님
2025-06-13 12:40:35.000,2025-06-13 12:41:00.000,2025-06-13 12:42:45.607,,2025-06-13 13:22:38.697,,마포구,성산제2동,서대문구,연희동,기타,0,0,임차택시,뇌병,완료 및 취소 모두 아님
2025-06-13 13:21:34.790,2025-06-13 13:22:00.000,2025-06-13 13:53:46.197,,2025-06-13 14:35:55.123,,노원구,하계1동,성동구,마장동,기타,0,0,특장차,지적,완료 및 취소 모두 아님
2025-06-14 12:14:23.000,2025-06-14 12:15:00.000,2025-06-14 13:06:58.467,,2025-06-14 14:16:29.710,,영등포구,여의동,도봉구,방학제3동,기타,0,0,특장차,지체,완료 및 취소 모두 아님
2025-06-15 22:49:30.493,2025-06-15 22:49:30.493,2025-06-15 23:45:21.793,,2025-06-16 00:07:42.583,,노원구,상계10동,노원구,상계9동,기타,0,0,특장차,뇌병,완료 및 취소 모두 아님
2025-06-16 12:30:41.623,2025-06-16 12:31:00.000,2025-06-16 12:35:07.487,,,,강서구,방화제2동,영등포구,여의동,기타,,0,특장차,뇌병,완료 및 취소 모두 아님
2025-06-16 13:34:29.620,2025-06-16 13:34:00.000,2025-06-16 13:36:13.077,,2025-06-16 14:37:39.090,,마포구,도화동,성북구,종암동,기타,0,0,특장차,지적,완료 및 취소 모두 아님
2025-06-16 13:55:37.587,2025-06-16 13:56:00.000,2025-06-16 14:40:13.013,,2025-06-16 18:05:58.280,,종로구,숭인제2동,성남시수정구,태평4동,기타,0,0,특장차,뇌병,완료 및 취소 모두 아님
2025-06-16 16:10:42.000,2025-06-16 16:11:00.000,2025-06-16 16:12:26.030,,2025-06-16 17:56:34.850,,송파구,장지동,송파구,문정1동,기타,0,0,특장차,지체,완료 및 취소 모두 아님
2025-06-16 16:36:45.000,2025-06-16 16:37:00.000,2025-06-16 16:46:56.817,,2025-06-16 18:28:15.043,,송파구,풍납2동,강남구,수서동,기타,0,0,특장차,일시,완료 및 취소 모두 아님
2025-06-16 17:51:22.520,2025-06-16 17:51:00.000,2025-06-16 18:22:54.790,,2025-06-16 18:30:15.313,,강남구,수서동,강남구,세곡동,기타,0,0,특장차,지체,완료 및 취소 모두 아님
2025-06-16 07:00:03.000,2025-06-17 07:00:00.000,2025-06-17 07:03:27.943,,,,강서구,등촌제3동,강동구,둔촌제2동,예약치료,,0,특장차,뇌병,완료 및 취소 모두 아님
2025-06-17 08:38:11.490,2025-06-17 08:38:11.490,2025-06-17 08:53:44.833,,,,강동구,천호제3동,강동구,천호제2동,기타,,0,특장차,뇌병,완료 및 취소 모두 아님
2025-06-17 09:22:06.000,2025-06-17 09:23:00.000,2025-06-17 09:26:05.673,,2025-06-17 10:15:38.207,,송파구,잠실6동,송파구,풍납2동,치료,0,0,특장차,지체,완료 및 취소 모두 아님
2025-06-17 13:21:26.703,2025-06-17 13:21:26.703,2025-06-17 13:31:07.120,,,,강북구,번제2동,강북구,송중동,기타,,0,특장차,뇌병,완료 및 취소 모두 아님
2025-06-17 13:54:36.287,2025-06-17 13:54:36.270,2025-06-17 13:57:10.930,,,,동대문구,청량리동,성북구,돈암제2동,기타,,0,특장차,뇌병,완료 및 취소 모두 아님
2025-06-17 16:31:31.000,2025-06-17 16:32:00.000,2025-06-17 17:25:59.060,,2025-06-17 19:33:39.320,,종로구,종로1.2.3.4가동,노원구,중계2.3동,기타,0,0,특장차,지체,완료 및 취소 모두 아님
2025-06-18 05:55:00.753,2025-06-18 08:00:00.000,2025-06-18 08:09:15.293,,2025-06-18 09:11:48.880,,노원구,중계4동,노원구,상계6.7동,재활,0,0,특장차,뇌병,완료 및 취소 모두 아님
2025-06-18 12:03:10.990,2025-06-18 12:03:10.990,2025-06-18 12:07:47.053,2025-06-18 12:25:08.543,,,강북구,수유제2동,노원구,월계3동,기타,,0,특장차,지체,완료 및 취소 모두 아님
2025-06-19 05:55:00.080,2025-06-19 08:00:00.000,2025-06-19 08:09:21.117,2025-06-19 08:55:20.190,,,노원구,중계4동,노원구,상계6.7동,재활,,0,특장차,뇌병,완료 및 취소 모두 아님
2025-06-20 07:34:59.460,2025-06-20 07:35:00.000,2025-06-20 08:06:06.623,,2025-06-20 08:40:34.110,,노원구,중계2.3동,노원구,상계6.7동,기타,0,0,특장차,지체,완료 및 취소 모두 아님
2025-06-20 07:44:27.130,2025-06-20 07:44:00.000,2025-06-20 08:47:28.710,,2025-06-20 09:31:44.800,,노원구,월계1동,노원구,공릉2동,기타,0,0,특장차,뇌병,완료 및 취소 모두 아님
2025-06-20 16:15:02.497,2025-06-20 16:15:02.497,2025-06-20 17:11:11.120,,2025-06-20 22:23:57.517,,마포구,공덕동,은평구,응암제3동,기타,0,0,특장차,지체,완료 및 취소 모두 아님
2025-06-22 06:28:19.520,2025-06-22 07:00:00.000,2025-06-22 07:21:31.480,,2025-06-22 08:13:24.097,,강서구,화곡제3동,고양시일산동구,장항1동,기타,0,0,특장차,지체,완료 및 취소 모두 아님
2025-06-23 11:37:50.280,2025-06-23 11:38:00.000,2025-06-23 11:39:10.033,,2025-06-23 13:18:03.260,,양천구,목5동,은평구,수색동,기타,0,0,특장차,지체,완료 및 취소 모두 아님
2025-06-23 13:35:57.000,2025-06-23 13:36:00.000,2025-06-23 13:37:04.260,,2025-06-23 14:44:11.660,,은평구,불광제1동,성동구,왕십리도선동,기타,0,0,특장차,뇌병,완료 및 취소 모두 아님
2025-06-23 14:52:51.000,2025-06-23 14:53:00.000,2025-06-23 15:05:53.930,,,,강남구,일원본동,성남시수정구,단대동,기타,,0,특장차,뇌병,완료 및 취소 모두 아님
2025-06-23 15:38:54.310,2025-06-23 15:38:54.310,2025-06-23 15:44:31.847,,,,강남구,세곡동,송파구,잠실3동,기타,,0,특장차,지체,완료 및 취소 모두 아님
2025-06-23 16:28:05.057,2025-06-23 16:28:05.057,2025-06-23 16:43:00.660,,,,광진구,화양동,노원구,공릉1.3동,기타,,0,특장차,뇌병,완료 및 취소 모두 아님
2025-06-23 18:11:59.970,2025-06-23 18:11:59.970,2025-06-23 18:19:18.947,,,,동대문구,청량리동,은평구,진관동,기타,,0,특장차,뇌병,완료 및 취소 모두 아님
2025-06-23 19:35:20.143,2025-06-23 19:35:20.143,2025-06-23 19:37:15.410,,,,은평구,구산동,은평구,역촌동,기타,,0,특장차,뇌병,완료 및 취소 모두 아님
2025-06-23 19:45:59.447,2025-06-23 19:45:59.447,2025-06-23 20:01:51.880,,,,은평구,녹번동,중랑구,면목제3.8동,기타,,0,특장차,뇌병,완료 및 취소 모두 아님
2025-06-23 21:12:53.000,2025-06-23 21:13:00.000,2025-06-23 21:15:30.183,,,,성동구,행당제1동,강남구,수서동,기타,,0,특장차,뇌병,완료 및 취소 모두 아님
2025-06-23 22:11:51.720,2025-06-23 22:11:51.720,2025-06-23 22:17:52.240,,,,강동구,성내제1동,강남구,수서동,기타,,0,특장차,지체,완료 및 취소 모두 아님
2025-06-25 06:04:05.540,2025-06-25 07:00:00.000,2025-06-25 07:10:13.063,,,,강남구,대치1동,서초구,내곡동,기타,,0,특장차,뇌병,완료 및 취소 모두 아님
2025-06-25 07:53:12.690,2025-06-25 07:53:12.690,2025-06-25 08:30:49.463,2025-06-25 09:08:26.010,,,강남구,세곡동,강남구,일원본동,기타,,0,특장차,뇌병,완료 및 취소 모두 아님
2025-06-25 09:12:44.000,2025-06-25 09:13:00.000,2025-06-25 10:00:08.243,,,,송파구,장지동,송파구,오금동,재활,,0,특장차,뇌병,완료 및 취소 모두 아님
2025-06-25 13:19:44.307,2025-06-25 13:20:00.000,2025-06-25 13:29:47.833,,2025-06-25 13:52:51.860,,노원구,하계1동,노원구,하계1동,기타,0,0,특장차,뇌병,완료 및 취소 모두 아님
2025-06-25 11:55:00.227,2025-06-25 14:00:00.000,2025-06-25 14:08:14.920,,,,노원구,하계1동,중랑구,상봉제2동,재활,,0,특장차,지적,완료 및 취소 모두 아님
2025-06-25 14:42:46.000,2025-06-25 14:43:00.000,2025-06-25 15:04:04.707,,,,송파구,마천2동,송파구,장지동,귀가,,0,특장차,뇌병,완료 및 취소 모두 아님
2025-06-25 16:13:06.193,2025-06-25 16:13:00.000,2025-06-25 17:26:56.383,,2025-06-25 18:16:06.470,,서대문구,신촌동,강북구,삼각산동,기타,0,0,특장차,뇌병,완료 및 취소 모두 아님
2025-06-25 16:52:19.000,2025-06-25 16:53:00.000,2025-06-25 17:00:04.483,,2025-06-25 17:56:33.650,,강북구,미아동,동대문구,이문제3동,기타,0,0,특장차,자폐,완료 및 취소 모두 아님
2025-06-25 17:26:21.477,2025-06-25 17:26:00.000,2025-06-25 17:28:53.480,,2025-06-25 18:17:15.317,,송파구,방이2동,광진구,자양제2동,기타,0,0,특장차,뇌병,완료 및 취소 모두 아님
2025-06-26 18:12:08.067,2025-06-26 18:12:08.067,2025-06-26 18:16:29.290,2025-06-26 18:17:56.887,,,노원구,상계6.7동,노원구,상계6.7동,기타,,0,특장차,뇌병,완료 및 취소 모두 아님
2025-06-26 19:20:53.950,2025-06-26 19:20:53.950,2025-06-26 19:30:12.003,2025-06-26 19:44:09.130,,,노원구,상계6.7동,노원구,상계1동,기타,,0,특장차,뇌병,완료 및 취소 모두 아님
2025-06-27 15:33:41.000,2025-06-27 15:34:00.000,2025-06-27 16:33:18.833,,2025-06-27 20:06:20.143,,은평구,진관동,부천시원미구,약대동,기타,0,0,특장차,지체,완료 및 취소 모두 아님
2025-06-28 10:09:07.333,2025-06-28 10:09:07.333,2025-06-28 10:30:06.363,,2025-06-28 10:51:35.013,,노원구,상계1동,노원구,상계5동,기타,801580,802406,특장차,뇌병,완료 및 취소 모두 아님
2025-06-30 11:12:18.570,2025-06-30 11:12:18.570,2025-06-30 11:21:18.920,2025-06-30 11:34:58.290,,,강동구,천호제2동,강동구,성내제1동,기타,,0,특장차,지체,완료 및 취소 모두 아님
2025-07-01 09:59:17.890,2025-07-01 09:59:00.000,2025-07-01 10:16:13.860,,2025-07-01 10:43:38.627,,동대문구,장안제2동,동대문구,장안제1동,기타,0,0,특장차,지체,완료 및 취소 모두 아님
2025-07-01 13:11:59.000,2025-07-01 13:13:00.000,2025-07-01 13:17:20.620,,2025-07-01 13:55:02.553,,서대문구,홍은제2동,서대문구,홍은제2동,기타,0,0,특장차,뇌병,완료 및 취소 모두 아님
2025-07-01 14:50:21.860,2025-07-01 14:50:00.000,2025-07-01 15:05:43.597,,2025-07-01 15:59:08.627,,은평구,구산동,마포구,합정동,기타,0,0,특장차,지체,완료 및 취소 모두 아님
2025-07-01 15:14:21.417,2025-07-01 15:14:00.000,2025-07-01 15:23:09.610,,2025-07-01 15:55:01.203,,동대문구,신설동,동대문구,제기제1동,기타,0,0,특장차,자폐,완료 및 취소 모두 아님
2025-07-02 06:40:57.820,2025-07-02 07:00:00.000,2025-07-02 07:08:37.880,,2025-07-02 08:29:50.933,,영등포구,영등포본동,강서구,등촌제3동,기타,0,0,특장차,지체,완료 및 취소 모두 아님
2025-07-02 07:50:09.537,2025-07-02 07:50:00.000,2025-07-02 08:31:58.997,,2025-07-02 09:34:30.257,,강서구,화곡제3동,마포구,성산제2동,기타,0,0,특장차,뇌병,완료 및 취소 모두 아님
2025-07-02 09:35:55.147,2025-07-02 09:36:00.000,2025-07-02 09:44:58.633,,2025-07-02 10:40:12.290,,서대문구,남가좌제1동,마포구,성산제2동,기타,0,0,특장차,뇌병,완료 및 취소 모두 아님
2025-07-03 07:49:02.100,2025-07-03 07:49:00.000,2025-07-03 08:16:30.220,,2025-07-03 09:04:00.983,,관악구,보라매동,관악구,보라매동,기타,0,0,특장차,뇌병,완료 및 취소 모두 아님
2025-07-02 08:04:40.000,2025-07-03 08:00:00.000,2025-07-03 08:34:01.243,,2025-07-03 09:25:00.553,,노원구,월계2동,종로구,이화동,예약치료,0,0,특장차,뇌병,완료 및 취소 모두 아님
2025-07-04 08:06:21.823,2025-07-04 08:06:21.823,2025-07-04 08:27:06.303,2025-07-04 08:48:15.657,,,강동구,고덕제2동,송파구,오금동,기타,,0,특장차,뇌병,완료 및 취소 모두 아님
2025-07-04 13:51:54.737,2025-07-04 13:52:00.000,2025-07-04 13:53:17.567,,2025-07-04 14:59:07.063,,종로구,종로1.2.3.4가동,서대문구,북아현동,기타,0,0,임차택시,지적,완료 및 취소 모두 아님
2025-07-07 07:05:25.000,2025-07-08 07:00:00.000,2025-07-08 07:09:43.730,,2025-07-08 09:17:14.587,,구로구,개봉제2동,강동구,둔촌제2동,예약치료,0,0,특장차,지체,완료 및 취소 모두 아님
2025-07-08 13:40:07.563,2025-07-08 13:40:00.000,2025-07-08 13:42:16.920,,2025-07-08 14:37:24.277,,구로구,개봉제1동,구로구,구로제2동,기타,0,0,특장차,지체,완료 및 취소 모두 아님
2025-07-09 07:21:24.600,2025-07-09 07:21:00.000,2025-07-09 07:30:34.217,,2025-07-09 08:28:53.017,,양천구,목1동,은평구,역촌동,기타,0,0,특장차,지적,완료 및 취소 모두 아님
2025-07-09 08:45:27.000,2025-07-09 08:46:00.000,2025-07-09 09:17:47.657,,2025-07-09 11:24:56.510,,영등포구,문래동,구로구,구로제2동,치료,0,0,특장차,뇌병,완료 및 취소 모두 아님
2025-07-09 11:12:14.000,2025-07-09 11:13:00.000,2025-07-09 11:23:28.210,,2025-07-09 13:17:26.667,,영등포구,대림제2동,금천구,독산제1동,귀가,0,0,특장차,뇌병,완료 및 취소 모두 아님
2025-07-09 23:51:18.000,2025-07-09 23:52:00.000,2025-07-09 23:55:17.490,,2025-07-10 01:06:53.990,,강서구,가양제1동,서초구,내곡동,기타,0,0,특장차,뇌병,완료 및 취소 모두 아님
2025-07-10 10:15:00.320,2025-07-10 12:20:00.000,2025-07-10 12:35:28.380,,2025-07-10 19:53:25.483,,서대문구,신촌동,서대문구,연희동,귀가,0,0,특장차,뇌병,완료 및 취소 모두 아님
2025-07-10 14:44:09.263,2025-07-10 14:44:00.000,2025-07-10 15:08:28.227,,2025-07-10 16:31:31.727,,광진구,구의제2동,강남구,세곡동,기타,0,0,특장차,지체,완료 및 취소 모두 아님
2025-07-11 09:17:54.000,2025-07-11 09:18:00.000,2025-07-11 09:20:51.703,,2025-07-11 09:38:36.087,,동작구,노량진제2동,동작구,신대방제2동,치료,0,0,특장차,뇌병,완료 및 취소 모두 아님
2025-07-11 14:41:22.000,2025-07-11 14:42:00.000,2025-07-11 15:09:06.397,,2025-07-11 16:42:31.567,,송파구,풍납2동,서대문구,신촌동,치료,3800,23439,특장차,지적,완료 및 취소 모두 아님
2025-07-12 04:25:00.550,2025-07-12 06:30:00.000,2025-07-12 06:31:05.880,,2025-07-12 07:03:20.500,,동작구,대방동,관악구,서원동,치료,0,0,특장차,뇌병,완료 및 취소 모두 아님
2025-07-12 06:51:57.890,2025-07-12 06:52:00.000,2025-07-12 07:05:49.110,,2025-07-12 07:34:40.353,,관악구,행운동,관악구,청룡동,기타,0,0,특장차,신장,완료 및 취소 모두 아님
2025-07-11 17:50:47.000,2025-07-12 07:00:00.000,2025-07-12 07:09:13.510,,2025-07-12 08:25:56.513,,노원구,중계4동,고양시일산서구,대화동,예약기타,0,0,특장차,지체,완료 및 취소 모두 아님
2025-07-12 19:27:55.143,2025-07-12 19:28:00.000,2025-07-12 19:51:28.107,,2025-07-12 20:37:11.670,,동작구,신대방제2동,동작구,사당제4동,기타,0,0,특장차,자폐,완료 및 취소 모두 아님
2025-07-14 12:24:32.690,2025-07-14 12:25:00.000,2025-07-14 12:28:01.537,,2025-07-14 12:50:17.777,,노원구,공릉1.3동,노원구,공릉1.3동,기타,0,0,특장차,지체,완료 및 취소 모두 아님
2025-07-14 13:54:08.000,2025-07-14 13:55:00.000,2025-07-14 14:03:45.740,,2025-07-14 14:52:43.770,,강서구,가양제1동,양천구,목4동,기타,0,0,특장차,지체,완료 및 취소 모두 아님
2025-07-14 14:28:30.000,2025-07-14 14:29:00.000,2025-07-14 14:47:23.170,,2025-07-14 17:35:13.317,,강동구,고덕제1동,도봉구,방학제3동,귀가,0,0,특장차,뇌병,완료 및 취소 모두 아님
2025-07-14 15:13:30.190,2025-07-14 15:14:00.000,2025-07-14 16:11:30.897,,2025-07-14 18:10:25.823,,동작구,신대방제2동,관악구,낙성대동,기타,0,0,특장차,지체,완료 및 취소 모두 아님
2025-07-14 07:00:09.497,2025-07-15 07:00:00.000,2025-07-15 07:09:25.627,,2025-07-15 10:55:22.210,,양천구,신정7동,마포구,상암동,예약기타,0,0,특장차,뇌병,완료 및 취소 모두 아님
2025-07-15 14:10:22.000,2025-07-15 14:11:00.000,2025-07-15 14:12:45.283,,2025-07-15 15:01:54.633,,도봉구,도봉제2동,노원구,공릉1.3동,재활,0,0,특장차,자폐,완료 및 취소 모두 아님
2025-07-15 15:32:01.000,2025-07-15 15:33:00.000,2025-07-15 16:17:40.967,,2025-07-15 16:57:51.910,,성북구,안암동,동대문구,제기제2동,기타,0,0,특장차,뇌병,완료 및 취소 모두 아님
2025-07-16 07:12:45.000,2025-07-16 07:13:00.000,2025-07-16 07:39:08.523,,2025-07-16 10:49:17.697,,강동구,천호제3동,영등포구,영등포동,기타,0,0,특장차,지체,완료 및 취소 모두 아님
2025-07-16 13:18:21.000,2025-07-16 13:19:00.000,2025-07-16 13:29:04.057,,2025-07-16 14:16:39.497,,중구,장충동,종로구,무악동,귀가,0,0,특장차,지체,완료 및 취소 모두 아님
2025-07-16 14:02:59.427,2025-07-16 14:02:59.427,2025-07-16 14:05:17.240,,2025-07-16 21:23:50.460,,강동구,고덕제1동,강동구,강일동,기타,0,0,특장차,뇌병,완료 및 취소 모두 아님
2025-07-16 14:15:31.117,2025-07-16 14:16:00.000,2025-07-16 14:23:41.880,,2025-07-16 14:48:05.813,,마포구,염리동,마포구,서강동,기타,0,0,특장차,지체,완료 및 취소 모두 아님
2025-07-16 12:55:00.733,2025-07-16 15:00:00.000,2025-07-16 15:17:08.090,,2025-07-16 16:52:13.090,,송파구,가락본동,강남구,일원본동,재활,0,0,특장차,자폐,완료 및 취소 모두 아님
2025-07-16 16:37:37.350,2025-07-16 16:38:00.000,2025-07-16 17:17:10.380,,2025-07-16 21:23:09.993,,강남구,역삼1동,강남구,논현1동,기타,0,0,특장차,뇌병,완료 및 취소 모두 아님
2025-07-17 07:47:03.833,2025-07-17 07:47:00.000,2025-07-17 08:10:27.220,,2025-07-17 09:17:59.707,,성북구,정릉제1동,노원구,하계1동,기타,0,0,특장차,뇌병,완료 및 취소 모두 아님
2025-07-17 10:15:34.120,2025-07-17 10:16:00.000,2025-07-17 10:26:51.207,,2025-07-17 11:50:45.577,,용산구,용문동,금천구,시흥제1동,기타,0,0,특장차,지체,완료 및 취소 모두 아님
2025-07-17 13:29:54.677,2025-07-17 13:30:00.000,2025-07-17 13:40:24.887,,2025-07-17 14:06:44.023,,양천구,신월7동,양천구,신정3동,기타,0,0,특장차,뇌병,완료 및 취소 모두 아님
2025-07-17 14:45:43.000,2025-07-17 14:46:00.000,2025-07-17 14:50:34.490,,2025-07-17 15:32:37.867,,동대문구,휘경제2동,중랑구,면목제4동,기타,0,0,특장차,뇌병,완료 및 취소 모두 아님
2025-07-17 15:08:00.000,2025-07-17 15:09:00.000,2025-07-17 15:13:14.543,,2025-07-17 15:53:06.790,,성북구,종암동,성북구,월곡제1동,귀가,0,0,특장차,지적,완료 및 취소 모두 아님
2025-07-18 03:55:00.717,2025-07-18 06:00:00.000,2025-07-18 06:00:27.980,,2025-07-18 06:40:02.807,,관악구,미성동,관악구,보라매동,치료,0,0,특장차,신장,완료 및 취소 모두 아님
2025-07-18 10:17:43.000,2025-07-18 10:18:00.000,2025-07-18 10:24:57.357,,2025-07-18 11:26:47.493,,동대문구,장안제3동,동대문구,장안제3동,치료,0,0,특장차,지체,완료 및 취소 모두 아님
2025-07-18 12:03:11.000,2025-07-18 12:04:00.000,2025-07-18 12:12:27.130,,2025-07-18 13:46:59.943,,마포구,서교동,종로구,이화동,기타,0,0,특장차,신장,완료 및 취소 모두 아님
2025-07-18 12:04:09.297,2025-07-18 12:04:09.297,2025-07-18 12:17:22.887,,2025-07-18 18:06:59.883,,강남구,도곡1동,강남구,일원2동,기타,0,0,특장차,신장,완료 및 취소 모두 아님
2025-07-19 09:51:12.000,2025-07-19 09:52:00.000,2025-07-19 10:01:54.167,,2025-07-19 10:14:10.180,,강동구,강일동,성북구,안암동,기타,0,0,특장차,뇌병,완료 및 취소 모두 아님
2025-07-21 06:00:03.760,2025-07-21 06:00:00.000,2025-07-21 06:01:35.410,,2025-07-21 06:37:16.920,,영등포구,대림제3동,동작구,신대방제2동,기타,0,0,특장차,지체,완료 및 취소 모두 아님
2025-07-21 14:11:03.457,2025-07-21 14:11:00.000,2025-07-21 14:14:46.020,,2025-07-21 14:58:18.217,,동대문구,휘경제1동,노원구,상계6.7동,기타,0,0,특장차,뇌병,완료 및 취소 모두 아님
2025-07-21 14:57:39.000,2025-07-21 14:58:00.000,2025-07-21 15:06:31.223,,2025-07-21 15:37:13.317,,노원구,공릉1.3동,노원구,하계1동,귀가,0,0,특장차,신장,완료 및 취소 모두 아님
2025-07-21 15:34:04.563,2025-07-21 15:34:00.000,2025-07-21 15:46:32.343,,2025-07-21 16:20:37.850,,노원구,하계1동,도봉구,창제5동,기타,0,0,특장차,뇌병,완료 및 취소 모두 아님
2025-07-21 15:58:00.163,2025-07-21 15:58:00.000,2025-07-21 16:07:27.450,,2025-07-21 17:01:55.173,,광진구,화양동,광진구,구의제2동,기타,0,0,특장차,시각,완료 및 취소 모두 아님
2025-07-22 17:06:47.000,2025-07-22 17:07:00.000,2025-07-22 17:14:25.003,,2025-07-22 18:02:50.840,,강동구,암사제1동,광진구,광장동,기타,0,0,특장차,뇌병,완료 및 취소 모두 아님
2025-07-22 07:01:00.000,2025-07-23 07:00:00.000,2025-07-23 07:09:03.657,,2025-07-23 08:44:52.427,,구로구,개봉제1동,동대문구,회기동,예약치료,0,0,특장차,뇌병,완료 및 취소 모두 아님
2025-07-23 08:27:33.000,2025-07-23 08:28:00.000,2025-07-23 08:54:29.360,,2025-07-23 10:41:27.383,,중랑구,면목제4동,은평구,역촌동,기타,0,0,특장차,지체,완료 및 취소 모두 아님
2025-07-23 09:06:01.000,2025-07-24 07:00:00.000,2025-07-24 07:17:35.497,,2025-07-24 09:06:06.970,,노원구,중계2.3동,강남구,논현2동,예약치료,0,0,특장차,지체,완료 및 취소 모두 아님
2025-07-24 08:02:58.250,2025-07-24 08:03:00.000,2025-07-24 08:07:04.577,,2025-07-24 08:37:05.860,,서대문구,천연동,마포구,대흥동,기타,0,0,임차택시,자폐,완료 및 취소 모두 아님
2025-07-24 08:05:36.573,2025-07-24 08:06:00.000,2025-07-24 08:37:29.237,,2025-07-24 10:03:45.113,,용산구,이촌제1동,서초구,서초1동,기타,0,0,임차택시,뇌병,완료 및 취소 모두 아님
2025-07-24 09:05:07.000,2025-07-24 09:06:00.000,2025-07-24 09:16:46.130,,2025-07-24 09:43:57.967,,성동구,금호1가동,성동구,금호1가동,기타,0,0,특장차,뇌병,완료 및 취소 모두 아님
2025-07-24 10:30:36.000,2025-07-24 10:31:00.000,2025-07-24 10:32:06.333,,2025-07-24 12:12:45.943,,강남구,수서동,종로구,이화동,치료,0,0,임차택시,지적,완료 및 취소 모두 아님
2025-07-24 13:56:09.293,2025-07-24 13:56:00.000,2025-07-24 15:03:18.460,,2025-07-24 15:04:20.947,,종로구,종로1.2.3.4가동,은평구,진관동,기타,0,0,임차택시,자폐,완료 및 취소 모두 아님
2025-07-24 14:50:16.000,2025-07-24 14:51:00.000,2025-07-24 15:07:45.700,,2025-07-24 15:44:47.967,,은평구,역촌동,서대문구,홍은제1동,귀가,0,0,임차택시,뇌병,완료 및 취소 모두 아님
2025-07-24 15:05:07.000,2025-07-24 15:06:00.000,2025-07-24 15:33:06.647,,2025-07-24 17:01:12.267,,용산구,한남동,고양시일산서구,송산동,기타,0,0,특장차,뇌병,완료 및 취소 모두 아님
2025-07-24 10:06:20.000,2025-07-25 12:01:00.000,2025-07-25 12:13:16.843,2025-07-25 12:47:59.047,,,강남구,도곡1동,안산시상록구,사2동,예약광역,,0,특장차,뇌병,완료 및 취소 모두 아님
2025-07-25 13:32:00.260,2025-07-25 13:32:00.000,2025-07-25 13:36:05.897,,2025-07-25 14:08:54.220,,노원구,중계4동,노원구,중계본동,기타,0,0,특장차,지적,완료 및 취소 모두 아님
2025-07-25 08:00:52.000,2025-07-26 08:00:00.000,2025-07-26 08:08:59.520,,2025-07-26 09:06:28.933,,서대문구,홍은제1동,중구,광희동,예약치료,0,0,특장차,지체,완료 및 취소 모두 아님
2025-07-26 09:15:50.000,2025-07-26 09:16:00.000,2025-07-26 09:19:15.050,,2025-07-26 09:57:10.783,,중구,신당제6동,중구,을지로동,기타,0,0,특장차,지체,완료 및 취소 모두 아님
2025-07-27 16:37:13.000,2025-07-27 16:38:00.000,2025-07-27 17:47:49.297,,2025-07-27 18:36:31.763,,동대문구,제기제1동,동대문구,이문제3동,기타,0,0,특장차,뇌병,완료 및 취소 모두 아님
2025-07-28 11:28:43.447,2025-07-28 11:29:00.000,2025-07-28 11:36:04.877,,2025-07-28 15:27:51.563,,광진구,구의제2동,광진구,자양제3동,기타,0,0,특장차,뇌병,완료 및 취소 모두 아님
2025-07-28 11:56:15.000,2025-07-28 11:57:00.000,2025-07-28 12:10:53.933,,2025-07-28 13:38:02.697,,광진구,광장동,광진구,중곡제2동,치료,0,0,특장차,지체,완료 및 취소 모두 아님
2025-07-28 12:58:00.000,2025-07-28 12:58:00.000,2025-07-28 12:58:54.990,,2025-07-28 13:49:45.093,,동대문구,청량리동,중랑구,면목제5동,기타,0,0,특장차,지체,완료 및 취소 모두 아님
2025-07-28 13:29:01.000,2025-07-28 13:30:00.000,2025-07-28 13:38:40.430,,2025-07-28 14:20:29.257,,강서구,가양제2동,강서구,방화제3동,기타,0,0,특장차,지적,완료 및 취소 모두 아님
2025-07-28 13:40:32.000,2025-07-28 13:41:00.000,2025-07-28 13:50:50.313,,2025-07-28 14:36:12.740,,강동구,둔촌제2동,하남시,감북동,기타,0,0,특장차,뇌병,완료 및 취소 모두 아님
2025-07-28 14:06:30.000,2025-07-28 14:07:00.000,2025-07-28 14:15:39.000,,2025-07-28 14:47:51.490,,노원구,상계6.7동,노원구,공릉1.3동,기타,0,0,특장차,뇌병,완료 및 취소 모두 아님
2025-07-28 13:41:01.000,2025-07-28 15:05:00.000,2025-07-28 14:43:12.857,,2025-07-28 15:04:17.790,,하남시,감북동,강동구,둔촌제2동,기타,0,0,특장차,뇌병,완료 및 취소 모두 아님
2025-07-28 15:13:29.000,2025-07-28 15:14:00.000,2025-07-28 16:09:14.603,,2025-07-28 17:43:23.590,,종로구,사직동,강서구,방화제2동,기타,0,0,특장차,지체,완료 및 취소 모두 아님
2025-07-28 15:54:03.177,2025-07-28 15:54:00.000,2025-07-28 17:06:43.867,,2025-07-29 00:02:32.047,,은평구,증산동,양천구,목3동,기타,0,0,특장차,지체,완료 및 취소 모두 아님
2025-07-28 16:50:21.983,2025-07-28 16:50:00.000,2025-07-28 17:08:21.620,,2025-07-28 19:05:27.347,,양천구,신정3동,성북구,장위제2동,기타,0,0,특장차,뇌병,완료 및 취소 모두 아님
2025-07-29 10:58:26.000,2025-07-29 10:59:00.000,2025-07-29 11:00:11.437,,2025-07-29 11:26:51.717,,강동구,천호제3동,강동구,천호제2동,치료,0,0,특장차,뇌병,완료 및 취소 모두 아님
2025-07-29 11:49:33.000,2025-07-29 11:50:00.000,2025-07-29 11:53:59.430,,2025-07-29 13:08:22.653,,강동구,성내제2동,송파구,마천1동,귀가,0,0,특장차,뇌병,완료 및 취소 모두 아님
2025-07-29 12:19:25.000,2025-07-29 12:20:00.000,2025-07-29 12:30:44.473,,2025-07-29 13:41:02.400,,동대문구,제기제2동,성동구,사근동,기타,0,0,특장차,뇌병,완료 및 취소 모두 아님
2025-07-29 15:24:54.113,2025-07-29 15:25:00.000,2025-07-29 16:03:31.610,,2025-07-29 16:37:16.780,,성동구,마장동,동대문구,장안제1동,기타,0,0,특장차,지체,완료 및 취소 모두 아님
2025-07-30 08:20:04.067,2025-07-30 08:20:00.000,2025-07-30 08:29:43.110,,2025-07-30 10:06:22.023,,노원구,중계2.3동,서대문구,신촌동,기타,0,0,특장차,지체,완료 및 취소 모두 아님
2025-07-30 12:39:02.000,2025-07-30 12:40:00.000,2025-07-30 12:46:00.670,,2025-07-30 12:57:51.843,,동대문구,이문제2동,성북구,안암동,기타,0,0,특장차,뇌병,완료 및 취소 모두 아님
2025-07-30 13:03:04.607,2025-07-30 13:03:00.000,2025-07-30 13:24:24.007,,2025-07-30 14:02:10.260,,동대문구,용두동,광진구,자양제4동,기타,0,0,특장차,지체,완료 및 취소 모두 아님
2025-07-31 13:06:46.000,2025-07-31 13:07:00.000,2025-07-31 13:12:50.670,,2025-07-31 13:41:16.143,,노원구,하계1동,도봉구,창제4동,기타,0,0,특장차,지체,완료 및 취소 모두 아님
2025-08-03 18:32:36.000,2025-08-03 18:33:00.000,2025-08-03 18:51:42.500,,2025-08-03 19:32:13.933,,은평구,역촌동,은평구,진관동,기타,0,0,특장차,지체,완료 및 취소 모두 아님
2025-08-03 19:32:04.997,2025-08-03 19:32:00.000,2025-08-03 19:43:08.513,,2025-08-03 20:22:52.823,,은평구,진관동,은평구,대조동,기타,0,0,특장차,뇌병,완료 및 취소 모두 아님
2025-08-04 14:11:34.000,2025-08-04 14:12:00.000,2025-08-04 14:20:57.320,,2025-08-04 15:05:21.443,,강서구,우장산동,강서구,등촌제3동,귀가,0,0,특장차,지체,완료 및 취소 모두 아님
2025-08-04 17:02:39.973,2025-08-04 17:03:00.000,2025-08-04 17:27:51.270,,,,영등포구,여의동,구로구,오류제1동,기타,,0,특장차,뇌병,완료 및 취소 모두 아님
2025-08-05 08:04:03.000,2025-08-05 08:05:00.000,2025-08-05 08:17:16.070,,2025-08-05 09:52:42.397,,강서구,가양제2동,동대문구,제기제2동,기타,0,0,특장차,지체,완료 및 취소 모두 아님
2025-08-05 12:59:14.940,2025-08-05 12:59:00.000,2025-08-05 13:09:11.193,,2025-08-05 13:45:34.723,,은평구,응암제2동,서대문구,신촌동,기타,0,0,특장차,뇌병,완료 및 취소 모두 아님
2025-08-06 12:08:15.910,2025-08-06 12:08:00.000,2025-08-06 12:18:06.243,,2025-08-06 13:11:25.007,,은평구,녹번동,종로구,이화동,기타,0,0,특장차,지체,완료 및 취소 모두 아님
2025-08-07 08:05:27.900,2025-08-07 08:05:00.000,2025-08-07 08:13:38.223,,2025-08-07 19:31:34.927,,은평구,신사제1동,은평구,역촌동,기타,0,0,특장차,뇌병,완료 및 취소 모두 아님
2025-08-07 09:21:07.753,2025-08-07 09:21:00.000,2025-08-07 09:31:25.453,,2025-08-07 19:32:56.810,,노원구,하계1동,노원구,하계1동,기타,0,0,특장차,자폐,완료 및 취소 모두 아님
2025-08-07 12:13:55.000,2025-08-07 12:14:00.000,2025-08-07 12:24:00.413,,2025-08-07 12:56:47.887,,광진구,구의제2동,광진구,자양제3동,귀가,0,0,특장차,뇌병,완료 및 취소 모두 아님
2025-08-07 12:17:58.000,2025-08-07 12:18:00.000,2025-08-07 12:22:09.003,,2025-08-07 13:23:40.777,,마포구,대흥동,강서구,등촌제1동,기타,0,0,특장차,뇌병,완료 및 취소 모두 아님
2025-08-07 14:26:45.000,2025-08-07 14:27:00.000,2025-08-07 14:35:52.940,,2025-08-07 15:03:52.467,,서대문구,신촌동,마포구,성산제2동,기타,0,0,특장차,뇌병,완료 및 취소 모두 아님
2025-08-08 16:23:35.000,2025-08-08 16:24:00.000,2025-08-08 17:39:55.930,,2025-08-08 19:42:02.990,,종로구,숭인제1동,강서구,방화제3동,기타,0,0,특장차,지체,완료 및 취소 모두 아님
2025-08-09 15:38:01.090,2025-08-09 15:38:00.000,2025-08-09 15:57:51.260,,2025-08-09 16:33:13.050,,성북구,동선동,성북구,종암동,기타,0,0,특장차,자폐,완료 및 취소 모두 아님
2025-08-10 08:38:36.697,2025-08-10 08:39:00.000,2025-08-10 08:43:26.240,,2025-08-10 09:30:07.823,,구로구,구로제5동,용산구,남영동,기타,0,0,특장차,뇌병,완료 및 취소 모두 아님
2025-08-10 09:28:07.957,2025-08-10 09:28:00.000,2025-08-10 09:36:12.787,,2025-08-10 09:57:10.090,,용산구,남영동,용산구,후암동,기타,0,0,특장차,뇌병,완료 및 취소 모두 아님
2025-08-10 08:41:52.313,2025-08-11 08:00:00.000,2025-08-11 08:09:14.923,,2025-08-11 08:24:18.600,,동대문구,장안제2동,구리시,교문1동,예약기타,0,0,특장차,지체,완료 및 취소 모두 아님
2025-08-11 11:46:20.583,2025-08-11 11:46:00.000,2025-08-11 11:55:32.840,,2025-08-11 12:32:52.863,,강동구,강일동,강동구,상일동,기타,0,0,특장차,뇌병,완료 및 취소 모두 아님
2025-08-11 11:56:37.000,2025-08-11 11:57:00.000,2025-08-11 12:09:03.550,,2025-08-11 13:28:21.637,,강남구,도곡1동,강남구,대치2동,기타,0,0,특장차,뇌병,완료 및 취소 모두 아님
2025-08-11 14:32:47.127,2025-08-11 14:33:00.000,2025-08-11 15:11:55.873,,2025-08-11 15:46:23.280,,관악구,보라매동,중구,신당제3동,기타,0,0,특장차,뇌병,완료 및 취소 모두 아님
2025-08-12 15:02:30.000,2025-08-12 15:03:00.000,2025-08-12 15:20:57.730,,2025-08-12 16:31:57.943,,관악구,낙성대동,관악구,서원동,기타,0,0,특장차,신장,완료 및 취소 모두 아님
2025-08-13 07:02:25.823,2025-08-13 07:02:00.000,2025-08-13 07:07:15.027,,2025-08-13 08:27:44.673,,송파구,문정1동,광진구,능동,기타,0,0,특장차,지체,완료 및 취소 모두 아님
2025-08-12 08:07:36.000,2025-08-13 08:00:00.000,2025-08-13 08:09:16.040,,2025-08-13 15:16:21.037,,구로구,오류제1동,강서구,방화제1동,예약재활,0,0,특장차,뇌병,완료 및 취소 모두 아님
2025-08-13 08:32:38.253,2025-08-13 08:33:00.000,2025-08-13 09:11:40.513,,2025-08-13 10:23:46.853,,영등포구,문래동,고양시일산서구,송포동,기타,0,0,특장차,지적,완료 및 취소 모두 아님
2025-08-13 07:06:00.000,2025-08-14 07:00:00.000,2025-08-14 07:36:00.877,,2025-08-14 08:43:53.630,,서초구,반포2동,광명시,광명5동,예약기타,0,0,특장차,뇌병,완료 및 취소 모두 아님
2025-08-14 07:32:06.000,2025-08-14 07:33:00.000,2025-08-14 07:33:43.017,,2025-08-14 08:28:07.197,,노원구,월계1동,노원구,하계1동,기타,0,0,특장차,뇌병,완료 및 취소 모두 아님
2025-08-14 08:20:01.807,2025-08-14 08:20:00.000,2025-08-14 08:30:05.043,,2025-08-14 08:55:08.423,,노원구,월계3동,노원구,상계6.7동,기타,0,0,특장차,지체,완료 및 취소 모두 아님
2025-08-14 09:54:57.000,2025-08-14 09:55:00.000,2025-08-14 09:55:31.987,,2025-08-14 12:18:03.050,,노원구,하계1동,노원구,월계1동,기타,0,0,특장차,뇌병,완료 및 취소 모두 아님
2025-08-14 11:49:15.000,2025-08-14 11:50:00.000,2025-08-14 12:04:37.847,,2025-08-14 12:36:05.347,,금천구,시흥제1동,금천구,시흥제4동,기타,0,0,특장차,지체,완료 및 취소 모두 아님
2025-08-14 12:48:31.000,2025-08-14 12:49:00.000,2025-08-14 12:52:14.190,,2025-08-14 13:21:01.777,,강북구,수유제1동,강북구,번제3동,귀가,0,0,특장차,지체,완료 및 취소 모두 아님
2025-08-14 13:28:43.030,2025-08-14 13:29:00.000,2025-08-14 13:31:39.483,,2025-08-14 14:28:10.713,,노원구,월계2동,종로구,이화동,기타,0,0,특장차,뇌병,완료 및 취소 모두 아님
2025-08-14 14:15:33.000,2025-08-14 14:16:00.000,2025-08-14 14:32:17.783,,2025-08-14 15:11:11.400,,종로구,종로1.2.3.4가동,서대문구,천연동,귀가,0,0,특장차,지체,완료 및 취소 모두 아님
2025-08-17 19:56:12.473,2025-08-17 19:56:00.000,2025-08-17 21:24:21.043,,2025-08-17 22:08:52.043,,마포구,망원제1동,고양시일산서구,송산동,기타,0,0,특장차,뇌병,완료 및 취소 모두 아님
2025-08-18 10:45:13.593,2025-08-18 10:45:00.000,2025-08-18 10:47:14.930,,2025-08-18 15:35:23.620,,노원구,월계2동,종로구,이화동,기타,0,0,특장차,뇌병,완료 및 취소 모두 아님
2025-08-18 13:56:58.750,2025-08-18 13:57:00.000,2025-08-18 14:11:09.677,,2025-08-18 23:22:09.260,,동작구,신대방제2동,영등포구,신길제3동,기타,0,0,특장차,뇌병,완료 및 취소 모두 아님
2025-08-19 08:40:57.263,2025-08-19 08:41:00.000,2025-08-19 08:50:24.770,,2025-08-19 09:29:51.803,,마포구,신수동,마포구,대흥동,기타,0,0,특장차,뇌병,완료 및 취소 모두 아님
2025-08-19 10:53:52.000,2025-08-19 10:54:00.000,2025-08-19 11:03:09.807,,2025-08-19 11:53:11.520,,구로구,오류제2동,구로구,고척제1동,기타,0,0,특장차,뇌병,완료 및 취소 모두 아님
2025-08-19 12:34:16.830,2025-08-19 12:34:00.000,2025-08-19 12:36:22.397,,2025-08-19 17:41:37.883,,구로구,수궁동,양천구,신정3동,기타,0,0,특장차,뇌병,완료 및 취소 모두 아님
2025-08-19 15:18:53.823,2025-08-19 15:19:00.000,2025-08-19 17:27:22.513,,2025-08-19 17:39:42.083,,노원구,상계3.4동,중랑구,묵제1동,기타,0,0,특장차,지적,완료 및 취소 모두 아님
2025-08-22 12:28:59.000,2025-08-22 12:29:00.000,2025-08-22 12:29:22.917,,2025-08-22 14:39:25.557,,중랑구,면목제5동,중랑구,중화제2동,기타,0,0,특장차,지체,완료 및 취소 모두 아님
2025-08-22 12:46:47.000,2025-08-22 12:47:00.000,2025-08-22 12:49:41.647,,2025-08-22 14:39:29.447,,노원구,공릉1.3동,성북구,정릉제4동,기타,0,0,특장차,뇌병,완료 및 취소 모두 아님
2025-08-22 13:24:25.927,2025-08-22 13:24:25.927,2025-08-22 13:26:39.473,,2025-08-22 14:46:04.697,,용산구,남영동,용산구,후암동,기타,0,0,특장차,뇌병,완료 및 취소 모두 아님
2025-08-22 11:45:00.640,2025-08-22 13:50:00.000,2025-08-22 13:50:52.660,,2025-08-22 14:39:20.820,,강북구,인수동,노원구,상계6.7동,통학/출근,0,0,특장차,뇌병,완료 및 취소 모두 아님
2025-08-22 15:06:51.020,2025-08-22 15:07:00.000,2025-08-22 15:22:44.383,,2025-08-22 16:18:47.497,,강북구,번제2동,노원구,하계1동,기타,0,0,특장차,뇌병,완료 및 취소 모두 아님
2025-08-22 16:12:32.000,2025-08-22 16:13:00.000,2025-08-22 16:59:12.453,,2025-08-22 17:03:19.257,,노원구,상계6.7동,도봉구,방학제1동,귀가,0,0,특장차,지적,완료 및 취소 모두 아님
2025-08-26 09:03:17.000,2025-08-26 09:04:00.000,2025-08-26 09:37:57.930,,2025-08-26 10:21:14.787,,양천구,신정1동,양천구,신정6동,재활,0,0,특장차,뇌병,완료 및 취소 모두 아님
2025-08-26 10:09:10.000,2025-08-26 10:10:00.000,2025-08-26 10:40:57.677,,2025-08-26 11:20:50.403,,동대문구,휘경제2동,강동구,암사제1동,귀가,0,0,특장차,뇌병,완료 및 취소 모두 아님
2025-08-26 10:53:14.623,2025-08-26 10:53:00.000,2025-08-26 10:58:42.027,,2025-08-26 11:38:58.447,,성동구,사근동,성동구,왕십리도선동,기타,0,0,특장차,뇌병,완료 및 취소 모두 아님
2025-08-26 11:25:28.000,2025-08-26 11:26:00.000,2025-08-26 11:28:05.100,,2025-08-26 11:54:31.680,,강동구,천호제1동,강동구,강일동,기타,0,0,특장차,뇌병,완료 및 취소 모두 아님
2025-08-26 12:50:54.040,2025-08-26 12:51:00.000,2025-08-26 12:55:13.673,,2025-08-26 14:16:08.403,,성북구,삼선동,서대문구,신촌동,기타,0,0,특장차,뇌병,완료 및 취소 모두 아님
2025-08-26 14:41:42.593,2025-08-26 14:41:42.577,2025-08-26 15:19:42.357,,2025-08-26 18:31:33.510,,서대문구,연희동,서대문구,연희동,기타,0,0,특장차,뇌병,완료 및 취소 모두 아님
2025-08-28 11:46:01.000,2025-08-28 11:47:00.000,2025-08-28 11:52:30.433,,2025-08-28 13:25:36.533,,구로구,구로제2동,관악구,난향동,귀가,0,0,특장차,지체,완료 및 취소 모두 아님
2025-08-29 11:58:15.917,2025-08-29 11:58:00.000,2025-08-29 12:06:08.773,,2025-08-29 16:52:09.260,,광진구,자양제1동,광진구,중곡제3동,기타,0,0,특장차,지체,완료 및 취소 모두 아님
2025-08-29 12:14:10.313,2025-08-29 12:14:00.000,2025-08-29 12:16:13.710,,2025-08-29 13:26:01.377,,관악구,삼성동,동작구,상도제2동,기타,0,0,특장차,자폐,완료 및 취소 모두 아님
2025-08-29 12:32:06.010,2025-08-29 12:32:00.000,2025-08-29 12:58:43.910,,2025-08-29 13:42:01.280,,금천구,독산제1동,관악구,인헌동,기타,0,0,임차택시,뇌병,완료 및 취소 모두 아님
2025-08-29 15:19:05.000,2025-08-29 15:20:00.000,2025-08-29 17:03:23.063,,2025-08-29 17:49:37.647,,서초구,내곡동,강남구,역삼1동,귀가,0,0,특장차,자폐,완료 및 취소 모두 아님
2025-09-01 10:25:00.067,2025-09-01 12:30:00.000,2025-09-01 12:31:18.537,,2025-09-01 13:28:02.977,,구로구,수궁동,양천구,신정3동,치료,0,0,특장차,뇌병,완료 및 취소 모두 아님
2025-09-01 07:00:19.457,2025-09-02 07:00:00.000,2025-09-02 07:09:24.207,,2025-09-02 08:47:29.933,,양천구,신정1동,금천구,가산동,예약기타,0,0,특장차,뇌병,완료 및 취소 모두 아님
2025-09-02 09:59:46.000,2025-09-02 10:00:00.000,2025-09-02 10:14:22.463,,2025-09-02 10:50:45.507,,구로구,오류제2동,구로구,오류제1동,기타,0,0,특장차,지체,완료 및 취소 모두 아님
2025-09-02 14:43:38.000,2025-09-02 14:44:00.000,2025-09-02 15:04:22.467,,2025-09-02 19:16:15.410,,영등포구,당산제1동,영등포구,도림동,귀가,0,0,특장차,지적,완료 및 취소 모두 아님
2025-09-04 10:00:40.040,2025-09-04 10:01:00.000,2025-09-04 10:20:19.363,,2025-09-04 11:25:11.730,,동대문구,회기동,광진구,구의제2동,기타,0,0,특장차,지체,완료 및 취소 모두 아님
2025-09-04 15:02:29.553,2025-09-04 15:02:00.000,2025-09-04 16:32:04.977,,2025-09-04 17:23:09.100,,서대문구,신촌동,마포구,성산제2동,기타,0,0,특장차,지체,완료 및 취소 모두 아님
2025-09-04 16:49:10.500,2025-09-04 16:49:00.000,2025-09-04 17:30:40.837,,2025-09-04 17:56:25.810,,마포구,상암동,서대문구,남가좌제1동,기타,0,0,특장차,뇌병,완료 및 취소 모두 아님
2025-09-05 09:15:00.127,2025-09-05 11:20:00.000,2025-09-05 11:29:06.080,,2025-09-05 12:25:57.997,,영등포구,대림제3동,강서구,가양제3동,귀가,0,0,특장차,뇌병,완료 및 취소 모두 아님
2025-09-06 04:15:00.253,2025-09-06 06:20:00.000,2025-09-06 07:08:39.690,,2025-09-06 07:38:23.687,,노원구,월계3동,동대문구,청량리동,치료,0,0,특장차,신장,완료 및 취소 모두 아님
2025-09-06 09:05:24.663,2025-09-06 09:05:00.000,2025-09-06 09:20:40.700,,2025-09-06 10:18:39.810,,강북구,삼양동,강북구,번제3동,기타,0,0,특장차,지체,완료 및 취소 모두 아님
2025-09-06 19:57:50.990,2025-09-06 19:58:00.000,2025-09-06 20:00:06.557,,2025-09-06 20:16:19.647,,노원구,중계본동,노원구,중계2.3동,기타,0,0,특장차,지체,완료 및 취소 모두 아님
2025-09-06 23:17:56.970,2025-09-06 23:18:00.000,2025-09-06 23:56:25.290,,,,영등포구,신길제3동,관악구,은천동,기타,,0,특장차,뇌병,완료 및 취소 모두 아님
2025-09-08 12:07:42.000,2025-09-08 12:08:00.000,2025-09-08 12:17:00.327,,2025-09-08 13:22:29.390,,종로구,사직동,금천구,독산제3동,기타,0,0,특장차,뇌병,완료 및 취소 모두 아님
2025-09-08 13:16:08.837,2025-09-08 13:16:08.837,2025-09-08 13:22:18.547,,2025-09-08 14:12:14.767,,양천구,신정3동,서대문구,신촌동,기타,3100,13864,특장차,뇌병,완료 및 취소 모두 아님
2025-09-09 04:55:00.497,2025-09-09 07:00:00.000,2025-09-09 07:03:40.523,,2025-09-09 10:16:58.863,,금천구,시흥제2동,용산구,남영동,통학/출근,0,0,임차택시,뇌병,완료 및 취소 모두 아님
2025-09-09 13:05:00.973,2025-09-09 15:10:00.000,2025-09-09 15:11:39.640,,2025-09-09 15:31:34.780,,영등포구,도림동,영등포구,영등포본동,치료,0,0,특장차,자폐,완료 및 취소 모두 아님
2025-09-09 15:09:49.000,2025-09-09 15:10:00.000,2025-09-09 15:11:13.687,,2025-09-09 15:57:45.803,,구로구,구로제2동,광명시,광명5동,기타,0,0,특장차,뇌병,완료 및 취소 모두 아님
2025-09-09 15:30:11.000,2025-09-09 15:31:00.000,2025-09-09 15:34:43.347,,2025-09-09 17:41:20.313,,영등포구,영등포본동,영등포구,신길제6동,기타,0,0,특장차,자폐,완료 및 취소 모두 아님
2025-09-09 16:13:45.683,2025-09-09 16:13:45.683,2025-09-09 17:09:01.037,2025-09-09 17:34:19.547,,,관악구,보라매동,구로구,구로제2동,기타,,0,특장차,지체,완료 및 취소 모두 아님
2025-09-10 12:07:43.000,2025-09-10 12:08:00.000,2025-09-10 12:16:14.750,,2025-09-10 13:28:59.970,,영등포구,당산제1동,광진구,자양제2동,치료,0,0,특장차,지체,완료 및 취소 모두 아님
2025-09-11 12:09:35.000,2025-09-11 12:10:00.000,2025-09-11 12:12:40.803,,2025-09-11 12:53:41.237,,금천구,시흥제1동,관악구,미성동,기타,0,0,특장차,뇌병,완료 및 취소 모두 아님
2025-09-12 12:41:42.733,2025-09-12 12:41:42.733,,,,,송파구,문정2동,송파구,풍납2동,기타,,0,특장차,신장,완료 및 취소 모두 아님
2025-09-12 13:52:41.000,2025-09-12 13:53:00.000,2025-09-12 13:55:29.970,,,,영등포구,양평제2동,부천시원미구,춘의동,기타,,0,특장차,뇌병,완료 및 취소 모두 아님
2025-09-12 14:50:37.070,2025-09-12 14:50:37.070,2025-09-12 15:01:29.833,,2025-09-12 15:36:25.210,,양천구,신정3동,구로구,개봉제3동,기타,1500,4956,특장차,뇌병,완료 및 취소 모두 아님
2025-09-13 17:19:30.673,2025-09-13 17:19:30.673,2025-09-13 17:39:53.580,2025-09-13 18:02:24.263,,,강동구,둔촌제1동,성남시분당구,야탑1동,기타,,0,특장차,뇌병,완료 및 취소 모두 아님
2025-09-15 14:53:22.000,2025-09-15 14:54:00.000,2025-09-15 15:02:40.123,,2025-09-15 16:03:41.413,,노원구,하계1동,송파구,장지동,기타,0,0,임차택시,지적,완료 및 취소 모두 아님
2025-09-15 15:59:31.160,2025-09-15 16:00:00.000,2025-09-15 16:54:21.307,,2025-09-15 17:48:44.980,,영등포구,양평제1동,서대문구,홍은제2동,기타,0,0,특장차,뇌병,완료 및 취소 모두 아님
2025-09-15 16:36:14.607,2025-09-15 16:36:14.607,2025-09-15 17:50:28.857,,2025-09-15 20:29:47.470,,서대문구,신촌동,양천구,목1동,기타,0,0,특장차,지적,완료 및 취소 모두 아님
2025-09-15 22:13:21.653,2025-09-15 22:13:00.000,2025-09-15 22:39:37.227,,2025-09-15 23:34:21.280,,송파구,오금동,광진구,구의제2동,기타,0,0,특장차,지체,완료 및 취소 모두 아님
2025-09-15 23:43:34.987,2025-09-15 23:43:34.987,2025-09-15 23:45:06.897,,2025-09-16 00:19:22.287,,동대문구,이문제1동,성북구,석관동,기타,0,0,특장차,지체,완료 및 취소 모두 아님
2025-09-16 14:38:07.000,2025-09-16 14:39:00.000,2025-09-16 14:39:53.013,,2025-09-16 21:00:35.703,,서초구,서초1동,서초구,방배4동,기타,0,0,특장차,지체,완료 및 취소 모두 아님
2025-09-17 11:30:30.250,2025-09-17 11:31:00.000,2025-09-17 12:00:36.910,,2025-09-17 12:42:31.913,,양천구,목5동,서대문구,북아현동,기타,0,0,특장차,뇌병,완료 및 취소 모두 아님
2025-09-17 11:49:28.227,2025-09-17 11:49:28.227,2025-09-17 12:06:30.060,2025-09-17 12:30:57.800,,,중구,회현동,은평구,응암제2동,기타,,0,특장차,뇌병,완료 및 취소 모두 아님
2025-09-17 14:24:40.000,2025-09-17 14:25:00.000,2025-09-17 14:40:36.727,,2025-09-17 19:15:20.630,,구로구,구로제2동,양천구,신정3동,기타,0,0,특장차,지체,완료 및 취소 모두 아님
2025-09-17 14:34:42.343,2025-09-17 14:35:00.000,2025-09-17 14:49:05.113,,2025-09-17 15:25:03.050,,강북구,우이동,도봉구,쌍문제2동,기타,0,0,특장차,뇌병,완료 및 취소 모두 아님
2025-09-19 15:26:14.000,2025-09-19 15:27:00.000,2025-09-19 16:58:23.327,,2025-09-19 18:08:34.283,,송파구,잠실2동,강동구,고덕제2동,기타,0,0,특장차,지체,완료 및 취소 모두 아님
2025-09-21 07:31:05.000,2025-09-21 07:32:00.000,2025-09-21 07:49:39.330,,2025-09-21 08:33:44.247,,노원구,하계1동,노원구,공릉1.3동,기타,0,0,특장차,뇌병,완료 및 취소 모두 아님
2025-09-21 17:38:15.000,2025-09-21 17:39:00.000,2025-09-21 17:42:16.613,,2025-09-21 18:13:36.770,,마포구,서교동,양천구,신월2동,기타,0,0,특장차,지체,완료 및 취소 모두 아님
2025-09-22 21:10:16.000,2025-09-22 21:11:00.000,2025-09-22 21:26:47.510,,2025-09-22 22:30:26.523,,양천구,목3동,강서구,방화제2동,기타,0,0,특장차,뇌병,완료 및 취소 모두 아님
2025-09-23 14:57:04.000,2025-09-23 14:58:00.000,2025-09-23 15:58:51.113,,2025-09-23 18:06:17.697,,강북구,우이동,강서구,방화제3동,기타,0,0,특장차,국가,완료 및 취소 모두 아님
2025-09-24 09:55:00.870,2025-09-24 12:00:00.000,2025-09-24 12:08:47.980,,2025-09-24 12:44:25.460,,성동구,성수1가제2동,성동구,행당제1동,치료,0,0,특장차,신장,완료 및 취소 모두 아님
2025-09-24 14:10:50.377,2025-09-24 14:11:00.000,2025-09-24 14:34:52.360,,2025-09-24 15:34:27.143,,은평구,증산동,서대문구,홍제제3동,기타,0,0,특장차,뇌병,완료 및 취소 모두 아님
2025-09-24 15:12:59.000,2025-09-24 15:14:00.000,2025-09-24 16:12:25.560,,2025-09-24 16:44:39.570,,강동구,길동,강동구,성내제2동,기타,0,0,특장차,신장,완료 및 취소 모두 아님
2025-09-27 09:12:21.000,2025-09-27 09:13:00.000,2025-09-27 09:19:29.350,,2025-09-27 10:04:55.110,,노원구,상계5동,노원구,상계8동,기타,0,0,특장차,지체,완료 및 취소 모두 아님
2025-09-28 07:01:36.173,2025-09-29 07:00:00.000,2025-09-29 07:09:09.137,,2025-09-29 08:12:42.170,,강북구,우이동,노원구,상계6.7동,예약기타,0,0,특장차,뇌병,완료 및 취소 모두 아님
2025-09-30 04:55:00.337,2025-09-30 07:00:00.000,2025-09-30 07:10:05.757,,2025-09-30 08:23:25.567,,노원구,상계1동,도봉구,쌍문제4동,통학/출근,0,0,특장차,지체,완료 및 취소 모두 아님
2025-09-30 13:32:29.463,2025-09-30 13:32:00.000,2025-09-30 13:37:04.283,,2025-09-30 14:33:35.960,,마포구,성산제2동,강서구,방화제1동,기타,0,0,특장차,뇌병,완료 및 취소 모두 아님
2025-09-30 13:15:00.800,2025-09-30 15:20:00.000,2025-09-30 16:45:16.883,,2025-09-30 17:53:14.843,,종로구,종로1.2.3.4가동,종로구,창신제2동,귀가,0,0,임차택시,지적,완료 및 취소 모두 아님
2025-10-01 07:17:08.877,2025-10-01 07:17:00.000,2025-10-01 07:26:24.443,,2025-10-01 08:35:02.470,,동대문구,청량리동,노원구,하계1동,기타,0,0,특장차,뇌병,완료 및 취소 모두 아님
2025-10-01 07:56:47.343,2025-10-01 07:57:00.000,2025-10-01 08:47:12.753,,2025-10-01 09:27:54.063,,노원구,월계2동,노원구,하계1동,기타,0,0,특장차,뇌병,완료 및 취소 모두 아님
2025-10-01 14:03:58.393,2025-10-01 14:03:58.393,2025-10-01 14:09:55.057,,2025-10-01 15:15:50.563,,종로구,이화동,동대문구,신설동,기타,0,0,특장차,뇌병,완료 및 취소 모두 아님
2025-10-01 14:07:33.010,2025-10-01 14:08:00.000,2025-10-01 15:25:17.930,,2025-10-01 16:04:17.393,,관악구,조원동,관악구,미성동,기타,0,0,특장차,지체,완료 및 취소 모두 아님
2025-10-02 07:36:34.163,2025-10-02 07:37:00.000,2025-10-02 08:02:10.777,,2025-10-02 08:55:36.067,,영등포구,대림제3동,동작구,신대방제2동,기타,0,0,특장차,지체,완료 및 취소 모두 아님
2025-10-02 11:00:42.363,2025-10-02 11:00:42.363,2025-10-02 11:06:07.163,,,,마포구,연남동,마포구,서교동,기타,,0,특장차,지체,완료 및 취소 모두 아님
2025-10-02 12:26:53.730,2025-10-02 12:27:00.000,2025-10-02 12:27:57.453,,2025-10-02 13:46:34.650,,광진구,구의제3동,광진구,구의제1동,기타,0,0,특장차,자폐,완료 및 취소 모두 아님
2025-10-03 13:47:39.937,2025-10-03 13:48:00.000,2025-10-03 13:54:33.420,,2025-10-03 15:03:19.930,,강서구,가양제2동,고양시덕양구,고양동,기타,0,0,특장차,뇌병,완료 및 취소 모두 아님
2025-10-05 11:38:10.663,2025-10-05 11:38:00.000,2025-10-05 12:07:37.467,,2025-10-05 13:07:23.737,,강동구,성내제2동,강동구,상일동,기타,0,0,특장차,지체,완료 및 취소 모두 아님
2025-10-05 12:32:57.000,2025-10-05 12:33:00.000,2025-10-05 12:41:27.957,,2025-10-05 13:36:32.987,,성동구,성수2가제3동,고양시덕양구,행신2동,기타,0,0,특장차,지체,완료 및 취소 모두 아님
2025-10-06 18:09:54.790,2025-10-06 18:10:00.000,2025-10-06 19:05:46.003,,2025-10-06 20:01:44.030,,동작구,노량진제2동,관악구,은천동,기타,0,0,특장차,뇌병,완료 및 취소 모두 아님
2025-10-13 11:59:50.990,2025-10-13 12:00:00.000,2025-10-13 12:08:47.193,,2025-10-13 13:50:01.993,,송파구,거여2동,송파구,오금동,기타,0,0,특장차,지체,완료 및 취소 모두 아님
2025-10-13 17:58:51.657,2025-10-13 17:59:00.000,2025-10-13 18:09:20.550,,2025-10-13 21:41:04.070,,광진구,광장동,광진구,구의제2동,기타,0,0,특장차,뇌병,완료 및 취소 모두 아님
2025-10-14 16:20:40.300,2025-10-14 16:21:00.000,2025-10-14 16:51:30.690,,2025-10-14 22:34:51.687,,양천구,신정3동,양천구,목1동,기타,0,0,특장차,지체,완료 및 취소 모두 아님
2025-10-14 19:23:06.637,2025-10-14 19:23:00.000,2025-10-14 19:37:38.867,,2025-10-14 20:20:37.113,,강서구,방화제1동,강서구,가양제1동,기타,0,0,특장차,지체,완료 및 취소 모두 아님
2025-10-14 07:00:21.687,2025-10-15 07:00:00.000,2025-10-15 07:09:11.743,,2025-10-15 08:40:53.103,,구로구,오류제2동,구로구,구로제2동,예약기타,0,0,특장차,지체,완료 및 취소 모두 아님
2025-10-15 10:03:22.237,2025-10-15 10:03:00.000,2025-10-15 10:07:35.850,,2025-10-15 10:55:39.953,,서대문구,북가좌제2동,서대문구,신촌동,기타,0,0,특장차,뇌병,완료 및 취소 모두 아님
2025-10-15 10:58:34.270,2025-10-15 10:59:00.000,2025-10-15 11:02:47.060,,2025-10-15 11:38:58.370,,서대문구,신촌동,고양시덕양구,흥도동,기타,0,0,특장차,뇌병,완료 및 취소 모두 아님
2025-10-15 12:07:07.147,2025-10-15 12:07:00.000,2025-10-15 12:16:39.983,,2025-10-15 12:47:04.410,,송파구,풍납1동,송파구,석촌동,기타,0,0,특장차,지체,완료 및 취소 모두 아님
2025-10-15 15:48:04.000,2025-10-15 15:49:00.000,2025-10-15 17:12:03.967,,2025-10-15 17:48:57.650,,용산구,후암동,성북구,장위제1동,기타,0,0,특장차,뇌병,완료 및 취소 모두 아님
2025-10-15 16:30:52.370,2025-10-15 16:31:00.000,2025-10-15 17:11:55.247,,2025-10-15 17:50:17.907,,노원구,중계2.3동,노원구,하계1동,기타,0,0,특장차,자폐,완료 및 취소 모두 아님
2025-10-15 07:44:17.000,2025-10-16 07:00:00.000,2025-10-16 07:05:14.820,,2025-10-16 12:08:34.827,,노원구,상계10동,과천시,중앙동,예약기타,0,0,특장차,지체,완료 및 취소 모두 아님
2025-10-16 09:40:37.000,2025-10-16 09:41:00.000,2025-10-16 09:43:32.300,,2025-10-16 12:08:39.123,,관악구,남현동,동작구,흑석동,기타,0,0,특장차,지체,완료 및 취소 모두 아님
2025-10-16 15:58:07.003,2025-10-16 15:58:00.000,2025-10-16 16:09:07.680,,2025-10-16 20:55:11.430,,구로구,오류제2동,구로구,오류제2동,기타,0,0,특장차,지체,완료 및 취소 모두 아님
2025-10-17 04:55:00.910,2025-10-17 07:00:00.000,2025-10-17 07:02:24.450,,2025-10-17 09:21:47.030,,금천구,시흥제4동,용산구,남영동,통학/출근,0,0,임차택시,뇌병,완료 및 취소 모두 아님
2025-10-17 07:34:20.203,2025-10-17 07:34:00.000,2025-10-17 07:48:18.517,,2025-10-17 08:32:20.153,,동대문구,장안제4동,노원구,하계1동,기타,0,0,특장차,뇌병,완료 및 취소 모두 아님
2025-10-17 08:12:48.000,2025-10-17 08:13:00.000,2025-10-17 08:48:34.157,,2025-10-17 09:36:37.837,,노원구,하계1동,노원구,상계6.7동,치료,0,0,특장차,뇌병,완료 및 취소 모두 아님
2025-10-16 07:07:11.000,2025-10-17 13:01:00.000,2025-10-17 13:04:46.927,,2025-10-17 15:02:53.737,,양천구,신월6동,계양구,계산1동,예약광역,0,0,특장차,뇌병,완료 및 취소 모두 아님
2025-10-17 16:16:54.817,2025-10-17 16:17:00.000,2025-10-17 18:34:48.813,,2025-10-17 21:48:03.470,,서초구,양재2동,중랑구,면목제3.8동,기타,0,0,특장차,지체,완료 및 취소 모두 아님
2025-10-18 12:37:51.770,2025-10-18 12:38:00.000,2025-10-18 12:48:21.243,,2025-10-18 13:38:23.987,,은평구,응암제1동,은평구,진관동,기타,0,0,특장차,뇌병,완료 및 취소 모두 아님
2025-10-19 17:31:16.313,2025-10-19 17:31:16.313,2025-10-19 19:06:52.997,,2025-10-19 19:49:48.097,,동대문구,전농제2동,동대문구,제기제2동,기타,0,0,특장차,뇌병,완료 및 취소 모두 아님
2025-10-20 11:57:52.017,2025-10-20 11:58:00.000,2025-10-20 12:04:51.040,,2025-10-20 13:04:47.640,,서초구,반포4동,성동구,왕십리도선동,기타,0,0,특장차,지체,완료 및 취소 모두 아님
2025-10-20 10:09:25.000,2025-10-20 12:05:00.000,2025-10-20 11:37:00.853,,2025-10-20 12:00:48.677,,하남시,신장1동,강동구,강일동,기타,0,0,특장차,뇌병,완료 및 취소 모두 아님
2025-10-20 12:53:47.000,2025-10-20 12:54:00.000,2025-10-20 12:54:41.093,,2025-10-20 13:43:01.910,,은평구,구산동,서대문구,홍은제2동,기타,0,0,특장차,뇌병,완료 및 취소 모두 아님
2025-10-20 14:37:27.000,2025-10-20 14:38:00.000,2025-10-20 14:48:12.903,,2025-10-20 15:14:15.850,,은평구,진관동,은평구,불광제2동,귀가,0,0,특장차,뇌병,완료 및 취소 모두 아님
2025-10-20 15:41:53.000,2025-10-20 15:42:00.000,2025-10-20 16:04:19.207,,2025-10-20 16:33:47.943,,용산구,이촌제1동,용산구,이촌제1동,귀가,0,0,특장차,신장,완료 및 취소 모두 아님
2025-10-21 13:59:07.273,2025-10-21 13:59:00.000,2025-10-21 14:12:07.023,,2025-10-21 14:56:31.157,,노원구,공릉2동,노원구,공릉2동,기타,0,0,특장차,뇌병,완료 및 취소 모두 아님
2025-10-22 05:31:56.000,2025-10-22 07:00:00.000,2025-10-22 07:10:53.113,,2025-10-22 07:34:11.680,,성북구,안암동,동대문구,청량리동,기타,0,0,특장차,신장,완료 및 취소 모두 아님
2025-10-22 12:53:28.000,2025-10-22 12:54:00.000,2025-10-22 13:34:59.113,,2025-10-22 14:16:51.057,,마포구,성산제2동,종로구,교남동,기타,0,0,특장차,뇌병,완료 및 취소 모두 아님
2025-10-22 07:00:19.970,2025-10-23 07:00:00.000,2025-10-23 07:39:27.780,,2025-10-23 08:51:59.417,,강북구,미아동,마포구,상암동,예약기타,0,0,특장차,뇌병,완료 및 취소 모두 아님
2025-10-23 10:21:43.507,2025-10-23 10:22:00.000,2025-10-23 10:35:08.140,,2025-10-23 11:36:54.313,,영등포구,양평제2동,영등포구,영등포동,기타,0,0,특장차,지적,완료 및 취소 모두 아님
2025-10-23 14:50:40.000,2025-10-23 14:51:00.000,2025-10-23 14:56:20.010,,2025-10-23 18:02:22.760,,노원구,하계1동,노원구,중계2.3동,기타,0,0,특장차,뇌병,완료 및 취소 모두 아님
2025-10-23 17:40:15.000,2025-10-23 17:41:00.000,2025-10-23 18:38:55.353,,2025-10-23 19:34:15.483,,중랑구,면목제5동,중랑구,상봉제1동,기타,0,0,특장차,뇌병,완료 및 취소 모두 아님
2025-10-23 20:46:07.000,2025-10-23 20:47:00.000,2025-10-23 21:01:35.360,,2025-10-23 23:20:49.723,,노원구,상계3.4동,노원구,중계2.3동,기타,0,0,특장차,지체,완료 및 취소 모두 아님
2025-10-24 15:38:43.500,2025-10-24 15:39:00.000,2025-10-24 16:16:19.560,,2025-10-24 19:59:04.727,,강북구,수유제3동,강북구,미아동,기타,0,0,특장차,지적,완료 및 취소 모두 아님
2025-10-24 16:52:26.647,2025-10-24 16:52:00.000,2025-10-24 17:28:54.340,,2025-10-24 18:10:47.537,,송파구,풍납2동,강동구,성내제2동,기타,0,0,임차택시,지체,완료 및 취소 모두 아님
2025-10-24 16:58:48.170,2025-10-24 16:59:00.000,2025-10-24 17:29:12.747,,2025-10-24 19:58:08.943,,강북구,번제2동,노원구,상계10동,기타,0,0,특장차,지체,완료 및 취소 모두 아님
2025-10-26 23:50:42.717,2025-10-26 23:51:00.000,2025-10-26 23:51:57.947,,2025-10-27 00:15:34.310,,동작구,신대방제1동,동작구,상도제3동,기타,0,0,특장차,지체,완료 및 취소 모두 아님
2025-10-27 12:22:38.380,2025-10-27 12:23:00.000,2025-10-27 12:24:59.613,,2025-10-27 14:09:56.387,,노원구,상계6.7동,도봉구,도봉제2동,기타,0,0,특장차,뇌병,완료 및 취소 모두 아님
2025-10-27 15:03:30.000,2025-10-27 15:04:00.000,2025-10-27 15:06:57.720,,2025-10-27 20:08:45.063,,중랑구,신내1동,동대문구,이문제3동,기타,0,0,특장차,지체,완료 및 취소 모두 아님
2025-10-28 06:32:51.163,2025-10-28 06:33:00.000,2025-10-28 06:46:40.257,,2025-10-28 07:24:25.113,,중랑구,면목제4동,중랑구,면목제3.8동,기타,0,0,특장차,신장,완료 및 취소 모두 아님
2025-10-29 15:34:52.797,2025-10-29 15:35:00.000,2025-10-29 16:09:45.247,,2025-10-29 17:19:27.533,,강북구,번제3동,성동구,금호1가동,기타,0,0,특장차,뇌병,완료 및 취소 모두 아님
2025-10-29 15:41:27.800,2025-10-29 15:41:00.000,2025-10-29 16:11:48.907,,2025-10-29 17:56:04.387,,광진구,중곡제3동,강동구,천호제3동,기타,0,0,특장차,뇌병,완료 및 취소 모두 아님
2025-10-29 17:55:11.777,2025-10-29 17:55:00.000,2025-10-29 18:06:25.053,,2025-10-29 18:52:33.077,,중랑구,신내1동,중랑구,신내1동,기타,0,0,특장차,지체,완료 및 취소 모두 아님
2025-10-30 14:00:16.930,2025-10-30 14:00:00.000,2025-10-30 14:15:21.000,2025-10-30 14:29:21.000,,,송파구,잠실3동,양천구,신월4동,기타,,0,특장차,지체,완료 및 취소 모두 아님
2025-10-30 16:39:49.533,2025-10-30 16:40:00.000,2025-10-30 17:45:54.157,,2025-10-30 19:05:36.640,,강남구,삼성2동,강남구,일원본동,기타,0,0,특장차,뇌병,완료 및 취소 모두 아님
2025-10-30 18:20:17.000,2025-10-30 18:21:00.000,2025-10-30 19:01:20.637,,2025-10-30 20:17:59.590,,광진구,자양제3동,강서구,등촌제3동,기타,0,0,특장차,지체,완료 및 취소 모두 아님
2025-10-31 11:47:45.000,2025-10-31 11:48:00.000,,,,,종로구,명륜3가동,종로구,삼청동,기타,,0,특장차,뇌병,완료 및 취소 모두 아님
2025-10-31 11:48:55.027,2025-10-31 11:49:00.000,2025-10-31 12:39:45.000,,2025-10-31 13:29:44.277,,관악구,은천동,중구,소공동,기타,0,0,특장차,지체,완료 및 취소 모두 아님
2025-10-31 12:24:20.000,2025-10-31 12:25:00.000,2025-10-31 12:25:31.983,,2025-10-31 13:40:49.773,,강북구,우이동,성남시분당구,야탑3동,기타,0,0,특장차,지체,완료 및 취소 모두 아님
2025-10-31 18:22:20.000,2025-10-31 18:23:00.000,2025-10-31 18:24:06.520,,2025-10-31 18:36:11.933,,서초구,반포3동,강남구,신사동,기타,0,0,특장차,지체,완료 및 취소 모두 아님
2025-10-31 23:04:26.000,2025-10-31 23:05:00.000,2025-11-01 00:08:13.780,,2025-11-01 01:29:50.430,,강서구,공항동,노원구,중계2.3동,기타,0,0,특장차,지체,완료 및 취소 모두 아님
2025-11-03 03:55:00.383,2025-11-03 06:00:00.000,2025-11-03 06:03:47.927,,2025-11-03 06:41:06.587,,금천구,독산제3동,영등포구,대림제1동,치료,0,0,특장차,신장,완료 및 취소 모두 아님
2025-11-03 09:53:55.000,2025-11-03 09:54:00.000,2025-11-03 10:15:55.840,,2025-11-03 11:21:03.067,,구로구,고척제2동,강서구,등촌제3동,기타,0,0,특장차,뇌병,완료 및 취소 모두 아님
2025-11-03 10:46:49.597,2025-11-03 10:47:00.000,2025-11-03 10:57:04.083,,2025-11-03 11:37:01.650,,노원구,하계1동,노원구,상계6.7동,기타,0,0,특장차,뇌병,완료 및 취소 모두 아님
2025-11-03 11:43:20.003,2025-11-03 11:43:00.000,2025-11-03 11:44:33.710,,2025-11-03 12:35:04.213,,양천구,신월1동,구로구,오류제2동,기타,0,0,특장차,지체,완료 및 취소 모두 아님
2025-11-03 12:38:54.610,2025-11-03 12:39:00.000,2025-11-03 13:06:15.123,,2025-11-03 14:25:29.450,,구로구,오류제2동,중구,회현동,기타,0,0,특장차,지적,완료 및 취소 모두 아님
2025-11-03 14:39:31.000,2025-11-03 14:40:00.000,2025-11-03 16:14:09.210,,2025-11-03 22:41:57.993,,서대문구,홍은제1동,서대문구,홍제제1동,귀가,0,0,특장차,지체,완료 및 취소 모두 아님
2025-11-03 07:21:46.000,2025-11-04 07:00:00.000,2025-11-04 07:52:50.623,,2025-11-04 10:25:06.163,,금천구,독산제1동,강동구,상일동,예약치료,0,0,특장차,지체,완료 및 취소 모두 아님
2025-11-04 07:47:23.470,2025-11-04 07:47:00.000,2025-11-04 08:10:07.593,,2025-11-04 09:14:23.567,,마포구,공덕동,동작구,상도제1동,기타,0,0,특장차,뇌병,완료 및 취소 모두 아님
2025-11-04 08:21:21.787,2025-11-04 08:21:00.000,2025-11-04 09:18:41.477,,2025-11-04 10:24:49.193,,강동구,명일제2동,성북구,돈암제1동,기타,0,0,특장차,신장,완료 및 취소 모두 아님
2025-11-04 08:34:45.000,2025-11-04 08:35:00.000,2025-11-04 09:18:30.430,,2025-11-04 09:52:57.390,,동작구,노량진제2동,동작구,흑석동,기타,0,0,특장차,뇌병,완료 및 취소 모두 아님
2025-11-04 12:00:52.900,2025-11-04 12:01:00.000,2025-11-04 12:11:14.767,,2025-11-04 12:41:01.570,,영등포구,영등포동,양천구,목2동,기타,0,0,특장차,지체,완료 및 취소 모두 아님
2025-11-04 10:55:01.387,2025-11-04 13:00:00.000,2025-11-04 13:09:53.117,,2025-11-04 13:43:57.253,,구로구,구로제5동,영등포구,대림제3동,치료,0,0,특장차,뇌병,완료 및 취소 모두 아님
2025-11-04 14:06:57.083,2025-11-04 14:07:00.000,2025-11-04 14:08:59.070,,2025-11-04 15:31:14.373,,관악구,보라매동,관악구,성현동,기타,0,0,특장차,지적,완료 및 취소 모두 아님
2025-11-05 03:35:00.933,2025-11-05 05:40:00.000,2025-11-05 06:01:09.377,,2025-11-05 07:06:29.977,,양천구,신월7동,양천구,신정3동,치료,0,0,특장차,뇌병,완료 및 취소 모두 아님
2025-11-07 05:39:43.200,2025-11-07 05:40:00.000,2025-11-07 06:01:29.713,,2025-11-07 06:36:26.393,,강서구,가양제2동,강서구,등촌제1동,기타,0,0,특장차,신장,완료 및 취소 모두 아님
2025-11-07 14:22:48.160,2025-11-07 14:23:00.000,2025-11-07 14:48:49.650,,2025-11-07 15:35:50.480,,서대문구,연희동,서대문구,신촌동,기타,0,0,특장차,뇌병,완료 및 취소 모두 아님
2025-11-09 23:58:24.000,2025-11-09 23:59:00.000,2025-11-10 00:01:36.613,,2025-11-10 01:09:10.743,,서대문구,신촌동,마포구,서강동,기타,0,0,특장차,뇌병,완료 및 취소 모두 아님
2025-11-10 16:22:17.047,2025-11-10 18:56:00.000,2025-11-10 18:57:14.003,,2025-11-10 20:04:24.517,,서초구,방배4동,서초구,방배4동,기타,0,0,특장차,뇌병,완료 및 취소 모두 아님
2025-11-11 10:41:37.000,2025-11-11 10:42:00.000,2025-11-11 10:46:23.237,,2025-11-11 13:56:19.613,,동작구,대방동,동작구,상도제3동,귀가,0,0,특장차,뇌병,완료 및 취소 모두 아님
2025-11-11 13:14:28.993,2025-11-11 13:14:00.000,2025-11-11 13:18:41.297,,2025-11-11 15:40:16.093,,서대문구,홍은제1동,서대문구,홍은제1동,기타,0,0,특장차,뇌병,완료 및 취소 모두 아님
2025-11-12 12:59:58.000,2025-11-12 13:00:00.000,2025-11-12 13:08:40.100,,2025-11-12 13:57:03.680,,양천구,신정2동,양천구,신정3동,기타,0,0,특장차,뇌병,완료 및 취소 모두 아님
2025-11-12 14:13:01.000,2025-11-12 14:13:00.000,2025-11-12 14:19:58.937,,2025-11-12 14:50:39.273,,구로구,구로제3동,금천구,독산제2동,기타,0,0,임차택시,지체,완료 및 취소 모두 아님
2025-11-12 17:13:33.990,2025-11-12 17:14:00.000,2025-11-12 17:29:07.503,,2025-11-12 18:18:22.470,,강서구,가양제1동,강서구,방화제2동,기타,0,0,특장차,뇌병,완료 및 취소 모두 아님
2025-11-13 07:30:42.227,2025-11-13 07:30:42.227,2025-11-13 08:02:40.400,,2025-11-13 11:17:28.210,,성동구,성수2가제1동,강남구,삼성1동,기타,0,0,특장차,자폐,완료 및 취소 모두 아님
2025-11-13 14:06:38.390,2025-11-13 14:07:00.000,2025-11-13 14:12:06.393,,2025-11-13 15:09:00.580,,동작구,신대방제2동,동작구,사당제5동,기타,0,0,임차택시,자폐,완료 및 취소 모두 아님
2025-11-13 14:26:51.350,2025-11-13 14:27:00.000,2025-11-13 15:10:53.190,,2025-11-13 15:54:01.977,,관악구,서림동,관악구,보라매동,기타,0,0,임차택시,자폐,완료 및 취소 모두 아님
2025-11-13 15:30:14.680,2025-11-13 15:30:00.000,2025-11-13 16:08:19.553,,2025-11-13 17:04:58.743,,동작구,흑석동,양천구,신정4동,기타,0,0,특장차,지체,완료 및 취소 모두 아님
2025-11-13 15:55:06.103,2025-11-13 15:55:00.000,2025-11-13 17:05:54.133,,2025-11-13 18:02:25.553,,강서구,화곡제6동,강서구,공항동,기타,0,0,특장차,지체,완료 및 취소 모두 아님
2025-11-13 17:49:55.203,2025-11-13 17:50:00.000,2025-11-13 18:01:07.467,,2025-11-13 20:07:01.353,,양천구,신정4동,동대문구,답십리제1동,기타,0,0,특장차,자폐,완료 및 취소 모두 아님
2025-11-13 19:19:11.377,2025-11-13 19:19:00.000,2025-11-13 19:26:37.560,,2025-11-13 20:24:58.887,,강동구,길동,성북구,정릉제3동,기타,0,0,특장차,지체,완료 및 취소 모두 아님
2025-11-13 23:30:13.883,2025-11-13 23:30:00.000,2025-11-13 23:34:41.067,,2025-11-14 00:39:46.907,,서초구,양재2동,서대문구,충현동,기타,0,0,특장차,뇌병,완료 및 취소 모두 아님
2025-11-14 09:32:53.943,2025-11-14 09:33:00.000,2025-11-14 10:04:41.063,,2025-11-14 10:55:44.520,,은평구,역촌동,마포구,성산제2동,기타,0,0,특장차,뇌병,완료 및 취소 모두 아님
2025-11-14 09:41:18.000,2025-11-14 09:42:00.000,2025-11-14 09:48:41.223,,2025-11-14 10:41:20.790,,송파구,장지동,송파구,오금동,기타,0,0,특장차,뇌병,완료 및 취소 모두 아님
2025-11-16 16:55:22.150,2025-11-16 16:55:00.000,2025-11-16 17:34:57.753,,2025-11-16 18:11:07.423,,은평구,역촌동,은평구,신사제1동,기타,0,0,특장차,뇌병,완료 및 취소 모두 아님
2025-11-18 15:55:40.570,2025-11-18 15:56:00.000,2025-11-18 16:06:45.070,,2025-11-18 16:43:37.417,,노원구,중계1동,노원구,하계1동,기타,0,0,특장차,뇌병,완료 및 취소 모두 아님
2025-11-20 10:59:59.000,2025-11-20 11:01:00.000,2025-11-20 11:07:00.193,,2025-11-20 19:39:14.193,,중랑구,상봉제1동,중랑구,상봉제2동,기타,0,0,특장차,뇌병,완료 및 취소 모두 아님
2025-11-20 11:06:56.000,2025-11-20 11:07:00.000,2025-11-20 11:10:20.743,,2025-11-20 19:39:34.760,,관악구,보라매동,관악구,청림동,기타,0,0,특장차,뇌병,완료 및 취소 모두 아님
2025-11-20 12:05:24.000,2025-11-20 12:06:00.000,2025-11-20 12:06:48.423,,2025-11-20 19:40:35.787,,관악구,행운동,동작구,신대방제2동,기타,0,0,특장차,뇌병,완료 및 취소 모두 아님
2025-11-21 17:34:05.063,2025-11-21 17:34:00.000,2025-11-21 17:37:04.670,,2025-11-21 18:32:44.600,,관악구,청룡동,금천구,독산제3동,기타,0,0,임차택시,뇌병,완료 및 취소 모두 아님
2025-11-22 13:27:38.883,2025-11-22 13:27:38.883,2025-11-22 13:40:14.660,2025-11-22 13:57:09.433,,,마포구,성산제2동,구로구,오류제2동,기타,,0,특장차,뇌병,완료 및 취소 모두 아님
2025-11-24 14:58:32.000,2025-11-24 14:59:00.000,2025-11-24 16:08:37.907,,2025-11-24 19:47:10.747,,서대문구,신촌동,양천구,신정3동,재활,0,0,특장차,뇌병,완료 및 취소 모두 아님
2025-11-24 13:15:00.663,2025-11-24 15:20:00.000,2025-11-24 15:24:08.270,,2025-11-24 16:04:52.620,,성북구,동선동,성북구,보문동,귀가,0,0,임차택시,뇌병,완료 및 취소 모두 아님
2025-11-24 15:30:57.000,2025-11-24 15:31:00.000,2025-11-24 16:04:12.493,,2025-11-24 16:56:51.167,,강남구,일원1동,강남구,개포2동,치료,0,0,특장차,뇌병,완료 및 취소 모두 아님
2025-11-24 07:00:42.970,2025-11-25 07:00:00.000,2025-11-25 07:09:35.270,,2025-11-25 10:25:49.893,,양천구,신정7동,서대문구,신촌동,예약기타,0,0,특장차,지체,완료 및 취소 모두 아님
2025-11-25 07:04:14.567,2025-11-25 07:04:14.567,2025-11-25 07:19:33.750,,2025-11-25 08:25:06.770,,강동구,천호제1동,송파구,잠실6동,기타,2000,6696,특장차,뇌병,완료 및 취소 모두 아님
2025-11-25 07:59:40.000,2025-11-25 08:00:00.000,2025-11-25 09:08:44.857,,2025-11-25 10:29:28.917,,서대문구,신촌동,마포구,성산제1동,기타,0,0,특장차,뇌병,완료 및 취소 모두 아님
2025-11-25 07:00:21.820,2025-11-26 07:00:00.000,2025-11-26 07:06:11.227,,2025-11-26 08:55:28.770,,노원구,월계3동,강남구,일원본동,예약기타,0,0,특장차,뇌병,완료 및 취소 모두 아님
2025-11-26 13:04:55.420,2025-11-26 13:05:00.000,2025-11-26 13:14:36.703,,2025-11-26 14:02:30.413,,강서구,염창동,강서구,우장산동,기타,0,0,특장차,뇌병,완료 및 취소 모두 아님
2025-11-26 16:39:33.360,2025-11-26 16:40:00.000,2025-11-26 17:08:07.910,,2025-11-26 17:45:22.373,,노원구,월계1동,노원구,월계1동,기타,0,0,특장차,뇌병,완료 및 취소 모두 아님
2025-11-26 17:48:53.573,2025-11-26 17:49:00.000,2025-11-26 17:50:10.987,,2025-11-26 19:08:01.190,,동대문구,휘경제2동,강동구,천호제3동,기타,0,0,특장차,지체,완료 및 취소 모두 아님
2025-11-27 08:05:15.000,2025-11-28 08:00:00.000,2025-11-28 08:03:53.930,,2025-11-28 09:00:21.157,,양천구,목1동,서대문구,연희동,예약기타,0,0,특장차,뇌병,완료 및 취소 모두 아님
2025-11-28 17:55:06.000,2025-11-28 17:56:00.000,2025-11-28 19:38:48.023,,2025-11-28 20:41:34.500,,종로구,이화동,성북구,길음제2동,기타,0,0,특장차,뇌병,완료 및 취소 모두 아님
2025-11-29 10:21:04.000,2025-11-29 10:22:00.000,2025-11-29 11:14:35.680,,2025-11-29 11:59:03.903,,도봉구,쌍문제2동,도봉구,쌍문제3동,치료,0,0,특장차,신장,완료 및 취소 모두 아님
2025-11-29 13:08:00.827,2025-11-29 13:08:00.000,2025-11-29 13:25:40.850,,2025-11-30 00:58:58.313,,강서구,가양제3동,용산구,한남동,기타,0,0,특장차,지체,완료 및 취소 모두 아님
2025-12-01 13:12:21.017,2025-12-01 13:12:00.000,2025-12-01 13:13:39.893,,2025-12-01 13:37:32.270,,강남구,일원본동,강남구,세곡동,기타,0,0,특장차,자폐,완료 및 취소 모두 아님
2025-11-24 23:24:34.000,2025-12-02 00:06:00.000,2025-11-25 00:07:18.770,,2025-11-25 00:16:40.360,,구로구,오류제1동,구로구,수궁동,기타,1500,0,특장차,뇌병,완료 및 취소 모두 아님
2025-12-02 12:57:46.310,2025-12-02 12:58:00.000,2025-12-02 12:59:10.707,,2025-12-02 13:31:38.163,,노원구,상계1동,노원구,중계2.3동,기타,0,0,특장차,지체,완료 및 취소 모두 아님
2025-12-02 08:01:00.000,2025-12-03 08:00:00.000,2025-12-03 08:10:42.393,,2025-12-03 11:08:33.820,,송파구,장지동,송파구,문정2동,예약기타,0,0,특장차,지체,완료 및 취소 모두 아님
2025-12-04 04:55:00.603,2025-12-04 07:00:00.000,2025-12-04 07:09:43.420,,2025-12-04 09:55:41.233,,강북구,삼각산동,은평구,구산동,치료,0,0,특장차,뇌병,완료 및 취소 모두 아님
2025-12-04 09:38:27.000,2025-12-04 09:39:00.000,2025-12-04 10:10:16.120,,2025-12-04 11:19:13.493,,중구,신당제6동,동대문구,신설동,치료,0,0,특장차,뇌병,완료 및 취소 모두 아님
2025-12-04 15:33:25.277,2025-12-04 15:33:00.000,2025-12-04 15:57:49.943,,2025-12-04 16:29:42.980,,강동구,둔촌제2동,강동구,상일동,기타,0,0,특장차,뇌병,완료 및 취소 모두 아님
2025-12-05 16:01:31.777,2025-12-05 18:20:00.000,2025-12-05 18:20:50.593,,2025-12-05 22:46:02.220,,관악구,행운동,관악구,성현동,기타,0,0,특장차,뇌병,완료 및 취소 모두 아님
2025-12-08 10:42:02.000,2025-12-08 10:43:00.000,2025-12-08 10:44:20.133,,2025-12-08 11:14:25.340,,노원구,하계1동,노원구,월계3동,재활,0,0,특장차,뇌병,완료 및 취소 모두 아님
2025-12-08 11:55:00.857,2025-12-08 14:00:00.000,2025-12-08 13:58:09.010,,2025-12-08 14:32:53.173,,송파구,장지동,송파구,석촌동,통학/출근,0,0,특장차,자폐,완료 및 취소 모두 아님
2025-12-08 14:21:29.693,2025-12-08 14:21:00.000,2025-12-08 14:26:28.170,,2025-12-08 17:04:30.533,,영등포구,영등포동,동작구,신대방제2동,기타,0,0,임차택시,뇌병,완료 및 취소 모두 아님
2025-12-08 15:45:00.330,2025-12-08 15:45:00.000,2025-12-08 16:05:12.723,,2025-12-08 19:02:16.353,,노원구,하계1동,노원구,중계1동,기타,0,0,특장차,지체,완료 및 취소 모두 아님
2025-12-08 19:04:42.317,2025-12-08 19:05:00.000,2025-12-08 19:20:24.980,,2025-12-08 20:09:27.680,,노원구,중계4동,강북구,삼각산동,기타,0,0,특장차,지체,완료 및 취소 모두 아님
2025-12-08 17:35:00.577,2025-12-08 19:40:00.000,2025-12-08 20:26:29.140,,2025-12-08 20:26:51.500,,광진구,중곡제2동,광진구,중곡제3동,귀가,0,0,특장차,뇌병,완료 및 취소 모두 아님
2025-12-09 13:47:52.000,2025-12-09 13:48:00.000,2025-12-09 13:50:30.040,,2025-12-09 14:37:53.330,,송파구,마천1동,강남구,수서동,기타,0,0,특장차,뇌병,완료 및 취소 모두 아님
2025-12-09 15:13:36.110,2025-12-09 15:14:00.000,2025-12-09 16:21:18.380,,2025-12-09 17:09:04.297,,서대문구,북아현동,서대문구,신촌동,기타,0,0,임차택시,뇌병,완료 및 취소 모두 아님
2025-12-11 11:23:49.000,2025-12-11 11:24:00.000,2025-12-11 11:25:49.927,,2025-12-11 11:42:26.117,,노원구,월계2동,노원구,월계3동,기타,0,0,특장차,뇌병,완료 및 취소 모두 아님
2025-12-11 17:32:09.340,2025-12-11 17:32:00.000,2025-12-11 17:38:36.557,,2025-12-11 22:24:01.663,,강동구,명일제1동,강동구,강일동,기타,0,0,특장차,지체,완료 및 취소 모두 아님
2025-12-12 11:25:26.117,2025-12-12 11:25:00.000,2025-12-12 11:26:30.460,,2025-12-12 12:41:08.257,,강서구,방화제1동,노원구,상계6.7동,기타,0,0,특장차,뇌병,완료 및 취소 모두 아님
2025-12-12 11:53:06.087,2025-12-12 11:53:06.087,2025-12-12 12:09:11.933,,2025-12-12 15:22:23.913,,용산구,효창동,종로구,교남동,기타,0,0,특장차,뇌병,완료 및 취소 모두 아님
2025-12-12 12:34:42.000,2025-12-12 12:35:00.000,2025-12-12 12:46:05.867,,2025-12-12 13:18:31.000,,노원구,중계4동,노원구,공릉2동,기타,0,0,특장차,지체,완료 및 취소 모두 아님
2025-12-12 19:32:45.560,2025-12-12 19:32:45.560,2025-12-12 19:35:24.790,,2025-12-12 21:53:11.140,,강북구,번제2동,도봉구,창제5동,기타,0,0,특장차,뇌병,완료 및 취소 모두 아님
2025-12-14 10:05:48.000,2025-12-15 10:00:00.000,2025-12-15 10:01:56.030,,2025-12-15 12:08:36.557,,양천구,신정7동,구로구,구로제2동,예약치료,0,0,특장차,지체,완료 및 취소 모두 아님
2025-12-15 08:02:58.000,2025-12-16 08:00:00.000,2025-12-16 08:09:12.687,,2025-12-16 10:29:35.890,,송파구,거여1동,강동구,상일동,예약재활,0,0,특장차,뇌병,완료 및 취소 모두 아님
2025-12-16 08:51:07.000,2025-12-16 08:52:00.000,2025-12-16 09:43:05.223,,2025-12-16 10:29:32.530,,강동구,강일동,강동구,강일동,기타,0,0,특장차,지체,완료 및 취소 모두 아님
2025-12-16 08:25:00.147,2025-12-16 10:30:00.000,2025-12-16 10:39:54.187,,2025-12-16 12:12:33.100,,강동구,강일동,강동구,상일동,재활,0,0,특장차,뇌병,완료 및 취소 모두 아님
2025-12-16 11:11:20.000,2025-12-16 11:12:00.000,2025-12-16 11:18:18.760,,2025-12-16 12:15:03.323,,강동구,강일동,강동구,성내제2동,기타,0,0,특장차,지체,완료 및 취소 모두 아님
2025-12-16 14:31:21.000,2025-12-16 14:32:00.000,2025-12-16 15:51:24.453,,2025-12-16 15:53:11.360,,강북구,번제2동,강북구,수유제3동,기타,0,0,임차택시,뇌병,완료 및 취소 모두 아님
2025-12-16 14:46:45.163,2025-12-16 14:47:00.000,2025-12-16 14:56:06.373,,2025-12-16 15:46:19.170,,노원구,상계1동,강북구,번제2동,기타,0,0,특장차,지적,완료 및 취소 모두 아님
2025-12-16 15:50:46.860,2025-12-16 15:51:00.000,2025-12-16 15:55:33.580,,2025-12-16 16:17:28.287,,도봉구,창제1동,강북구,번제2동,기타,0,0,특장차,지체,완료 및 취소 모두 아님
2025-12-16 20:56:42.527,2025-12-16 20:57:00.000,2025-12-16 21:04:02.833,,2025-12-16 21:41:21.733,,은평구,응암제1동,은평구,역촌동,기타,0,0,특장차,자폐,완료 및 취소 모두 아님
2025-12-17 05:29:49.187,2025-12-17 05:30:00.000,2025-12-17 06:02:04.093,,2025-12-17 06:28:34.330,,강서구,가양제2동,강서구,등촌제1동,기타,0,0,특장차,신장,완료 및 취소 모두 아님
2025-12-18 12:08:53.000,2025-12-18 12:09:00.000,2025-12-18 12:12:04.380,,2025-12-18 13:02:24.337,,도봉구,방학제1동,도봉구,쌍문제3동,치료,0,0,특장차,뇌병,완료 및 취소 모두 아님
2025-12-18 14:56:19.017,2025-12-18 14:56:19.017,2025-12-18 15:25:30.993,,2025-12-18 18:34:02.407,,동작구,신대방제2동,동작구,신대방제1동,기타,0,0,특장차,지체,완료 및 취소 모두 아님
2025-12-18 15:35:39.000,2025-12-18 15:36:00.000,2025-12-18 17:08:35.777,,2025-12-18 19:48:03.820,,종로구,종로1.2.3.4가동,노원구,하계2동,기타,0,0,특장차,뇌병,완료 및 취소 모두 아님
2025-12-19 13:22:35.000,2025-12-19 13:23:00.000,2025-12-19 13:26:35.443,,2025-12-19 14:05:54.480,,관악구,삼성동,관악구,미성동,기타,0,0,임차택시,뇌병,완료 및 취소 모두 아님
2025-12-20 14:25:21.000,2025-12-20 14:26:00.000,2025-12-20 14:26:25.897,,2025-12-20 14:47:46.270,,양천구,신정4동,양천구,신정6동,귀가,0,0,특장차,지체,완료 및 취소 모두 아님
2025-12-21 14:48:18.790,2025-12-21 14:48:00.000,2025-12-21 16:38:30.460,,2025-12-21 18:56:58.290,,성북구,정릉제3동,의정부시,호원1동,기타,0,0,특장차,자폐,완료 및 취소 모두 아님
2025-12-20 07:03:23.000,2025-12-21 17:01:00.000,2025-12-21 17:45:49.710,,2025-12-21 19:05:39.620,,노원구,상계1동,포천시,포천동,예약광역,0,0,특장차,지체,완료 및 취소 모두 아님
2025-12-21 07:00:22.577,2025-12-22 07:00:00.000,2025-12-22 07:09:34.957,,2025-12-22 08:21:23.010,,구로구,고척제1동,양천구,목5동,예약기타,0,0,특장차,지체,완료 및 취소 모두 아님
2025-12-22 06:15:00.147,2025-12-22 08:20:00.000,2025-12-22 08:30:15.533,,2025-12-22 10:53:31.077,,강서구,화곡제4동,강서구,우장산동,치료,0,0,특장차,뇌병,완료 및 취소 모두 아님
2025-12-22 07:55:00.013,2025-12-22 10:00:00.000,2025-12-22 10:09:11.240,,2025-12-22 17:58:46.460,,양천구,신월7동,양천구,신정3동,치료,0,0,특장차,뇌병,완료 및 취소 모두 아님
2025-12-23 06:41:22.000,2025-12-23 07:00:00.000,2025-12-23 07:13:43.073,,2025-12-23 09:06:42.470,,성북구,장위제3동,강동구,둔촌제2동,치료,0,0,특장차,국가,완료 및 취소 모두 아님
2025-12-23 07:31:24.450,2025-12-23 07:31:00.000,2025-12-23 08:16:52.860,,2025-12-23 08:56:08.820,,광진구,구의제1동,광진구,구의제2동,기타,0,0,특장차,뇌병,완료 및 취소 모두 아님
2025-12-23 08:06:16.000,2025-12-23 08:07:00.000,2025-12-23 08:59:39.010,,2025-12-23 10:41:44.707,,광진구,중곡제4동,광진구,자양제2동,기타,0,0,특장차,지적,완료 및 취소 모두 아님
2025-12-23 09:04:40.000,2025-12-23 09:05:00.000,2025-12-23 09:07:53.957,,2025-12-23 09:54:58.893,,송파구,풍납1동,강동구,상일동,기타,0,0,특장차,뇌병,완료 및 취소 모두 아님
2025-12-23 09:34:59.000,2025-12-23 09:35:00.000,2025-12-23 09:42:46.913,,2025-12-23 09:58:27.520,,구로구,구로제5동,영등포구,신길제3동,기타,0,0,특장차,지체,완료 및 취소 모두 아님
2025-12-23 09:44:09.337,2025-12-23 09:44:00.000,2025-12-23 09:56:49.770,,2025-12-23 10:36:41.390,,강동구,강일동,강동구,고덕제1동,기타,0,0,특장차,뇌병,완료 및 취소 모두 아님
2025-12-23 12:22:37.333,2025-12-23 12:23:00.000,2025-12-23 12:23:55.193,,2025-12-23 14:05:45.353,,영등포구,문래동,구로구,구로제2동,기타,0,0,특장차,뇌병,완료 및 취소 모두 아님
2025-12-23 15:19:51.273,2025-12-23 15:20:00.000,2025-12-23 16:22:02.927,,2025-12-23 17:38:53.357,,광진구,구의제2동,중랑구,신내2동,기타,0,0,특장차,지체,완료 및 취소 모두 아님
2025-12-23 15:29:10.000,2025-12-23 15:30:00.000,2025-12-23 19:10:48.817,,2025-12-23 19:20:39.703,,강남구,역삼2동,용산구,원효로제2동,귀가,0,0,특장차,뇌병,완료 및 취소 모두 아님
2025-12-23 16:59:49.727,2025-12-23 17:00:00.000,2025-12-23 17:56:11.580,,2025-12-23 18:23:41.797,,노원구,월계3동,성북구,정릉제3동,기타,0,0,특장차,지체,완료 및 취소 모두 아님
2025-12-23 23:20:42.000,2025-12-23 23:21:00.000,2025-12-23 23:26:56.073,,2025-12-24 00:30:32.887,,서대문구,충현동,은평구,신사제1동,귀가,0,0,특장차,지체,완료 및 취소 모두 아님
2025-12-24 07:40:54.987,2025-12-24 07:41:00.000,2025-12-24 08:05:22.693,,2025-12-24 09:49:11.310,,도봉구,쌍문제3동,성북구,정릉제3동,기타,0,0,특장차,지적,완료 및 취소 모두 아님
2025-12-24 08:31:55.097,2025-12-24 08:31:55.097,2025-12-24 08:56:47.963,,2025-12-24 11:27:29.867,,성북구,성북동,성북구,월곡제2동,기타,0,0,특장차,뇌병,완료 및 취소 모두 아님
2025-12-23 10:01:44.000,2025-12-24 10:00:00.000,2025-12-24 09:50:43.233,,2025-12-24 10:35:49.013,,노원구,월계3동,노원구,중계1동,예약기타,0,0,특장차,지체,완료 및 취소 모두 아님
2025-12-24 11:12:44.000,2025-12-24 11:13:00.000,2025-12-24 11:26:00.300,,2025-12-24 12:10:16.263,,강동구,천호제3동,강동구,천호제1동,기타,0,0,특장차,뇌병,완료 및 취소 모두 아님
2025-12-24 12:46:40.000,2025-12-24 12:47:00.000,2025-12-24 12:57:12.820,,2025-12-24 13:40:44.830,,동작구,사당제1동,서초구,서초3동,기타,0,0,특장차,뇌병,완료 및 취소 모두 아님
2025-12-30 07:00:29.000,2025-12-30 07:01:00.000,2025-12-30 07:14:08.987,,2025-12-30 08:28:09.223,,서대문구,홍은제1동,서대문구,홍은제2동,치료,0,0,특장차,신장,완료 및 취소 모두 아님
2025-12-30 15:04:39.000,2025-12-30 15:05:00.000,2025-12-30 15:05:59.350,,2025-12-30 15:39:51.897,,광진구,자양제1동,광진구,구의제3동,귀가,0,0,특장차,지체,완료 및 취소 모두 아님
2025-12-30 19:57:46.610,2025-12-30 19:57:46.610,2025-12-30 20:08:17.320,,2025-12-30 21:17:33.707,,중구,소공동,용산구,원효로제1동,기타,1500,0,특장차,지체,완료 및 취소 모두 아님
2025-12-30 07:01:32.857,2025-12-31 07:00:00.000,2025-12-31 07:09:07.030,,2025-12-31 08:46:29.960,,구로구,고척제1동,은평구,녹번동,예약기타,0,0,특장차,지체,완료 및 취소 모두 아님
2025-12-31 08:22:06.890,2025-12-31 08:22:00.000,2025-12-31 08:55:49.237,,2025-12-31 09:47:50.150,,은평구,녹번동,은평구,역촌동,기타,0,0,특장차,지적,완료 및 취소 모두 아님
2025-12-31 09:47:58.000,2025-12-31 09:49:00.000,2025-12-31 10:31:38.230,,2025-12-31 13:07:16.880,,구로구,개봉제2동,광명시,광명3동,기타,0,0,특장차,뇌병,완료 및 취소 모두 아님
2025-12-31 14:20:38.340,2025-12-31 14:21:00.000,2025-12-31 14:39:04.250,,2025-12-31 15:39:06.110,,노원구,하계1동,노원구,상계3.4동,기타,0,0,특장차,자폐,완료 및 취소 모두 아님
