출발구,목적구,trip_count,fare_sum,fare_count,distance_m_sum,distance_count,request_to_dispatch_min_sum,request_to_dispatch_count,scheduled_to_pickup_min_sum,scheduled_to_pickup_count,ride_min_sum,ride_min_count,avg_fare,avg_distance_m,avg_distance_km,avg_request_to_dispatch_min,avg_scheduled_to_pickup_min,avg_ride_min
강남구,가평군,10,67700,10,655804,10,16739.413616666665,10,276.19255,10,866.6447666666667,10,6770.0,65580.4,65.5804,1673.9413616666666,27.619255,86.66447666666667
강남구,강남구,17967,30367600,17967,68060210,17967,1484961.0704,17967,775286.3699,17967,287416.3360333333,17967,1690.1875660933933,3788.0675683196973,3.7880675683196974,82.64936107307842,43.15057438080927,15.996901877516187
강남구,강동구,2585,7491100,2585,29190945,2585,413819.6143,2585,115697.79231666666,2585,82072.22676666666,2585,2897.911025145068,11292.435203094778,11.292435203094778,160.08495717601548,44.75736646679561,31.749410741457122
강남구,강북구,346,1287200,346,7577137,346,25539.40886666667,346,17756.608233333332,346,18476.463233333332,346,3720.2312138728325,21899.239884393064,21.899239884393065,73.81332042389211,51.319676974951825,53.400182755298644
강남구,강서구,834,3518100,834,24255209,834,91796.9756,834,36603.927266666666,834,52196.93745,834,4218.345323741008,29082.984412470025,29.082984412470026,110.06831606714628,43.88960103916867,62.5862559352518
강남구,계양구,7,35200,7,286940,7,11072.221716666667,7,202.7202,7,598.3155833333334,7,5028.571428571428,40991.42857142857,40.99142857142857,1581.7459595238095,28.960028571428573,85.47365476190477
강남구,고양시덕양구,302,1425800,302,10931014,302,8113.0551,302,13510.21435,302,21361.177216666667,302,4721.192052980133,36195.41059602649,36.19541059602649,26.86442086092715,44.735809105960264,70.73237488962472
강남구,고양시일산동구,128,634800,128,5110117,128,22125.6791,128,6257.14375,128,9222.419833333333,128,4959.375,39922.7890625,39.9227890625,172.85686796875,48.883935546875,72.05015494791667
강남구,고양시일산서구,92,496900,92,4230997,92,10850.828383333333,92,4611.868083333334,92,6881.46525,92,5401.086956521739,45989.09782608696,45.98909782608696,117.94378677536233,50.129000905797106,74.79853532608696
강남구,과천시,261,776100,261,2988714,261,9988.43515,261,12386.9206,261,7994.32115,261,2973.5632183908046,11451.011494252874,11.451011494252874,38.26986647509578,47.45946590038314,30.62958295019157
강남구,관악구,654,2082200,654,9388367,654,30199.4927,654,31869.268216666667,654,29760.967266666667,654,3183.7920489296635,14355.30122324159,14.35530122324159,46.17659434250764,48.72976791539246,45.50606615698267
강남구,광명시,152,595100,152,3748008,152,6656.809566666667,152,9190.885083333333,152,10050.939433333333,152,3915.1315789473683,24657.947368421053,24.657947368421052,43.79479978070176,60.46634923245614,66.12460153508772
강남구,광주시,44,186200,44,1282946,44,70869.47973333334,44,1542.5307666666668,44,2234.754733333333,44,4231.818181818182,29157.863636363636,29.157863636363636,1610.669993939394,35.05751742424243,50.7898803030303
강남구,광진구,1510,4215000,1510,15933145,1510,62362.408683333335,1510,79805.67281666667,1510,48453.052566666665,1510,2791.390728476821,10551.75165562914,10.55175165562914,41.2996083995585,52.85143895143488,32.0881142825607
강남구,구로구,454,1673900,454,9771667,454,28087.866216666665,454,24378.58355,454,29824.807316666665,454,3687.0044052863436,21523.495594713655,21.523495594713655,61.86754673274596,53.69732059471365,65.69340818649046
강남구,구리시,94,332100,94,1822069,94,4420.3197666666665,94,4425.996283333333,94,3913.1869333333334,94,3532.978723404255,19383.712765957447,19.383712765957448,47.024678368794326,47.085066843971624,41.62964822695036
강남구,군포시,5,19700,5,125427,5,4164.950833333333,5,319.70689999999996,5,384.14421666666664,5,3940.0,25085.4,25.0854,832.9901666666667,63.941379999999995,76.82884333333332
강남구,금천구,297,1154300,297,6053855,297,11925.700916666667,297,14149.65465,297,15723.839033333334,297,3886.5319865319866,20383.350168350167,20.383350168350166,40.15387514029181,47.64193484848485,52.942218967452305
강남구,김포시,170,906000,170,7635955,170,9032.07715,170,8675.614383333334,170,14244.5524,170,5329.411764705882,44917.382352941175,44.917382352941175,53.12986558823529,51.03302578431373,83.79148470588235
강남구,남구,9,50000,9,433289,9,14965.275833333333,9,429.59111666666666,9,807.18185,9,5555.555555555556,48143.22222222222,48.14322222222222,1662.8084259259258,47.7323462962963,89.68687222222223
강남구,남동구,4,20000,4,159668,4,7216.5585,4,138.75905,4,245.26868333333334,4,5000.0,39917.0,39.917,1804.139625,34.6897625,61.317170833333336
강남구,남양주시,396,1665100,396,11419855,396,14845.156916666667,396,18675.250883333334,396,21223.142783333333,396,4204.79797979798,28838.01767676768,28.838017676767677,37.48776999158249,47.15972445286195,53.59379490740741
강남구,노원구,1345,5058200,1345,28558361,1345,75389.17438333333,1345,65227.4408,1345,63326.23613333333,1345,3760.7434944237916,21232.98215613383,21.23298215613383,56.05143076827757,48.49623851301115,47.08270344485749
강남구,도봉구,420,1632400,420,10211785,420,12493.285616666666,420,19595.388216666666,420,22208.54433333333,420,3886.6666666666665,24313.77380952381,24.31377380952381,29.745918134920633,46.65568623015873,52.8774865079365
강남구,동대문구,1085,3347500,1085,14294583,1085,46714.10573333333,1085,55775.4136,1085,43291.18225,1085,3085.253456221198,13174.730875576037,13.174730875576037,43.054475330261134,51.405911152073735,39.89970714285714
강남구,동두천시,4,25200,4,234756,4,7781.712566666667,4,105.922,4,378.0567833333333,4,6300.0,58689.0,58.689,1945.4281416666668,26.4805,94.51419583333333
강남구,동작구,944,3074100,944,13365953,944,53478.42561666667,944,47193.98956666667,944,42348.426666666666,944,3256.4618644067796,14158.848516949152,14.158848516949153,56.65087459392655,49.99363301553673,44.86062146892655
강남구,마포구,606,2272300,606,12925959,606,37738.61538333333,606,28408.7625,606,32026.067333333332,606,3749.6699669966997,21329.965346534653,21.329965346534653,62.27494287678768,46.87914603960396,52.84829592959296
강남구,부천시소사구,197,929500,197,7151523,197,7265.843516666667,197,9393.833316666667,197,14946.482583333334,197,4718.274111675127,36302.14720812183,36.30214720812183,36.88245439932318,47.68443307952623,75.87046996615906
강남구,부천시오정구,77,334000,77,2369076,77,2060.5207,77,3505.3638666666666,77,5809.3503,77,4337.662337662337,30767.22077922078,30.767220779220782,26.76000909090909,45.52420606060606,75.4461077922078
강남구,부천시원미구,215,1029300,215,8019635,215,61739.19388333333,215,10457.246933333334,215,16851.340116666666,215,4787.441860465116,37300.62790697674,37.30062790697674,287.15904131782946,48.63835782945737,78.378326124031
강남구,부평구,46,250900,46,2145524,46,78220.74013333334,46,1600.1641,46,3873.1118500000002,46,5454.347826086957,46641.82608695652,46.64182608695652,1700.4508724637683,34.78617608695652,84.19808369565217
강남구,서구,5,25200,5,205243,5,9481.481733333334,5,161.86666666666667,5,542.7907833333334,5,5040.0,41048.6,41.0486,1896.2963466666668,32.373333333333335,108.55815666666668
강남구,서대문구,1013,3851000,1013,22126651,1013,200387.33615,1013,44470.28708333333,1013,56378.26983333333,1013,3801.579466929911,21842.69595261599,21.84269595261599,197.81573163869692,43.89959238236261,55.65475797959855
강남구,서초구,5041,10263800,5041,30707812,5041,483454.94673333335,5041,225802.36458333334,5041,125615.50806666666,5041,2036.0642729617139,6091.611188256298,6.091611188256298,95.9045718574357,44.79316893142895,24.91876771804536
강남구,성남시분당구,1579,5292400,1579,26361794,1579,94536.15248333334,1579,78294.0223,1579,53461.15745,1579,3351.741608613046,16695.24635845472,16.695246358454717,59.87090087608191,49.58456130462318,33.85760446485117
강남구,성남시수정구,1197,2547800,1197,7935167,1197,53300.09208333334,1197,60076.566333333336,1197,23620.609516666667,1197,2128.4878863826234,6629.212197159565,6.629212197159565,44.52806356168198,50.18927847396269,19.733174199387356
강남구,성남시중원구,348,984200,348,3691551,348,50624.31135,348,13626.376133333333,348,9101.977266666667,348,2828.1609195402298,10607.905172413793,10.607905172413794,145.47215905172416,39.15625325670498,26.155107088122605
강남구,성동구,1290,3479200,1290,13516421,1290,55228.131466666666,1290,58064.03076666667,1290,37733.10563333333,1290,2697.0542635658917,10477.845736434108,10.477845736434109,42.81250501291989,45.0108765633075,29.250469483204135
강남구,성북구,753,2484500,753,11914743,753,28415.8758,753,41904.8209,753,36662.95861666666,753,3299.468791500664,15823.03187250996,15.82303187250996,37.73688685258964,55.65049256308101,48.689188069942446
강남구,송파구,6817,13242100,6817,40294394,6817,528349.2430666666,6817,254371.09705,6817,135548.84136666666,6817,1942.5113686372304,5910.869003960686,5.910869003960686,77.50465645689697,37.31422870030806,19.883943283946994
강남구,수원시권선구,86,404000,86,3079024,86,150845.92241666667,86,2103.7812166666668,86,4511.56215,86,4697.674418604651,35802.604651162794,35.802604651162795,1754.0223536821707,24.462572286821707,52.460024999999995
강남구,수원시영통구,4,17400,4,122497,4,6900.24935,4,148.37433333333334,4,190.48555,4,4350.0,30624.25,30.62425,1725.0623375,37.093583333333335,47.6213875
강남구,수원시장안구,2,8800,2,63337,2,3485.477,2,51.32078333333333,2,107.77233333333334,2,4400.0,31668.5,31.6685,1742.7385,25.660391666666666,53.88616666666667
강남구,수원시팔달구,5,22500,5,163450,5,7942.783983333333,5,131.01888333333335,5,303.27431666666666,5,4500.0,32690.0,32.69,1588.5567966666665,26.20377666666667,60.65486333333333
강남구,시흥시,7,34800,7,279440,7,12494.952166666666,7,187.00083333333333,7,510.844,7,4971.428571428572,39920.0,39.92,1784.9931666666666,26.714404761904763,72.97771428571428
강남구,안산시단원구,47,233900,47,1895385,47,84229.13065,47,1789.6685499999999,47,3532.722166666667,47,4976.595744680851,40327.34042553192,40.327340425531915,1792.1091627659575,38.078054255319145,75.16430141843972
강남구,안산시상록구,25,117700,25,911127,25,35647.75638333333,25,896.38405,25,1523.0954666666667,25,4708.0,36445.08,36.445080000000004,1425.9102553333332,35.855362,60.92381866666667
강남구,안성시,3,21300,3,208807,3,5839.085016666667,3,54.17523333333333,3,244.49633333333333,3,7100.0,69602.33333333333,69.60233333333333,1946.3616722222223,18.05841111111111,81.49877777777778
강남구,안양시동안구,160,567400,160,3111698,160,7803.378966666666,160,8037.000016666667,160,7490.287666666667,160,3546.25,19448.1125,19.4481125,48.77111854166667,50.23125010416667,46.81429791666667
강남구,안양시만안구,70,303900,70,1532967,70,5191.710516666667,70,3904.3913166666666,70,4192.2666,70,4341.428571428572,21899.52857142857,21.899528571428572,74.1672930952381,55.77701880952381,59.88952285714286
강남구,양주시,66,361700,66,3122029,66,1826.2050666666667,66,3438.2366500000003,66,4807.551566666667,66,5480.30303030303,47303.469696969696,47.3034696969697,27.66977373737374,52.094494696969704,72.8416904040404
강남구,양천구,218,856600,218,5440808,218,21803.308999999997,218,10514.137316666667,218,14991.91065,218,3929.3577981651374,24957.83486238532,24.95783486238532,100.01517889908256,48.2299876911315,68.77023233944954
강남구,양평군,9,55100,9,504383,9,13735.115633333333,9,394.7941666666667,9,658.1581833333333,9,6122.222222222223,56042.555555555555,56.04255555555555,1526.1239592592592,43.86601851851852,73.12868703703704
강남구,여주군,1,6600,1,62188,1,1768.59545,1,33.65688333333333,1,81.55728333333333,1,6600.0,62188.0,62.188,1768.59545,33.65688333333333,81.55728333333333
강남구,연수구,22,123900,22,1081023,22,22644.66865,22,1297.1953166666667,22,1796.2212666666667,22,5631.818181818182,49137.40909090909,49.13740909090909,1029.3031204545455,58.963423484848484,81.64642121212121
강남구,영등포구,659,2343100,659,12862500,659,169081.94118333334,659,28326.168683333333,659,33603.1342,659,3555.5386949924127,19518.209408194234,19.518209408194235,256.5735071067274,42.983564011127974,50.99109893778452
강남구,오산시,41,204600,41,1641926,41,67132.1115,41,1543.7727,41,2559.2285666666667,41,4990.243902439024,40046.9756097561,40.046975609756096,1637.3685731707317,37.65299268292683,62.42020894308943
강남구,용산구,741,2099600,741,8541124,741,58296.695016666665,741,32482.265716666665,741,26608.891383333335,741,2833.468286099865,11526.483130904184,11.526483130904184,78.67300272154746,43.83571621682411,35.90943506522717
강남구,용인시기흥구,54,231800,54,1618750,54,44466.035983333335,54,2440.67695,54,2608.0616666666665,54,4292.592592592592,29976.85185185185,29.97685185185185,823.4451108024691,45.197721296296294,48.29743827160493
강남구,용인시수지구,34,138400,34,914878,34,55505.994483333336,34,1118.43945,34,1534.2946,34,4070.5882352941176,26908.176470588234,26.908176470588234,1632.529249509804,32.895277941176474,45.12631176470588
강남구,용인시처인구,8,42600,8,358801,8,14915.831433333333,8,274.12438333333336,8,726.0464000000001,8,5325.0,44850.125,44.850125,1864.4789291666666,34.26554791666667,90.75580000000001
강남구,은평구,478,2015100,478,13863687,478,16177.506083333334,478,25878.753183333334,478,32097.233766666668,478,4215.690376569038,29003.529288702928,29.00352928870293,33.844154986053,54.1396510111576,67.14902461645747
강남구,의왕시,4,14400,4,80488,4,6819.8955000000005,4,159.8605,4,172.7486,4,3600.0,20122.0,20.122,1704.9738750000001,39.965125,43.18715
강남구,의정부시,237,1100600,237,8307288,237,7811.78645,237,11768.317133333334,237,14174.968366666666,237,4643.881856540084,35051.84810126582,35.051848101265826,32.96112426160337,49.65534655414909,59.809993108298166
강남구,이천시,3,16000,3,135241,3,5492.487833333334,3,89.05678333333333,3,192.24715,3,5333.333333333333,45080.333333333336,45.080333333333336,1830.8292777777779,29.685594444444444,64.08238333333334
강남구,종로구,928,3037800,928,14897787,928,69241.29455,928,42191.183666666664,928,41806.34615,928,3273.4913793103447,16053.649784482759,16.053649784482758,74.61346395474139,45.46463757183908,45.049941971982754
강남구,중구,946,2944400,946,14141560,946,366981.71108333336,946,40259.977966666665,946,37713.55838333333,946,3112.4735729386894,14948.794926004228,14.948794926004227,387.929927149401,42.55811624383369,39.86634078576462
강남구,중랑구,1099,3866300,1099,20436073,1099,192453.61816666665,1099,48734.517916666664,1099,51782.38196666667,1099,3518.016378525933,18595.15286624204,18.59515286624204,175.11703199878676,44.344420306339096,47.11772699423719
강남구,파주시,28,170000,28,1552613,28,48078.9728,28,1025.30995,28,2622.935466666667,28,6071.428571428572,55450.46428571428,55.45046428571428,1717.1061714285715,36.618212500000006,93.67626666666668
강남구,평택시,35,231900,35,2219367,35,56837.45435,35,1168.95065,35,2913.704366666667,35,6625.714285714285,63410.485714285714,63.41048571428571,1623.927267142857,33.39859,83.2486961904762
강남구,포천시,6,33100,6,285108,6,10399.608,6,187.84026666666668,6,399.3358333333333,6,5516.666666666667,47518.0,47.518,1733.268,31.306711111111113,66.55597222222222
강남구,하남시,737,2956400,737,10169669,737,27649.71921666667,737,33863.560666666664,737,23683.09705,737,4011.397557666214,13798.736770691994,13.798736770691994,37.51657966983266,45.9478435097241,32.13446004070556
강남구,화성시,59,320700,59,2738394,59,105691.44155,59,1642.0766333333333,59,4189.235516666667,59,5435.593220338983,46413.457627118645,46.413457627118646,1791.3803652542374,27.831807344632768,71.0039918079096
강동구,가평군,1,6200,1,57802,1,1794.5871666666667,1,5.087999999999999,1,64.42995,1,6200.0,57802.0,57.802,1794.5871666666667,5.087999999999999,64.42995
강동구,강남구,2570,7548300,2570,29379552,2570,148118.04413333334,2570,94412.6731,2570,89000.23103333333,2570,2937.081712062257,11431.732295719845,11.431732295719845,57.6334802075227,36.7364486770428,34.630440090791176
강동구,강동구,47028,76567700,47028,153833309,47028,3665891.9008166664,47028,1515225.13515,47028,607019.4101333333,47028,1628.1300501828698,3271.1003870034874,3.2711003870034876,77.9512609682884,32.21963798481755,12.90761695443849
강동구,강북구,577,2075900,577,11680620,577,18204.001933333333,577,21067.946316666665,577,31385.1812,577,3597.746967071057,20243.70883882149,20.24370883882149,31.549396764875794,36.51290522819179,54.39372824956672
강동구,강서구,712,3392200,712,26236188,712,49981.484566666666,712,36086.51953333333,712,51470.67011666667,712,4764.3258426966295,36848.57865168539,36.84857865168539,70.19871427902622,50.68331395131086,72.29026701779027
강동구,계양구,2,11700,2,103449,2,2290.5180499999997,2,62.070449999999994,2,180.09799999999998,2,5850.0,51724.5,51.7245,1145.2590249999998,31.035224999999997,90.04899999999999
강동구,고양시덕양구,44,228800,44,1893439,44,2131.6370833333335,44,1740.0451833333334,44,3296.32565,44,5200.0,43032.704545454544,43.03270454545454,48.446297348484855,39.54648143939394,74.91649204545455
강동구,고양시일산동구,127,688500,127,5868732,127,13813.95635,127,6411.490116666667,127,10027.542833333333,127,5421.259842519685,46210.48818897638,46.21048818897638,108.77130984251968,50.48417414698163,78.95703018372703
강동구,고양시일산서구,52,303800,52,2712943,52,2716.987333333333,52,2337.4227166666665,52,4663.566733333333,52,5842.307692307692,52171.980769230766,52.171980769230764,52.2497564102564,44.950436858974356,89.68397564102564
강동구,과천시,13,49600,13,301712,13,169.55360000000002,13,355.0758166666667,13,757.8227666666667,13,3815.3846153846152,23208.615384615383,23.20861538461538,13.042584615384616,27.313524358974362,58.294058974358975
강동구,관악구,547,2127600,547,13283417,547,42950.427866666665,547,21983.2659,547,36075.9464,547,3889.579524680073,24284.12614259598,24.28412614259598,78.5199778184034,40.188785923217544,65.95237001828154
강동구,광명시,18,84100,18,646618,18,2100.37955,18,805.9292666666666,18,1483.7727833333333,18,4672.222222222223,35923.22222222222,35.92322222222222,116.68775277777779,44.77384814814815,82.43182129629629
강동구,광주시,46,189700,46,1267102,46,73052.13683333334,46,1499.3298833333333,46,2369.4736166666667,46,4123.913043478261,27545.695652173912,27.54569565217391,1588.0899311594203,32.594127898550724,51.51029601449275
강동구,광진구,5519,12493200,5519,40980695,5519,702535.7133333334,5519,181157.05321666665,5519,120582.58736666667,5519,2263.670954883131,7425.38412755934,7.42538412755934,127.29402307181253,32.82425316482454,21.848629709488435
강동구,구로구,243,1088100,243,7972492,243,16985.531166666668,243,11442.3035,243,18676.47225,243,4477.777777777777,32808.609053497945,32.808609053497946,69.89930521262004,47.08766872427984,76.85791049382716
강동구,구리시,881,2494800,881,9153920,881,29127.774816666668,881,27542.30655,881,23820.569433333334,881,2831.7820658342794,10390.374574347332,10.390374574347332,33.06217345819145,31.26255,27.038103783579267
강동구,군포시,4,18500,4,140445,4,6778.999,4,100.91193333333334,4,208.08406666666667,4,4625.0,35111.25,35.11125,1694.74975,25.227983333333334,52.02101666666667
강동구,금천구,108,480800,108,3495769,108,5829.6038,108,4837.776733333333,108,9238.224466666667,108,4451.851851851852,32368.23148148148,32.36823148148148,53.977812962962965,44.794229012345674,85.53911543209877
강동구,김포시,60,410300,60,3372395,60,1641.02785,60,2773.7688333333335,60,5465.884766666667,60,6838.333333333333,56206.583333333336,56.206583333333334,27.350464166666665,46.22948055555556,91.09807944444445
강동구,남구,19,125600,19,1200088,19,35341.9186,19,481.2169,19,2061.6133333333337,19,6610.526315789473,63162.52631578947,63.16252631578947,1860.1009789473683,25.327205263157897,108.50596491228072
강동구,남동구,12,74900,12,697712,12,12376.373566666667,12,417.3467333333333,12,1141.5187833333334,12,6241.666666666667,58142.666666666664,58.14266666666666,1031.3644638888888,34.77889444444444,95.12656527777779
강동구,남양주시,1126,4225200,1126,24033188,1126,22939.556966666667,1126,39255.438200000004,1126,45269.145183333334,1126,3752.3978685612788,21343.861456483126,21.343861456483125,20.372608318531675,34.86273374777976,40.20350371521611
강동구,노원구,1564,5386900,1564,27154868,1564,159161.58853333333,1564,65634.46393333333,1564,65440.19143333333,1564,3444.309462915601,17362.447570332482,17.36244757033248,101.76572156862744,41.96576977834612,41.84155462489343
강동구,도봉구,859,3364900,859,21300601,859,55324.7711,859,25304.147816666667,859,51967.54,859,3917.2293364377183,24796.974388824216,24.796974388824214,64.40601990686845,29.457680811020566,60.497718277066355
강동구,동대문구,1507,4481500,1507,17325951,1507,67690.47671666667,1507,61327.99518333333,1507,55135.351566666664,1507,2973.7889847378897,11496.981420039814,11.496981420039814,44.9173700840522,40.69541817075868,36.58616560495465
강동구,동작구,231,981800,231,5595380,231,16053.049733333333,231,9816.559,231,13157.92165,231,4250.2164502164505,24222.424242424244,24.222424242424243,69.49372178932178,42.4959264069264,56.960699783549785
강동구,마포구,548,2388300,548,16996664,548,34427.353083333335,548,26185.639133333334,548,32532.773250000002,548,4358.211678832116,31015.810218978102,31.015810218978103,62.823637013382,47.78401301703163,59.36637454379562
강동구,부천시소사구,79,488800,79,3899800,79,5003.07995,79,4226.92245,79,6680.036933333333,79,6187.341772151899,49364.556962025315,49.36455696202532,63.330125949367094,53.50534746835443,84.55742953586497
강동구,부천시오정구,13,65800,13,532618,13,263.5821833333333,13,461.0917166666667,13,1107.9366,13,5061.538461538462,40970.61538461538,40.970615384615385,20.27555256410256,35.46859358974359,85.2258923076923
강동구,부천시원미구,70,379700,70,3233537,70,3525.999483333333,70,3449.8013166666665,70,5767.65165,70,5424.285714285715,46193.385714285716,46.19338571428572,50.371421190476184,49.28287595238095,82.39502357142857
강동구,부평구,99,584600,99,5256732,99,124090.3455,99,2610.3926,99,9165.937266666666,99,5905.050505050505,53098.30303030303,53.09830303030303,1253.4378333333334,26.36760202020202,92.58522491582491
강동구,서구,22,138600,22,1291837,22,37248.7706,22,480.5375833333333,22,1908.38825,22,6300.0,58719.86363636364,58.71986363636364,1693.1259363636366,21.842617424242423,86.74492045454545
강동구,서대문구,371,1583900,371,10412071,371,27972.351416666665,371,14683.500016666667,371,23793.02185,371,4269.272237196766,28064.88140161725,28.06488140161725,75.39717362982928,39.578167160826595,64.13213436657682
강동구,서초구,1118,4036400,1118,20497215,1118,78297.28681666666,1118,56260.85501666667,1118,59088.1274,1118,3610.3756708407873,18333.823792486583,18.333823792486584,70.03335135658914,50.32276835122242,52.851634525939176
강동구,성남시분당구,877,3394200,877,19933837,877,29460.1633,877,41360.73608333333,877,41231.014716666665,877,3870.2394526795897,22729.574686431013,22.729574686431015,33.5919763968073,47.16161469023184,47.01369979095401
강동구,성남시수정구,545,1674500,545,6888272,545,10526.381433333334,545,17384.215416666666,545,16353.699,545,3072.4770642201834,12639.03119266055,12.63903119266055,19.31446134556575,31.897642966360856,30.006787155963305
강동구,성남시중원구,53,224000,53,928507,53,2401.44555,53,2022.6486666666667,53,2063.1480833333335,53,4226.415094339623,17519.0,17.519,45.31029339622641,38.163182389937106,38.92732232704403
강동구,성동구,1414,4453700,1414,19029946,1414,156088.50953333333,1414,60099.89938333334,1414,55908.209650000004,1414,3149.7171145685998,13458.236209335219,13.458236209335219,110.38791338991042,42.503464910419616,39.53904501414427
강동구,성북구,593,2018200,593,10344924,593,16831.477183333333,593,21617.259016666667,593,31007.959433333333,593,3403.372681281619,17445.065767284992,17.44506576728499,28.38360401911186,36.454062422709384,52.28998218100056
강동구,송파구,8917,19740100,8917,64584839,8917,605749.22605,8917,291098.5598666667,8917,215337.36581666666,8917,2213.760233262308,7242.888751822362,7.2428887518223615,67.931953128855,32.64534707487571,24.149082181974503
강동구,수원시권선구,2,10400,2,86124,2,3669.6574,2,26.052883333333334,2,163.59573333333333,2,5200.0,43062.0,43.062,1834.8287,13.026441666666667,81.79786666666666
강동구,수원시영통구,7,35500,7,288103,7,7461.001033333334,7,271.9580166666667,7,502.22825,7,5071.428571428572,41157.57142857143,41.15757142857143,1065.8572904761907,38.85114523809524,71.74689285714285
강동구,수원시장안구,2,10000,2,79956,2,3550.6925,2,57.38773333333333,2,121.82815000000001,2,5000.0,39978.0,39.978,1775.34625,28.693866666666665,60.914075000000004
강동구,수원시팔달구,7,35100,7,283864,7,12168.413616666667,7,187.2844,7,499.89865,7,5014.285714285715,40552.0,40.552,1738.3448023809524,26.754914285714285,71.41409285714285
강동구,시흥시,5,29800,5,271719,5,7750.203066666667,5,149.29905,5,434.6173333333333,5,5960.0,54343.8,54.3438,1550.0406133333333,29.85981,86.92346666666666
강동구,안산시상록구,4,21600,4,185360,4,5884.747266666667,4,117.22323333333333,4,307.1703166666666,4,5400.0,46340.0,46.34,1471.1868166666668,29.30580833333333,76.79257916666666
강동구,안성시,5,37900,5,383553,5,9095.7325,5,135.29716666666667,5,361.8407666666667,5,7580.0,76710.6,76.7106,1819.1465,27.059433333333335,72.36815333333334
강동구,안양시동안구,81,350300,81,2469646,81,7823.105933333333,81,3918.6637,81,4566.7589,81,4324.691358024691,30489.456790123455,30.489456790123455,96.58155473251028,48.378564197530864,56.37973950617284
강동구,안양시만안구,30,136500,30,1011708,30,1759.02945,30,893.41085,30,1909.4558166666666,30,4550.0,33723.6,33.7236,58.634315,29.780361666666668,63.64852722222222
강동구,양주시,107,619100,107,4887679,107,2590.6825833333332,107,4541.318133333333,107,7036.1803500000005,107,5785.981308411215,45679.2429906542,45.6792429906542,24.21198676012461,42.44222554517134,65.75869485981309
강동구,양천구,295,1339100,295,9899499,295,8691.193733333334,295,11845.865616666666,295,21304.743516666666,295,4539.322033898305,33557.62372881356,33.55762372881356,29.461673672316383,40.155476666666665,72.2194695480226
강동구,양평군,34,148700,34,1058650,34,61391.79078333334,34,854.6676333333334,34,1513.0433833333334,34,4373.529411764706,31136.764705882353,31.136764705882353,1805.640905392157,25.137283333333333,44.50127598039216
강동구,여주군,1,7500,1,76918,1,1738.7960500000002,1,19.616666666666667,1,56.98155,1,7500.0,76918.0,76.918,1738.7960500000002,19.616666666666667,56.98155
강동구,연수구,2,12700,2,118899,2,3144.389,2,66.63216666666666,2,161.6119,2,6350.0,59449.5,59.4495,1572.1945,33.31608333333333,80.80595
강동구,연천군,1,7500,1,76716,1,1495.4185,1,27.4815,1,90.47028333333333,1,7500.0,76716.0,76.716,1495.4185,27.4815,90.47028333333333
강동구,영등포구,391,1584000,391,10442248,391,44353.5672,391,16985.286383333332,391,22144.305166666665,391,4051.150895140665,26706.51662404092,26.70651662404092,113.43623324808183,43.44063013640238,56.635051577152595
강동구,오산시,1,5600,1,48934,1,2038.3661166666668,1,18.857449999999996,1,118.36771666666667,1,5600.0,48934.0,48.934,2038.3661166666668,18.857449999999996,118.36771666666667
강동구,용산구,610,2305700,610,13263597,610,44389.08873333333,610,20889.00766666667,610,29550.206483333335,610,3779.8360655737706,21743.601639344262,21.743601639344263,72.76899792349727,34.24427486338798,48.44296144808744
강동구,용인시기흥구,7,33100,7,253902,7,10360.28405,7,155.943,7,395.45155,7,4728.571428571428,36271.71428571428,36.27171428571428,1480.0405785714286,22.27757142857143,56.49307857142857
강동구,용인시수지구,13,55000,13,380561,13,17921.713833333335,13,270.7722166666667,13,661.3267,13,4230.7692307692305,29273.923076923078,29.27392307692308,1378.593371794872,20.828632051282053,50.87128461538461
강동구,용인시처인구,1,5200,1,43321,1,1734.8168333333333,1,26.226333333333333,1,77.44938333333333,1,5200.0,43321.0,43.321,1734.8168333333333,26.226333333333333,77.44938333333333
강동구,은평구,247,1156400,247,8194804,247,9745.044483333333,247,9533.344766666667,247,15479.16925,247,4681.781376518219,33177.34412955466,33.177344129554655,39.453621390013495,38.5965375168691,62.66870141700405
강동구,의왕시,1,4300,1,29109,1,2046.001,1,56.846000000000004,1,98.79695,1,4300.0,29109.0,29.109,2046.001,56.846000000000004,98.79695
강동구,의정부시,565,2406100,565,16680697,565,12720.776916666666,565,22095.8827,565,28027.464366666667,565,4258.58407079646,29523.357522123893,29.523357522123895,22.5146494100295,39.10775699115044,49.60613162241888
강동구,이천시,6,38800,6,365365,6,10379.607333333333,6,140.68371666666667,6,429.8308,6,6466.666666666667,60894.166666666664,60.89416666666666,1729.9345555555556,23.44728611111111,71.63846666666667
강동구,종로구,758,2635700,758,14022589,758,57739.05255,758,33338.12915,758,40919.40508333333,758,3477.1767810026386,18499.457783641163,18.499457783641162,76.17289254617414,43.98170072559367,53.983384014951625
강동구,중구,548,2078500,548,12653735,548,51242.71983333333,548,23603.663083333333,548,26389.693883333333,548,3792.883211678832,23090.757299270073,23.090757299270074,93.50861283454987,43.0723778892944,48.15637569951338
강동구,중랑구,2097,6379900,2097,25254515,2097,104647.20633333334,2097,70361.47036666668,2097,71694.7718,2097,3042.3938960419646,12043.164043872199,12.0431640438722,49.90329343506597,33.553395501510096,34.1892092513114
강동구,파주시,3,19700,3,188536,3,3850.1606,3,107.67099999999999,3,324.79211666666663,3,6566.666666666667,62845.333333333336,62.845333333333336,1283.3868666666667,35.89033333333333,108.26403888888888
강동구,평택시,2,13900,2,135360,2,3561.60805,2,56.280233333333335,2,214.81743333333333,2,6950.0,67680.0,67.68,1780.804025,28.140116666666668,107.40871666666666
강동구,포천시,3,14900,3,117992,3,4715.771233333334,3,62.646116666666664,3,158.89766666666665,3,4966.666666666667,39330.666666666664,39.330666666666666,1571.9237444444445,20.88203888888889,52.965888888888884
강동구,하남시,5675,11712100,5675,36157841,5675,237450.94950000002,5675,204333.52385,5675,110309.21095,5675,2063.806167400881,6371.425726872247,6.371425726872247,41.84157700440529,36.005907286343614,19.437746422907487
강동구,화성시,6,34700,6,308285,6,9978.717716666666,6,219.62971666666667,6,419.02028333333334,6,5783.333333333333,51380.833333333336,51.380833333333335,1663.1196194444444,36.604952777777775,69.8367138888889
강북구,강남구,432,1592400,432,9271401,432,35667.84398333333,432,16250.509683333334,432,24579.6892,432,3686.1111111111113,21461.57638888889,21.46157638888889,82.56445366512345,37.616920563271606,56.8974287037037
강북구,강동구,515,1856000,515,10469390,515,195969.31718333333,515,16979.81625,515,29123.77681666667,515,3603.883495145631,20328.912621359224,20.328912621359226,380.52294598705504,32.97051699029126,56.55102294498382
강북구,강북구,12956,19709400,12956,31824854,12956,467116.4823166667,12956,427643.93906666664,12956,146165.17486666667,12956,1521.2565606668725,2456.3795924668107,2.456379592466811,36.05406624858496,33.00740499125244,11.281659066584337
강북구,강서구,575,2294800,575,14884474,575,27876.195116666666,575,23546.233500000002,575,34749.6838,575,3990.9565217391305,25886.041739130436,25.886041739130437,48.48033933333333,40.94997130434783,60.43423269565217
강북구,고양시덕양구,60,238700,60,1531476,60,2709.6477000000004,60,2398.2390333333333,60,3368.2436833333336,60,3978.3333333333335,25524.6,25.5246,45.16079500000001,39.97065055555556,56.137394722222226
강북구,고양시일산동구,37,171100,37,1284984,37,2020.8056500000002,37,1335.827,37,2271.4643666666666,37,4624.324324324324,34729.2972972973,34.7292972972973,54.61636891891892,36.103432432432434,61.39092882882883
강북구,고양시일산서구,46,230300,46,1849183,46,6617.164533333333,46,1683.3014166666667,46,3364.5369833333334,46,5006.521739130435,40199.63043478261,40.199630434782605,143.8514028985507,36.59350905797101,73.14210833333334
강북구,과천시,8,36300,8,267997,8,3006.011833333333,8,283.4861,8,707.5473333333333,8,4537.5,33499.625,33.499625,375.7514791666666,35.4357625,88.44341666666666
강북구,관악구,111,465300,111,3187788,111,3416.35075,111,4112.481916666667,111,7571.7247,111,4191.891891891892,28718.81081081081,28.718810810810808,30.777934684684684,37.04938663663663,68.21373603603604
강북구,광명시,70,296000,70,2044869,70,59316.58968333333,70,2675.4267833333333,70,5618.1435833333335,70,4228.571428571428,29212.414285714287,29.21241428571429,847.3798526190476,38.22038261904762,80.25919404761905
강북구,광주시,1,5700,1,50997,1,1490.6008333333334,1,26.312833333333334,1,68.9925,1,5700.0,50997.0,50.997,1490.6008333333334,26.312833333333334,68.9925
강북구,광진구,423,1353700,423,6191068,423,56256.04068333333,423,16061.92375,423,18357.829333333335,423,3200.2364066193854,14636.094562647753,14.636094562647754,132.99300397951143,37.97145094562648,43.39912371946415
강북구,구로구,151,634100,151,4333787,151,12051.503583333333,151,6733.29675,151,10813.882666666666,151,4199.337748344371,28700.576158940396,28.700576158940397,79.81128200883002,44.591369205298015,71.6151169977925
강북구,구리시,37,116300,37,516651,37,3884.620683333333,37,1739.0973833333333,37,1711.71095,37,3143.2432432432433,13963.54054054054,13.96354054054054,104.98974819819819,47.00263198198198,46.262458108108106
강북구,금천구,68,294000,68,2070788,68,1515.97615,68,2684.44685,68,5281.175383333333,68,4323.529411764706,30452.764705882353,30.452764705882352,22.293766911764706,39.47715955882353,77.66434387254901
강북구,김포시,73,404400,73,3491884,73,3095.6626166666665,73,3173.7593,73,5957.882633333334,73,5539.726027397261,47834.02739726027,47.83402739726027,42.40633721461187,43.47615479452055,81.61483059360731
강북구,남구,1,5400,1,46553,1,1622.7845000000002,1,26.861833333333333,1,94.65771666666666,1,5400.0,46553.0,46.553,1622.7845000000002,26.861833333333333,94.65771666666666
강북구,남양주시,441,1781000,441,10893426,441,22199.68981666667,441,14250.332966666667,441,24886.789183333334,441,4038.548752834467,24701.646258503402,24.701646258503402,50.339432690854125,32.31368019652305,56.43262853363568
강북구,노원구,7739,14127200,7739,43487681,7739,1251002.47595,7739,275092.7329,7739,169935.1294,7739,1825.4554852048068,5619.289443080502,5.619289443080501,161.64911176508593,35.54628930094327,21.95828006202352
강북구,도봉구,5522,9193200,5522,22629477,5522,126836.31736666667,5522,160242.83786666667,5522,93588.96306666666,5522,1664.8315827598697,4098.058131111916,4.098058131111916,22.969271526017145,29.01898548834963,16.94838157672341
강북구,동대문구,1966,4293400,1966,14351760,1966,138738.62960000001,1966,69581.6983,1966,56685.07495,1966,2183.82502543235,7299.97965412004,7.29997965412004,70.56898758901323,35.39252202441506,28.832693260427263
강북구,동작구,130,506700,130,3211349,130,12611.543916666666,130,5050.8930666666665,130,9576.417866666667,130,3897.6923076923076,24702.684615384616,24.702684615384616,97.01187628205128,38.853023589743586,73.66475282051282
강북구,마포구,390,1359300,390,7183099,390,169658.77798333333,390,14345.829683333333,390,20493.019233333333,390,3485.3846153846152,18418.202564102565,18.418202564102565,435.0225076495727,36.784178675213674,52.54620316239316
강북구,부천시소사구,32,160400,32,1290573,32,2120.8474833333335,32,1512.2989499999999,32,3037.842333333333,32,5012.5,40330.40625,40.33040625,66.27648385416667,47.259342187499996,94.93257291666666
강북구,부천시오정구,10,43300,10,306785,10,195.2191,10,384.86075,10,764.5287833333334,10,4330.0,30678.5,30.6785,19.52191,38.486075,76.45287833333335
강북구,부천시원미구,60,281300,60,2155746,60,7715.312166666667,60,2780.5597666666667,60,4287.280433333333,60,4688.333333333333,35929.1,35.9291,128.5885361111111,46.34266277777778,71.45467388888889
강북구,부평구,3,14900,3,118838,3,4055.009,3,82.62445,3,311.7865,3,4966.666666666667,39612.666666666664,39.61266666666666,1351.6696666666667,27.541483333333332,103.92883333333333
강북구,서구,5,27100,5,233520,5,8114.946783333333,5,250.36773333333335,5,432.6602,5,5420.0,46704.0,46.704,1622.9893566666665,50.07354666666667,86.53204
강북구,서대문구,797,2641400,797,12175294,797,61493.87951666667,797,34272.0807,797,34341.94455,797,3314.178168130489,15276.404015056462,15.276404015056462,77.15668697197826,43.001355959849434,43.08901449184442
강북구,서초구,459,1685300,459,9770288,459,61451.16778333333,459,18957.71545,459,33520.979,459,3671.677559912854,21286.030501089324,21.286030501089325,133.88053983297021,41.302212309368194,73.03045533769063
강북구,성남시분당구,76,364900,76,2872950,76,13250.439716666668,76,3443.852,76,5179.153283333333,76,4801.315789473684,37801.97368421053,37.80197368421052,174.34789100877194,45.313842105263156,68.14675372807017
강북구,성남시수정구,98,417300,98,2890934,98,3610.3684833333336,98,3901.34985,98,4535.350266666666,98,4258.163265306122,29499.326530612245,29.499326530612244,36.84049472789116,39.809692346938775,46.279084353741496
강북구,성남시중원구,12,54400,12,399758,12,170.95536666666666,12,400.2721666666667,12,678.20025,12,4533.333333333333,33313.166666666664,33.31316666666667,14.246280555555556,33.35601388888889,56.516687499999996
강북구,성동구,1193,3330100,1193,11846251,1193,328347.56823333335,1193,50274.60701666667,1193,49937.923833333334,1193,2791.366303436714,9929.799664710814,9.929799664710814,275.22847295333895,42.141330273819506,41.859114696842695
강북구,성북구,5132,8519400,5132,22344492,5132,872036.03995,5132,168984.67228333332,5132,97083.22435,5132,1660.054559625877,4353.9540140296185,4.353954014029618,169.92128603858146,32.927644638217714,18.917229998051443
강북구,송파구,667,2542100,667,15473532,667,104784.69136666667,667,31102.632216666665,667,35811.044466666666,667,3811.2443778110946,23198.69865067466,23.19869865067466,157.09848780609695,46.63063300849575,53.68972183908046
강북구,시흥시,2,11500,2,102203,2,3074.186333333333,2,61.64066666666666,2,225.13283333333334,2,5750.0,51101.5,51.1015,1537.0931666666665,30.82033333333333,112.56641666666667
강북구,안산시단원구,6,35100,6,314651,6,9857.915,6,218.70845,6,627.9875499999999,6,5850.0,52441.833333333336,52.441833333333335,1642.9858333333334,36.45140833333333,104.66459166666665
강북구,안성시,1,9100,1,98439,1,1745.9522166666668,1,27.574116666666665,1,115.47250000000001,1,9100.0,98439.0,98.439,1745.9522166666668,27.574116666666665,115.47250000000001
강북구,안양시동안구,8,40100,8,322700,8,1493.2884833333335,8,331.56961666666666,8,726.5347333333334,8,5012.5,40337.5,40.3375,186.6610604166667,41.44620208333333,90.81684166666668
강북구,안양시만안구,10,49500,10,392225,10,1707.0639333333334,10,503.81750000000005,10,923.1046166666666,10,4950.0,39222.5,39.2225,170.70639333333332,50.381750000000004,92.31046166666667
강북구,양주시,77,320900,77,2182259,77,1242.95885,77,2563.05395,77,4089.45805,77,4167.532467532467,28341.025974025975,28.341025974025975,16.142322727272727,33.28641493506493,53.10984480519481
강북구,양천구,80,313200,80,1970042,80,4556.910366666667,80,3022.0668,80,4493.1429333333335,80,3915.0,24625.525,24.625525000000003,56.96137958333334,37.775835,56.16428666666667
강북구,양평군,11,85500,11,878709,11,20537.267916666668,11,397.0953833333333,11,1209.16255,11,7772.727272727273,79882.63636363637,79.88263636363637,1867.0243560606061,36.0995803030303,109.92386818181818
강북구,연수구,1,5700,1,50373,1,10.490616666666666,1,49.076950000000004,1,90.20576666666666,1,5700.0,50373.0,50.373,10.490616666666666,49.076950000000004,90.20576666666666
강북구,연천군,9,54100,9,491946,9,13936.534099999999,9,318.2691666666667,9,597.9396,9,6011.111111111111,54660.666666666664,54.660666666666664,1548.5037888888887,35.36324074074074,66.43773333333334
강북구,영등포구,668,2598500,668,16233722,668,74650.8474,668,26952.5372,668,37502.35501666667,668,3889.9700598802397,24301.97904191617,24.30197904191617,111.75276556886227,40.34810958083832,56.141250024950104
강북구,용산구,376,1246300,376,6091576,376,31366.619416666665,376,17703.505883333335,376,20321.096633333334,376,3314.627659574468,16201.0,16.201,83.42186015070921,47.083792242907805,54.04546976950355
강북구,용인시기흥구,10,58000,10,515308,10,15644.58475,10,211.52588333333335,10,828.42325,10,5800.0,51530.8,51.530800000000006,1564.458475,21.152588333333334,82.842325
강북구,용인시수지구,5,27000,5,229674,5,9436.886216666668,5,145.46044999999998,5,415.53433333333334,5,5400.0,45934.8,45.9348,1887.3772433333336,29.092089999999995,83.10686666666666
강북구,용인시처인구,3,17900,3,161248,3,4676.034833333333,3,135.46743333333333,3,249.61923333333334,3,5966.666666666667,53749.333333333336,53.74933333333333,1558.6782777777778,45.15581111111111,83.20641111111111
강북구,은평구,447,1444500,447,5962806,447,163339.34944999998,447,16363.384883333334,447,20239.780866666668,447,3231.5436241610737,13339.610738255034,13.339610738255034,365.4124148769574,36.607125018642805,45.279151826994784
강북구,의정부시,567,1855900,567,8852949,567,42447.224583333336,567,21672.012666666666,567,23809.553116666666,567,3273.1922398589063,15613.666666666666,15.613666666666665,74.86282995296885,38.22224456202234,41.992157172251616
강북구,이천시,1,8200,1,85007,1,1614.3584999999998,1,25.7165,1,128.88271666666665,1,8200.0,85007.0,85.007,1614.3584999999998,25.7165,128.88271666666665
강북구,종로구,1430,3373600,1430,11360570,1430,149540.17893333334,1430,59736.41035,1430,47822.481133333335,1430,2359.1608391608393,7944.454545454545,7.944454545454545,104.57355170163171,41.77371353146853,33.4422944988345
강북구,중구,593,1695200,593,6386903,593,63890.69745,593,26096.474083333334,593,26390.938316666667,593,2858.684654300169,10770.494097807757,10.770494097807758,107.74147967959527,44.00754482855537,44.50411183249016
강북구,중랑구,1174,3061500,1174,10692519,1174,38831.60358333333,1174,41704.24806666667,1174,40060.6022,1174,2607.7512776831345,9107.767461669506,9.107767461669505,33.07632332481544,35.52320959681999,34.12317052810903
강북구,파주시,5,28600,5,252015,5,6767.7703833333335,5,141.48278333333334,5,355.04993333333334,5,5720.0,50403.0,50.403,1353.5540766666668,28.296556666666667,71.00998666666666
강북구,평택시,3,27600,3,301261,3,5621.272933333334,3,125.56616666666667,3,417.6027833333334,3,9200.0,100420.33333333333,100.42033333333333,1873.7576444444446,41.85538888888889,139.2009277777778
강북구,포천시,4,17900,4,130263,4,7555.369716666666,4,100.29511666666666,4,251.71493333333333,4,4475.0,32565.75,32.56575,1888.8424291666665,25.073779166666665,62.928733333333334
강북구,하남시,65,265900,65,1767133,65,3990.14465,65,2809.7926833333336,65,4288.180383333333,65,4090.769230769231,27186.66153846154,27.18666153846154,61.38684076923077,43.22757974358975,65.97200589743589
강북구,화성시,12,81600,12,790204,12,19441.603116666665,12,354.70295,12,1569.4106166666666,12,6800.0,65850.33333333333,65.85033333333332,1620.1335930555554,29.558579166666664,130.78421805555556
강서구,가평군,7,52600,7,566048,7,11356.207999999999,7,175.90460000000002,7,1062.2295333333332,7,7514.285714285715,80864.0,80.864,1622.3154285714284,25.129228571428573,151.74707619047618
강서구,강남구,889,3734800,889,25555903,889,123087.17206666667,889,42777.99208333333,889,59038.22138333333,889,4201.124859392576,28746.797525309335,28.746797525309336,138.4557616047994,48.11922619047619,66.40969784401949
강서구,강동구,715,3416200,715,25388031,715,78289.27578333333,715,30395.343766666665,715,50691.05566666667,715,4777.902097902098,35507.73566433566,35.50773566433566,109.4954906060606,42.5109703030303,70.89658135198135
강서구,강북구,613,2466600,613,16116445,613,183508.29588333334,613,22656.80528333333,613,36805.82203333333,613,4023.8172920065253,26291.10114192496,26.29110114192496,299.3610047036433,36.96053064165307,60.04212403480152
강서구,강서구,48701,77378000,48701,157966610,48701,3786339.521583333,48701,1601942.8453166666,48701,713574.8731833333,48701,1588.838011539804,3243.6009527525102,3.24360095275251,77.74664835595436,32.893428170195,14.652160595949432
강서구,계양구,92,287300,92,1244888,92,118142.9164,92,1949.3491833333335,92,3349.4041166666666,92,3122.8260869565215,13531.391304347826,13.531391304347826,1284.1621347826087,21.188578079710148,36.40656648550725
강서구,고양시덕양구,644,2042300,644,8117020,644,28855.863716666667,644,25383.1538,644,18658.1311,644,3171.273291925466,12604.068322981366,12.604068322981366,44.80724179606625,39.4148350931677,28.972253260869564
강서구,고양시일산동구,687,2293500,687,11281425,687,73855.89368333333,687,28120.660799999998,687,23306.89888333333,687,3338.4279475982535,16421.288209606988,16.42128820960699,107.5049398592916,40.93254847161572,33.92561700630762
강서구,고양시일산서구,634,2397600,634,13835202,634,199786.04016666667,634,32672.559066666665,634,25111.732233333332,634,3781.7034700315457,21822.08517350158,21.822085173501577,315.11993717139853,51.53400483701367,39.60841046267087
강서구,과천시,87,367600,87,2528369,87,8667.4138,87,4109.154683333333,87,6407.154583333333,87,4225.287356321839,29061.712643678162,29.061712643678163,99.6254459770115,47.23166302681992,73.64545498084291
강서구,관악구,747,2622800,747,12943108,747,30859.289083333333,747,27591.697716666666,747,35914.83448333333,747,3511.1111111111113,17326.784471218205,17.326784471218204,41.310962628290945,36.93667699687639,48.07876102186524
강서구,광명시,222,732000,222,3570186,222,22853.346183333335,222,10411.513466666667,222,11766.194966666666,222,3297.2972972972975,16081.918918918918,16.08191891891892,102.94300082582583,46.89870930930931,53.000878228228224
강서구,광주시,4,25000,4,233635,4,6720.898666666666,4,156.21778333333333,4,432.38059999999996,4,6250.0,58408.75,58.40875,1680.2246666666665,39.05444583333333,108.09514999999999
강서구,광진구,446,1931100,446,13633599,446,60396.63888333333,446,16560.40805,446,28517.881083333334,446,4329.820627802691,30568.607623318385,30.568607623318385,135.41847283258596,37.13095975336322,63.94143740657698
강서구,구로구,3309,9543100,3309,36001538,3309,349625.49473333335,3309,122476.51436666667,3309,129159.97011666666,3309,2883.9830764581443,10879.884557268057,10.879884557268056,105.6589588193815,37.013150307242874,39.03293143447164
강서구,구리시,144,662600,144,4954590,144,5626.2018333333335,144,8607.807533333333,144,9346.112816666666,144,4601.388888888889,34406.875,34.406875,39.070846064814816,59.7764412037037,64.90356122685185
강서구,군포시,4,14700,4,96559,4,3678.3868333333335,4,167.93666666666667,4,278.4474333333333,4,3675.0,24139.75,24.13975,919.5967083333334,41.98416666666667,69.61185833333333
강서구,금천구,691,2207800,691,10077592,691,48237.775,691,25657.8148,691,32620.426516666666,691,3195.0795947901593,14584.069464544138,14.584069464544138,69.8086468885673,37.13142518089725,47.20756369995176
강서구,김포시,1970,7442000,1970,45964911,1970,44637.281650000004,1970,74097.85081666667,1970,82807.90441666667,1970,3777.6649746192893,23332.442131979697,23.332442131979697,22.658518604060916,37.61312224196278,42.03446924703892
강서구,남구,130,590400,130,4372312,130,105435.3473,130,3217.5875833333334,130,8412.75095,130,4541.538461538462,33633.16923076923,33.63316923076923,811.0411330769231,24.750673717948718,64.71346884615384
강서구,남동구,8,33000,8,221430,8,3628.1712166666666,8,412.36873333333335,8,449.70615000000004,8,4125.0,27678.75,27.67875,453.5214020833333,51.54609166666667,56.213268750000005
강서구,남양주시,290,1562300,290,13256485,290,6394.575483333333,290,11115.829866666667,290,23154.2539,290,5387.241379310345,45712.01724137931,45.712017241379314,22.05026028735632,38.330447816091954,79.8422548275862
강서구,노원구,595,2671100,595,19640489,595,168847.50183333334,595,23974.69625,595,38587.042316666666,595,4489.243697478992,33009.225210084034,33.00922521008403,283.77731400560225,40.29360714285714,64.85217196078432
강서구,도봉구,322,1456900,322,10786586,322,12166.773483333334,322,13069.8799,322,20273.34695,322,4524.534161490683,33498.71428571428,33.498714285714286,37.785010817805386,40.589689130434785,62.96070481366459
강서구,동구,1,4000,1,25422,1,1630.4818833333334,1,24.230166666666666,1,39.32021666666667,1,4000.0,25422.0,25.422,1630.4818833333334,24.230166666666666,39.32021666666667
강서구,동대문구,692,2834400,692,18980474,692,295847.71433333337,692,25280.50305,692,40098.01346666666,692,4095.9537572254335,27428.43063583815,27.42843063583815,427.5255987475916,36.5325188583815,57.94510616570327
강서구,동두천시,2,13800,2,134566,2,2665.4815,2,34.74466666666667,2,168.41738333333333,2,6900.0,67283.0,67.283,1332.74075,17.372333333333334,84.20869166666667
강서구,동작구,1135,3659800,1135,16251896,1135,89879.2043,1135,46517.53295,1135,45499.152883333336,1135,3224.493392070485,14318.851101321587,14.318851101321586,79.18872625550661,40.98461052863436,40.087359368575626
강서구,마포구,4838,13146500,4838,48123800,4838,507982.9629666667,4838,186152.11711666666,4838,140449.01046666666,4838,2717.3418768085985,9947.044233154196,9.947044233154196,104.99854546644619,38.4770808426347,29.03038661981535
강서구,부천시소사구,236,792300,236,3364405,236,12330.957483333334,236,9338.108616666666,236,10344.241983333333,236,3357.2033898305085,14255.953389830509,14.255953389830509,52.24981984463277,39.56825685028249,43.831533827683614
강서구,부천시오정구,458,908100,458,2929078,458,9836.896033333333,458,18382.239433333332,458,10887.974366666667,458,1982.7510917030568,6395.366812227075,6.395366812227075,21.47793893740902,40.135893959243084,23.77286979621543
강서구,부천시원미구,490,1476800,490,5898456,490,40849.537866666666,490,15793.078566666667,490,17622.444716666665,490,3013.877551020408,12037.66530612245,12.03766530612245,83.3664038095238,32.23077258503402,35.96417289115646
강서구,부평구,104,340800,104,1646561,104,107934.99983333334,104,4011.4715666666666,104,4759.44015,104,3276.923076923077,15832.317307692309,15.832317307692309,1037.8365368589743,38.57184198717949,45.76384759615385
강서구,서구,38,134200,38,726673,38,66056.0922,38,932.7114833333334,38,1625.5800833333333,38,3531.5789473684213,19122.973684210527,19.12297368421053,1738.3182157894737,24.545039035087722,42.778423245614036
강서구,서대문구,4074,12768000,4074,54765130,4074,1132095.91735,4074,147951.35133333332,4074,174121.97311666666,4074,3134.020618556701,13442.594501718213,13.442594501718213,277.8831412248405,36.31599198167239,42.739806852397315
강서구,서초구,1009,3836900,1009,23281780,1009,164399.99086666666,1009,42970.196866666665,1009,56152.42916666667,1009,3802.675916749257,23074.112983151634,23.074112983151633,162.9335885695408,42.586914634952095,55.65156508093823
강서구,성남시분당구,258,1386400,258,11773023,258,48172.81396666667,258,11165.5426,258,21349.813283333333,258,5373.643410852713,45631.87209302326,45.63187209302326,186.71633320413437,43.27729689922481,82.75121427648578
강서구,성남시수정구,260,1237700,260,9557724,260,4586.8166833333335,260,8202.8243,260,18787.734566666666,260,4760.384615384615,36760.47692307692,36.76047692307692,17.641602628205128,31.54932423076923,72.26051756410256
강서구,성남시중원구,119,593400,119,4760620,119,7548.3641,119,5679.544166666667,119,6402.4098,119,4986.55462184874,40005.21008403361,40.005210084033614,63.43163109243697,47.7272619047619,53.801763025210086
강서구,성동구,558,2277800,558,15123570,558,53730.327483333334,558,22439.329716666667,558,33493.126233333336,558,4082.0788530465948,27103.172043010753,27.10317204301075,96.29090946833931,40.21385253882915,60.02352371565114
강서구,성북구,452,1712000,452,10354722,452,15011.180550000001,452,17269.857133333335,452,24814.52185,452,3787.6106194690265,22908.67699115044,22.908676991150443,33.2105764380531,38.20764852507375,54.89938462389381
강서구,송파구,737,3294100,737,24014932,737,92127.83906666667,737,37376.67265,737,50291.688233333334,737,4469.606512890095,32584.710990502037,32.58471099050204,125.00385219357757,50.714616892808685,68.23838294889191
강서구,수원시권선구,2,10700,2,89868,2,3293.886,2,47.306716666666674,2,179.3754,2,5350.0,44934.0,44.934,1646.943,23.653358333333337,89.6877
강서구,수원시영통구,5,28500,5,251324,5,6658.692383333333,5,118.66093333333333,5,456.58695,5,5700.0,50264.8,50.2648,1331.7384766666667,23.732186666666667,91.31739
강서구,수원시장안구,3,14600,3,113281,3,4399.051333333333,3,108.01255,3,227.32016666666667,3,4866.666666666667,37760.333333333336,37.760333333333335,1466.3504444444443,36.00418333333334,75.77338888888889
강서구,수원시팔달구,7,35900,7,293874,7,12032.647783333334,7,214.89538333333334,7,662.4781833333334,7,5128.571428571428,41982.0,41.982,1718.9496833333335,30.69934047619048,94.63974047619048
강서구,시흥시,8,28800,8,161953,8,12426.4375,8,149.6759,8,426.46245,8,3600.0,20244.125,20.244125,1553.3046875,18.7094875,53.30780625
강서구,안산시단원구,10,47600,10,366627,10,16661.906766666667,10,281.31556666666665,10,783.81815,10,4760.0,36662.7,36.662699999999994,1666.1906766666666,28.131556666666665,78.38181499999999
강서구,안산시상록구,13,60900,13,463438,13,22862.542133333332,13,343.76345000000003,13,886.1751833333333,13,4684.615384615385,35649.07692307692,35.64907692307692,1758.657087179487,26.443342307692312,68.1673217948718
강서구,안양시동안구,40,171500,40,1198161,40,10190.91275,40,1529.4512166666668,40,2778.71335,40,4287.5,29954.025,29.954025,254.77281875,38.23628041666667,69.46783375
강서구,안양시만안구,71,275900,71,1719229,71,4780.633333333333,71,3230.9751166666665,71,4508.21295,71,3885.9154929577467,24214.49295774648,24.21449295774648,67.33286384976526,45.50669178403756,63.49595704225352
강서구,양주시,178,953400,178,8069284,178,7016.465033333334,178,8152.826683333334,178,12400.759883333332,178,5356.179775280899,45333.05617977528,45.333056179775284,39.418342883895136,45.80239709737828,69.66719035580523
강서구,양천구,8782,17817500,8782,53999109,8782,476120.41986666666,8782,301097.19998333335,8782,208798.4295,8782,2028.865861990435,6148.839558187201,6.148839558187201,54.21548848402034,34.285720790632354,23.77572642905944
강서구,양평군,4,34500,4,367584,4,6639.212149999999,4,130.83321666666666,4,525.6495666666667,4,8625.0,91896.0,91.896,1659.8030374999998,32.708304166666665,131.41239166666668
강서구,여주군,2,19500,2,214895,2,3815.561333333333,2,118.84361666666666,2,296.6807166666666,2,9750.0,107447.5,107.4475,1907.7806666666665,59.42180833333333,148.3403583333333
강서구,연수구,225,959600,225,6695179,225,438316.79631666664,225,4631.402783333333,225,18138.856733333334,225,4264.888888888889,29756.35111111111,29.756351111111112,1948.074650296296,20.58401237037037,80.61714103703704
강서구,연천군,1,8700,1,92474,1,1618.2794500000002,1,21.29655,1,117.83806666666666,1,8700.0,92474.0,92.474,1618.2794500000002,21.29655,117.83806666666666
강서구,영등포구,5972,16303100,5972,59129801,5972,831696.3083500001,5972,228399.6268,5972,173847.28278333333,5972,2729.9229738780978,9901.172304085734,9.901172304085733,139.2659592012726,38.245081513730746,29.110395643558828
강서구,오산시,2,12600,2,116598,2,3436.6786666666667,2,74.73266666666667,2,200.51866666666666,2,6300.0,58299.0,58.299,1718.3393333333333,37.36633333333334,100.25933333333333
강서구,용산구,1117,3805900,1117,18334008,1117,106184.68966666667,1117,47795.918516666665,1117,48990.01481666667,1117,3407.2515666965087,16413.61504028648,16.41361504028648,95.06239003282603,42.78954209191286,43.858562951357804
강서구,용인시기흥구,76,404300,76,3396550,76,117461.77823333333,76,3346.1656666666668,76,5437.950066666666,76,5319.736842105263,44691.44736842105,44.69144736842105,1545.5497135964913,44.02849561403509,71.5519745614035
강서구,용인시수지구,23,128900,23,1133770,23,32828.67905,23,989.5093166666667,23,2291.0916666666667,23,5604.347826086957,49294.34782608696,49.29434782608696,1427.3338717391305,43.02214420289855,99.61268115942029
강서구,용인시처인구,1,8000,1,82935,1,1742.081,1,25.971833333333333,1,142.46521666666666,1,8000.0,82935.0,82.935,1742.081,25.971833333333333,142.46521666666666
강서구,은평구,3436,10473500,3436,42003999,3436,458835.95506666665,3436,136325.43273333332,3436,127672.89548333333,3436,3048.1664726426075,12224.67956926659,12.22467956926659,133.53782161428018,39.67562070236709,37.15742010574311
강서구,의왕시,1,4700,1,36139,1,768.0083833333333,1,26.90145,1,56.944716666666665,1,4700.0,36139.0,36.139,768.0083833333333,26.90145,56.944716666666665
강서구,의정부시,131,661200,131,5349113,131,4345.6282,131,5615.912183333333,131,7727.982466666666,131,5047.32824427481,40832.923664122136,40.832923664122134,33.17273435114504,42.86955865139949,58.992232569974554
강서구,이천시,3,25400,3,267579,3,3947.2503333333334,3,126.43111666666667,3,350.8267166666667,3,8466.666666666666,89193.0,89.193,1315.7501111111112,42.143705555555556,116.9422388888889
강서구,종로구,1754,6102600,1754,32624164,1754,393934.4582333333,1754,73824.77638333333,1754,95703.56511666666,1754,3479.247434435576,18599.865450399087,18.599865450399086,224.59205144431775,42.08938220258457,54.56303598441657
강서구,중구,682,2535200,682,14939991,682,69021.17324999999,682,27798.2303,682,38401.71868333333,682,3717.302052785924,21906.145161290322,21.906145161290322,101.2040663489736,40.75986847507331,56.30750540078201
강서구,중랑구,288,1269400,288,9114570,288,20329.35078333333,288,11384.8945,288,18706.072633333333,288,4407.638888888889,31647.8125,31.6478125,70.58802355324073,39.530883680555554,64.95164108796297
강서구,파주시,33,154800,33,1178380,33,53220.455716666664,33,786.02295,33,1643.1821166666666,33,4690.909090909091,35708.48484848485,35.70848484848485,1612.7410823232321,23.818877272727274,49.79339747474747
강서구,평택시,4,29000,4,289386,4,6428.861666666667,4,147.17701666666667,4,488.7837666666667,4,7250.0,72346.5,72.3465,1607.2154166666667,36.79425416666667,122.19594166666667
강서구,포천시,5,33000,5,315310,5,8441.187083333334,5,126.71928333333334,5,395.8584333333333,5,6600.0,63062.0,63.062,1688.2374166666668,25.343856666666667,79.17168666666666
강서구,하남시,75,391100,75,3249835,75,5117.748166666667,75,2810.0558333333333,75,5505.812133333334,75,5214.666666666667,43331.13333333333,43.331133333333334,68.23664222222223,37.46741111111111,73.41082844444445
강서구,화성시,9,47500,9,400074,9,15688.364583333334,9,304.81295,9,835.1821666666667,9,5277.777777777777,44452.666666666664,44.452666666666666,1743.1516203703704,33.86810555555556,92.79801851851852
고양시덕양구,강남구,20,95000,20,730163,20,2253.5903166666667,20,-145.68943333333334,20,1526.5471166666666,20,4750.0,36508.15,36.50815,112.67951583333334,-7.284471666666667,76.32735583333333
고양시덕양구,강동구,6,30000,6,240672,6,686.5041166666667,6,-1.4966666666666708,6,470.39256666666665,6,5000.0,40112.0,40.112,114.4173527777778,-0.24944444444444513,78.39876111111111
고양시덕양구,강북구,17,69600,17,465208,17,1785.344,17,-117.64331666666666,17,938.0571,17,4094.1176470588234,27365.176470588234,27.365176470588235,105.02023529411765,-6.9201950980392155,55.17982941176471
고양시덕양구,강서구,133,453800,133,2433849,133,11421.166566666667,133,-809.9867333333334,133,5171.3636,133,3412.03007518797,18299.61654135338,18.29961654135338,85.8734328320802,-6.090125814536341,38.88243308270676
고양시덕양구,관악구,9,41600,9,314921,9,1105.6762166666667,9,31.135949999999998,9,687.5551166666667,9,4622.222222222223,34991.22222222222,34.99122222222222,122.85291296296298,3.4595499999999997,76.39501296296297
고양시덕양구,광진구,6,28400,6,218550,6,672.3782666666667,6,-22.889116666666663,6,393.1489,6,4733.333333333333,36425.0,36.425,112.06304444444446,-3.814852777777777,65.52481666666667
고양시덕양구,구로구,17,66800,17,423160,17,1729.95125,17,-26.32346666666666,17,960.1473833333334,17,3929.4117647058824,24891.764705882353,24.891764705882352,101.76183823529412,-1.5484392156862743,56.47925784313726
고양시덕양구,금천구,14,52200,14,320188,14,1427.7443666666668,14,44.57968333333332,14,686.0325833333334,14,3728.5714285714284,22870.571428571428,22.870571428571427,101.98174047619048,3.1842630952380944,49.00232738095239
고양시덕양구,김포시,1,2600,1,8446,1,2.1037833333333333,1,24.800666666666665,1,17.95695,1,2600.0,8446.0,8.446,2.1037833333333333,24.800666666666665,17.95695
고양시덕양구,노원구,23,101600,23,733582,23,2127.7431166666665,23,-77.93726666666666,23,1257.4270666666666,23,4417.391304347826,31894.869565217392,31.89486956521739,92.51057028985507,-3.3885768115942025,54.67074202898551
고양시덕양구,도봉구,14,57700,14,383909,14,1406.33,14,-82.63306666666666,14,710.8787166666666,14,4121.428571428572,27422.071428571428,27.422071428571428,100.45214285714285,-5.9023619047619045,50.777051190476186
고양시덕양구,동대문구,12,47500,12,299948,12,1120.5257166666665,12,48.201383333333354,12,735.1902166666666,12,3958.3333333333335,24995.666666666668,24.99566666666667,93.37714305555555,4.016781944444446,61.26585138888888
고양시덕양구,동작구,5,20800,5,141902,5,567.7466,5,-43.237500000000004,5,265.1954,5,4160.0,28380.4,28.3804,113.54932,-8.6475,53.03908
고양시덕양구,마포구,59,172600,59,744683,59,4041.1670166666668,59,-861.4948333333333,59,1838.4851666666666,59,2925.423728813559,12621.745762711864,12.621745762711864,68.49435621468926,-14.601607344632768,31.16076553672316
고양시덕양구,서대문구,47,151100,47,745495,47,3707.6484,47,-289.9156833333334,47,1897.4965333333334,47,3214.8936170212764,15861.595744680852,15.861595744680852,78.88613617021277,-6.168418794326242,40.37226666666667
고양시덕양구,서초구,11,45400,11,304583,11,864.0904833333334,11,56.3126,11,662.6496833333333,11,4127.272727272727,27689.363636363636,27.689363636363638,78.5536803030303,5.119327272727273,60.2408803030303
고양시덕양구,성동구,6,27100,6,200005,6,650.6596666666667,6,-28.007733333333334,6,429.1417333333333,6,4516.666666666667,33334.166666666664,33.33416666666666,108.44327777777778,-4.667955555555555,71.52362222222222
고양시덕양구,성북구,9,47400,9,394791,9,923.6328166666667,9,-144.05995000000001,9,825.5100666666665,9,5266.666666666667,43865.666666666664,43.86566666666666,102.62586851851853,-16.006661111111114,91.72334074074072
고양시덕양구,송파구,34,171100,34,1387505,34,1714.8394500000002,34,44.84251666666667,34,2540.2626833333334,34,5032.35294117647,40808.970588235294,40.80897058823529,50.436454411764714,1.318897549019608,74.71360833333334
고양시덕양구,양천구,9,30200,9,161991,9,767.92505,9,103.38315,9,368.4185166666667,9,3355.5555555555557,17999.0,17.999,85.32500555555556,11.487016666666667,40.93539074074074
고양시덕양구,영등포구,45,148400,45,738365,45,3661.8227333333334,45,-465.2569833333333,45,1634.2326,45,3297.777777777778,16408.11111111111,16.408111111111108,81.37383851851853,-10.339044074074074,36.31628
고양시덕양구,용산구,1,3300,1,16493,1,90.38721666666667,1,-5.06045,1,47.38516666666667,1,3300.0,16493.0,16.493,90.38721666666667,-5.06045,47.38516666666667
고양시덕양구,은평구,128,294800,128,1003869,128,8754.339249999999,128,-1454.7899166666666,128,3135.328266666667,128,2303.125,7842.7265625,7.8427265625,68.39327539062499,-11.365546223958333,24.494752083333335
고양시덕양구,의정부시,1,3800,1,22138,1,6.405283333333333,1,37.592616666666665,1,35.068,1,3800.0,22138.0,22.138,6.405283333333333,37.592616666666665,35.068
고양시덕양구,종로구,4,12500,4,57438,4,361.14283333333333,4,-35.34916666666667,4,148.055,4,3125.0,14359.5,14.3595,90.28570833333333,-8.837291666666667,37.01375
고양시덕양구,중구,10,37700,10,224575,10,916.6314,10,-76.86441666666667,10,714.6862,10,3770.0,22457.5,22.4575,91.66314,-7.686441666666667,71.46862
고양시덕양구,중랑구,11,49000,11,356784,11,1212.23365,11,-102.61244999999998,11,674.6203333333333,11,4454.545454545455,32434.909090909092,32.434909090909095,110.20305909090908,-9.328404545454545,61.32912121212121
고양시일산동구,강남구,9,49000,9,418289,9,1199.93175,9,-32.14175,9,764.1455666666667,9,5444.444444444444,46476.555555555555,46.47655555555556,133.32575,-3.571305555555556,84.90506296296297
고양시일산동구,강동구,79,421300,79,3569966,79,7536.713583333334,79,1429.6753,79,6593.2303833333335,79,5332.911392405063,45189.443037974685,45.189443037974684,95.40143776371309,18.097155696202535,83.45861244725738
고양시일산동구,강북구,2,10000,2,80375,2,244.02454999999998,2,-24.721833333333333,2,110.82261666666668,2,5000.0,40187.5,40.1875,122.01227499999999,-12.360916666666666,55.41130833333334
고양시일산동구,강서구,55,186800,55,953030,55,4183.843466666666,55,-359.03695,55,1744.9924166666667,55,3396.3636363636365,17327.81818181818,17.32781818181818,76.0698812121212,-6.527944545454545,31.727134848484848
고양시일산동구,관악구,15,68800,15,509644,15,1581.0479666666668,15,66.54523333333333,15,912.4306833333333,15,4586.666666666667,33976.26666666667,33.97626666666667,105.40319777777778,4.4363488888888885,60.828712222222215
고양시일산동구,광진구,7,36400,7,299496,7,664.0602833333334,7,-17.825350000000004,7,549.7601833333333,7,5200.0,42785.142857142855,42.78514285714286,94.86575476190477,-2.546478571428572,78.53716904761905
고양시일산동구,구로구,17,72700,17,510841,17,1742.5066666666667,17,-1411.0790166666666,17,988.0824166666666,17,4276.470588235294,30049.470588235294,30.049470588235295,102.50039215686274,-83.00464803921568,58.12249509803922
고양시일산동구,금천구,21,98800,21,764877,21,2552.8861666666667,21,143.44675,21,1595.6947166666666,21,4704.761904761905,36422.71428571428,36.422714285714285,121.56600793650793,6.83079761904762,75.9854626984127
고양시일산동구,노원구,8,39400,8,312674,8,764.5060833333333,8,2.0015499999999946,8,505.5708833333333,8,4925.0,39084.25,39.08425,95.56326041666667,0.2501937499999993,63.196360416666664
고양시일산동구,도봉구,5,24100,5,186875,5,538.3569833333333,5,-46.766333333333336,5,289.2799,5,4820.0,37375.0,37.375,107.67139666666667,-9.353266666666666,57.85598
고양시일산동구,동대문구,2,9900,2,79131,2,157.01956666666666,2,-1.13945,2,123.55956666666665,2,4950.0,39565.5,39.5655,78.50978333333333,-0.569725,61.77978333333333
고양시일산동구,동작구,9,38200,9,263275,9,932.9764500000001,9,36.8036,9,504.563,9,4244.444444444444,29252.777777777777,29.252777777777776,103.66405000000002,4.089288888888889,56.062555555555555
고양시일산동구,마포구,55,196300,55,1091742,55,4082.8428833333332,55,-40.60351666666666,55,2229.00725,55,3569.090909090909,19849.854545454546,19.849854545454544,74.23350696969696,-0.7382457575757574,40.527404545454544
고양시일산동구,서대문구,25,101100,25,667351,25,2467.3036666666667,25,-61.42941666666669,25,1296.86645,25,4044.0,26694.04,26.69404,98.69214666666667,-2.4571766666666677,51.874658
고양시일산동구,서초구,8,37300,8,282638,8,838.5491666666667,8,38.0768,8,555.6163166666666,8,4662.5,35329.75,35.32975,104.81864583333333,4.7596,69.45203958333333
고양시일산동구,성동구,3,15000,3,119308,3,378.77323333333334,3,62.785716666666666,3,218.86956666666666,3,5000.0,39769.333333333336,39.769333333333336,126.25774444444444,20.928572222222222,72.95652222222222
고양시일산동구,성북구,14,64600,14,484847,14,1423.9199166666667,14,-199.43888333333334,14,939.2517,14,4614.285714285715,34631.92857142857,34.631928571428574,101.70856547619049,-14.245634523809525,67.08940714285714
고양시일산동구,송파구,12,67600,12,591358,12,1472.7247333333335,12,111.14353333333335,12,1087.7988,12,5633.333333333333,49279.833333333336,49.279833333333336,122.72706111111113,9.261961111111113,90.6499
고양시일산동구,양천구,21,77100,21,440665,21,1720.9796166666667,21,-249.90805,21,864.0702666666666,21,3671.4285714285716,20984.04761904762,20.98404761904762,81.95141031746032,-11.900383333333334,41.14620317460317
고양시일산동구,영등포구,8,31800,8,205502,8,639.3345666666667,8,-39.477149999999995,8,379.951,8,3975.0,25687.75,25.68775,79.91682083333333,-4.934643749999999,47.493875
고양시일산동구,용산구,2,8000,2,52322,2,161.119,2,-20.22116666666667,2,97.06395,2,4000.0,26161.0,26.161,80.5595,-10.110583333333334,48.531975
고양시일산동구,은평구,44,149100,44,754269,44,3833.3731333333335,44,-42.97606666666668,44,1703.0234666666665,44,3388.6363636363635,17142.477272727272,17.142477272727273,87.12211666666667,-0.9767287878787883,38.70507878787878
고양시일산동구,종로구,5,19000,5,126034,5,525.0914333333333,5,86.90656666666666,5,276.1321,5,3800.0,25206.8,25.206799999999998,105.01828666666665,17.38131333333333,55.22642
고양시일산동구,중구,9,37200,9,248496,9,707.3253333333333,9,100.19601666666667,9,509.9136,9,4133.333333333333,27610.666666666668,27.610666666666667,78.5917037037037,11.132890740740741,56.657066666666665
고양시일산동구,중랑구,5,26000,5,216396,5,495.95995,5,13.306216666666668,5,271.845,5,5200.0,43279.2,43.279199999999996,99.19199,2.6612433333333336,54.36900000000001
고양시일산서구,강남구,14,77500,14,670138,14,2048.599983333333,14,92.13546666666666,14,1472.7426333333333,14,5535.714285714285,47867.0,47.867,146.3285702380952,6.581104761904761,105.19590238095238
고양시일산서구,강동구,4,23400,4,207674,4,594.0609333333333,4,-2.232316666666665,4,381.70781666666664,4,5850.0,51918.5,51.9185,148.51523333333333,-0.5580791666666662,95.42695416666666
고양시일산서구,강북구,1,5000,1,40866,1,147.38166666666666,1,-2.646166666666667,1,85.87571666666666,1,5000.0,40866.0,40.866,147.38166666666666,-2.646166666666667,85.87571666666666
고양시일산서구,강서구,12,44100,12,255181,12,990.5967166666667,12,58.405049999999996,12,464.71661666666665,12,3675.0,21265.083333333332,21.265083333333333,82.54972638888889,4.867087499999999,38.72638472222222
고양시일산서구,관악구,8,36400,8,270738,8,1019.5999333333334,8,-58.9186,8,445.08821666666665,8,4550.0,33842.25,33.84225,127.44999166666668,-7.364825,55.63602708333333
고양시일산서구,광진구,1,5800,1,51931,1,172.38205000000002,1,-25.419,1,55.535383333333336,1,5800.0,51931.0,51.931,172.38205000000002,-25.419,55.535383333333336
고양시일산서구,구로구,8,31700,8,203018,8,847.0015,8,26.69895,8,377.419,8,3962.5,25377.25,25.37725,105.8751875,3.33736875,47.177375
고양시일산서구,금천구,1,4900,1,38807,1,45.029333333333334,1,-8.450166666666666,1,81.35478333333334,1,4900.0,38807.0,38.807,45.029333333333334,-8.450166666666666,81.35478333333334
고양시일산서구,노원구,5,26200,5,215694,5,439.66138333333333,5,-113.548,5,353.9628333333333,5,5240.0,43138.8,43.1388,87.93227666666667,-22.709600000000002,70.79256666666666
고양시일산서구,도봉구,9,47200,9,394656,9,1014.4871833333333,9,-226.78976666666668,9,710.4118000000001,9,5244.444444444444,43850.666666666664,43.85066666666666,112.72079814814815,-25.198862962962963,78.93464444444446
고양시일산서구,동대문구,6,29000,6,227430,6,640.2840333333334,6,-79.24866666666668,6,470.87651666666665,6,4833.333333333333,37905.0,37.905,106.71400555555556,-13.208111111111114,78.47941944444445
고양시일산서구,마포구,17,64800,17,396826,17,1175.77035,17,-244.9742333333333,17,560.0399166666666,17,3811.764705882353,23342.70588235294,23.34270588235294,69.16296176470588,-14.410249019607841,32.94352450980392
고양시일산서구,부천시소사구,1,4800,1,37721,1,88.89621666666667,1,7.127883333333333,1,75.65383333333332,1,4800.0,37721.0,37.721,88.89621666666667,7.127883333333333,75.65383333333332
고양시일산서구,서대문구,11,45900,11,312636,11,987.1605000000001,11,-50.99455,11,593.42705,11,4172.727272727273,28421.454545454544,28.421454545454544,89.74186363636365,-4.635868181818181,53.94791363636364
고양시일산서구,서초구,3,14500,3,113979,3,271.2207666666667,3,-0.14118333333333055,3,194.22761666666668,3,4833.333333333333,37993.0,37.993,90.40692222222224,-0.047061111111110186,64.74253888888889
고양시일산서구,송파구,1,3800,1,23516,1,111.58305,1,40.670449999999995,1,42.420833333333334,1,3800.0,23516.0,23.516,111.58305,40.670449999999995,42.420833333333334
고양시일산서구,양천구,3,11800,3,74819,3,335.69061666666664,3,-13.854016666666663,3,179.29313333333334,3,3933.3333333333335,24939.666666666668,24.939666666666668,111.89687222222221,-4.618005555555555,59.76437777777778
고양시일산서구,영등포구,7,27000,7,168041,7,579.7093833333333,7,-32.80833333333334,7,339.0708333333333,7,3857.1428571428573,24005.85714285714,24.005857142857142,82.8156261904762,-4.686904761904763,48.43869047619047
고양시일산서구,용산구,3,12200,3,80693,3,329.50205000000005,3,-53.72833333333334,3,183.471,3,4066.6666666666665,26897.666666666668,26.89766666666667,109.83401666666668,-17.909444444444446,61.157000000000004
고양시일산서구,은평구,6,22800,6,136843,6,410.6545,6,-56.13976666666666,6,339.99148333333335,6,3800.0,22807.166666666668,22.807166666666667,68.44241666666666,-9.356627777777776,56.66524722222223
고양시일산서구,종로구,6,27300,6,203576,6,730.6429833333334,6,27.29216666666667,6,481.92976666666664,6,4550.0,33929.333333333336,33.92933333333333,121.77383055555556,4.548694444444445,80.32162777777778
고양시일산서구,중구,1,4600,1,34012,1,96.98228333333333,1,16.704716666666666,1,84.51433333333333,1,4600.0,34012.0,34.012,96.98228333333333,16.704716666666666,84.51433333333333
과천시,강남구,3,9200,3,38719,3,188.64221666666668,3,-3.780450000000002,3,92.89739999999999,3,3066.6666666666665,12906.333333333334,12.906333333333334,62.88073888888889,-1.2601500000000005,30.965799999999998
과천시,강북구,1,6200,1,57288,1,169.29399999999998,1,0.821,1,132.6725,1,6200.0,57288.0,57.288,169.29399999999998,0.821,132.6725
과천시,강서구,2,8000,2,50982,2,353.7578833333333,2,-6.1788333333333325,2,126.0309,2,4000.0,25491.0,25.491,176.87894166666666,-3.0894166666666663,63.01545
과천시,노원구,1,4300,1,30413,1,81.14788333333333,1,29.812549999999998,1,50.332233333333335,1,4300.0,30413.0,30.413,81.14788333333333,29.812549999999998,50.332233333333335
과천시,마포구,1,3700,1,21331,1,118.09411666666666,1,20.530166666666666,1,105.34716666666667,1,3700.0,21331.0,21.331,118.09411666666666,20.530166666666666,105.34716666666667
과천시,서초구,5,9400,5,28828,5,424.2468333333333,5,-23.548333333333332,5,96.25161666666666,5,1880.0,5765.6,5.7656,84.84936666666667,-4.709666666666666,19.250323333333334
과천시,성북구,1,4400,1,31215,1,129.41861666666668,1,-40.24616666666667,1,63.15,1,4400.0,31215.0,31.215,129.41861666666668,-40.24616666666667,63.15
과천시,송파구,1,3300,1,15962,1,75.24605,1,-22.53666666666667,1,35.26388333333333,1,3300.0,15962.0,15.962,75.24605,-22.53666666666667,35.26388333333333
과천시,양천구,1,3700,1,21596,1,81.17800000000001,1,5.266616666666667,1,58.09038333333333,1,3700.0,21596.0,21.596,81.17800000000001,5.266616666666667,58.09038333333333
과천시,영등포구,1,3200,1,14310,1,178.87721666666667,1,18.586216666666665,1,59.06623333333334,1,3200.0,14310.0,14.31,178.87721666666667,18.586216666666665,59.06623333333334
과천시,의정부시,5,24300,5,193124,5,94.00856666666667,5,164.58728333333335,5,348.98115,5,4860.0,38624.8,38.6248,18.801713333333332,32.917456666666666,69.79623000000001
과천시,중랑구,33,138800,33,951284,33,3401.34535,33,118.82381666666666,33,2148.550166666667,33,4206.060606060606,28826.78787878788,28.82678787878788,103.07107121212121,3.6007217171717167,65.10758080808081
관악구,가평군,1,7200,1,71216,1,1563.1630499999999,1,25.495116666666668,1,118.33171666666667,1,7200.0,71216.0,71.216,1563.1630499999999,25.495116666666668,118.33171666666667
관악구,강남구,927,2890700,927,12495411,927,127057.06763333332,927,40604.3902,927,40791.2585,927,3118.338727076591,13479.40776699029,13.47940776699029,137.06264038115785,43.80193117583603,44.003515102481124
관악구,강동구,557,2148900,557,13305490,557,61766.68588333333,557,26208.231383333332,557,31688.76655,557,3857.9892280071813,23887.773788150807,23.887773788150806,110.89171612806702,47.05248004189108,56.891860951526034
관악구,강북구,96,401700,96,2748163,96,20725.032266666665,96,3998.414133333333,96,6565.067016666667,96,4184.375,28626.697916666668,28.626697916666668,215.88575277777775,41.65014722222222,68.38611475694445
관악구,강서구,813,2759600,813,14120697,813,17485.054133333335,813,30010.95058333333,813,38783.25713333333,813,3394.3419434194343,17368.630996309963,17.368630996309964,21.506831652316524,36.913838355883556,47.70388331283313
관악구,계양구,5,18900,5,111353,5,1843.1322166666666,5,147.79088333333334,5,230.47961666666666,5,3780.0,22270.6,22.270599999999998,368.6264433333333,29.558176666666668,46.09592333333333
관악구,고양시덕양구,78,311100,78,2002686,78,8454.344783333334,78,3764.5617166666666,78,4491.440633333334,78,3988.4615384615386,25675.46153846154,25.67546153846154,108.3890356837607,48.263611752136754,57.582572222222225
관악구,고양시일산동구,75,328400,75,2344304,75,14690.255066666667,75,3690.1842333333334,75,4523.27115,75,4378.666666666667,31257.386666666665,31.257386666666665,195.87006755555555,49.202456444444444,60.310281999999994
관악구,고양시일산서구,29,134800,29,1018435,29,2479.8961,29,1918.8348833333334,29,1642.37655,29,4648.275862068966,35118.44827586207,35.11844827586207,85.51365862068965,66.16672011494254,56.63367413793103
관악구,과천시,49,149500,49,603020,49,2625.758,49,2030.2375333333334,49,1320.3499,49,3051.0204081632655,12306.530612244898,12.306530612244899,53.586897959183666,41.43341904761905,26.94591632653061
관악구,관악구,21273,33506200,21273,62565021,21273,1217381.3053333333,21273,916939.6406833334,21273,276588.61373333336,21273,1575.0575847318196,2941.0530249612184,2.9410530249612186,57.22659264482364,43.10344759476018,13.001862160171736
관악구,광명시,294,742800,294,2594272,294,10959.513916666667,294,15195.379183333333,294,8513.194366666667,294,2526.530612244898,8824.054421768707,8.824054421768707,37.277258219954646,51.68496320861678,28.95644342403628
관악구,광주시,8,39600,8,313583,8,11820.761883333333,8,236.20826666666667,8,564.2840166666667,8,4950.0,39197.875,39.197875,1477.5952354166666,29.526033333333334,70.53550208333334
관악구,광진구,225,818800,225,4695007,225,169654.53735,225,7177.43495,225,12881.324366666668,225,3639.1111111111113,20866.69777777778,20.86669777777778,754.020166,31.899710888888887,57.250330518518524
관악구,구로구,2546,5428100,2546,17691261,2546,526686.85995,2546,113594.56803333333,2546,65014.52456666667,2546,2132.0109976433623,6948.649253731343,6.948649253731343,206.8683660447761,44.61687668237759,25.53594837653836
관악구,구리시,25,107000,25,739201,25,1187.3982333333333,25,1715.73,25,1501.8406166666666,25,4280.0,29568.04,29.56804,47.495929333333336,68.6292,60.07362466666667
관악구,군포시,1,4700,1,35536,1,1799.3888333333334,1,44.90161666666667,1,76.10693333333333,1,4700.0,35536.0,35.536,1799.3888333333334,44.90161666666667,76.10693333333333
관악구,금천구,2202,3927400,2202,11705463,2202,56815.0311,2202,86104.30363333333,2202,44089.19725,2202,1783.560399636694,5315.83242506812,5.31583242506812,25.801558174386923,39.102771858916135,20.02234207538601
관악구,김포시,188,915200,188,7239869,188,11334.0568,188,10700.86055,188,12800.1823,188,4868.085106382979,38509.9414893617,38.5099414893617,60.28753617021277,56.9194710106383,68.0860760638298
관악구,남구,1,4600,1,34332,1,1930.4886666666669,1,36.299499999999995,1,67.961,1,4600.0,34332.0,34.332,1930.4886666666669,36.299499999999995,67.961
관악구,남동구,2,7600,2,45774,2,3472.557,2,38.7745,2,85.89733333333334,2,3800.0,22887.0,22.887,1736.2785,19.38725,42.94866666666667
관악구,남양주시,29,152100,29,1264812,29,650.54905,29,1313.1852833333332,29,2321.1513666666665,29,5244.827586206897,43614.206896551725,43.61420689655172,22.432725862068963,45.282251149425285,80.03970229885057
관악구,노원구,298,1258800,298,8734021,298,19792.995766666667,298,15799.735716666666,298,17884.31485,298,4224.161073825503,29308.795302013423,29.308795302013422,66.41944888143176,53.01924737136465,60.014479362416104
관악구,도봉구,146,668900,146,5002368,146,7695.577233333333,146,9273.037466666667,146,10537.466049999999,146,4581.506849315068,34262.79452054795,34.26279452054795,52.70943310502283,63.51395525114155,72.174425
관악구,동대문구,237,855500,237,4769240,237,10061.712783333332,237,10632.248366666667,237,12415.789883333333,237,3609.7046413502107,20123.37552742616,20.12337552742616,42.45448431786216,44.86180745428973,52.38729908579465
관악구,동작구,9014,15265480,9014,35662825,9014,744511.6822,9014,365318.93271666666,9014,152821.87788333333,9014,1693.5300643443531,3956.381739516308,3.9563817395163077,82.5950390725538,40.52794904777753,16.95383601989498
관악구,마포구,1067,3359100,1067,14833039,1067,56549.6221,1067,51417.57916666667,1067,41004.14118333333,1067,3148.1724461105905,13901.629803186504,13.901629803186504,52.99870862230553,48.18892143080288,38.42937318025617
관악구,부천시소사구,55,182300,55,882539,55,1644.0513333333333,55,2849.947583333333,55,2583.011033333333,55,3314.5454545454545,16046.163636363637,16.046163636363637,29.891842424242423,51.81722878787878,46.96383696969697
관악구,부천시오정구,15,49500,15,239175,15,455.05125,15,778.07785,15,667.5983166666667,15,3300.0,15945.0,15.945,30.33675,51.871856666666666,44.50655444444445
관악구,부천시원미구,87,302500,87,1590556,87,2674.4050333333334,87,4529.0408,87,4529.888783333334,87,3477.0114942528735,18282.25287356322,18.28225287356322,30.740287739463604,52.057940229885055,52.067687164750964
관악구,부평구,9,34100,9,208055,9,14044.512983333334,9,299.27755,9,577.3438333333334,9,3788.8888888888887,23117.222222222223,23.11722222222222,1560.5014425925926,33.253061111111116,64.14931481481482
관악구,서구,9,39600,9,283620,9,13533.204600000001,9,346.81778333333335,9,630.7296166666666,9,4400.0,31513.333333333332,31.513333333333332,1503.6894000000002,38.535309259259265,70.08106851851852
관악구,서대문구,1655,5143000,1655,21177839,1655,463437.0608833333,1655,62582.09685,1655,83126.63471666667,1655,3107.5528700906343,12796.277341389728,12.796277341389729,280.0223932829809,37.813955800604234,50.2275738469285
관악구,서초구,2068,5033700,2068,18085530,2068,172607.2407,2068,96790.9559,2068,57708.9798,2068,2434.090909090909,8745.42069632495,8.74542069632495,83.46578370406189,46.80413728239845,27.905696228239847
관악구,성남시분당구,170,684700,170,4472407,170,14493.786883333332,170,10640.909516666667,170,8208.842066666666,170,4027.6470588235293,26308.276470588236,26.308276470588236,85.25756990196078,62.59358539215686,48.2873062745098
관악구,성남시수정구,66,244000,66,1417861,66,2297.6994666666665,66,2859.4244833333332,66,2961.6363833333335,66,3696.969696969697,21482.742424242424,21.482742424242424,34.81362828282828,43.32461338383838,44.873278535353535
관악구,성남시중원구,267,1021700,267,6156240,267,33710.777266666664,267,15617.980616666668,267,12518.57885,267,3826.5917602996255,23057.078651685395,23.057078651685394,126.25759275905118,58.49430942571786,46.88606310861423
관악구,성동구,187,634300,187,3210812,187,13018.83125,187,8800.37335,187,8914.726766666667,187,3391.9786096256685,17170.117647058825,17.170117647058824,69.61941844919785,47.060820053475936,47.672335650623886
관악구,성북구,151,544700,151,3061688,151,9181.202116666667,151,9255.907733333333,151,9492.361383333333,151,3607.2847682119204,20276.079470198674,20.276079470198674,60.802663024282566,61.29740220750552,62.863320419426046
관악구,송파구,318,1136300,318,6274819,318,29067.873433333334,318,14036.4601,318,16043.647283333334,318,3573.2704402515724,19732.135220125787,19.732135220125787,91.4084070230608,44.13981163522013,50.45172101677149
관악구,수원시팔달구,2,8800,2,63093,2,3179.595166666667,2,66.69438333333333,2,119.68345000000001,2,4400.0,31546.5,31.5465,1589.7975833333335,33.34719166666667,59.841725000000004
관악구,시흥시,14,49500,14,267973,14,24332.338183333333,14,424.8756166666667,14,738.9255499999999,14,3535.714285714286,19140.928571428572,19.14092857142857,1738.0241559523809,30.348258333333337,52.78039642857142
관악구,안산시단원구,2,7800,2,49286,2,2940.4808833333336,2,42.281333333333336,2,84.00305,2,3900.0,24643.0,24.643,1470.2404416666668,21.140666666666668,42.001525
관악구,안양시동안구,372,1230800,372,5181414,372,159569.56935,372,9988.57965,372,14224.873883333334,372,3308.6021505376343,13928.532258064517,13.928532258064518,428.9504552419355,26.851020564516126,38.23890828853047
관악구,안양시만안구,147,423500,147,1632868,147,8775.377166666667,147,6828.764383333333,147,4488.318666666666,147,2880.9523809523807,11107.945578231293,11.107945578231293,59.6964433106576,46.45417947845805,30.53278004535147
관악구,양주시,37,224500,37,2055684,37,1242.6962833333332,37,2105.7780000000002,37,3864.1625666666664,37,6067.5675675675675,55559.02702702703,55.55902702702703,33.58638603603603,56.912918918918926,104.43682612612612
관악구,양천구,577,1643500,577,6262699,577,24867.69815,577,22815.177183333333,577,18513.98095,577,2848.3535528596185,10853.897746967072,10.853897746967071,43.098263691507796,39.54103497978048,32.08662209705373
관악구,양평군,1,7100,1,69696,1,1628.2728333333332,1,36.23421666666666,1,92.9774,1,7100.0,69696.0,69.696,1628.2728333333332,36.23421666666666,92.9774
관악구,연수구,12,52800,12,375795,12,23211.814533333334,12,318.5744833333333,12,941.5973333333334,12,4400.0,31316.25,31.31625,1934.3178777777778,26.54787361111111,78.46644444444445
관악구,영등포구,2965,6086200,2965,18772513,2965,195233.38653333334,2965,127528.81865,2965,70948.84678333333,2965,2052.681281618887,6331.3703204047215,6.331370320404721,65.84599883080382,43.01140595278246,23.92878474985947
관악구,오산시,1,5800,1,51161,1,1920.9498833333334,1,24.099333333333334,1,92.74766666666666,1,5800.0,51161.0,51.161,1920.9498833333334,24.099333333333334,92.74766666666666
관악구,용산구,732,1909400,732,6431287,732,106246.76046666666,732,35839.38196666667,732,23404.417683333333,732,2608.469945355191,8785.911202185793,8.785911202185792,145.1458476320583,48.96090432604736,31.973248201275045
관악구,용인시수지구,1,4700,1,36106,1,1475.3580499999998,1,66.40355000000001,1,39.6245,1,4700.0,36106.0,36.106,1475.3580499999998,66.40355000000001,39.6245
관악구,용인시처인구,16,90100,16,784104,16,27945.148533333333,16,393.51443333333333,16,1202.8926833333333,16,5631.25,49006.5,49.0065,1746.5717833333333,24.594652083333333,75.18079270833333
관악구,은평구,263,912000,263,4836101,263,36491.90236666667,263,11936.9412,263,12471.431066666668,263,3467.680608365019,18388.216730038024,18.388216730038025,138.7524804816223,45.38760912547528,47.41988998732573
관악구,의왕시,9,32000,9,176985,9,4925.592883333333,9,293.51783333333333,9,383.0541166666667,9,3555.5555555555557,19665.0,19.665,547.288098148148,32.613092592592594,42.56156851851852
관악구,의정부시,45,236200,45,1961231,45,1254.14075,45,2206.4585,45,3255.7623166666667,45,5248.888888888889,43582.91111111111,43.58291111111111,27.869794444444445,49.03241111111112,72.3502737037037
관악구,종로구,574,1851900,574,8622567,574,73693.76398333334,574,24005.322433333335,574,31995.443633333332,574,3226.306620209059,15021.893728222996,15.021893728222997,128.38634840301975,41.821119221835076,55.74119099883856
관악구,중구,494,1521100,494,6432061,494,48191.022816666664,494,22351.606416666666,494,19232.16505,494,3079.1497975708503,13020.366396761134,13.020366396761133,97.5526777665317,45.24616683535762,38.93150819838056
관악구,중랑구,381,1389300,381,7869204,381,22395.222383333334,381,29098.301666666666,381,20909.40475,381,3646.4566929133857,20654.07874015748,20.65407874015748,58.78011124234471,76.37349518810149,54.88032742782153
관악구,파주시,1,6700,1,64935,1,1427.02395,1,27.905283333333333,1,103.78960000000001,1,6700.0,64935.0,64.935,1427.02395,27.905283333333333,103.78960000000001
관악구,평택시,13,92600,13,913498,13,21307.091666666667,13,426.41473333333334,13,1144.8913333333333,13,7123.076923076923,70269.07692307692,70.26907692307692,1639.0070512820514,32.80113333333333,88.0685641025641
관악구,하남시,81,329500,81,2174747,81,7182.960916666667,81,4373.8846,81,4604.8608,81,4067.901234567901,26848.728395061727,26.848728395061727,88.67852983539095,53.99857530864198,56.85013333333334
관악구,화성시,22,120000,22,1040768,22,40897.08033333333,22,734.2435666666667,22,1545.1149666666665,22,5454.545454545455,47307.63636363636,47.30763636363636,1858.958196969697,33.374707575757576,70.23249848484848
광명시,강남구,30,129000,30,897466,30,3463.895433333333,30,-80.02144999999999,30,1916.2809,30,4300.0,29915.533333333333,29.915533333333332,115.4631811111111,-2.667381666666666,63.87603
광명시,강서구,27,78000,27,296532,27,2512.2803166666667,27,144.72708333333333,27,1338.3020166666668,27,2888.8888888888887,10982.666666666666,10.982666666666667,93.04741913580247,5.360262345679012,49.56674135802469
광명시,관악구,6,16200,6,53713,6,470.93995,6,-199.24994999999998,6,174.47313333333332,6,2700.0,8952.166666666666,8.952166666666667,78.48999166666667,-33.208324999999995,29.078855555555553
광명시,광진구,1,4700,1,35122,1,88.79983333333332,1,-5.16555,1,75.25088333333333,1,4700.0,35122.0,35.122,88.79983333333332,-5.16555,75.25088333333333
광명시,구로구,42,76600,42,211197,42,4015.691083333333,42,-300.66305,42,758.82915,42,1823.8095238095239,5028.5,5.0285,95.61169246031746,-7.158644047619047,18.067360714285716
광명시,금천구,68,106500,68,268664,68,4170.076316666667,68,-1042.2290166666667,68,988.7014166666667,68,1566.1764705882354,3950.9411764705883,3.950941176470588,61.32465171568627,-15.32689730392157,14.539726715686275
광명시,노원구,1,5100,1,41768,1,108.86954999999999,1,5.242500000000001,1,62.30011666666667,1,5100.0,41768.0,41.768,108.86954999999999,5.242500000000001,62.30011666666667
광명시,도봉구,2,9700,2,75155,2,70.83461666666668,2,14.586266666666669,2,167.79061666666666,2,4850.0,37577.5,37.5775,35.41730833333334,7.293133333333334,83.89530833333333
광명시,동대문구,3,13200,3,95396,3,151.34005000000002,3,131.73855,3,222.7436833333333,3,4400.0,31798.666666666668,31.79866666666667,50.44668333333334,43.91285,74.24789444444444
광명시,동작구,9,23200,9,77515,9,851.4832166666666,9,6.223183333333331,9,302.26418333333334,9,2577.777777777778,8612.777777777777,8.612777777777778,94.60924629629629,0.6914648148148146,33.58490925925926
광명시,마포구,9,30100,9,150495,9,923.0675000000001,9,-8.429733333333337,9,470.6023666666666,9,3344.4444444444443,16721.666666666668,16.721666666666668,102.56305555555556,-0.9366370370370374,52.28915185185185
광명시,서초구,1,3800,1,23527,1,84.652,1,0.5642166666666667,1,46.125616666666666,1,3800.0,23527.0,23.527,84.652,0.5642166666666667,46.125616666666666
광명시,성남시분당구,3,13500,3,98235,3,58.99693333333333,3,122.565,3,155.41416666666666,3,4500.0,32745.0,32.745,19.665644444444442,40.855,51.80472222222222
광명시,성북구,3,14500,3,112125,3,350.41181666666665,3,-29.08795,3,305.7264,3,4833.333333333333,37375.0,37.375,116.80393888888888,-9.695983333333333,101.9088
광명시,송파구,3,15100,3,121249,3,491.93288333333334,3,41.650166666666664,3,186.0203833333333,3,5033.333333333333,40416.333333333336,40.416333333333334,163.97762777777777,13.883388888888888,62.00679444444444
광명시,안양시만안구,1,1500,1,4831,1,11.535666666666666,1,34.062,1,7.443333333333333,1,1500.0,4831.0,4.831,11.535666666666666,34.062,7.443333333333333
광명시,양천구,28,74900,28,267874,28,2231.2968333333333,28,-8.243450000000003,28,803.6356,28,2675.0,9566.92857142857,9.566928571428571,79.68917261904762,-0.2944089285714287,28.701271428571427
광명시,영등포구,10,31400,10,150199,10,871.1279000000001,10,-112.98788333333333,10,465.43306666666666,10,3140.0,15019.9,15.0199,87.11279,-11.298788333333333,46.543306666666666
광명시,은평구,4,15400,4,95151,4,458.7892166666667,4,-13.647283333333332,4,307.95213333333334,4,3850.0,23787.75,23.78775,114.69730416666667,-3.411820833333333,76.98803333333333
광명시,중구,4,13200,4,64261,4,566.7972833333333,4,-142.89033333333333,4,178.48521666666664,4,3300.0,16065.25,16.06525,141.69932083333333,-35.72258333333333,44.62130416666666
광진구,가평군,2,12600,2,117710,2,2943.0005,2,39.14078333333333,2,136.94988333333333,2,6300.0,58855.0,58.855,1471.50025,19.570391666666666,68.47494166666667
광진구,강남구,1497,3764700,1497,13607577,1497,101081.04226666667,1497,63456.53773333333,1497,45574.07585,1497,2514.8296593186374,9089.897795591183,9.089897795591183,67.52240632375863,42.38913676241371,30.44360444221777
광진구,강동구,4855,10813000,4855,35702897,4855,215448.5463,4855,195541.29453333333,4855,107481.66346666667,4855,2227.188465499485,7353.840782698249,7.353840782698249,44.37663157569516,40.27627075866804,22.13834468932372
광진구,강북구,481,1576700,481,7547768,481,11957.2117,481,18781.9439,481,19264.724883333332,481,3277.962577962578,15691.825363825365,15.691825363825364,24.859067983367982,39.04770041580041,40.05140308385308
광진구,강서구,416,1918300,416,12715456,416,23225.724166666667,416,18240.55265,416,25601.931016666666,416,4611.298076923077,30566.0,30.566,55.831067708333336,43.847482331730774,61.54310340544872
광진구,계양구,17,90000,17,749897,17,32195.936416666667,17,395.6592833333333,17,1206.4968166666667,17,5294.117647058823,44111.58823529412,44.11158823529412,1893.878612745098,23.274075490196076,70.97040098039216
광진구,고양시덕양구,53,239200,53,1756149,53,928.6215833333333,53,1928.5514833333334,53,3370.72215,53,4513.207547169812,33134.88679245283,33.13488679245283,17.521161949685535,36.38776383647799,63.59853113207547
광진구,고양시일산동구,56,276300,56,2224433,56,1540.1412166666667,56,2014.2856166666666,56,3326.1471500000002,56,4933.928571428572,39722.017857142855,39.72201785714285,27.502521726190476,35.96938601190476,59.395484821428575
광진구,고양시일산서구,12,62900,12,524159,12,2298.677966666666,12,522.3360666666667,12,724.9146333333333,12,5241.666666666667,43679.916666666664,43.679916666666664,191.5564972222222,43.52800555555556,60.409552777777776
광진구,과천시,22,81500,22,475971,22,1924.2617833333334,22,927.2182,22,1373.757,22,3704.5454545454545,21635.045454545456,21.635045454545455,87.4664446969697,42.14628181818182,62.4435
광진구,관악구,197,715800,197,4057988,197,2791.4773,197,6264.092633333334,197,11248.911316666667,197,3633.502538071066,20598.92385786802,20.59892385786802,14.169935532994923,31.79742453468697,57.10107267343486
광진구,광명시,18,78000,18,553350,18,369.88835,18,831.58055,18,1314.2780333333333,18,4333.333333333333,30741.666666666668,30.741666666666667,20.549352777777777,46.19891944444444,73.01544629629629
광진구,광주시,43,177500,43,1197686,43,71550.80771666666,43,1056.1903333333332,43,2282.9258833333333,43,4127.906976744186,27853.162790697676,27.853162790697674,1663.97227248062,24.562565891472865,53.0912996124031
광진구,광진구,15029,24164680,15029,45295295,15029,846465.5338999999,15029,522798.52548333333,15029,182389.3456,15029,1607.870117772307,3013.859538226096,3.013859538226096,56.322146110852344,34.78598213343092,12.13582710759199
광진구,구로구,144,583600,144,3835667,144,8490.925433333334,144,6170.831633333333,144,10981.756566666667,144,4052.777777777778,26636.57638888889,26.63657638888889,58.964759953703705,42.8529974537037,76.26219837962964
광진구,구리시,339,979800,339,3521009,339,13271.60115,339,14981.313166666667,339,11209.832216666666,339,2890.265486725664,10386.457227138642,10.386457227138642,39.149265929203544,44.19266420845624,33.06735167158308
광진구,금천구,51,202200,51,1295144,51,1638.41595,51,2886.5537833333333,51,3560.0364666666665,51,3964.705882352941,25394.980392156864,25.394980392156864,32.125802941176474,56.59909379084967,69.80463660130718
광진구,김포시,23,133100,23,1187975,23,1552.5524333333333,23,855.6767666666666,23,1774.8245833333333,23,5786.95652173913,51651.086956521736,51.65108695652174,67.50227971014492,37.20333768115942,77.16628623188406
광진구,남구,1,5400,1,46808,1,1064.99795,1,16.068883333333336,1,60.67256666666666,1,5400.0,46808.0,46.808,1064.99795,16.068883333333336,60.67256666666666
광진구,남동구,7,41100,7,369315,7,11628.381116666667,7,177.77455,7,536.4114666666667,7,5871.428571428572,52759.28571428572,52.75928571428572,1661.1973023809526,25.396364285714288,76.63020952380953
광진구,남양주시,288,1066600,288,6286739,288,14546.262833333334,288,12169.595983333333,288,11927.092466666667,288,3703.472222222222,21828.95486111111,21.82895486111111,50.50785706018519,42.25554160879629,41.41351550925926
광진구,노원구,2692,8051700,2692,32660892,2692,227517.66995,2692,95586.5733,2692,79929.10706666666,2692,2990.9732540861814,12132.575037147102,12.132575037147102,84.51622212109956,35.50764238484398,29.691347350173352
광진구,도봉구,295,1001400,295,5100442,295,6747.56165,295,11361.8752,295,12859.46595,295,3394.576271186441,17289.633898305085,17.289633898305084,22.87309033898305,38.51483118644068,43.591409999999996
광진구,동대문구,2457,4885600,2457,14568676,2457,70287.4868,2457,94879.19928333334,2457,50608.01601666667,2457,1988.4411884411884,5929.457061457061,5.929457061457061,28.607035734635733,38.615872724189394,20.59748311626645
광진구,동작구,219,755300,219,3923053,219,5541.414083333333,219,8347.648533333333,219,9292.15075,219,3448.8584474885843,17913.48401826484,17.91348401826484,25.303260654490106,38.117116590563164,42.429912100456626
광진구,마포구,345,1335100,345,8256986,345,26033.539083333333,345,12193.426683333333,345,17587.3696,345,3869.855072463768,23933.292753623187,23.93329275362319,75.45953357487923,35.34326574879227,50.97788289855073
광진구,부천시소사구,32,153200,32,1185741,32,861.5219166666667,32,1511.81935,32,2428.7420333333334,32,4787.5,37054.40625,37.05440625,26.922559895833334,47.2443546875,75.89818854166667
광진구,부천시오정구,6,28200,6,215361,6,148.49626666666666,6,268.11310000000003,6,412.5446166666667,6,4700.0,35893.5,35.8935,24.749377777777777,44.68551666666667,68.75743611111112
광진구,부천시원미구,28,139600,28,1120359,28,2154.0327833333336,28,1311.5531666666666,28,2360.433516666667,28,4985.714285714285,40012.82142857143,40.01282142857143,76.92974226190476,46.841184523809524,84.30119702380954
광진구,부평구,20,100300,20,801944,20,743.9223666666667,20,1110.8470333333332,20,1715.6684,20,5015.0,40097.2,40.097199999999994,37.19611833333333,55.54235166666666,85.78342
광진구,서구,5,26500,5,221686,5,8012.222699999999,5,140.71428333333333,5,306.80856666666665,5,5300.0,44337.2,44.337199999999996,1602.44454,28.142856666666667,61.36171333333333
광진구,서대문구,137,494200,137,2781385,137,16003.8577,137,5406.737833333334,137,6655.34295,137,3607.299270072993,20302.080291970804,20.302080291970803,116.8164795620438,39.4652396593674,48.579145620437956
광진구,서초구,201,619200,201,2630751,201,7755.648416666667,201,8418.72595,201,8800.960616666667,201,3080.597014925373,13088.313432835821,13.088313432835822,38.58531550580431,41.88420870646766,43.78587371475954
광진구,성남시분당구,226,880800,226,5539553,226,11322.548066666666,226,12176.8173,226,11140.0821,226,3897.3451327433627,24511.296460176993,24.511296460176993,50.09977020648967,53.87972256637168,49.29239867256637
광진구,성남시수정구,164,519300,164,2303259,164,4874.12015,164,8644.8449,164,6187.131766666666,164,3166.4634146341464,14044.262195121952,14.044262195121952,29.72024481707317,52.71246890243903,37.72641321138211
광진구,성남시중원구,21,72200,21,375578,21,521.8130666666666,21,949.79635,21,1052.1775833333334,21,3438.095238095238,17884.666666666668,17.884666666666668,24.848241269841267,45.22839761904762,50.10369444444444
광진구,성동구,2042,3612300,2042,10586783,2042,71127.91095,2042,69776.75891666667,2042,43375.1771,2042,1769.0009794319294,5184.516650342801,5.184516650342801,34.832473530852106,34.17079280933726,21.2415166993144
광진구,성북구,624,1816100,624,6635035,624,9953.421066666666,624,20507.23175,624,20344.782183333333,624,2910.4166666666665,10633.06891025641,10.63306891025641,15.950995299145298,32.86415344551282,32.60381760149573
광진구,송파구,3035,6609000,3035,21297892,3035,176213.98695,3035,109669.65941666666,3035,66362.28453333334,3035,2177.5947281713343,7017.427347611203,7.017427347611203,58.06062172981878,36.13497839099396,21.865662119714443
광진구,수원시팔달구,1,6400,1,60903,1,2.66445,1,11.603716666666665,1,88.91066666666667,1,6400.0,60903.0,60.903,2.66445,11.603716666666665,88.91066666666667
광진구,안산시상록구,27,150500,27,1307980,27,48146.23351666667,27,821.13815,27,2484.5291333333334,27,5574.074074074074,48443.7037037037,48.4437037037037,1783.1938339506173,30.412524074074074,92.0195975308642
광진구,안양시동안구,50,223200,50,1659770,50,2250.9252333333334,50,3445.7623,50,4231.189916666666,50,4464.0,33195.4,33.1954,45.018504666666665,68.915246,84.62379833333333
광진구,안양시만안구,13,58400,13,423675,13,566.7810166666667,13,872.9134,13,948.3777833333334,13,4492.307692307692,32590.384615384617,32.590384615384615,43.59853974358975,67.14718461538462,72.95213717948718
광진구,양주시,59,307800,59,2549179,59,880.9868833333334,59,1871.2089333333333,59,3346.8132333333333,59,5216.949152542373,43206.42372881356,43.20642372881356,14.931981073446329,31.715405649717514,56.72564802259887
광진구,양천구,163,675700,163,4565024,163,5519.188033333333,163,8923.019033333334,163,12902.499966666666,163,4145.398773006135,28006.282208588957,28.006282208588956,33.86004928425358,54.742448057259715,79.15644151329244
광진구,양평군,2,11300,2,97512,2,3222.0032166666665,2,46.09795,2,135.01876666666666,2,5650.0,48756.0,48.756,1611.0016083333333,23.048975,67.50938333333333
광진구,연수구,2,13400,2,129401,2,3378.5376666666666,2,102.50161666666666,2,226.06221666666667,2,6700.0,64700.5,64.7005,1689.2688333333333,51.25080833333333,113.03110833333334
광진구,영등포구,367,1316200,367,7330123,367,11763.618566666666,367,12716.818816666666,367,16072.236833333332,367,3586.376021798365,19973.08719346049,19.97308719346049,32.0534565849228,34.65073247048138,43.7935608537693
광진구,용산구,264,833000,264,3690638,264,8259.637333333334,264,11092.114083333334,264,9809.7602,264,3155.3030303030305,13979.689393939394,13.979689393939394,31.286505050505053,42.0155836489899,37.15818257575758
광진구,용인시수지구,11,50400,11,374414,11,5338.0426333333335,11,430.60218333333336,11,550.3859166666666,11,4581.818181818182,34037.63636363636,34.03763636363636,485.276603030303,39.14565303030303,50.035083333333326
광진구,용인시처인구,28,134900,28,1047092,28,41720.301433333334,28,856.3561500000001,28,1611.4678833333332,28,4817.857142857143,37396.142857142855,37.396142857142856,1490.0107654761905,30.584148214285715,57.5524244047619
광진구,은평구,201,784700,201,4936260,201,11659.976766666667,201,9611.656516666666,201,10332.796183333334,201,3903.9800995024875,24558.507462686568,24.558507462686567,58.00983466003317,47.81918665008291,51.40694618573798
광진구,의정부시,66,269000,66,1785515,66,1719.3091333333334,66,3092.7067333333334,66,3543.0497333333333,66,4075.757575757576,27053.257575757576,27.053257575757577,26.050138383838384,46.85919292929293,53.68257171717172
광진구,종로구,690,2007900,690,7060848,690,46853.10706666667,690,21598.98885,690,26332.526783333335,690,2910.0,10233.11304347826,10.23311304347826,67.90305371980676,31.30288239130435,38.16308229468599
광진구,중구,432,1202100,432,4857526,432,27398.603333333333,432,17355.236,432,15530.79645,432,2782.6388888888887,11244.273148148148,11.244273148148148,63.42269290123457,40.17415740740741,35.950917708333336
광진구,중랑구,3014,7343100,3014,20931402,3014,74410.33605,3014,117388.74588333332,3014,71158.03886666667,3014,2436.3304578633047,6944.7252820172525,6.944725282017252,24.688233593231587,38.94782544238,23.609170161468704
광진구,파주시,6,37100,6,342267,6,6287.840099999999,6,204.6089333333333,6,641.1575166666667,6,6183.333333333333,57044.5,57.0445,1047.97335,34.10148888888889,106.85958611111111
광진구,포천시,4,18700,4,141927,4,6320.969383333334,4,150.17805,4,238.24823333333333,4,4675.0,35481.75,35.48175,1580.2423458333335,37.5445125,59.56205833333333
광진구,하남시,903,2754300,903,11905888,903,26233.013683333334,903,36487.837966666666,903,28268.9825,903,3050.1661129568106,13184.815060908084,13.184815060908084,29.05095645994832,40.407351015134736,31.3056284606866
광진구,화성시,4,25400,4,238160,4,6970.426216666667,4,96.12373333333333,4,302.7692666666667,4,6350.0,59540.0,59.54,1742.6065541666667,24.030933333333333,75.69231666666667
구로구,가평군,1,6500,1,61978,1,1414.1986666666667,1,20.04945,1,86.60676666666667,1,6500.0,61978.0,61.978,1414.1986666666667,20.04945,86.60676666666667
구로구,강남구,493,1894900,493,11071307,493,63527.86196666667,493,22921.003266666667,493,31631.511983333334,493,3843.610547667343,22457.012170385395,22.457012170385394,128.85976058147398,46.49290723461799,64.16128191345504
구로구,강동구,248,1099200,248,7929961,248,29848.05355,248,10643.118816666667,248,18322.177433333334,248,4432.258064516129,31975.649193548386,31.975649193548385,120.35505463709677,42.91580168010753,73.87974771505377
구로구,강북구,184,838600,184,5146234,184,8700.295166666667,184,8896.947083333333,184,12698.946983333333,184,4557.608695652174,27968.66304347826,27.96866304347826,47.28421286231884,48.3529732789855,69.01601621376811
구로구,강서구,3687,10692800,3687,40971281,3687,691144.6079,3687,148509.23705,3687,133801.42756666668,3687,2900.135611608354,11112.362625440737,11.112362625440737,187.45446376457824,40.27915298345538,36.29005358466685
구로구,계양구,6,20000,6,98061,6,1297.8321166666667,6,360.64345000000003,6,231.59570000000002,6,3333.3333333333335,16343.5,16.3435,216.30535277777778,60.107241666666674,38.59928333333334
구로구,고양시덕양구,129,478400,129,2790005,129,21292.941583333333,129,4662.0814666666665,129,6337.260916666666,129,3708.5271317829456,21627.945736434107,21.627945736434107,165.0615626614987,36.14016640826873,49.12605361757105
구로구,고양시일산동구,100,414200,100,2802444,100,3496.3146500000003,100,5069.79855,100,5045.718433333333,100,4142.0,28024.44,28.02444,34.9631465,50.6979855,50.45718433333334
구로구,고양시일산서구,55,238700,55,1689653,55,2887.5417166666666,55,2948.4335833333334,55,3100.1332,55,4340.0,30720.963636363635,30.720963636363635,52.50075848484848,53.607883333333334,56.36605818181818
구로구,과천시,29,107800,29,633667,29,2189.18855,29,1420.4243166666668,29,1402.35855,29,3717.2413793103447,21850.58620689655,21.85058620689655,75.48926034482758,48.980148850574714,48.35719137931034
구로구,관악구,2587,5550400,2587,17901191,2587,175453.98676666667,2587,115428.64878333334,2587,63386.74865,2587,2145.4967143409353,6919.67182064167,6.91967182064167,67.8214096508182,44.618727786367735,24.50202885581755
구로구,광명시,1715,3095900,1715,8379394,1715,377369.631,1715,74223.3364,1715,37285.99408333333,1715,1805.189504373178,4885.9440233236155,4.885944023323615,220.04060116618075,43.27891335276968,21.741104421768707
구로구,광주시,9,53200,9,476316,9,15118.253666666667,9,182.59885,9,889.2032,9,5911.111111111111,52924.0,52.924,1679.8059629629631,20.28876111111111,98.80035555555556
구로구,광진구,154,622600,154,4101660,154,14988.4444,154,9009.467933333333,154,11215.081166666667,154,4042.8571428571427,26634.155844155845,26.634155844155845,97.32756103896104,58.503038528138525,72.82520238095238
구로구,구로구,16862,28208700,16862,62111673,16862,1719407.2881333334,16862,684309.65915,16862,269522.47718333337,16862,1672.9154311469576,3683.529415253232,3.683529415253232,101.96935643063298,40.58294740540861,15.984015963903058
구로구,구리시,23,106200,23,800610,23,12049.867116666666,23,883.9526,23,1910.0724,23,4617.391304347826,34809.13043478261,34.80913043478261,523.907265942029,38.432721739130436,83.04662608695652
구로구,군포시,5,18600,5,107911,5,7931.611,5,134.87698333333333,5,310.28846666666664,5,3720.0,21582.2,21.5822,1586.3222,26.975396666666665,62.057693333333326
구로구,금천구,1995,4035700,1995,12136178,1995,119766.83538333332,1995,87201.25155,1995,45003.8986,1995,2022.907268170426,6083.29724310777,6.083297243107769,60.03350144527986,43.70990052631579,22.55834516290727
구로구,김포시,173,784800,173,5786260,173,10668.886166666667,173,8612.135699999999,173,10633.16095,173,4536.416184971098,33446.58959537572,33.44658959537572,61.66986223506744,49.781131213872825,61.46335809248555
구로구,남구,3,11200,3,67001,3,4630.750333333333,3,81.35716666666667,3,203.76881666666668,3,3733.3333333333335,22333.666666666668,22.33366666666667,1543.5834444444445,27.11905555555556,67.9229388888889
구로구,남동구,4,14500,4,81290,4,6472.11855,4,122.59738333333334,4,160.29876666666667,4,3625.0,20322.5,20.3225,1618.0296375,30.649345833333335,40.074691666666666
구로구,남양주시,107,623200,107,5591908,107,2289.42175,107,4445.494266666667,107,10520.27355,107,5824.2990654205605,52260.82242990654,52.26082242990654,21.39646495327103,41.5466753894081,98.32031355140187
구로구,노원구,199,927100,199,6495971,199,20112.012383333335,199,9392.18015,199,14432.580583333332,199,4658.793969849246,32643.070351758794,32.643070351758794,101.06538886097152,47.196885175879395,72.52553056951423
구로구,도봉구,53,242700,53,1809951,53,1426.0738,53,2534.030116666667,53,3870.9936333333335,53,4579.245283018868,34150.018867924526,34.15001886792452,26.90705283018868,47.811888993710696,73.03761572327045
구로구,동대문구,172,776000,172,4598194,172,25873.545633333335,172,7325.584183333333,172,10715.062183333333,172,4511.627906976744,26733.68604651163,26.73368604651163,150.42759089147287,42.59060571705427,62.29687315891473
구로구,동두천시,4,27300,4,266130,4,7264.809666666667,4,89.85561666666666,4,395.8687,4,6825.0,66532.5,66.5325,1816.2024166666667,22.463904166666666,98.967175
구로구,동작구,2045,4844000,2045,16199512,2045,103799.16951666666,2045,77573.46918333333,2045,54466.22101666666,2045,2368.7041564792175,7921.521760391198,7.921521760391198,50.75754010594947,37.93323676446618,26.63384890790546
구로구,마포구,1436,4186300,1436,16142289,1436,55942.3726,1436,64195.16078333333,1436,47370.2991,1436,2915.25069637883,11241.148328690808,11.241148328690809,38.95708398328691,44.70415096332405,32.98767346796657
구로구,부천시소사구,517,1019100,517,3016022,517,19974.250933333333,517,21124.037,517,11720.49485,517,1971.1798839458413,5833.698259187621,5.833698259187622,38.634914764667954,40.858872340425535,22.670202804642166
구로구,부천시오정구,79,191100,79,639266,79,1726.2264833333334,79,3334.0372833333336,79,1982.6581166666665,79,2418.987341772152,8091.974683544304,8.091974683544304,21.850968143459916,42.20300358649789,25.096938185654007
구로구,부천시원미구,690,1882200,690,6947485,690,52462.646766666665,690,31089.589483333333,690,21151.022566666667,690,2727.8260869565215,10068.81884057971,10.06881884057971,76.03282140096618,45.05737606280193,30.653655893719808
구로구,부평구,33,104200,33,455281,33,33154.83585,33,991.7383,33,1502.3202333333334,33,3157.5757575757575,13796.39393939394,13.79639393939394,1004.6919954545456,30.052675757575756,45.524855555555554
구로구,서구,43,165900,43,1026926,43,21536.91975,43,1287.0823333333333,43,2119.6089500000003,43,3858.139534883721,23882.0,23.882,500.85859883720934,29.932147286821703,49.29323139534884
구로구,서대문구,888,2810900,888,12391894,888,148884.01513333333,888,35215.40063333333,888,42941.158716666665,888,3165.427927927928,13954.835585585586,13.954835585585586,167.6621792042042,39.65698269519519,48.357160716966966
구로구,서초구,410,1383900,410,6955965,410,47453.15473333334,410,18239.735633333334,410,22100.768366666667,410,3375.3658536585367,16965.768292682926,16.965768292682927,115.7394017886179,44.487160081300814,53.90431308943089
구로구,성남시분당구,357,1617600,357,11940986,357,21656.0852,357,17706.530366666666,357,25563.46268333333,357,4531.09243697479,33448.14005602241,33.4481400560224,60.6613030812325,49.59812427637721,71.60633804855274
구로구,성남시수정구,35,151200,35,1065721,35,2261.6077833333334,35,1590.3093333333334,35,2419.284166666667,35,4320.0,30449.17142857143,30.44917142857143,64.61736523809525,45.43740952380953,69.12240476190476
구로구,성남시중원구,5,23400,5,177657,5,219.18,5,315.14773333333335,5,350.148,5,4680.0,35531.4,35.531400000000005,43.836,63.02954666666667,70.0296
구로구,성동구,448,1779700,448,11422016,448,249062.9181,448,14944.27435,448,32717.82605,448,3972.5446428571427,25495.571428571428,25.495571428571427,555.9440136160714,33.357755245535714,73.03086171875
구로구,성북구,155,693800,155,4008655,155,8308.317233333333,155,6518.65755,155,9373.640816666666,155,4476.129032258064,25862.290322580644,25.862290322580645,53.602046666666666,42.055855161290324,60.47510204301075
구로구,송파구,289,1245000,289,8755780,289,52417.0254,289,13075.085616666667,289,20028.4494,289,4307.9584775086505,30296.816608996538,30.296816608996537,181.37379031141867,45.24251078431373,69.30259307958478
구로구,수원시권선구,1,4300,1,30373,1,1736.8998333333334,1,26.411216666666668,1,42.036899999999996,1,4300.0,30373.0,30.373,1736.8998333333334,26.411216666666668,42.036899999999996
구로구,수원시영통구,6,31700,6,264059,6,4908.3386666666665,6,306.82345,6,517.7398833333333,6,5283.333333333333,44009.833333333336,44.00983333333333,818.0564444444444,51.13724166666666,86.28998055555554
구로구,수원시장안구,4,17800,4,128802,4,4472.0674500000005,4,131.76916666666668,4,273.8867166666667,4,4450.0,32200.5,32.2005,1118.0168625000001,32.94229166666667,68.47167916666668
구로구,수원시팔달구,6,28300,6,216955,6,9262.563216666667,6,214.2755,6,446.85085000000004,6,4716.666666666667,36159.166666666664,36.159166666666664,1543.7605361111112,35.712583333333335,74.47514166666667
구로구,시흥시,21,80500,21,493035,21,37378.61595,21,661.9836166666666,21,1149.2801833333333,21,3833.3333333333335,23477.85714285714,23.47785714285714,1779.9340928571428,31.523029365079363,54.727627777777776
구로구,안산시단원구,5,21200,5,146936,5,6986.8479333333335,5,144.04783333333333,5,303.75289999999995,5,4240.0,29387.2,29.3872,1397.3695866666667,28.809566666666665,60.75057999999999
구로구,안산시상록구,11,42900,11,267457,11,20041.63925,11,282.73373333333336,11,536.0521666666666,11,3900.0,24314.272727272728,24.314272727272726,1821.9672045454545,25.70306666666667,48.73201515151515
구로구,안양시동안구,96,324000,96,1638783,96,3320.2244166666665,96,5125.9896499999995,96,4123.077133333333,96,3375.0,17070.65625,17.07065625,34.585671006944445,53.39572552083333,42.94872013888889
구로구,안양시만안구,65,203900,65,911486,65,1595.5335,65,2788.0638166666668,65,2747.9707166666667,65,3136.923076923077,14022.861538461539,14.02286153846154,24.54666923076923,42.89328948717949,42.27647256410256
구로구,양주시,132,925100,132,9069170,132,1927.1953666666668,132,4802.842383333334,132,10135.561033333333,132,7008.333333333333,68705.83333333333,68.70583333333333,14.5999648989899,36.38516957070707,76.78455328282828
구로구,양천구,5758,10102300,5758,27504102,5758,771449.7038166667,5758,220469.34116666665,5758,105880.03146666667,5758,1754.480722473081,4776.676276484891,4.776676276484891,133.9787606489522,38.28922215468334,18.38833474586083
구로구,양평군,1,7800,1,79124,1,1500.9781166666667,1,21.821166666666667,1,143.42561666666668,1,7800.0,79124.0,79.124,1500.9781166666667,21.821166666666667,143.42561666666668
구로구,연수구,5,20600,5,138345,5,9256.110999999999,5,189.74328333333335,5,313.22855,5,4120.0,27669.0,27.669,1851.2221999999997,37.94865666666667,62.645709999999994
구로구,영등포구,7045,14027900,7045,39903415,7045,621895.4035166667,7045,292570.3857,7045,157412.1187,7045,1991.1852377572748,5664.075940383251,5.664075940383251,88.27472015850486,41.52879853797019,22.343806770759404
구로구,오산시,2,10800,2,92398,2,3091.888383333333,2,90.66571666666667,2,175.65166666666664,2,5400.0,46199.0,46.199,1545.9441916666665,45.332858333333334,87.82583333333332
구로구,용산구,1296,4170700,1296,19266749,1296,98146.69648333333,1296,75836.66276666668,1296,70230.657,1296,3218.132716049383,14866.318672839507,14.866318672839506,75.73047568158437,58.515943492798364,54.19032175925926
구로구,용인시기흥구,4,21600,4,183038,4,6878.917166666667,4,126.13478333333333,4,309.26273333333336,4,5400.0,45759.5,45.7595,1719.7292916666668,31.533695833333333,77.31568333333334
구로구,용인시수지구,6,28800,6,226503,6,3066.3625166666666,6,259.8228,6,426.5830666666667,6,4800.0,37750.5,37.7505,511.06041944444445,43.303799999999995,71.09717777777779
구로구,용인시처인구,2,12500,2,115968,2,3487.422,2,40.62371666666667,2,183.44688333333332,2,6250.0,57984.0,57.984,1743.711,20.311858333333333,91.72344166666666
구로구,은평구,651,2154600,651,10436887,651,301365.40585,651,22472.749283333334,651,31426.167683333333,651,3309.6774193548385,16032.084485407066,16.032084485407065,462.9268907066052,34.52035220174091,48.273683077316946
구로구,의왕시,13,54000,13,361357,13,25005.228000000003,13,427.10966666666667,13,617.1709666666667,13,4153.846153846154,27796.69230769231,27.796692307692307,1923.4790769230772,32.85458974358974,47.47468974358974
구로구,의정부시,212,1166200,212,10045393,212,195067.39298333332,212,6869.13325,212,19252.0827,212,5500.943396226415,47383.92924528302,47.38392924528302,920.1292121855346,32.401571933962266,90.8117108490566
구로구,이천시,1,7300,1,72964,1,1421.9243333333334,1,26.352449999999997,1,132.83605,1,7300.0,72964.0,72.964,1421.9243333333334,26.352449999999997,132.83605
구로구,종로구,1001,3760000,1001,21444850,1001,167373.50216666667,1001,39890.379883333335,1001,67134.37171666666,1001,3756.2437562437563,21423.426573426572,21.42342657342657,167.20629587079588,39.850529353979354,67.0673044122544
구로구,중구,255,936100,255,4802021,255,33024.26491666667,255,11242.190916666666,255,15048.46965,255,3670.9803921568628,18831.454901960784,18.831454901960782,129.50692124183007,44.087023202614375,59.01360647058823
구로구,중랑구,119,510300,119,3580274,119,23756.546899999998,119,5299.897583333333,119,7827.574516666667,119,4288.235294117647,30086.33613445378,30.08633613445378,199.63484789915964,44.53695448179272,65.77793711484594
구로구,파주시,18,89500,18,714883,18,14073.686099999999,18,796.9438333333334,18,1075.0944,18,4972.222222222223,39715.72222222222,39.71572222222222,781.87145,44.27465740740741,59.727466666666665
구로구,평택시,2,14500,2,145376,2,3791.667716666667,2,78.98883333333333,2,201.21805,2,7250.0,72688.0,72.688,1895.8338583333334,39.494416666666666,100.609025
구로구,포천시,8,55600,8,544942,8,13396.611833333332,8,230.81285,8,804.0678333333333,8,6950.0,68117.75,68.11775,1674.5764791666666,28.85160625,100.50847916666666
구로구,하남시,19,97000,19,787773,19,499.13688333333334,19,920.1566,19,1444.1512333333333,19,5105.263157894737,41461.73684210526,41.46173684210526,26.270362280701754,48.42929473684211,76.00795964912281
구로구,화성시,6,32600,6,277697,6,9670.381783333334,6,225.19338333333332,6,498.30078333333336,6,5433.333333333333,46282.833333333336,46.282833333333336,1611.7302972222224,37.53223055555555,83.05013055555555
구리시,강남구,6,21400,6,116594,6,572.66175,6,22.41095,6,277.6267833333333,6,3566.6666666666665,19432.333333333332,19.432333333333332,95.443625,3.735158333333333,46.27113055555555
구리시,강동구,19,43600,19,155556,19,774.6186833333334,19,39.93568333333333,19,407.70315,19,2294.7368421052633,8187.1578947368425,8.187157894736842,40.76940438596491,2.1018780701754385,21.45806052631579
구리시,강북구,3,9300,3,38591,3,178.6775,3,26.53718333333333,3,135.4831,3,3100.0,12863.666666666666,12.863666666666665,59.55916666666667,8.845727777777777,45.161033333333336
구리시,강서구,1,4500,1,33831,1,93.637,1,8.074783333333334,1,71.57955,1,4500.0,33831.0,33.831,93.637,8.074783333333334,71.57955
구리시,고양시덕양구,1,3800,1,23895,1,124.63433333333334,1,-1.87745,1,26.60395,1,3800.0,23895.0,23.895,124.63433333333334,-1.87745,26.60395
구리시,관악구,15,61200,15,433129,15,1759.9810333333332,15,-214.68473333333336,15,1049.9708833333334,15,4080.0,28875.266666666666,28.875266666666665,117.33206888888888,-14.312315555555557,69.99805888888889
구리시,광진구,1,2600,1,8574,1,63.06505,1,-6.0794999999999995,1,24.615216666666665,1,2600.0,8574.0,8.574,63.06505,-6.0794999999999995,24.615216666666665
구리시,구로구,1,5000,1,39871,1,100.309,1,6.509883333333334,1,68.04766666666667,1,5000.0,39871.0,39.871,100.309,6.509883333333334,68.04766666666667
구리시,남양주시,13,35600,13,121331,13,181.81058333333334,13,388.69605,13,299.4355,13,2738.4615384615386,9333.153846153846,9.333153846153845,13.985429487179488,29.899696153846154,23.0335
구리시,노원구,43,121500,43,443065,43,2773.3278333333333,43,-219.38246666666666,43,1403.11495,43,2825.5813953488373,10303.837209302326,10.303837209302326,64.49599612403101,-5.101917829457364,32.63058023255814
구리시,도봉구,1,3200,1,14632,1,85.605,1,-4.63445,1,46.971066666666665,1,3200.0,14632.0,14.632,85.605,-4.63445,46.971066666666665
구리시,동대문구,30,81200,30,281991,30,2395.7212833333333,30,-272.0882,30,947.7316833333333,30,2706.6666666666665,9399.7,9.399700000000001,79.85737611111111,-9.069606666666665,31.59105611111111
구리시,마포구,1,4000,1,26127,1,93.69516666666667,1,-0.03988333333333333,1,37.22866666666666,1,4000.0,26127.0,26.127,93.69516666666667,-0.03988333333333333,37.22866666666666
구리시,서대문구,4,17100,4,117818,4,383.75823333333335,4,16.72828333333333,4,287.5428166666667,4,4275.0,29454.5,29.4545,95.93955833333334,4.1820708333333325,71.88570416666667
구리시,서초구,2,8700,2,61861,2,339.1175,2,0.12366666666666681,2,85.9965,2,4350.0,30930.5,30.9305,169.55875,0.06183333333333341,42.99825
구리시,성북구,6,17200,6,68801,6,653.0972833333334,6,-50.94318333333333,6,183.5801833333333,6,2866.6666666666665,11466.833333333334,11.466833333333334,108.84954722222223,-8.490530555555555,30.596697222222218
구리시,송파구,3,9700,3,45168,3,192.31811666666667,3,-29.326,3,88.52816666666666,3,3233.3333333333335,15056.0,15.056,64.10603888888889,-9.775333333333334,29.50938888888889
구리시,양천구,1,4500,1,33798,1,76.74083333333333,1,-20.277333333333335,1,70.16421666666666,1,4500.0,33798.0,33.798,76.74083333333333,-20.277333333333335,70.16421666666666
구리시,은평구,7,27100,7,168342,7,643.6716,7,69.04015000000001,7,443.1260833333333,7,3871.4285714285716,24048.85714285714,24.04885714285714,91.95308571428572,9.862878571428572,63.30372619047619
구리시,중랑구,75,134000,75,384181,75,4060.58135,75,-999.9268166666667,75,1289.8563,75,1786.6666666666667,5122.413333333333,5.122413333333333,54.141084666666664,-13.332357555555555,17.198083999999998
금천구,강남구,431,1565800,431,8914908,431,64448.005333333334,431,20197.725383333334,431,21314.06005,431,3632.9466357308584,20684.241299303943,20.68424129930394,149.53133488012375,46.862471887084304,49.45257552204176
금천구,강동구,268,1185800,268,8585733,268,28277.40066666667,268,17848.78815,268,19984.40305,268,4424.626865671642,32036.317164179105,32.0363171641791,105.51268905472638,66.59995578358209,74.56866809701494
금천구,강북구,67,286200,67,2013794,67,12531.084683333333,67,2973.4998,67,4376.5963,67,4271.641791044776,30056.626865671642,30.056626865671642,187.0311146766169,44.38059402985075,65.3223328358209
금천구,강서구,660,2119200,660,9752143,660,71673.38576666667,660,35594.46408333333,660,30380.464816666667,660,3210.909090909091,14775.974242424243,14.775974242424244,108.59603904040405,53.931006186868686,46.0310072979798
금천구,계양구,26,98400,26,595310,26,39198.20918333333,26,863.3977333333333,26,1036.8346000000001,26,3784.6153846153848,22896.53846153846,22.896538461538462,1507.6234301282052,33.20760512820513,39.878253846153854
금천구,고양시덕양구,164,647800,164,4143860,164,5920.476866666667,164,6031.730333333333,164,8883.338233333334,164,3950.0,25267.439024390245,25.267439024390246,36.10046869918699,36.77884349593496,54.16669654471545
금천구,고양시일산동구,50,222800,50,1636089,50,5552.065616666667,50,2442.8267166666665,50,3106.441983333333,50,4456.0,32721.78,32.721779999999995,111.04131233333334,48.85653433333333,62.128839666666664
금천구,고양시일산서구,19,90400,19,699688,19,476.28031666666664,19,883.5552666666666,19,1265.8331833333332,19,4757.894736842105,36825.68421052631,36.82568421052631,25.0673850877193,46.502908771929825,66.62279912280701
금천구,과천시,9,31400,9,169481,9,183.86126666666667,9,332.49491666666665,9,386.79318333333333,9,3488.8888888888887,18831.222222222223,18.831222222222223,20.42902962962963,36.94387962962963,42.97702037037037
금천구,관악구,1822,4104080,1822,10471596,1822,164728.40375,1822,86010.33471666666,1822,37366.706333333335,1822,2252.5137211855103,5747.308452250274,5.747308452250274,90.410759467618,47.206550338455905,20.50862038053421
금천구,광명시,851,1422300,851,3849806,851,46317.979666666666,851,34651.65968333333,851,15857.110666666667,851,1671.3278495887191,4523.86133960047,4.5238613396004705,54.42770818644732,40.71875403446925,18.633502546024285
금천구,광주시,17,84500,17,675020,17,28648.262066666666,17,608.1695333333333,17,1013.1360500000001,17,4970.588235294118,39707.05882352941,39.707058823529415,1685.1918862745097,35.77467843137255,59.59623823529412
금천구,광진구,56,224500,56,1457993,56,14214.217216666666,56,1866.9426666666666,56,3424.3070666666667,56,4008.9285714285716,26035.589285714286,26.035589285714288,253.82530744047617,33.3382619047619,61.14834047619048
금천구,구로구,2432,4816700,2432,14803960,2432,756514.66515,2432,93683.41081666667,2432,52707.5382,2432,1980.5509868421052,6087.1546052631575,6.087154605263158,311.0668853412829,38.521139316063596,21.672507483552632
금천구,구리시,8,39500,8,313619,8,220.55028333333334,8,401.37596666666667,8,594.5595833333333,8,4937.5,39202.375,39.202375,27.568785416666667,50.171995833333334,74.31994791666666
금천구,군포시,1,3400,1,17170,1,1739.81745,1,15.63995,1,34.27343333333333,1,3400.0,17170.0,17.17,1739.81745,15.63995,34.27343333333333
금천구,금천구,7524,12591380,7524,18998972,7524,652417.1336666667,7524,300896.05395000003,7524,86213.28126666667,7524,1673.49548112706,2525.1158958001065,2.5251158958001065,86.71147443735602,39.99150105661882,11.458437169945066
금천구,김포시,41,199100,41,1565079,41,1407.0095333333334,41,2335.8127833333333,41,2529.6965833333334,41,4856.09756097561,38172.65853658537,38.17265853658537,34.31730569105691,56.97104349593496,61.69991666666667
금천구,남구,5,21300,5,147079,5,9639.37045,5,172.59578333333334,5,342.9191666666666,5,4260.0,29415.8,29.4158,1927.87409,34.51915666666667,68.58383333333333
금천구,남동구,10,35700,10,196022,10,15165.667899999999,10,309.64515,10,320.2755833333333,10,3570.0,19602.2,19.6022,1516.5667899999999,30.964515,32.02755833333333
금천구,남양주시,65,369200,65,3238263,65,2333.1834833333332,65,3648.1700166666665,65,5828.0478,65,5680.0,49819.43076923077,49.81943076923077,35.895130512820515,56.125692564102565,89.66227384615385
금천구,노원구,142,664500,142,5047423,142,75906.0628,142,4996.009083333333,142,10661.007783333333,142,4679.577464788732,35545.2323943662,35.545232394366195,534.549738028169,35.183162558685446,75.07751960093896
금천구,도봉구,40,192900,40,1499284,40,7077.325716666666,40,1884.3131833333332,40,3033.3604166666664,40,4822.5,37482.1,37.482099999999996,176.93314291666667,47.10782958333333,75.83401041666666
금천구,동대문구,93,378000,93,2501254,93,5465.88845,93,4816.279133333333,93,6536.26125,93,4064.516129032258,26895.204301075268,26.895204301075267,58.77299408602151,51.787947670250894,70.28237903225806
금천구,동작구,1242,2600000,1242,8377904,1242,108910.09353333333,1242,56816.88698333333,1242,34104.30551666667,1242,2093.3977455716586,6745.494363929147,6.745494363929147,87.68928625872249,45.74628581588835,27.459183185721955
금천구,마포구,253,822700,253,3863405,253,17747.435266666667,253,11548.857166666667,253,11104.679983333333,253,3251.778656126482,15270.375494071146,15.270375494071146,70.14796548089592,45.64765678524374,43.892015744400524
금천구,부천시소사구,42,133000,42,593926,42,983.7735833333334,42,1743.8706333333334,42,1754.7122166666666,42,3166.6666666666665,14141.095238095239,14.141095238095238,23.423180555555557,41.52072936507937,41.778862301587296
금천구,부천시오정구,43,137500,43,629583,43,1176.50995,43,2030.54835,43,1890.45905,43,3197.6744186046512,14641.46511627907,14.64146511627907,27.360696511627904,47.22205465116279,43.964163953488374
금천구,부천시원미구,87,285400,87,1369570,87,20123.736983333332,87,4772.996116666667,87,4102.621016666667,87,3280.4597701149423,15742.183908045978,15.742183908045977,231.30732164750955,54.86202432950192,47.15656340996169
금천구,부평구,276,1054500,276,6467336,276,337718.7867666667,276,8601.262416666666,276,10676.860383333333,276,3820.6521739130435,23432.376811594204,23.432376811594203,1223.6187926328503,31.163994263285023,38.684276751207726
금천구,서구,51,239800,51,1837709,51,87094.69121666667,51,1317.9816833333334,51,3297.88855,51,4701.9607843137255,36033.509803921566,36.03350980392157,1707.7390434640524,25.842778104575164,64.66448137254902
금천구,서대문구,729,2431000,729,12031825,729,265332.67781666666,729,31182.429066666667,729,39012.6416,729,3334.705075445816,16504.561042524005,16.504561042524006,363.9680079789666,42.77425112025606,53.51528340192044
금천구,서초구,338,1052900,338,4590166,338,41473.9233,338,17214.350116666665,338,16113.335533333333,338,3115.0887573964496,13580.372781065089,13.580372781065089,122.7039150887574,50.93002993096646,47.67259033530572
금천구,성남시분당구,81,344200,81,2386651,81,18525.993333333332,81,3487.4720166666666,81,4665.66045,81,4249.382716049383,29464.827160493827,29.464827160493826,228.7159670781893,43.05521008230453,57.6007462962963
금천구,성남시수정구,40,174400,40,1235016,40,2732.1079166666664,40,2112.0376499999998,40,2586.622083333333,40,4360.0,30875.4,30.875400000000003,68.30269791666666,52.800941249999994,64.66555208333332
금천구,성남시중원구,7,32000,7,237367,7,1137.84305,7,281.37656666666663,7,376.5369,7,4571.428571428572,33909.57142857143,33.909571428571425,162.54900714285714,40.19665238095238,53.79098571428572
금천구,성동구,197,737600,197,4349027,197,29313.473116666668,197,8307.68395,197,12370.25565,197,3744.1624365482235,22076.279187817257,22.076279187817256,148.79935592216583,42.1709845177665,62.79317588832487
금천구,성북구,48,199800,48,1352879,48,1184.9416666666666,48,2212.2233,48,3267.1471666666666,48,4162.5,28184.979166666668,28.18497916666667,24.686284722222222,46.08798541666667,68.06556597222222
금천구,송파구,140,549600,140,3488625,140,12911.545933333333,140,7161.487083333333,140,9066.272083333333,140,3925.714285714286,24918.75,24.91875,92.2253280952381,51.15347916666667,64.75908630952381
금천구,수원시권선구,1,4300,1,29860,1,1402.7021666666667,1,35.40878333333333,1,50.18626666666667,1,4300.0,29860.0,29.86,1402.7021666666667,35.40878333333333,50.18626666666667
금천구,수원시장안구,5,19200,5,116962,5,9256.913266666666,5,147.81178333333332,5,354.2492666666667,5,3840.0,23392.4,23.392400000000002,1851.3826533333333,29.562356666666666,70.84985333333334
금천구,수원시팔달구,1,4100,1,27401,1,1447.14105,1,48.21795,1,75.74583333333334,1,4100.0,27401.0,27.401,1447.14105,48.21795,75.74583333333334
금천구,시흥시,3,11600,3,71223,3,3196.2462666666665,3,68.87583333333333,3,122.78555,3,3866.6666666666665,23741.0,23.741,1065.415422222222,22.95861111111111,40.92851666666667
금천구,안산시단원구,3,10800,3,60749,3,4547.172283333333,3,32.03306666666667,3,118.7381,3,3600.0,20249.666666666668,20.249666666666666,1515.7240944444445,10.67768888888889,39.579366666666665
금천구,안양시동안구,229,733800,229,2704634,229,12825.919116666666,229,9838.871583333334,229,7158.8713,229,3204.366812227074,11810.6288209607,11.8106288209607,56.00838042212518,42.964504730713244,31.261446724890828
금천구,안양시만안구,154,409800,154,1473651,154,11032.95795,154,4822.717516666667,154,4219.755383333333,154,2661.038961038961,9569.162337662337,9.569162337662338,71.6425840909091,31.31634751082251,27.401008982683983
금천구,양주시,142,1011300,142,9974604,142,2111.609483333333,142,5210.4955,142,10533.30775,142,7121.830985915493,70243.69014084506,70.24369014084506,14.870489319248826,36.69363028169014,74.1782235915493
금천구,양천구,747,1947600,747,6432360,747,149644.18709999998,747,33871.943166666664,747,21273.6468,747,2607.2289156626507,8610.923694779116,8.610923694779116,200.32689036144575,45.34396675591253,28.47877751004016
금천구,양평군,2,14500,2,145243,2,1763.9426166666665,2,90.19321666666667,2,224.11489999999998,2,7250.0,72621.5,72.6215,881.9713083333332,45.096608333333336,112.05744999999999
금천구,연수구,1,4400,1,31801,1,1794.663,1,50.180283333333335,1,66.53938333333333,1,4400.0,31801.0,31.801,1794.663,50.180283333333335,66.53938333333333
금천구,영등포구,3940,8843100,3940,29047649,3940,703726.8646166667,3940,178394.09515,3940,107483.09281666667,3940,2244.4416243654823,7372.499746192893,7.372499746192894,178.61087934433164,45.27768912436549,27.279972796108293
금천구,용산구,488,1588000,488,6670213,488,31250.538433333335,488,29370.1445,488,24568.532216666666,488,3254.098360655738,13668.469262295082,13.668469262295082,64.03798859289618,60.18472233606557,50.34535290300546
금천구,용인시기흥구,1,5200,1,42951,1,1430.4302833333334,1,20.111616666666666,1,68.39126666666667,1,5200.0,42951.0,42.951,1430.4302833333334,20.111616666666666,68.39126666666667
금천구,용인시수지구,1,4600,1,34941,1,1751.6132833333334,1,24.830050000000004,1,60.892450000000004,1,4600.0,34941.0,34.941,1751.6132833333334,24.830050000000004,60.892450000000004
금천구,용인시처인구,1,5600,1,48428,1,1428.7911666666666,1,22.771383333333333,1,95.02328333333334,1,5600.0,48428.0,48.428,1428.7911666666666,22.771383333333333,95.02328333333334
금천구,은평구,259,982300,259,5324097,259,32269.10193333333,259,11977.1399,259,14639.890616666667,259,3792.6640926640925,20556.35907335907,20.556359073359072,124.59112715572715,46.2437833976834,56.5246741956242
금천구,의왕시,3,9700,3,46920,3,3294.2992833333333,3,123.23161666666667,3,112.57816666666668,3,3233.3333333333335,15640.0,15.64,1098.099761111111,41.07720555555556,37.52605555555556
금천구,의정부시,23,130300,23,1151365,23,3843.2128666666667,23,1515.4803333333334,23,1822.0166166666666,23,5665.217391304348,50059.34782608696,50.05934782608696,167.0962115942029,65.89044927536233,79.21811376811594
금천구,종로구,214,746200,214,3963131,214,21111.0579,214,9802.561333333333,214,13405.0985,214,3486.9158878504672,18519.303738317758,18.51930373831776,98.64980327102803,45.80636137071651,62.64064719626168
금천구,중구,358,1282900,358,7069307,358,42670.652583333336,358,18025.74553333333,358,21545.259483333335,358,3583.5195530726255,19746.667597765365,19.746667597765367,119.19176699255122,50.35124450651769,60.182289059590325
금천구,중랑구,49,212300,49,1524173,49,5912.054716666666,49,2419.3414166666666,49,3406.5092166666664,49,4332.65306122449,31105.571428571428,31.105571428571427,120.65417789115644,49.37431462585034,69.52059625850339
금천구,파주시,8,39700,8,317011,8,4822.549466666667,8,409.7193833333333,8,526.22695,8,4962.5,39626.375,39.626375,602.8186833333334,51.214922916666666,65.77836875
금천구,평택시,2,13600,2,132404,2,3523.548333333333,2,44.99195,2,177.62321666666665,2,6800.0,66202.0,66.202,1761.7741666666666,22.495975,88.81160833333333
금천구,하남시,214,1099300,214,7788289,214,13472.814766666666,214,15224.389133333334,214,14879.677633333333,214,5136.915887850468,36393.8738317757,36.3938738317757,62.957078348909654,71.14200529595016,69.53120389408099
금천구,화성시,6,33000,6,282495,6,9030.13045,6,222.42158333333336,6,448.1876833333333,6,5500.0,47082.5,47.0825,1505.0217416666667,37.070263888888896,74.69794722222223
김포시,강남구,26,165500,26,1550676,26,3287.02805,26,-90.61596666666668,26,2655.4306166666665,26,6365.384615384615,59641.38461538462,59.64138461538462,126.42415576923077,-3.4852294871794878,102.1319467948718
김포시,강동구,20,144100,20,1431534,20,3215.7434,20,-28.74029999999999,20,2262.3906833333335,20,7205.0,71576.7,71.5767,160.78717,-1.4370149999999995,113.11953416666668
김포시,강북구,15,93000,15,861101,15,1941.3703,15,87.53893333333333,15,1411.0011666666667,15,6200.0,57406.73333333333,57.40673333333333,129.42468666666667,5.835928888888889,94.06674444444444
김포시,강서구,487,2100400,487,14890867,487,42779.69035,487,972.0907666666667,487,25009.103683333335,487,4312.936344969199,30576.728952772075,30.576728952772076,87.8433066735113,1.996079603011636,51.35339565366188
김포시,관악구,66,317900,66,2487086,66,7828.69365,66,-446.7679166666667,66,4542.5742666666665,66,4816.666666666667,37683.121212121216,37.683121212121215,118.61657045454545,-6.769210858585859,68.82688282828282
김포시,광진구,3,20700,3,200385,3,402.12461666666667,3,-17.304,3,313.76666666666665,3,6900.0,66795.0,66.795,134.04153888888888,-5.768,104.58888888888889
김포시,구로구,64,313500,64,2467520,64,7191.98305,64,181.16696666666667,64,4928.060733333334,64,4898.4375,38555.0,38.555,112.37473515625,2.8307338541666667,77.00094895833334
김포시,금천구,10,52900,10,444802,10,1270.19235,10,57.95316666666666,10,845.9332166666667,10,5290.0,44480.2,44.480199999999996,127.01923500000001,5.7953166666666664,84.59332166666667
김포시,노원구,27,210800,27,1554344,27,3736.5751,27,238.6226333333333,27,2370.096266666667,27,7807.407407407408,57568.2962962963,57.568296296296296,138.39167037037038,8.837875308641975,87.78134320987655
김포시,도봉구,6,38400,6,358847,6,608.13555,6,20.666833333333336,6,582.0195166666667,6,6400.0,59807.833333333336,59.807833333333335,101.355925,3.4444722222222226,97.00325277777779
김포시,동대문구,19,112900,19,1023427,19,2078.8717833333335,19,84.97105,19,1921.4968666666666,19,5942.105263157895,53864.57894736842,53.86457894736842,109.41430438596493,4.47216052631579,101.13141403508772
김포시,동작구,39,210000,39,1793713,39,4983.33465,39,-335.74286666666666,39,3508.1687833333335,39,5384.615384615385,45992.64102564102,45.99264102564102,127.77781153846153,-8.608791452991452,89.95304572649573
김포시,마포구,25,115200,25,865097,25,2261.7462333333333,25,-232.14469999999997,25,1683.4732333333334,25,4608.0,34603.88,34.60388,90.46984933333333,-9.285787999999998,67.33892933333334
김포시,서대문구,10,43500,10,319254,10,988.1715166666667,10,68.172,10,573.1115333333333,10,4350.0,31925.4,31.9254,98.81715166666666,6.8172,57.31115333333334
김포시,서초구,15,86700,15,770938,15,2238.5981500000003,15,69.26268333333334,15,1692.8189,15,5780.0,51395.86666666667,51.39586666666667,149.23987666666667,4.6175122222222225,112.85459333333333
김포시,성동구,31,189900,31,1742691,31,3532.7136,31,-696.14515,31,3027.1171833333333,31,6125.806451612903,56215.83870967742,56.21583870967741,113.95850322580645,-22.45629516129032,97.64894139784946
김포시,성북구,49,340400,49,3327818,49,6865.57625,49,-781.8628666666667,49,6328.577233333333,49,6946.938775510204,67914.6530612245,67.9146530612245,140.11380102040818,-15.956385034013607,129.15463741496598
김포시,송파구,118,858000,118,8574248,118,15978.724766666666,118,-816.8958166666666,118,15048.390066666667,118,7271.186440677966,72663.1186440678,72.6631186440678,135.41292175141243,-6.922845903954802,127.52872937853107
김포시,양천구,22,93700,22,647797,22,2029.4677,22,-75.74963333333335,22,1250.0537833333333,22,4259.090909090909,29445.31818181818,29.44531818181818,92.24853181818182,-3.4431651515151525,56.82062651515151
김포시,영등포구,25,122500,25,969210,25,2616.2591333333335,25,46.130383333333334,25,1579.0398333333333,25,4900.0,38768.4,38.7684,104.65036533333334,1.8452153333333334,63.16159333333333
김포시,용산구,22,98300,22,724792,22,2137.820816666667,22,112.51001666666667,22,1325.3417666666667,22,4468.181818181818,32945.09090909091,32.945090909090915,97.17367348484849,5.114091666666667,60.242807575757574
김포시,은평구,107,522500,107,4116833,107,11019.365533333334,107,357.90434999999997,107,6411.86755,107,4883.177570093458,38475.07476635514,38.475074766355135,102.9847246105919,3.3449004672897193,59.923995794392525
김포시,종로구,9,40800,9,304272,9,990.6560333333333,9,-70.35155,9,599.6277666666666,9,4533.333333333333,33808.0,33.808,110.0728925925926,-7.816838888888889,66.6253074074074
김포시,중구,1,5900,1,53160,1,74.86511666666667,1,16.43466666666667,1,97.73655000000001,1,5900.0,53160.0,53.16,74.86511666666667,16.43466666666667,97.73655000000001
김포시,중랑구,8,49500,8,456246,8,1031.91115,8,45.412800000000004,8,761.0858000000001,8,6187.5,57030.75,57.03075,128.98889375,5.6766000000000005,95.13572500000001
남동구,강동구,2,13400,2,129683,2,252.90800000000002,2,40.900283333333334,2,193.45316666666668,2,6700.0,64841.5,64.8415,126.45400000000001,20.450141666666667,96.72658333333334
남양주시,강남구,28,125200,28,915039,28,2793.2671833333334,28,-459.4124166666667,28,1809.8070166666666,28,4471.428571428572,32679.964285714286,32.679964285714284,99.75954226190477,-16.40758630952381,64.63596488095239
남양주시,강동구,68,288600,68,1978809,68,6150.75435,68,-814.8993166666667,68,3301.1730166666666,68,4244.117647058823,29100.132352941175,29.100132352941174,90.45226985294119,-11.983813480392158,48.546662009803924
남양주시,강북구,121,605300,121,4892370,121,12933.79775,121,-455.2972666666667,121,9015.2145,121,5002.479338842975,40432.80991735537,40.43280991735537,106.89089049586777,-3.7627873278236916,74.50590495867769
남양주시,강서구,31,184200,31,1670071,31,3620.39965,31,227.9329666666667,31,2750.7963333333337,31,5941.935483870968,53873.25806451613,53.87325806451613,116.78708548387097,7.3526763440860226,88.73536559139787
남양주시,관악구,10,53300,10,450456,10,1144.7077,10,-12.600383333333333,10,920.4816000000001,10,5330.0,45045.6,45.0456,114.47076999999999,-1.2600383333333334,92.04816000000001
남양주시,광진구,16,67400,16,464677,16,1541.4393333333333,16,72.6549,16,781.1589333333334,16,4212.5,29042.3125,29.0423125,96.33995833333333,4.54093125,48.822433333333336
남양주시,구로구,60,405800,60,3929017,60,9715.579016666667,60,325.38121666666666,60,7804.891616666667,60,6763.333333333333,65483.61666666667,65.48361666666666,161.92631694444444,5.423020277777778,130.08152694444445
남양주시,금천구,32,188600,32,1691478,32,4543.01945,32,144.4984,32,3294.8746333333333,32,5893.75,52858.6875,52.8586875,141.9693578125,4.515575,102.96483229166667
남양주시,남양주시,4,6200,4,18855,4,300.8702166666667,4,10.343666666666667,4,59.009616666666666,4,1550.0,4713.75,4.71375,75.21755416666667,2.585916666666667,14.752404166666667
남양주시,노원구,280,1081900,280,6238297,280,22269.24625,280,-117.1517833333334,280,12678.041150000001,280,3863.9285714285716,22279.632142857143,22.279632142857142,79.53302232142858,-0.4183992261904764,45.278718392857144
남양주시,도봉구,20,84500,20,585107,20,1985.55245,20,-95.28420000000004,20,1234.3377333333333,20,4225.0,29255.35,29.25535,99.27762249999999,-4.764210000000002,61.71688666666667
남양주시,동대문구,31,131400,31,907048,31,3229.1354666666666,31,57.05296666666666,31,1969.27485,31,4238.709677419355,29259.612903225807,29.259612903225808,104.16566021505376,1.8404182795698925,63.52499516129032
남양주시,동작구,21,113500,21,964770,21,2185.589916666667,21,294.5589166666667,21,2218.7600833333336,21,5404.761904761905,45941.42857142857,45.941428571428574,104.07571031746032,14.02661507936508,105.65524206349207
남양주시,마포구,8,44900,8,389450,8,1074.4775166666666,8,-106.96178333333333,8,909.0562333333334,8,5612.5,48681.25,48.68125,134.30968958333332,-13.370222916666666,113.63202916666667
남양주시,서대문구,10,47900,10,373038,10,1104.49975,10,143.70693333333332,10,706.432,10,4790.0,37303.8,37.3038,110.449975,14.370693333333332,70.64320000000001
남양주시,서초구,16,78200,16,618090,16,1991.9151333333332,16,23.490533333333335,16,1064.6518166666667,16,4887.5,38630.625,38.630625,124.49469583333332,1.4681583333333335,66.54073854166667
남양주시,성동구,10,43000,10,299258,10,1082.5934333333335,10,-37.22311666666667,10,561.3471333333333,10,4300.0,29925.8,29.9258,108.25934333333335,-3.722311666666667,56.13471333333333
남양주시,성북구,77,404600,77,3388176,77,9671.089366666667,77,-874.0948833333333,77,6316.277516666667,77,5254.545454545455,44002.28571428572,44.00228571428572,125.59856320346321,-11.351881601731602,82.02957813852814
남양주시,송파구,51,244200,51,1903478,51,5145.041266666667,51,-88.41018333333332,51,3874.063866666667,51,4788.235294117647,37323.098039215685,37.32309803921569,100.88316209150328,-1.7335330065359476,75.96203660130719
남양주시,양천구,2,12300,2,113514,2,143.92543333333333,2,6.688883333333333,2,209.9800666666667,2,6150.0,56757.0,56.757,71.96271666666667,3.3444416666666665,104.99003333333334
남양주시,영등포구,11,63600,11,567536,11,1324.1113166666667,11,24.41571666666667,11,898.7104333333334,11,5781.818181818182,51594.181818181816,51.594181818181816,120.37375606060606,2.219610606060606,81.7009484848485
남양주시,용산구,2,11500,2,101667,2,196.37778333333333,2,106.27404999999999,2,225.54961666666668,2,5750.0,50833.5,50.8335,98.18889166666666,53.137024999999994,112.77480833333334
남양주시,은평구,34,191100,34,1666320,34,4686.456166666667,34,389.11735,34,3336.48295,34,5620.588235294118,49009.41176470588,49.00941176470588,137.83694607843137,11.44462794117647,98.13185147058823
남양주시,종로구,18,83100,18,628503,18,1675.5789333333332,18,36.13291666666666,18,1192.1491166666667,18,4616.666666666667,34916.833333333336,34.91683333333334,93.08771851851851,2.007384259259259,66.23050648148148
남양주시,중구,12,54400,12,403860,12,1313.7884833333333,12,-3.6208166666666592,12,826.9624833333334,12,4533.333333333333,33655.0,33.655,109.4823736111111,-0.3017347222222216,68.91354027777778
남양주시,중랑구,104,384500,104,2336913,104,8411.8751,104,-236.79571666666666,104,4483.83845,104,3697.1153846153848,22470.31730769231,22.47031730769231,80.88341442307691,-2.276881891025641,43.113831250000004
노원구,가평군,12,80300,12,772753,12,19044.840283333335,12,337.564,12,1107.0211166666666,12,6691.666666666667,64396.083333333336,64.39608333333334,1587.0700236111113,28.130333333333336,92.25175972222222
노원구,강남구,1288,4980700,1288,30435161,1288,368677.3278,1288,39951.37035,1288,66828.03008333333,1288,3867.003105590062,23629.783385093167,23.629783385093166,286.24016133540374,31.01814468167702,51.885116524327124
노원구,강동구,1605,5559400,1605,29262493,1605,233512.98308333333,1605,44596.26285,1605,77687.8225,1605,3463.8006230529595,18232.082866043613,18.232082866043612,145.490955192108,27.78583355140187,48.403627725856694
노원구,강북구,8113,15228040,8113,46449813,8113,331683.69878333336,8113,233704.28278333333,8113,190854.81051666668,8113,1876.9924812030076,5725.355971896955,5.725355971896955,40.88299011257653,28.806148500349234,23.52456680841448
노원구,강서구,511,2289300,511,16728150,511,138947.20398333334,511,17969.364483333335,511,33504.161916666664,511,4480.039138943249,32736.10567514677,32.73610567514677,271.91233656229616,35.16509683626876,65.56587459230266
노원구,계양구,3,15800,3,131346,3,4791.3835,3,113.72671666666668,3,261.7615,3,5266.666666666667,43782.0,43.782,1597.1278333333332,37.908905555555556,87.25383333333333
노원구,고양시덕양구,131,538000,131,3639285,131,6500.569583333334,131,5213.687483333333,131,7841.951533333333,131,4106.8702290076335,27780.801526717558,27.780801526717557,49.62266857506362,39.79914109414758,59.862225445292616
노원구,고양시일산동구,120,580500,120,4551628,120,11188.952166666666,120,4622.4176,120,7355.279283333333,120,4837.5,37930.23333333333,37.93023333333333,93.24126805555555,38.52014666666666,61.29399402777778
노원구,고양시일산서구,75,392800,75,3286687,75,10190.297366666666,75,3228.710216666667,75,5013.8367,75,5237.333333333333,43822.49333333333,43.822493333333334,135.87063155555555,43.04946955555556,66.851156
노원구,과천시,30,142600,30,1102385,30,11741.787250000001,30,1281.4163,30,2902.58535,30,4753.333333333333,36746.166666666664,36.74616666666667,391.39290833333337,42.71387666666667,96.752845
노원구,관악구,206,879000,206,6114627,206,4551.723866666666,206,6985.283333333334,206,14244.224833333334,206,4266.9902912621355,29682.655339805824,29.682655339805823,22.095746925566342,33.909142394822005,69.14672249190939
노원구,광명시,49,231600,49,1776808,49,1936.7527,49,1628.9420499999999,49,3814.183716666667,49,4726.530612244898,36261.38775510204,36.26138775510204,39.52556530612245,33.243715306122446,77.84048401360545
노원구,광주시,7,38400,7,328145,7,9853.204333333333,7,203.0776833333333,7,621.0723666666667,7,5485.714285714285,46877.857142857145,46.877857142857145,1407.600619047619,29.011097619047614,88.7246238095238
노원구,광진구,2943,9008200,2943,36912140,2943,556131.65895,2943,82893.04824999999,2943,110461.31898333333,2943,3060.890248046211,12542.351342167856,12.542351342167857,188.96760412844034,28.166173377505945,37.53357763619889
노원구,구로구,211,956100,211,7070161,211,42956.20975,211,7559.60545,211,16495.565616666667,211,4531.279620853081,33507.87203791469,33.50787203791469,203.583932464455,35.82751398104266,78.17803609794629
노원구,구리시,679,1943300,679,6381938,679,12806.278383333332,679,16583.2297,679,19137.808833333333,679,2862.0029455081003,9399.025036818852,9.399025036818852,18.860498355424642,24.423018703976435,28.185285468826706
노원구,군포시,16,95600,16,865509,16,26132.65825,16,568.1709333333333,16,1294.8937833333334,16,5975.0,54094.3125,54.0943125,1633.291140625,35.51068333333333,80.93086145833334
노원구,금천구,125,580600,125,4393949,125,2691.7099166666667,125,4647.7651166666665,125,9775.8505,125,4644.8,35151.592,35.151591999999994,21.533679333333332,37.18212093333333,78.206804
노원구,김포시,109,679300,109,6287044,109,11945.0895,109,4253.312083333333,109,9481.098366666667,109,6232.1100917431195,57679.30275229358,57.67930275229358,109.58797706422018,39.02121177370031,86.98255382262997
노원구,남동구,15,95300,15,892213,15,23382.548516666666,15,345.32525,15,1598.7484,15,6353.333333333333,59480.86666666667,59.48086666666667,1558.8365677777776,23.021683333333332,106.58322666666666
노원구,남양주시,1886,6445600,1886,26285195,1886,38073.2707,1886,51757.03811666666,1886,57325.635233333334,1886,3417.6033934252387,13937.006892895017,13.937006892895017,20.18731214209968,27.442756159420288,30.39535272180983
노원구,노원구,84181,135468900,84181,245041819,84181,5725440.16005,84181,2444054.268716667,84181,1015705.2298666667,84181,1609.2574333875816,2910.89223221392,2.91089223221392,68.01344911619012,29.033324250325688,12.065730151300967
노원구,도봉구,14009,23111680,14009,62494988,14009,738537.0042666667,14009,392775.8995333333,14009,265444.2554,14009,1649.773716896281,4461.059890070669,4.461059890070669,52.718752535274945,28.0373973540819,18.948123020915126
노원구,동대문구,6230,15930900,6230,54838989,6230,317568.7382166667,6230,185211.95685,6230,182172.325,6230,2557.126805778491,8802.405939004815,8.802405939004815,50.97411528357411,29.72904604333868,29.241143659711078
노원구,동두천시,24,111400,24,839039,24,41933.92663333333,24,493.20933333333335,24,1183.37755,24,4641.666666666667,34959.958333333336,34.95995833333333,1747.2469430555554,20.55038888888889,49.307397916666666
노원구,동작구,241,973700,241,6370262,241,15932.334833333332,241,7758.975133333333,241,13618.699933333333,241,4040.2489626556016,26432.622406639006,26.432622406639005,66.10927316735823,32.19491756569848,56.50912835408022
노원구,마포구,576,3164980,576,15811446,576,104003.43768333332,576,23697.767016666665,576,35251.6847,576,5494.756944444444,27450.427083333332,27.45042708333333,180.56152375578702,41.1419566261574,61.20084149305555
노원구,부천시소사구,57,278600,57,2192207,57,3484.2762166666666,57,2401.1102833333334,57,4216.6467999999995,57,4887.7192982456145,38459.771929824565,38.45977192982456,61.127652923976605,42.1247418128655,73.9762596491228
노원구,부천시오정구,16,75300,16,578416,16,1827.120116666667,16,649.17985,16,1302.8031,16,4706.25,36151.0,36.151,114.19500729166668,40.573740625,81.42519375
노원구,부천시원미구,92,475700,92,3923725,92,6496.973616666667,92,3673.0460166666667,92,7881.54205,92,5170.652173913043,42649.184782608696,42.64918478260869,70.61927844202899,39.92441322463768,85.66893532608695
노원구,부평구,3,16900,3,147637,3,2932.4968,3,44.306,3,287.8747166666667,3,5633.333333333333,49212.333333333336,49.21233333333333,977.4989333333333,14.768666666666666,95.9582388888889
노원구,서구,8,48100,8,438041,8,14328.126666666665,8,217.7369833333333,8,638.3189166666666,8,6012.5,54755.125,54.755125,1791.0158333333331,27.217122916666664,79.78986458333333
노원구,서대문구,1427,5115100,1427,28391374,1427,108901.68950000001,1427,53904.6126,1427,85308.73231666666,1427,3584.5129642606867,19895.84723195515,19.895847231955152,76.31512929222144,37.77478107918711,59.78187268161644
노원구,서초구,639,2491800,639,15694159,639,120766.14728333334,639,21732.172966666665,639,41295.48595,639,3899.5305164319248,24560.499217527387,24.560499217527386,188.99240576421494,34.009660354720914,64.62517363067293
노원구,성남시분당구,191,956200,191,7691212,191,14067.57445,191,6412.20265,191,11978.181033333334,191,5006.282722513089,40268.12565445026,40.26812565445026,73.6522222513089,33.57174162303665,62.712989703315884
노원구,성남시수정구,31,138500,31,1007910,31,700.18435,31,1191.8493,31,1752.8219333333334,31,4467.741935483871,32513.225806451614,32.513225806451615,22.58659193548387,38.44675161290323,56.54264301075269
노원구,성남시중원구,89,434500,89,3420757,89,76147.72351666667,89,2362.2872166666666,89,5432.591483333334,89,4882.0224719101125,38435.47191011236,38.43547191011236,855.5923990636704,26.54255299625468,61.040353745318356
노원구,성동구,3075,9385700,3075,38712905,3075,467086.64543333335,3075,78687.41091666666,3075,118048.13933333333,3075,3052.2601626016262,12589.562601626016,12.589562601626016,151.89809607588077,25.58940192411924,38.38963880758807
노원구,성북구,8238,16312100,8238,50273474,8238,808681.3886,8238,235063.00303333334,8238,215783.98795,8238,1980.104394270454,6102.630978392814,6.102630978392813,98.16477161932507,28.533989200453185,26.193734881039088
노원구,송파구,1673,6470900,1673,40337428,1673,533790.1233833333,1673,52563.338149999996,1673,96397.68705,1673,3867.8421996413626,24110.83562462642,24.110835624626418,319.0616397987647,31.41861216377764,57.619657531380746
노원구,수원시권선구,2,12700,2,119534,2,2750.8373333333334,2,69.10071666666667,2,168.87568333333334,2,6350.0,59767.0,59.767,1375.4186666666667,34.550358333333335,84.43784166666667
노원구,수원시영통구,1,6200,1,57832,1,23.284116666666666,1,32.705999999999996,1,85.39788333333333,1,6200.0,57832.0,57.832,23.284116666666666,32.705999999999996,85.39788333333333
노원구,수원시장안구,16,96400,16,875446,16,23004.393033333334,16,376.16631666666666,16,1836.3533666666667,16,6025.0,54715.375,54.715375,1437.7745645833334,23.510394791666666,114.77208541666667
노원구,수원시팔달구,1,6100,1,56961,1,1622.4331166666666,1,23.87271666666667,1,99.87623333333333,1,6100.0,56961.0,56.961,1622.4331166666666,23.87271666666667,99.87623333333333
노원구,시흥시,1,5700,1,50970,1,1434.5313833333335,1,20.377116666666666,1,114.63543333333334,1,5700.0,50970.0,50.97,1434.5313833333335,20.377116666666666,114.63543333333334
노원구,안산시단원구,1,1500,1,3724,1,3.67805,1,25.898216666666666,1,18.199333333333335,1,1500.0,3724.0,3.724,3.67805,25.898216666666666,18.199333333333335
노원구,안산시상록구,2,14100,2,137714,2,3005.2318333333333,2,77.45161666666667,2,259.93038333333334,2,7050.0,68857.0,68.857,1502.6159166666666,38.72580833333333,129.96519166666667
노원구,안양시동안구,19,96000,19,792204,19,385.97856666666667,19,681.1344833333333,19,1626.6624833333333,19,5052.631578947368,41694.94736842105,41.694947368421055,20.314661403508772,35.84918333333333,85.6138149122807
노원구,안양시만안구,14,75100,14,634618,14,2558.4840166666672,14,434.60360000000003,14,1519.6716000000001,14,5364.285714285715,45329.857142857145,45.32985714285714,182.74885833333337,31.04311428571429,108.54797142857144
노원구,양주시,662,2605700,662,16616237,662,30997.873683333335,662,19428.96975,662,28427.457866666664,662,3936.1027190332325,25100.05589123867,25.100055891238668,46.82458260322256,29.34889690332326,42.941779254783484
노원구,양천구,261,1112100,261,7726347,261,7795.125883333333,261,10447.356366666667,261,16347.50845,261,4260.919540229885,29602.862068965518,29.602862068965518,29.86638269476373,40.028185312899105,62.63413199233716
노원구,양평군,70,459300,70,4364108,70,99405.57151666666,70,1966.5978333333333,70,5903.076566666667,70,6561.428571428572,62344.4,62.3444,1420.0795930952381,28.09425476190476,84.32966523809523
노원구,연수구,3,19800,3,188286,3,4827.19345,3,103.46990000000001,3,323.4728666666666,3,6600.0,62762.0,62.762,1609.0644833333333,34.48996666666667,107.82428888888887
노원구,연천군,1,6600,1,62178,1,1708.76405,1,13.335333333333333,1,63.39566666666666,1,6600.0,62178.0,62.178,1708.76405,13.335333333333333,63.39566666666666
노원구,영등포구,1061,4469000,1061,30609179,1061,515942.68475,1061,32335.790583333335,1061,70951.13916666666,1061,4212.064090480679,28849.36757775683,28.84936757775683,486.27962747408105,30.47671120012567,66.87195020420985
노원구,오산시,3,20500,3,197819,3,1710.4390999999998,3,136.81976666666665,3,280.1855,3,6833.333333333333,65939.66666666667,65.93966666666667,570.1463666666666,45.606588888888886,93.39516666666667
노원구,용산구,550,2066400,550,12429699,550,72203.22791666667,550,18177.0867,550,29294.061883333332,550,3757.090909090909,22599.45272727273,22.599452727272727,131.27859621212122,33.049248545454546,53.26193069696969
노원구,용인시기흥구,1,5700,1,49782,1,1800.3773333333334,1,12.778166666666667,1,75.00588333333333,1,5700.0,49782.0,49.782,1800.3773333333334,12.778166666666667,75.00588333333333
노원구,용인시수지구,25,136700,25,1169442,25,49612.30231666667,25,633.2755666666667,25,2607.2177333333334,25,5468.0,46777.68,46.777680000000004,1984.4920926666666,25.33102266666667,104.28870933333333
노원구,용인시처인구,1,6400,1,60702,1,1392.7803333333334,1,13.518716666666668,1,97.22049999999999,1,6400.0,60702.0,60.702,1392.7803333333334,13.518716666666668,97.22049999999999
노원구,은평구,465,1707400,465,9838726,465,49533.581933333335,465,16094.997066666667,465,25977.44075,465,3671.8279569892475,21158.550537634408,21.158550537634408,106.52383211469534,34.61289691756272,55.865463978494624
노원구,의왕시,1,5500,1,47451,1,1649.1816666666666,1,43.47261666666667,1,62.69383333333334,1,5500.0,47451.0,47.451,1649.1816666666666,43.47261666666667,62.69383333333334
노원구,의정부시,2038,6231100,2038,26576456,2038,70171.0031,2038,56100.356166666665,2038,58811.387983333334,2038,3057.458292443572,13040.459273797842,13.040459273797842,34.431306722276744,27.527162005233887,28.857403328426564
노원구,이천시,14,97600,14,957528,14,22032.920783333335,14,396.43691666666666,14,1353.61535,14,6971.428571428572,68394.85714285714,68.39485714285715,1573.780055952381,28.31692261904762,96.68681071428571
노원구,종로구,3379,10213000,3379,42428464,3379,684846.8304833333,3379,107205.00355,3379,170316.04545,3379,3022.4918614974845,12556.514945250074,12.556514945250074,202.67736918713624,31.72684331163066,50.40427506658775
노원구,중구,1392,5367380,1392,22607943,1392,98979.11608333334,1392,50815.95355,1392,77842.71061666666,1392,3855.8764367816093,16241.338362068966,16.241338362068966,71.1056868414751,36.505713757183905,55.921487511973176
노원구,중랑구,9533,19235400,9533,56695248,9533,749945.79825,9533,265888.1423333333,9533,203169.4871,9533,2017.7698520927306,5947.261932235393,5.947261932235393,78.66839381621735,27.891339802090982,21.312229843700827
노원구,파주시,7,36100,7,307792,7,11417.656783333332,7,169.41111666666666,7,594.88255,7,5157.142857142857,43970.28571428572,43.970285714285716,1631.093826190476,24.201588095238094,84.98322142857144
노원구,평택시,2,17700,2,189418,2,3056.705266666667,2,30.862833333333334,2,205.91154999999998,2,8850.0,94709.0,94.709,1528.3526333333334,15.431416666666667,102.95577499999999
노원구,포천시,39,184700,39,1421151,39,69960.73,39,1129.7733333333333,39,1961.4584833333333,39,4735.897435897436,36439.769230769234,36.43976923076924,1793.8648717948718,28.96854700854701,50.293807264957266
노원구,하남시,559,2137600,559,13080896,559,9476.88115,559,18505.868616666667,559,26308.478483333332,559,3823.9713774597494,23400.529516994633,23.400529516994634,16.953275760286225,33.105310584376866,47.06346776982707
노원구,화성시,6,46500,6,477209,6,10382.585433333334,6,193.60026666666667,6,633.2871666666666,6,7750.0,79534.83333333333,79.53483333333332,1730.4309055555557,32.266711111111114,105.5478611111111
도봉구,가평군,3,18600,3,170969,3,5532.189,3,81.28233333333333,3,222.27838333333332,3,6200.0,56989.666666666664,56.989666666666665,1844.063,27.094111111111108,74.09279444444444
도봉구,강남구,407,1596600,407,10078906,407,122292.80203333333,407,13893.465183333334,407,23520.595983333333,407,3922.8501228501227,24763.896805896806,24.763896805896806,300.473715069615,34.136278091728094,57.79016212121212
도봉구,강동구,807,3192400,807,19807096,807,95604.5468,807,36780.87581666667,807,47207.21391666667,807,3955.885997521685,24544.10904584882,24.54410904584882,118.4690790582404,45.57729345311854,58.49716718298224
도봉구,강북구,5480,9084000,5480,21616510,5480,165735.72988333332,5480,169415.79503333333,5480,87878.76036666667,5480,1657.6642335766423,3944.618613138686,3.9446186131386862,30.243746329075424,30.915291064476886,16.036270139902676
도봉구,강서구,289,1339200,289,10174423,289,11417.328866666667,289,11296.90505,289,18354.779416666668,289,4633.910034602076,35205.615916955016,35.20561591695502,39.50632825836217,39.08963685121107,63.51134746251442
도봉구,계양구,5,27100,5,230983,5,8594.317566666667,5,121.44573333333334,5,348.80581666666666,5,5420.0,46196.6,46.1966,1718.8635133333332,24.289146666666667,69.76116333333333
도봉구,고양시덕양구,180,780000,180,5495954,180,6209.983766666666,180,6852.2408,180,9647.34375,180,4333.333333333333,30533.077777777777,30.533077777777777,34.499909814814814,38.06800444444444,53.596354166666664
도봉구,고양시일산동구,176,814500,176,6144197,176,29481.98045,176,5987.062983333333,176,9734.42705,176,4627.840909090909,34910.21022727273,34.91021022727273,167.51125255681816,34.01740331439394,55.30924460227273
도봉구,고양시일산서구,41,213400,41,1763240,41,2490.317133333333,41,1641.4286166666666,41,2746.2838833333335,41,5204.878048780488,43005.85365853659,43.00585365853659,60.73944227642276,40.034844308943086,66.98253373983741
도봉구,과천시,7,33100,7,254676,7,1563.3046333333334,7,251.34511666666666,7,524.2135000000001,7,4728.571428571428,36382.28571428572,36.382285714285715,223.32923333333335,35.90644523809524,74.88764285714286
도봉구,관악구,163,735700,163,5436425,163,9016.078383333333,163,6221.0615333333335,163,11735.320866666667,163,4513.496932515337,33352.30061349693,33.35230061349693,55.31336431492843,38.16602167689162,71.99583353783231
도봉구,광명시,22,106100,22,823349,22,868.0271666666666,22,972.4362000000001,22,2134.27545,22,4822.727272727273,37424.954545454544,37.42495454545455,39.4557803030303,44.20164545454546,97.01252045454545
도봉구,광진구,562,1980300,562,10801069,562,197371.78028333333,562,19036.815966666665,562,25748.67005,562,3523.665480427046,19218.983985765124,19.218983985765124,351.19533858244364,33.87333801897983,45.81613887900356
도봉구,구로구,98,469500,98,3632124,98,8049.953116666667,98,3461.58465,98,7418.874816666666,98,4790.816326530612,37062.489795918365,37.06248979591837,82.1423787414966,35.322292346938774,75.70280425170068
도봉구,구리시,61,191900,61,835014,61,6032.728583333333,61,1880.5718333333334,61,2482.76015,61,3145.901639344262,13688.754098360656,13.688754098360656,98.89718989071037,30.829046448087432,40.70098606557377
도봉구,군포시,1,6700,1,64722,1,1446.1437166666667,1,35.05971666666667,1,81.70278333333334,1,6700.0,64722.0,64.722,1446.1437166666667,35.05971666666667,81.70278333333334
도봉구,금천구,28,128900,28,978182,28,825.7514166666667,28,1400.5209,28,2377.0699666666665,28,4603.571428571428,34935.07142857143,34.935071428571426,29.491122023809528,50.01860357142857,84.89535595238094
도봉구,김포시,43,246600,43,2187475,43,1182.4672166666667,43,1936.5960833333334,43,2943.6837833333334,43,5734.883720930233,50871.51162790698,50.871511627906976,27.499237596899224,45.037118217054264,68.45776240310077
도봉구,남구,1,6800,1,66643,1,1617.6235000000001,1,20.397716666666668,1,96.10128333333334,1,6800.0,66643.0,66.643,1617.6235000000001,20.397716666666668,96.10128333333334
도봉구,남동구,6,38000,6,354597,6,9771.41705,6,125.63238333333334,6,560.5615666666666,6,6333.333333333333,59099.5,59.0995,1628.5695083333333,20.938730555555555,93.42692777777778
도봉구,남양주시,258,944000,258,5429025,258,35870.647833333336,258,8872.232183333334,258,12446.292516666666,258,3658.9147286821703,21042.732558139534,21.042732558139534,139.03351873385014,34.38849683462532,48.24144386304909
도봉구,노원구,13132,25019520,13132,63643919,13132,1267563.66795,13132,410053.35216666665,13132,237049.58063333333,13132,1905.2330185805665,4846.475708193725,4.846475708193725,96.52479956975327,31.225506561579856,18.0512930729008
도봉구,도봉구,15280,25215260,15280,38548923,15280,991798.5472333333,15280,448520.83821666666,15280,165004.11178333333,15280,1650.2133507853403,2522.83527486911,2.52283527486911,64.90828188699825,29.353457998472948,10.798698415139615
도봉구,동대문구,1586,4899500,1586,19442984,1586,193393.037,1586,53497.650949999996,1586,56521.01938333333,1586,3089.21815889029,12259.132408575031,12.25913240857503,121.93760214375789,33.73117966582598,35.63746493274485
도봉구,동두천시,13,59100,13,441162,13,21778.804433333335,13,359.65261666666663,13,702.5435,13,4546.153846153846,33935.53846153846,33.935538461538464,1675.2926487179489,27.665585897435896,54.04180769230769
도봉구,동작구,116,494980,116,3461585,116,10598.878416666666,116,3898.8777,116,7714.2082,116,4267.068965517241,29841.25,29.84125,91.3696415229885,33.61101465517241,66.50179482758621
도봉구,마포구,133,519700,133,3259267,133,2375.1909,133,4989.41935,133,7329.071966666666,133,3907.5187969924814,24505.766917293233,24.505766917293233,17.85857819548872,37.51443120300752,55.105804260651624
도봉구,부천시소사구,75,396500,75,3315909,75,23735.655583333333,75,3362.825116666667,75,5697.642766666667,75,5286.666666666667,44212.12,44.212120000000006,316.4754077777778,44.83766822222223,75.96857022222223
도봉구,부천시오정구,3,14300,3,110941,3,44.8336,3,88.37568333333334,3,263.2067,3,4766.666666666667,36980.333333333336,36.980333333333334,14.944533333333332,29.458561111111113,87.73556666666667
도봉구,부천시원미구,51,289500,51,2531363,51,5111.722216666667,51,2547.1318333333334,51,3662.0731666666666,51,5676.470588235294,49634.56862745098,49.63456862745098,100.22984738562093,49.9437614379085,71.80535620915032
도봉구,부평구,4,22200,4,190405,4,6820.479566666667,4,82.57373333333334,4,331.3206166666667,4,5550.0,47601.25,47.60125,1705.1198916666667,20.643433333333334,82.83015416666667
도봉구,서구,7,41400,7,371986,7,8515.950066666668,7,205.57611666666665,7,527.5752666666667,7,5914.285714285715,53140.857142857145,53.14085714285714,1216.5642952380954,29.368016666666666,75.36789523809524
도봉구,서대문구,765,2694500,765,14618570,765,105854.6111,765,26104.648616666665,765,43895.262383333335,765,3522.222222222222,19109.24183006536,19.109241830065358,138.37204065359475,34.12372368191721,57.37942795206972
도봉구,서초구,198,811900,198,5404677,198,27246.82415,198,8523.142066666667,198,13916.2128,198,4100.50505050505,27296.348484848484,27.296348484848483,137.61022297979798,43.046172053872056,70.28390303030302
도봉구,성남시분당구,78,416900,78,3526175,78,10289.339233333332,78,3684.0617666666667,78,5308.171516666666,78,5344.871794871795,45207.3717948718,45.2073717948718,131.91460555555554,47.23156111111111,68.05348098290598
도봉구,성남시수정구,23,108300,23,827151,23,689.7104166666667,23,1122.2121833333333,23,1390.4383166666667,23,4708.695652173913,35963.086956521736,35.963086956521735,29.987409420289854,48.791834057971016,60.45383985507247
도봉구,성남시중원구,59,297100,59,2395054,59,62781.49258333333,59,2174.32905,59,3651.4595666666664,59,5035.593220338983,40594.13559322034,40.59413559322034,1064.0930946327683,36.853034745762706,61.889145197740106
도봉구,성동구,674,2287100,674,11595855,674,90145.32208333333,674,21135.774616666666,674,29003.926,674,3393.3234421364987,17204.532640949554,17.204532640949555,133.74676866963404,31.358716048466864,43.03253115727003
도봉구,성북구,2423,5673400,2423,18929189,2423,83338.76831666667,2423,84361.20791666667,2423,76499.15671666666,2423,2341.4775072224515,7812.2942633099465,7.812294263309947,34.39486930114184,34.81684189709726,31.572082838079513
도봉구,송파구,433,1783000,433,11947727,433,142915.50788333334,433,14354.466166666667,433,26010.84065,433,4117.7829099307155,27592.903002309467,27.592903002309466,330.05890966127794,33.15119207082371,60.07122551963048
도봉구,수원시권선구,4,28500,4,282985,4,5868.577616666667,4,122.39678333333333,4,423.8177166666667,4,7125.0,70746.25,70.74625,1467.1444041666668,30.599195833333333,105.95442916666667
도봉구,수원시팔달구,10,63500,10,593732,10,14839.100050000001,10,292.68965000000003,10,796.2396833333333,10,6350.0,59373.2,59.3732,1483.9100050000002,29.268965,79.62396833333334
도봉구,시흥시,7,42800,7,393836,7,10888.857,7,214.42066666666668,7,717.8376000000001,7,6114.285714285715,56262.28571428572,56.26228571428572,1555.551,30.63152380952381,102.54822857142858
도봉구,안산시단원구,3,17900,3,160731,3,4200.362833333334,3,82.85065,3,443.3662833333334,3,5966.666666666667,53577.0,53.577,1400.1209444444446,27.616883333333334,147.78876111111114
도봉구,안양시동안구,5,26200,5,217208,5,145.55971666666667,5,263.1503333333333,5,550.0527833333333,5,5240.0,43441.6,43.4416,29.111943333333336,52.630066666666664,110.01055666666666
도봉구,안양시만안구,6,33500,6,290547,6,141.20766666666668,6,292.773,6,569.38355,6,5583.333333333333,48424.5,48.4245,23.534611111111115,48.795500000000004,94.89725833333334
도봉구,양주시,224,854000,224,5178056,224,5332.3036833333335,224,9188.230383333334,224,9504.978316666668,224,3812.5,23116.321428571428,23.11632142857143,23.804927157738096,41.018885639880956,42.43293891369048
도봉구,양천구,115,487300,115,3376631,115,17210.522233333333,115,4868.17945,115,7714.027833333334,115,4237.391304347826,29362.008695652174,29.362008695652175,149.65671507246375,42.3319952173913,67.07850289855072
도봉구,양평군,7,42400,7,386157,7,9507.4461,7,176.75276666666667,7,504.35585000000003,7,6057.142857142857,55165.28571428572,55.165285714285716,1358.2065857142857,25.25039523809524,72.05083571428572
도봉구,연수구,2,13300,2,126696,2,3740.0311666666666,2,49.82195,2,206.4157166666667,2,6650.0,63348.0,63.348,1870.0155833333333,24.910975,103.20785833333335
도봉구,연천군,7,44100,7,411909,7,11270.832166666667,7,212.58271666666667,7,534.8223333333333,7,6300.0,58844.142857142855,58.844142857142856,1610.118880952381,30.368959523809526,76.40319047619047
도봉구,영등포구,534,3184160,534,18163115,534,43833.376233333336,534,21144.46598333333,534,36957.18365,534,5962.846441947566,34013.323970037454,34.013323970037455,82.08497421972535,39.59637824594257,69.208209082397
도봉구,오산시,3,24400,3,254026,3,3666.9639333333334,3,104.61683333333333,3,364.56226666666663,3,8133.333333333333,84675.33333333333,84.67533333333333,1222.321311111111,34.872277777777775,121.52075555555554
도봉구,용산구,271,1066300,271,6755081,271,55513.67563333333,271,9578.759216666667,271,14629.922566666666,271,3934.6863468634688,24926.49815498155,24.926498154981548,204.8475115621156,35.345974969249696,53.984954120541204
도봉구,용인시기흥구,2,14300,2,141818,2,2891.3860999999997,2,46.011,2,190.92866666666666,2,7150.0,70909.0,70.909,1445.6930499999999,23.0055,95.46433333333333
도봉구,용인시수지구,4,22600,4,197010,4,5629.91855,4,92.0839,4,311.71586666666667,4,5650.0,49252.5,49.2525,1407.4796375,23.020975,77.92896666666667
도봉구,용인시처인구,6,38900,6,369892,6,7891.895833333334,6,222.57756666666666,6,514.3267,6,6483.333333333333,61648.666666666664,61.648666666666664,1315.3159722222224,37.09626111111111,85.72111666666666
도봉구,은평구,1180,4354000,1180,25306650,1180,361659.3544,1180,39406.590183333334,1180,66274.8453,1180,3689.830508474576,21446.313559322032,21.446313559322032,306.49097830508475,33.39541540960452,56.16512313559322
도봉구,의왕시,5,30400,5,277197,5,7823.6216,5,150.34788333333333,5,499.6035,5,6080.0,55439.4,55.4394,1564.72432,30.069576666666666,99.9207
도봉구,의정부시,1328,3723700,1328,13989842,1328,39869.54185,1328,40377.052299999996,1328,34124.7063,1328,2803.990963855422,10534.519578313253,10.534519578313253,30.022245368975906,30.404406852409636,25.696314984939757
도봉구,이천시,1,9200,1,99952,1,1437.7058333333334,1,22.877216666666666,1,168.406,1,9200.0,99952.0,99.952,1437.7058333333334,22.877216666666666,168.406
도봉구,종로구,1192,3631600,1192,14722227,1192,186763.8723,1192,41986.32411666666,1192,56371.042199999996,1192,3046.6442953020132,12350.861577181207,12.350861577181208,156.68110092281879,35.22342627237136,47.2911427852349
도봉구,중구,245,838500,245,4313852,245,21697.471083333334,245,9161.223283333333,245,14082.71005,245,3422.4489795918366,17607.55918367347,17.60755918367347,88.56110646258503,37.39274809523809,57.48044918367347
도봉구,중랑구,1493,4226600,1493,15242270,1493,49140.103416666665,1493,47371.9465,1493,50191.64365,1493,2830.9444072337574,10209.156061620897,10.209156061620897,32.91366605269033,31.729368050904217,33.61797967180174
도봉구,파주시,12,61300,12,499422,12,21158.244683333334,12,313.61305,12,778.48055,12,5108.333333333333,41618.5,41.6185,1763.1870569444445,26.134420833333333,64.87337916666667
도봉구,평택시,4,37700,4,413337,4,7129.872333333334,4,97.46716666666666,4,431.9811166666667,4,9425.0,103334.25,103.33425,1782.4680833333334,24.366791666666664,107.99527916666668
도봉구,포천시,5,24700,5,194730,5,8422.377816666667,5,145.19406666666666,5,263.8585333333333,5,4940.0,38946.0,38.946,1684.4755633333334,29.03881333333333,52.77170666666666
도봉구,하남시,47,195600,47,1329762,47,3620.8005999999996,47,1931.7558833333333,47,2574.2590333333333,47,4161.702127659574,28292.808510638297,28.292808510638295,77.03831063829786,41.101189007092195,54.77146879432624
도봉구,화성시,9,63300,9,654799,9,16238.300766666667,9,298.0335,9,1177.7822666666668,9,7033.333333333333,72755.44444444444,72.75544444444444,1804.2556407407408,33.11483333333334,130.8646962962963
동대문구,가평군,1,7400,1,74206,1,1733.5567833333334,1,27.162,1,123.72921666666666,1,7400.0,74206.0,74.206,1733.5567833333334,27.162,123.72921666666666
동대문구,강남구,1050,3244500,1050,13969212,1050,106514.03326666667,1050,40797.8742,1050,40186.96145,1050,3090.0,13304.011428571428,13.304011428571428,101.44193644444444,38.85511828571428,38.27329661904762
동대문구,강동구,1489,4417400,1489,17057239,1489,58995.40888333333,1489,58387.32675,1489,54245.53303333333,1489,2966.689053055742,11455.499664204164,11.455499664204165,39.62082530781285,39.2124424110141,36.43084824266846
동대문구,강북구,1929,4220800,1929,14025992,1929,60927.6921,1929,71567.13406666667,1929,56430.738966666664,1929,2188.0767236910315,7271.120787973043,7.271120787973043,31.585117729393467,37.100639744254366,29.25388230516675
동대문구,강서구,739,3095600,739,20353862,739,40745.952183333335,739,35211.068283333334,739,44165.726116666665,739,4188.903924221921,27542.43843031123,27.542438430311233,55.136606472710874,47.646912426702755,59.76417607126748
동대문구,고양시덕양구,62,254900,62,1709118,62,1443.41445,62,2767.4083,62,3877.809,62,4111.290322580645,27566.41935483871,27.566419354838708,23.28087822580645,44.635617741935484,62.54530645161291
동대문구,고양시일산동구,38,181300,38,1402999,38,5067.500283333334,38,1572.1159166666666,38,2554.1677166666664,38,4771.0526315789475,36921.02631578947,36.921026315789476,133.3552706140351,41.37147149122807,67.2149399122807
동대문구,고양시일산서구,23,118100,23,967626,23,3264.524783333333,23,1004.77485,23,1485.49505,23,5134.782608695652,42070.69565217391,42.07069565217391,141.93586014492752,43.685863043478264,64.58674130434783
동대문구,과천시,7,26000,7,153207,7,4265.9456,7,218.35448333333332,7,427.6406333333333,7,3714.285714285714,21886.714285714286,21.886714285714287,609.4208,31.193497619047616,61.091519047619045
동대문구,관악구,285,1012800,285,5545487,285,17015.603333333333,285,12048.432683333333,285,18852.91016666667,285,3553.684210526316,19457.849122807016,19.457849122807016,59.703871345029235,42.27520239766081,66.1505619883041
동대문구,광명시,50,228000,50,1697599,50,1474.9234166666668,50,2756.4857166666666,50,3905.513233333333,50,4560.0,33951.98,33.951980000000006,29.498468333333335,55.12971433333333,78.11026466666667
동대문구,광주시,63,303000,63,2353935,63,110639.69506666667,63,1822.8199166666666,63,4247.922566666667,63,4809.523809523809,37364.04761904762,37.36404761904762,1756.185635978836,28.93364947089947,67.42734232804233
동대문구,광진구,2004,3885000,2004,11811611,2004,399643.5128166667,2004,69690.75371666667,2004,44688.4139,2004,1938.622754491018,5894.01746506986,5.89401746506986,199.42291058715904,34.7758252079175,22.299607734530937
동대문구,구로구,157,642900,157,4295733,157,8328.5238,157,6216.603266666667,157,10363.886266666666,157,4094.9044585987263,27361.35668789809,27.361356687898088,53.04792229299363,39.596199150743104,66.0120144373673
동대문구,구리시,234,614600,234,2105545,234,9868.7251,234,8267.64625,234,7803.4902833333335,234,2626.4957264957266,8998.055555555555,8.998055555555554,42.17403888888889,35.33182158119658,33.348249074074076
동대문구,금천구,67,269000,67,1760789,67,1388.6885333333332,67,2914.1524,67,5367.135666666667,67,4014.9253731343283,26280.432835820895,26.280432835820896,20.726694527363183,43.494811940298504,80.1065024875622
동대문구,김포시,124,717100,124,6359234,124,7988.703350000001,124,4613.98435,124,9455.067116666667,124,5783.064516129032,51284.145161290326,51.284145161290326,64.42502701612904,37.209551209677414,76.25054126344087
동대문구,남구,6,33500,6,290481,6,8487.355983333333,6,125.23628333333333,6,554.6088333333333,6,5583.333333333333,48413.5,48.4135,1414.5593305555556,20.87271388888889,92.43480555555556
동대문구,남양주시,725,2572300,725,13125521,725,71214.29631666667,725,26501.837116666666,725,32022.0886,725,3548.0,18104.166896551724,18.104166896551725,98.2266156091954,36.55425809195402,44.168398068965516
동대문구,노원구,6250,16060300,6250,55392406,6250,783669.3775833333,6250,242615.95896666666,6250,158827.37383333335,6250,2569.648,8862.78496,8.86278496,125.38710041333333,38.81855343466667,25.412379813333335
동대문구,도봉구,1289,3817500,1289,15098620,1289,44402.53985,1289,55933.76338333333,1289,48152.199616666665,1289,2961.5981380915437,11713.43677269201,11.71343677269201,34.447276842513574,43.393144595293506,37.3562448538919
동대문구,동대문구,19109,29520800,19109,51782973,19109,1699613.4899,19109,652842.2760166667,19109,225513.51271666665,19109,1544.8636768015072,2709.873515097598,2.709873515097598,88.94308911507666,34.16412559614143,11.801429311668148
동대문구,동두천시,2,10200,2,83421,2,3587.1141166666666,2,31.856383333333333,2,120.58635,2,5100.0,41710.5,41.7105,1793.5570583333333,15.928191666666667,60.293175
동대문구,동작구,242,866300,242,4228961,242,28751.37298333333,242,9814.82255,242,12625.403883333332,242,3579.7520661157023,17475.045454545456,17.475045454545455,118.80732637741046,40.557117975206616,52.17109042699724
동대문구,마포구,760,2697100,760,14878119,760,41691.79033333333,760,27285.51011666667,760,32892.35045,760,3548.815789473684,19576.47236842105,19.57647236842105,54.85761885964912,35.90198699561404,43.2794084868421
동대문구,부천시소사구,32,162000,32,1312529,32,984.5444333333332,32,1663.2192833333334,32,2976.939066666667,32,5062.5,41016.53125,41.01653125,30.767013541666664,51.97560260416667,93.02934583333334
동대문구,부천시오정구,11,47700,11,337596,11,254.9017,11,461.0777,11,761.83695,11,4336.363636363636,30690.545454545456,30.690545454545457,23.172881818181818,41.916154545454546,69.25790454545455
동대문구,부천시원미구,60,281600,60,2147464,60,1252.6106833333333,60,2402.844433333333,60,4674.502533333333,60,4693.333333333333,35791.066666666666,35.791066666666666,20.876844722222224,40.04740722222222,77.90837555555555
동대문구,부평구,2,9300,2,71052,2,3174.9517166666665,2,42.35878333333333,2,179.41871666666668,2,4650.0,35526.0,35.526,1587.4758583333332,21.179391666666664,89.70935833333334
동대문구,서구,18,96000,18,808265,18,27050.73428333333,18,397.7660666666667,18,1056.70305,18,5333.333333333333,44903.61111111111,44.90361111111111,1502.818571296296,22.098114814814817,58.705725
동대문구,서대문구,478,1539300,478,6575943,478,54223.39765,478,17713.95665,478,21092.083533333334,478,3220.2928870292885,13757.202928870292,13.757202928870292,113.43807039748954,37.05848671548117,44.12569776847978
동대문구,서초구,437,1379900,437,6078291,437,54914.42868333333,437,18845.48773333333,437,20725.40608333333,437,3157.6659038901603,13909.132723112129,13.909132723112128,125.66230819984744,43.12468588863462,47.42655854309687
동대문구,성남시분당구,130,570100,130,4079324,130,8009.613183333334,130,5730.126616666666,130,6848.081,130,4385.384615384615,31379.415384615386,31.379415384615385,61.61240910256411,44.07789705128205,52.67754615384615
동대문구,성남시수정구,64,263100,64,1769767,64,2467.8504,64,3171.043,64,3303.6277,64,4110.9375,27652.609375,27.652609375,38.5601625,49.547546875,51.6191828125
동대문구,성남시중원구,20,84300,20,578030,20,371.17631666666665,20,781.2581333333333,20,1153.65965,20,4215.0,28901.5,28.9015,18.558815833333334,39.06290666666666,57.6829825
동대문구,성동구,2973,4877700,2973,11961027,2973,412604.9089166667,2973,107804.11921666667,2973,51015.55093333333,2973,1640.6659939455096,4023.217961654894,4.023217961654894,138.7840258717345,36.261055908734164,17.15962022648279
동대문구,성북구,2877,4981100,2877,12743758,2877,459578.1330833333,2877,95024.43065,2877,51913.694716666665,2877,1731.3521028849495,4429.530066041015,4.429530066041015,159.74213871509673,33.02899918317692,18.04438467732592
동대문구,송파구,916,2947600,916,13012085,916,38275.49531666667,916,33225.12966666667,916,34077.754916666665,916,3217.9039301310045,14205.332969432315,14.205332969432314,41.78547523653566,36.271975618631735,37.202789210334785
동대문구,수원시권선구,2,12000,2,108625,2,1751.3152166666669,2,64.05438333333333,2,198.84123333333332,2,6000.0,54312.5,54.3125,875.6576083333334,32.02719166666667,99.42061666666666
동대문구,수원시영통구,5,26700,5,225010,5,7732.309166666666,5,141.39043333333333,5,447.3530666666667,5,5340.0,45002.0,45.002,1546.4618333333333,28.278086666666667,89.47061333333333
동대문구,수원시장안구,2,11100,2,95966,2,2884.133216666667,2,74.52733333333333,2,231.08405,2,5550.0,47983.0,47.983,1442.0666083333335,37.263666666666666,115.542025
동대문구,수원시팔달구,1,6100,1,55251,1,1504.6872166666665,1,26.92745,1,68.73043333333334,1,6100.0,55251.0,55.251,1504.6872166666665,26.92745,68.73043333333334
동대문구,시흥시,2,11400,2,99966,2,2887.6569333333337,2,58.846266666666665,2,256.40233333333333,2,5700.0,49983.0,49.983,1443.8284666666668,29.423133333333332,128.20116666666667
동대문구,안산시단원구,5,28800,5,256884,5,7399.33095,5,150.70971666666668,5,535.7176166666667,5,5760.0,51376.8,51.3768,1479.86619,30.141943333333337,107.14352333333333
동대문구,안산시상록구,4,22000,4,188325,4,6483.718783333333,4,115.35883333333334,4,365.2275666666667,4,5500.0,47081.25,47.08125,1620.9296958333332,28.839708333333334,91.30689166666667
동대문구,안양시동안구,18,85200,18,653853,18,759.5974333333334,18,1134.66595,18,1677.1051333333335,18,4733.333333333333,36325.166666666664,36.32516666666666,42.19985740740741,63.036997222222226,93.17250740740741
동대문구,안양시만안구,15,70400,15,531300,15,3279.9957833333333,15,676.3596666666667,15,1528.1591833333334,15,4693.333333333333,35420.0,35.42,218.66638555555556,45.09064444444445,101.8772788888889
동대문구,양주시,217,1050800,217,8243060,217,5970.379533333333,217,6920.7476,217,13242.240933333333,217,4842.3963133640555,37986.45161290323,37.986451612903224,27.513269738863286,31.89284608294931,61.02415176651305
동대문구,양천구,330,1370600,330,9283683,330,13383.3045,330,12985.32525,330,22605.806016666666,330,4153.333333333333,28132.372727272726,28.132372727272728,40.555468181818185,39.349470454545454,68.50244247474747
동대문구,양평군,5,25100,5,211777,5,8611.29185,5,107.91295,5,372.58245,5,5020.0,42355.4,42.3554,1722.25837,21.58259,74.51649
동대문구,여주군,3,22500,3,227358,3,5117.381716666667,3,69.668,3,271.3235,3,7500.0,75786.0,75.786,1705.7939055555555,23.22266666666667,90.44116666666667
동대문구,연수구,2,12400,2,113634,2,2926.0216666666665,2,86.72671666666668,2,240.9085,2,6200.0,56817.0,56.817,1463.0108333333333,43.36335833333334,120.45425
동대문구,영등포구,599,2165400,599,12156718,599,28025.0681,599,21901.906866666668,599,27535.139616666667,599,3615.025041736227,20295.021702838065,20.295021702838064,46.786424207011684,36.5641183082916,45.96851355036171
동대문구,용산구,456,1289700,456,5100082,456,34394.64318333333,456,19905.0155,456,17113.626833333332,456,2828.2894736842104,11184.390350877193,11.184390350877193,75.4268490862573,43.65134978070176,37.529883406432745
동대문구,용인시기흥구,2,10200,2,82381,2,3157.3306666666667,2,35.21261666666666,2,150.49455,2,5100.0,41190.5,41.1905,1578.6653333333334,17.60630833333333,75.247275
동대문구,용인시수지구,1,4800,1,37572,1,77.92671666666666,1,86.88393333333333,1,75.79666666666667,1,4800.0,37572.0,37.572,77.92671666666666,86.88393333333333,75.79666666666667
동대문구,용인시처인구,2,15900,2,165508,2,1685.1903333333332,2,133.58190000000002,2,261.99871666666667,2,7950.0,82754.0,82.754,842.5951666666666,66.79095000000001,130.99935833333333
동대문구,은평구,940,3219800,940,16675602,940,68464.625,940,42726.11495,940,45732.99668333333,940,3425.31914893617,17740.002127659576,17.740002127659576,72.83470744680851,45.45331377659575,48.652124131205674
동대문구,의정부시,418,1549900,418,9084501,418,227151.67124999998,418,14590.803450000001,418,19988.716916666668,418,3707.8947368421054,21733.255980861242,21.73325598086124,543.4250508373206,34.9062283492823,47.819896929824566
동대문구,종로구,2470,4828700,2470,15039372,2470,187578.21508333334,2470,87921.92563333333,2470,70537.12446666668,2470,1954.9392712550607,6088.814574898785,6.088814574898786,75.9425971997301,35.595921309041834,28.557540269905537
동대문구,중구,1193,2384400,1193,7060918,1193,54510.30785,1193,44801.545516666665,1193,29923.500233333332,1193,1998.6588432523051,5918.623637887678,5.918623637887678,45.69179199497066,37.55368442302319,25.082565157865325
동대문구,중랑구,5017,9005700,5017,24174546,5017,171827.84471666667,5017,156942.16706666668,5017,99928.69893333333,5017,1795.0368746262707,4818.5262108829975,4.818526210882998,34.2491219287755,31.28207436050761,19.918018523686133
동대문구,평택시,5,38300,5,391215,5,6972.093333333333,5,129.59571666666665,5,616.6050166666666,5,7660.0,78243.0,78.243,1394.4186666666667,25.91914333333333,123.32100333333332
동대문구,포천시,16,87200,16,742296,16,27019.682500000003,16,405.22335,16,1003.3606333333333,16,5450.0,46393.5,46.3935,1688.7301562500002,25.326459375,62.710039583333334
동대문구,하남시,183,622200,183,3197761,183,5123.7337333333335,183,8879.686066666667,183,8103.9737,183,3400.0,17474.10382513661,17.474103825136613,27.998544990892533,48.52287468123862,44.28400928961749
동대문구,화성시,3,17400,3,154732,3,4022.702,3,55.82861666666667,3,225.28376666666668,3,5800.0,51577.333333333336,51.577333333333335,1340.9006666666667,18.60953888888889,75.0945888888889
동작구,가평군,3,21800,3,216585,3,5334.4738333333335,3,87.4019,3,362.8178833333333,3,7266.666666666667,72195.0,72.195,1778.1579444444444,29.133966666666666,120.93929444444444
동작구,강남구,959,3041000,959,13871195,959,117570.91693333334,959,41610.0855,959,40140.68185,959,3171.011470281543,14464.228362877999,14.464228362877998,122.59741077511298,43.38903597497393,41.85681110531804
동작구,강동구,288,1130000,288,7125276,288,34885.185600000004,288,16513.7112,288,13289.482116666666,288,3923.6111111111113,24740.541666666668,24.74054166666667,121.12911666666668,57.33927500000001,46.144035127314815
동작구,강북구,143,567400,143,3665463,143,8604.0355,143,6721.214533333334,143,9151.9877,143,3967.8321678321677,25632.60839160839,25.632608391608393,60.16808041958042,47.00150023310024,63.999913986013986
동작구,강서구,1016,3258700,1016,14860995,1016,36452.98586666666,1016,42950.8913,1016,39214.26201666667,1016,3207.3818897637793,14626.963582677165,14.626963582677165,35.87892309711285,42.274499311023625,38.59671458333334
동작구,계양구,1,3800,1,22969,1,116.98004999999999,1,167.20816666666667,1,84.90204999999999,1,3800.0,22969.0,22.969,116.98004999999999,167.20816666666667,84.90204999999999
동작구,고양시덕양구,27,112100,27,757113,27,3638.43755,27,1566.1347833333334,27,1407.46855,27,4151.851851851852,28041.222222222223,28.041222222222224,134.7569462962963,58.00499197530865,52.12846481481482
동작구,고양시일산동구,60,254100,60,1748283,60,1244.09665,60,2539.7358,60,2988.2618,60,4235.0,29138.05,29.13805,20.734944166666665,42.32893,49.804363333333335
동작구,고양시일산서구,49,260600,49,1577621,49,1546.8468333333333,49,2755.8468,49,2847.1716,49,5318.367346938776,32196.34693877551,32.19634693877551,31.568302721088433,56.241771428571425,58.10554285714286
동작구,과천시,131,390500,131,1612271,131,2370.8755833333335,131,4781.943283333333,131,4151.34795,131,2980.916030534351,12307.412213740457,12.307412213740458,18.098286895674303,36.50338384223918,31.68967900763359
동작구,관악구,8578,14124800,8578,35704636,8578,858897.39225,8578,358165.77255,8578,150122.6637,8578,1646.6309162975053,4162.349731872231,4.162349731872231,100.1279310153882,41.75399540102588,17.500893413383075
동작구,광명시,324,941100,324,3995162,324,29679.282533333335,324,15823.699266666667,324,13927.544899999999,324,2904.6296296296296,12330.746913580248,12.330746913580247,91.60272386831276,48.838577983539096,42.98624969135802
동작구,광진구,312,1083600,312,5660770,312,88149.37478333333,312,11619.4553,312,11038.764366666666,312,3473.076923076923,18143.49358974359,18.14349358974359,282.53004738247864,37.24184391025641,35.380655021367524
동작구,구로구,2332,5430200,2332,17957834,2332,387600.3998833333,2332,91456.98686666666,2332,63214.85131666667,2332,2328.559176672384,7700.614922813036,7.7006149228130365,166.20943391223554,39.218261949685534,27.107569175242997
동작구,구리시,5,21100,5,146738,5,128.23048333333332,5,217.43283333333335,5,290.93855,5,4220.0,29347.6,29.3476,25.646096666666665,43.48656666666667,58.18771
동작구,군포시,2,8700,2,60668,2,3421.462216666667,2,40.50533333333333,2,113.70721666666667,2,4350.0,30334.0,30.334,1710.7311083333334,20.252666666666666,56.853608333333334
동작구,금천구,1019,2157600,1019,6872943,1019,48763.96753333333,1019,41948.57558333333,1019,27134.29365,1019,2117.3699705593717,6744.791952894995,6.744791952894995,47.85472770690219,41.166413722603856,26.628354906771342
동작구,김포시,131,635700,131,5003816,131,9028.153116666666,131,6052.569883333334,131,8358.0222,131,4852.67175572519,38197.068702290075,38.197068702290075,68.91719936386768,46.20282353689568,63.801696183206104
동작구,남구,1,4700,1,35253,1,1917.4315,1,32.44488333333333,1,81.45461666666667,1,4700.0,35253.0,35.253,1917.4315,32.44488333333333,81.45461666666667
동작구,남동구,11,47700,11,341421,11,18962.237399999998,11,307.4226,11,664.9828666666667,11,4336.363636363636,31038.272727272728,31.038272727272727,1723.8397636363634,27.94750909090909,60.45298787878789
동작구,남양주시,55,270700,55,2172252,55,2717.6534833333335,55,2533.1640333333335,55,3878.1931666666665,55,4921.818181818182,39495.490909090906,39.495490909090904,49.41188151515152,46.05752787878788,70.51260303030303
동작구,노원구,169,680200,169,4421813,169,8739.584083333333,169,7910.29055,169,8838.51355,169,4024.852071005917,26164.57396449704,26.16457396449704,51.71351528599605,46.80645295857988,52.298896745562125
동작구,도봉구,113,491600,113,3499016,113,6412.4842,113,7180.3021499999995,113,7130.645616666667,113,4350.442477876106,30964.743362831858,30.964743362831857,56.74764778761062,63.54249690265486,63.10305855457227
동작구,동대문구,261,893100,261,4680970,261,9862.34875,261,11267.235533333333,261,11720.934016666666,261,3421.8390804597702,17934.750957854405,17.934750957854405,37.78677681992337,43.16948480204342,44.907793167305236
동작구,동작구,12863,20214180,12863,40474214,12863,962973.4225166667,12863,497673.0974166666,12863,171924.8632,12863,1571.4980953121355,3146.560988882842,3.1465609888828423,74.86382822954728,38.69028200393895,13.365844919536656
동작구,마포구,1526,4713400,1526,20210870,1526,165644.03715,1526,69192.34056666667,1526,46898.10746666667,1526,3088.7287024901702,13244.344692005243,13.244344692005242,108.5478618283093,45.34229394932285,30.732704761904763
동작구,부천시소사구,221,700000,221,3105763,221,27024.621433333334,221,12613.885833333334,221,11212.122466666666,221,3167.420814479638,14053.226244343892,14.053226244343891,122.28335490196079,57.07640648567119,50.73358582202111
동작구,부천시오정구,9,29200,9,137320,9,212.57266666666663,9,399.77395,9,406.16796666666664,9,3244.4444444444443,15257.777777777777,15.257777777777777,23.61918518518518,44.41932777777778,45.12977407407407
동작구,부천시원미구,79,263000,79,1303838,79,2712.754566666667,79,2887.24105,79,3787.5453333333335,79,3329.1139240506327,16504.278481012658,16.50427848101266,34.33866540084389,36.54735506329114,47.94361181434599
동작구,부평구,2,7800,2,48111,2,3291.99805,2,59.391333333333336,2,110.12161666666665,2,3900.0,24055.5,24.0555,1645.999025,29.695666666666668,55.06080833333333
동작구,서구,14,64200,14,477882,14,25199.1706,14,423.13640000000004,14,800.18745,14,4585.714285714285,34134.42857142857,34.13442857142857,1799.9407571428571,30.224028571428573,57.15624642857143
동작구,서대문구,1156,3497600,1156,13402508,1156,425734.4704666667,1156,45420.74318333333,1156,45807.57626666666,1156,3025.60553633218,11593.865051903114,11.593865051903114,368.2824138985006,39.29130033160323,39.62593102652826
동작구,서초구,1905,3916400,1905,12613107,1905,65838.25686666666,1905,87023.64273333333,1905,44808.83888333333,1905,2055.8530183727034,6621.053543307086,6.621053543307086,34.560764759405075,45.68170222222222,23.521700201224846
동작구,성남시분당구,334,1402400,334,9600351,334,18733.75045,334,12557.212716666667,334,19847.7107,334,4198.802395209581,28743.565868263475,28.743565868263474,56.08907320359281,37.59644525948104,59.42428353293413
동작구,성남시수정구,23,91700,23,590582,23,944.9400999999999,23,1442.0643333333333,23,1483.6033499999999,23,3986.9565217391305,25677.478260869564,25.677478260869563,41.08435217391304,62.698449275362314,64.50449347826087
동작구,성남시중원구,13,53700,13,360480,13,314.44481666666667,13,524.9696166666666,13,725.8191166666667,13,4130.7692307692305,27729.23076923077,27.72923076923077,24.18806282051282,40.3822782051282,55.832239743589746
동작구,성동구,227,707700,227,3014251,227,15428.630316666668,227,9201.374316666666,227,8547.433916666667,227,3117.6211453744495,13278.638766519824,13.278638766519823,67.96753443465492,40.53468861967694,37.653893906020556
동작구,성북구,186,651300,186,3496232,186,5994.236083333333,186,9458.505433333334,186,9246.329866666667,186,3501.6129032258063,18796.94623655914,18.79694623655914,32.227075716845874,50.85217974910395,49.71145089605735
동작구,송파구,312,1142900,312,5936255,312,40509.62185,312,14789.048383333333,312,15278.472450000001,312,3663.141025641026,19026.458333333332,19.02645833333333,129.83853157051283,47.40079610042735,48.96946298076924
동작구,수원시권선구,5,23400,5,176901,5,8666.642116666666,5,137.03493333333333,5,410.1734,5,4680.0,35380.2,35.380199999999995,1733.3284233333331,27.406986666666665,82.03468000000001
동작구,수원시영통구,1,5100,1,41803,1,1927.8687166666668,1,36.91366666666667,1,77.74095000000001,1,5100.0,41803.0,41.803,1927.8687166666668,36.91366666666667,77.74095000000001
동작구,수원시팔달구,2,8700,2,61812,2,2464.17295,2,51.076233333333334,2,130.8096,2,4350.0,30906.0,30.906,1232.086475,25.538116666666667,65.4048
동작구,시흥시,8,27200,8,141891,8,15580.905416666666,8,238.32928333333334,8,460.7878666666667,8,3400.0,17736.375,17.736375,1947.6131770833333,29.791160416666667,57.598483333333334
동작구,안산시단원구,6,26100,6,185472,6,8447.527,6,202.69338333333332,6,420.1917833333333,6,4350.0,30912.0,30.912,1407.9211666666667,33.78223055555555,70.03196388888888
동작구,안산시상록구,1,4700,1,36905,1,1497.698,1,32.79233333333333,1,55.52611666666667,1,4700.0,36905.0,36.905,1497.698,32.79233333333333,55.52611666666667
동작구,안양시동안구,68,225200,68,1121101,68,68540.48363333334,68,2586.120316666667,68,3810.2964166666666,68,3311.764705882353,16486.779411764706,16.486779411764708,1007.9482887254902,38.031181127450985,56.033770833333335
동작구,안양시만안구,67,212800,67,946582,67,2441.1151,67,3975.22835,67,3066.0272166666664,67,3176.1194029850744,14128.089552238805,14.128089552238805,36.434553731343286,59.331766417910444,45.76160024875622
동작구,양주시,13,77800,13,704381,13,349.65836666666667,13,703.6610666666667,13,1086.8419333333334,13,5984.615384615385,54183.153846153844,54.18315384615384,26.896797435897437,54.12777435897436,83.60322564102565
동작구,양천구,831,2162300,831,7493394,831,118695.15475,831,36350.30046666667,831,24618.569,831,2602.0457280385076,9017.321299638988,9.017321299638988,142.8341212394705,43.74284051343763,29.625233453670276
동작구,양평군,11,84700,11,866536,11,16693.086933333332,11,370.4687333333333,11,1094.4148833333334,11,7700.0,78776.0,78.776,1517.5533575757574,33.678975757575756,99.49226212121212
동작구,여주군,13,111700,13,1190822,13,22420.15985,13,463.61735,13,1468.0134,13,8592.307692307691,91601.69230769231,91.60169230769232,1724.6276807692307,35.66287307692308,112.9241076923077
동작구,연수구,3,13700,3,101996,3,3216.9018833333334,3,192.85871666666665,3,216.57795,3,4566.666666666667,33998.666666666664,33.998666666666665,1072.300627777778,64.28623888888889,72.19265
동작구,영등포구,3788,6704000,3788,16941890,3788,225480.2348,3788,138750.54525,3788,63672.1656,3788,1769.7993664202745,4472.515839493136,4.472515839493136,59.52487719112989,36.628971818901796,16.808913833157337
동작구,용산구,1258,2439400,1258,7093354,1258,230688.59926666666,1258,50390.72353333334,1258,25933.393683333332,1258,1939.1096979332274,5638.596184419714,5.638596184419714,183.37726491785904,40.056219024907264,20.614780352411234
동작구,용인시기흥구,4,20500,4,168700,4,3196.4781000000003,4,157.01093333333336,4,325.4132333333333,4,5125.0,42175.0,42.175,799.1195250000001,39.25273333333334,81.35330833333333
동작구,용인시수지구,10,46800,10,354873,10,18203.560783333334,10,338.22506666666663,10,712.58165,10,4680.0,35487.3,35.487300000000005,1820.3560783333335,33.82250666666666,71.25816499999999
동작구,용인시처인구,1,5500,1,47056,1,33.131616666666666,1,46.115883333333336,1,67.14333333333333,1,5500.0,47056.0,47.056,33.131616666666666,46.115883333333336,67.14333333333333
동작구,은평구,419,1446800,419,7550144,419,23111.44185,419,21011.832316666667,419,18797.62885,419,3452.9832935560858,18019.43675417661,18.01943675417661,55.15857243436754,50.14757116149563,44.86307601431981
동작구,의왕시,7,26600,7,161114,7,11316.167433333334,7,139.22820000000002,7,287.66825,7,3800.0,23016.285714285714,23.016285714285715,1616.5953476190477,19.88974285714286,41.095464285714286
동작구,의정부시,28,144000,28,1182959,28,1148.69905,28,1858.2377666666666,28,2108.140516666667,28,5142.857142857143,42248.53571428572,42.248535714285715,41.02496607142857,66.36563452380952,75.29073273809524
동작구,이천시,1,8500,1,89015,1,1442.81005,1,21.98483333333333,1,96.49505,1,8500.0,89015.0,89.015,1442.81005,21.98483333333333,96.49505
동작구,종로구,795,2458500,795,9862227,795,358689.9457833333,795,35524.6204,795,35466.31803333333,795,3092.4528301886794,12405.316981132075,12.405316981132074,451.1823217400419,44.68505710691824,44.6117207966457
동작구,중구,423,1284000,423,5531016,423,31316.455866666667,423,24395.658816666666,423,16333.54625,423,3035.4609929078015,13075.687943262412,13.075687943262412,74.03417462568952,57.67295228526399,38.613584515366426
동작구,중랑구,164,602200,164,3472849,164,14129.868716666668,164,9120.9246,164,8535.49675,164,3671.951219512195,21175.908536585364,21.175908536585364,86.15773607723578,55.615393902439024,52.0457118902439
동작구,파주시,5,30500,5,278220,5,5089.26245,5,265.24063333333334,5,339.2836,5,6100.0,55644.0,55.644,1017.85249,53.04812666666667,67.85672
동작구,하남시,105,432700,105,2906568,105,5072.1448,105,6473.769416666667,105,5827.9420666666665,105,4120.952380952381,27681.6,27.6816,48.30614095238095,61.65494682539683,55.50421015873016
동작구,화성시,8,42900,8,360852,8,12467.418433333332,8,272.38505,8,543.7315666666666,8,5362.5,45106.5,45.1065,1558.4273041666665,34.04813125,67.96644583333332
마포구,강남구,625,2306400,625,13391675,625,140136.65076666666,625,23470.9823,625,34503.300533333335,625,3690.24,21426.68,21.42668,224.21864122666665,37.55357168,55.205280853333335
마포구,강동구,334,1399600,334,9568048,334,18507.070366666667,334,13570.29125,334,19607.282966666666,334,4190.419161676647,28646.850299401198,28.646850299401198,55.41039031936128,40.629614520958086,58.704440019960074
마포구,강북구,399,1383100,399,7255185,399,12915.750966666666,399,15111.088883333334,399,19020.479466666668,399,3466.4160401002505,18183.42105263158,18.18342105263158,32.37030317460317,37.87240321637427,47.67037460317461
마포구,강서구,6482,17756000,6482,65693949,6482,297084.73186666664,6482,217331.98761666665,6482,166141.18903333333,6482,2739.2780006170933,10134.827059549521,10.134827059549522,45.8322634783503,33.52853866347835,25.631161529363364
마포구,계양구,46,174900,46,1079399,46,62021.18218333333,46,1157.4359833333333,46,1927.7343,46,3802.1739130434785,23465.195652173912,23.46519565217391,1348.2865692028986,25.1616518115942,41.90726739130435
마포구,고양시덕양구,1225,3339100,1225,12763811,1225,44013.564516666665,1225,54812.140933333336,1225,28717.96865,1225,2725.795918367347,10419.437551020408,10.419437551020408,35.9294404217687,44.74460484353742,23.443239714285713
마포구,고양시일산동구,552,1951500,552,10690155,552,15616.1808,552,23365.04956666667,552,18469.291233333333,552,3535.3260869565215,19366.222826086956,19.366222826086958,28.290182608695652,42.32798834541063,33.45886092995169
마포구,고양시일산서구,221,840800,221,5103734,221,26793.355783333333,221,7845.5611,221,7549.2343,221,3804.524886877828,23093.81900452489,23.09381900452489,121.2369039969834,35.50027647058823,34.15943122171946
마포구,과천시,20,74900,20,443458,20,1730.0263166666666,20,630.6433499999999,20,1364.9339,20,3745.0,22172.9,22.172900000000002,86.50131583333334,31.532167499999996,68.246695
마포구,관악구,1456,4654600,1456,20128751,1456,33902.03295,1456,54774.35195,1456,58083.94086666667,1456,3196.8406593406594,13824.69162087912,13.82469162087912,23.284363289835166,37.619747218406594,39.892816529304035
마포구,광명시,76,250200,76,1195897,76,4147.821016666666,76,3405.0065166666664,76,3146.0025833333334,76,3292.1052631578946,15735.486842105263,15.735486842105264,54.576592324561396,44.8027173245614,41.39477083333333
마포구,광주시,13,69000,13,608589,13,3611.648166666667,13,429.96518333333336,13,1099.5403333333334,13,5307.692307692308,46814.53846153846,46.81453846153846,277.81908974358976,33.074244871794875,84.58002564102564
마포구,광진구,486,1915300,486,12209282,486,30887.716333333334,486,15740.011616666667,486,26337.306266666666,486,3940.946502057613,25121.979423868313,25.121979423868314,63.5549718792867,32.38685517832648,54.191988203017836
마포구,구로구,1425,4246500,1425,16109585,1425,127045.03675,1425,58434.431683333336,1425,49273.68583333333,1425,2980.0,11304.971929824562,11.304971929824562,89.15441175438596,41.006618725146204,34.578025146198826
마포구,구리시,18,74200,18,493954,18,491.6052166666667,18,892.5997666666667,18,1312.6837833333334,18,4122.222222222223,27441.88888888889,27.44188888888889,27.311400925925927,49.588875925925926,72.92687685185186
마포구,군포시,3,15800,3,132268,3,4664.423783333334,3,97.361,3,222.18966666666665,3,5266.666666666667,44089.333333333336,44.089333333333336,1554.8079277777779,32.45366666666667,74.06322222222222
마포구,금천구,135,430500,135,1924092,135,5188.094516666667,135,6472.7935333333335,135,5750.13565,135,3188.8888888888887,14252.533333333333,14.252533333333332,38.430329753086426,47.9466187654321,42.59359740740741
마포구,김포시,530,2052100,530,12161141,530,17129.58585,530,25671.56695,530,19834.81665,530,3871.8867924528304,22945.549056603773,22.945549056603774,32.31997330188679,48.43691877358491,37.42418235849057
마포구,남구,4,18800,4,145447,4,5264.149600000001,4,80.97911666666667,4,287.3041666666667,4,4700.0,36361.75,36.36175,1316.0374000000002,20.244779166666667,71.82604166666667
마포구,남동구,2,10000,2,80048,2,2439.7445,2,51.792,2,143.66233333333332,2,5000.0,40024.0,40.024,1219.87225,25.896,71.83116666666666
마포구,남양주시,192,914400,192,7094112,192,2512.2948833333335,192,6174.7822166666665,192,12166.840266666666,192,4762.5,36948.5,36.9485,13.084869184027779,32.160324045138886,63.36895972222222
마포구,노원구,577,2402700,577,16300432,577,28197.825133333332,577,29808.794866666667,577,32890.317683333335,577,4164.124783362218,28250.315424610053,28.250315424610054,48.86971426920855,51.661689543616404,57.002283679953784
마포구,도봉구,239,912000,239,5583717,239,18122.797183333332,239,10251.664366666666,239,13422.285466666666,239,3815.899581589958,23362.832635983264,23.362832635983263,75.82760327754532,42.89399316596931,56.16019023709902
마포구,동구,1,4500,1,33480,1,1803.961,1,24.657333333333334,1,65.13788333333333,1,4500.0,33480.0,33.48,1803.961,24.657333333333334,65.13788333333333
마포구,동대문구,556,1918200,556,10147721,556,47674.295816666665,556,27421.321566666666,556,28475.271033333334,556,3450.0,18251.29676258993,18.25129676258993,85.74513636091127,49.31892368105515,51.2145162470024
마포구,동작구,1888,5636500,1888,22713538,1888,222871.72771666668,1888,67189.39756666667,1888,63079.41683333334,1888,2985.4343220338983,12030.47563559322,12.03047563559322,118.0464659516243,35.58760464336158,33.41070806850283
마포구,마포구,22034,35946800,22034,74935646,22034,978437.9622333334,22034,768186.0602333334,22034,308449.21283333335,22034,1631.424162657711,3400.909775801035,3.400909775801035,44.40582564370216,34.863667978276,13.998784280354604
마포구,부천시소사구,326,1153300,326,6383843,326,7203.8011166666665,326,10933.110533333333,326,16554.171883333333,326,3537.730061349693,19582.340490797545,19.582340490797545,22.097549437627812,33.537148875255625,50.77966835378323
마포구,부천시오정구,64,211200,64,1022546,64,1549.9132166666666,64,2467.3117166666666,64,2572.5240166666667,64,3300.0,15977.28125,15.97728125,24.217394010416665,38.551745572916666,40.19568776041667
마포구,부천시원미구,108,377600,108,2020414,108,3695.45775,108,4802.212266666666,108,5245.404833333334,108,3496.296296296296,18707.537037037036,18.707537037037035,34.21720138888889,44.464928395061726,48.568563271604944
마포구,부평구,257,977900,257,5920414,257,44511.68603333333,257,10047.460516666666,257,14223.434716666667,257,3805.058365758755,23036.63035019455,23.03663035019455,173.19722191958496,39.0951771076524,55.344103955901424
마포구,서구,8,30700,8,187347,8,14726.6355,8,269.0955333333333,8,411.3555,8,3837.5,23418.375,23.418375,1840.8294375,33.636941666666665,51.4194375
마포구,서대문구,15415,26981880,15415,66101952,15415,1948261.6588333333,15415,541175.9262166667,15415,289545.726,15415,1750.36522867337,4288.157768407395,4.2881577684073955,126.38739272353767,35.10709868418208,18.783375024326954
마포구,서초구,449,1499300,449,7418854,449,18148.990766666666,449,19089.845133333332,449,20399.66795,449,3339.198218262806,16523.06013363029,16.52306013363029,40.42091484780995,42.51635887156644,45.43355890868597
마포구,성남시분당구,109,523600,109,4085912,109,4283.669,109,6484.441,109,7592.176983333334,109,4803.6697247706425,37485.43119266055,37.48543119266055,39.29971559633027,59.490284403669726,69.6529998470948
마포구,성남시수정구,32,143200,32,1047404,32,4157.23685,32,1283.9247333333333,32,2263.4411,32,4475.0,32731.375,32.731375,129.9136515625,40.122647916666665,70.732534375
마포구,성남시중원구,41,194100,41,1491595,41,1309.9885166666668,41,2331.0811833333332,41,2342.2670333333335,41,4734.1463414634145,36380.365853658535,36.38036585365854,31.950939430894312,56.85563861788618,57.12846422764228
마포구,성동구,460,1636900,460,8427996,460,16197.721466666668,460,17274.3453,460,22122.361716666666,460,3558.478260869565,18321.73043478261,18.32173043478261,35.212437971014495,37.552924565217396,48.0920906884058
마포구,성북구,712,2257200,712,10253293,712,13771.588583333334,712,24077.945183333333,712,25197.697483333333,712,3170.224719101124,14400.692415730337,14.400692415730337,19.34211879681648,33.81733874063671,35.39002455524344
마포구,송파구,349,1456400,349,9889593,349,27842.3861,349,15131.931199999999,349,20414.691433333333,349,4173.065902578796,28336.942693409743,28.336942693409743,79.7776106017192,43.357969054441256,58.494817860553965
마포구,수원시영통구,1,6200,1,57284,1,1624.1327833333335,1,26.46445,1,98.24688333333333,1,6200.0,57284.0,57.284,1624.1327833333335,26.46445,98.24688333333333
마포구,수원시장안구,1,5200,1,43056,1,1799.9657833333333,1,22.457216666666667,1,74.21616666666667,1,5200.0,43056.0,43.056,1799.9657833333333,22.457216666666667,74.21616666666667
마포구,수원시팔달구,2,9900,2,77814,2,2929.68795,2,37.48773333333333,2,193.09926666666667,2,4950.0,38907.0,38.907,1464.843975,18.743866666666666,96.54963333333333
마포구,안산시단원구,2,9000,2,65354,2,3247.386066666667,2,44.56660000000001,2,136.55668333333332,2,4500.0,32677.0,32.677,1623.6930333333335,22.283300000000004,68.27834166666666
마포구,안산시상록구,3,14400,3,112840,3,5343.467166666667,3,62.70910000000001,3,223.7979666666667,3,4800.0,37613.333333333336,37.61333333333334,1781.1557222222225,20.903033333333337,74.59932222222223
마포구,안양시동안구,14,55400,14,354125,14,1841.4007,14,723.1909666666667,14,1026.29575,14,3957.1428571428573,25294.64285714286,25.294642857142858,131.52862142857143,51.65649761904762,73.30683928571429
마포구,안양시만안구,19,71600,19,428180,19,4721.975,19,816.7892833333333,19,942.7551666666667,19,3768.4210526315787,22535.78947368421,22.53578947368421,248.525,42.9889096491228,49.61869298245614
마포구,양주시,56,273200,56,2182591,56,1238.9969166666667,56,2488.9103333333333,56,3588.9987,56,4878.571428571428,38974.83928571428,38.97483928571428,22.12494494047619,44.44482738095238,64.0892625
마포구,양천구,2269,5924300,2269,20700387,2269,92885.1444,2269,98575.65816666666,2269,61548.30586666667,2269,2610.9739973556634,9123.132216835611,9.12313221683561,40.93659955927722,43.444538636697516,27.125740796239167
마포구,양평군,1,5400,1,46477,1,1617.5838333333334,1,33.825783333333334,1,80.6556,1,5400.0,46477.0,46.477,1617.5838333333334,33.825783333333334,80.6556
마포구,연수구,52,262700,52,2123672,52,93840.32925,52,1358.0991833333333,52,4183.65965,52,5051.923076923077,40839.846153846156,40.83984615384615,1804.6217163461538,26.117291987179485,80.45499326923076
마포구,영등포구,3274,7078800,3274,23071249,3274,419869.72655,3274,122207.72768333333,3274,70114.5377,3274,2162.1258399511303,7046.807880268784,7.046807880268784,128.24365502443496,37.326734173284464,21.415558246792916
마포구,오산시,4,23600,4,210346,4,5788.17395,4,115.77678333333334,4,390.54838333333333,4,5900.0,52586.5,52.5865,1447.0434875,28.944195833333335,97.63709583333333
마포구,용산구,2292,5083400,2292,15984295,2292,90593.53223333333,2292,91692.28521666667,2292,57986.50095,2292,2217.8883071553228,6973.950698080279,6.973950698080279,39.525973923792904,40.00536004217569,25.299520484293193
마포구,용인시기흥구,7,41900,7,381897,7,10287.724883333334,7,146.60088333333334,7,642.8081666666667,7,5985.714285714285,54556.71428571428,54.556714285714285,1469.6749833333336,20.942983333333334,91.8297380952381
마포구,용인시수지구,2,10600,2,88879,2,3537.6388833333335,2,36.336616666666664,2,209.97976666666665,2,5300.0,44439.5,44.4395,1768.8194416666668,18.168308333333332,104.98988333333332
마포구,용인시처인구,1,6200,1,57650,1,1923.4585,1,26.102666666666668,1,132.77878333333334,1,6200.0,57650.0,57.65,1923.4585,26.102666666666668,132.77878333333334
마포구,은평구,12253,23992100,12253,74246110,12253,499166.4053,12253,494247.2017166667,12253,290608.74795,12253,1958.0592507957235,6059.4229984493595,6.059422998449359,40.73830125683506,40.33683193639653,23.71735476617971
마포구,의정부시,98,442600,98,3265861,98,1554.8452666666667,98,3602.7384,98,6246.974033333333,98,4516.326530612245,33325.11224489796,33.32511224489796,15.865768027210885,36.76263673469388,63.74463299319728
마포구,종로구,2452,5691900,2452,18804852,2452,339213.2587333333,2452,77956.96688333333,2452,72116.69843333334,2452,2321.3295269168025,7669.189233278956,7.6691892332789555,138.3414595160413,31.7932165103317,29.41137782762371
마포구,중구,1006,2330200,1006,8816375,1006,58038.90216666667,1006,34294.83555,1006,31903.500483333333,1006,2316.3021868787278,8763.792246520874,8.763792246520874,57.6927456925116,34.090293787276345,31.71322115639496
마포구,중랑구,278,1079500,278,6718001,278,22475.892433333334,278,12989.385633333333,278,15386.516749999999,278,3883.093525179856,24165.47122302158,24.16547122302158,80.84853393285373,46.724408752997604,55.34718255395683
마포구,파주시,28,127700,28,952975,28,18910.45795,28,783.2177666666666,28,1221.7456166666666,28,4560.714285714285,34034.82142857143,34.034821428571426,675.3734982142857,27.972063095238095,43.63377202380952
마포구,포천시,7,45100,7,425865,7,13287.221166666666,7,159.70260000000002,7,590.7559,7,6442.857142857143,60837.857142857145,60.837857142857146,1898.1744523809523,22.814657142857147,84.3937
마포구,하남시,83,392900,83,3013248,83,1696.7198166666667,83,3404.8096,83,5426.205116666667,83,4733.734939759036,36304.19277108434,36.30419277108434,20.442407429718877,41.02180240963855,65.37596526104419
마포구,화성시,26,165900,26,1556814,26,37865.83866666666,26,858.8883666666667,26,2634.9357166666664,26,6380.7692307692305,59877.46153846154,59.87746153846154,1456.37841025641,33.03416794871795,101.3436814102564
부천시소사구,강서구,4,13000,4,61474,4,295.3827166666667,4,103.53123333333333,4,123.32463333333334,4,3250.0,15368.5,15.3685,73.84567916666667,25.882808333333333,30.831158333333335
부천시소사구,관악구,3,10600,3,56804,3,297.269,3,14.37145,3,130.94944999999998,3,3533.3333333333335,18934.666666666668,18.93466666666667,99.08966666666667,4.790483333333333,43.64981666666666
부천시소사구,광진구,4,17600,4,126242,4,637.4229333333334,4,38.47428333333333,4,326.03533333333337,4,4400.0,31560.5,31.5605,159.35573333333335,9.618570833333333,81.50883333333334
부천시소사구,구로구,32,49500,32,108725,32,2032.03985,32,-283.2331833333334,32,459.42415,32,1546.875,3397.65625,3.39765625,63.5012453125,-8.851036979166668,14.3570046875
부천시소사구,금천구,3,7700,3,26151,3,259.9142333333333,3,-47.76838333333333,3,89.65661666666666,3,2566.6666666666665,8717.0,8.717,86.63807777777777,-15.922794444444444,29.885538888888888
부천시소사구,노원구,2,11500,2,102357,2,224.15238333333332,2,-87.72728333333333,2,115.76044999999999,2,5750.0,51178.5,51.1785,112.07619166666666,-43.863641666666666,57.880224999999996
부천시소사구,도봉구,2,11800,2,106099,2,253.60493333333335,2,-11.956216666666668,2,155.651,2,5900.0,53049.5,53.0495,126.80246666666667,-5.978108333333334,77.8255
부천시소사구,마포구,9,34400,9,206537,9,777.7209,9,-42.46528333333333,9,412.81306666666666,9,3822.222222222222,22948.555555555555,22.948555555555554,86.41343333333333,-4.718364814814815,45.868118518518514
부천시소사구,서대문구,5,19100,5,113884,5,507.09095,5,-5.951483333333329,5,303.81236666666666,5,3820.0,22776.8,22.776799999999998,101.41819000000001,-1.1902966666666657,60.76247333333333
부천시소사구,성북구,3,13100,3,93615,3,416.52476666666666,3,29.09555,3,200.55361666666667,3,4366.666666666667,31205.0,31.205,138.84158888888888,9.698516666666666,66.85120555555555
부천시소사구,양천구,1,2900,1,10186,1,0.6987166666666667,1,-28.749216666666666,1,32.32605,1,2900.0,10186.0,10.186,0.6987166666666667,-28.749216666666666,32.32605
부천시소사구,영등포구,1,2900,1,10822,1,63.86938333333333,1,14.120116666666666,1,41.64826666666667,1,2900.0,10822.0,10.822,63.86938333333333,14.120116666666666,41.64826666666667
부천시소사구,은평구,1,4300,1,30354,1,26.931500000000003,1,-17.817666666666664,1,38.75516666666667,1,4300.0,30354.0,30.354,26.931500000000003,-17.817666666666664,38.75516666666667
부천시소사구,중랑구,3,13400,3,96323,3,318.15594999999996,3,-73.00121666666668,3,232.1386,3,4466.666666666667,32107.666666666668,32.10766666666667,106.05198333333333,-24.33373888888889,77.37953333333333
부천시오정구,강남구,2,8700,2,62691,2,442.74699999999996,2,5.350266666666666,2,101.47573333333335,2,4350.0,31345.5,31.3455,221.37349999999998,2.675133333333333,50.737866666666676
부천시오정구,강서구,106,169300,106,517026,106,7069.677766666667,106,-1545.0926333333334,106,1738.2680666666665,106,1597.1698113207547,4877.603773584906,4.877603773584906,66.69507327044025,-14.576345597484277,16.398755345911948
부천시오정구,광명시,1,3300,1,16192,1,75.15466666666666,1,-16.14255,1,61.58043333333333,1,3300.0,16192.0,16.192,75.15466666666666,-16.14255,61.58043333333333
부천시오정구,구로구,3,7200,3,23312,3,106.51028333333333,3,-6.312616666666666,3,68.85173333333333,3,2400.0,7770.666666666667,7.770666666666667,35.50342777777778,-2.104205555555555,22.950577777777777
부천시오정구,금천구,8,26100,8,123731,8,776.6826666666667,8,-188.61943333333332,8,364.96093333333334,8,3262.5,15466.375,15.466375,97.08533333333334,-23.577429166666665,45.62011666666667
부천시오정구,노원구,3,16100,3,134987,3,395.4862333333333,3,-52.01611666666666,3,257.5477833333333,3,5366.666666666667,44995.666666666664,44.995666666666665,131.82874444444442,-17.338705555555553,85.8492611111111
부천시오정구,서대문구,1,3900,1,24137,1,49.103500000000004,1,-14.465116666666667,1,47.92628333333334,1,3900.0,24137.0,24.137,49.103500000000004,-14.465116666666667,47.92628333333334
부천시오정구,양천구,7,12000,7,34924,7,437.7230666666667,7,-4.620099999999994,7,132.89465,7,1714.2857142857142,4989.142857142857,4.989142857142857,62.531866666666666,-0.6600142857142848,18.98495
부천시오정구,용산구,4,14200,4,77541,4,306.3064,4,17.753100000000003,4,219.52733333333333,4,3550.0,19385.25,19.38525,76.5766,4.438275000000001,54.88183333333333
부천시오정구,은평구,3,11100,3,64416,3,278.78426666666667,3,-51.04645,3,148.94316666666666,3,3700.0,21472.0,21.472,92.9280888888889,-17.015483333333332,49.64772222222222
부천시오정구,중랑구,5,22700,5,168412,5,650.5720000000001,5,-28.592950000000002,5,346.38506666666666,5,4540.0,33682.4,33.6824,130.11440000000002,-5.718590000000001,69.27701333333333
부천시원미구,강남구,6,27700,6,208484,6,801.6229833333334,6,-23.820383333333332,6,594.3713333333333,6,4616.666666666667,34747.333333333336,34.74733333333334,133.60383055555556,-3.970063888888889,99.06188888888887
부천시원미구,강동구,3,15200,3,123657,3,283.49143333333336,3,58.76983333333334,3,304.71295,3,5066.666666666667,41219.0,41.219,94.49714444444446,19.589944444444445,101.57098333333333
부천시원미구,강북구,1,4600,1,34734,1,142.63105,1,10.2895,1,92.95083333333334,1,4600.0,34734.0,34.734,142.63105,10.2895,92.95083333333334
부천시원미구,강서구,16,46600,16,183401,16,1098.6666166666666,16,-84.2282,16,513.12945,16,2912.5,11462.5625,11.4625625,68.66666354166667,-5.2642625,32.070590625
부천시원미구,관악구,3,10500,3,56978,3,220.628,3,-13.978433333333331,3,154.80509999999998,3,3500.0,18992.666666666668,18.99266666666667,73.54266666666666,-4.659477777777777,51.601699999999994
부천시원미구,광진구,1,4200,1,28710,1,130.53066666666666,1,22.36795,1,85.46421666666667,1,4200.0,28710.0,28.71,130.53066666666666,22.36795,85.46421666666667
부천시원미구,구로구,35,82400,35,270180,35,2697.81455,35,-160.92051666666669,35,824.2586166666666,35,2354.285714285714,7719.428571428572,7.719428571428572,77.08041571428572,-4.597729047619048,23.55024619047619
부천시원미구,금천구,2,6600,2,33339,2,325.93005,2,-13.767999999999999,2,121.62355,2,3300.0,16669.5,16.6695,162.965025,-6.8839999999999995,60.811775
부천시원미구,노원구,9,44800,9,358226,9,1137.13645,9,-71.98104999999998,9,578.1276833333334,9,4977.777777777777,39802.88888888889,39.80288888888889,126.34849444444444,-7.997894444444443,64.23640925925926
부천시원미구,도봉구,6,35400,6,317775,6,951.376,6,33.30133333333333,6,474.76443333333333,6,5900.0,52962.5,52.9625,158.56266666666667,5.550222222222222,79.12740555555555
부천시원미구,동대문구,3,13900,3,107143,3,246.14088333333333,3,-219.30066666666664,3,251.63228333333333,3,4633.333333333333,35714.333333333336,35.714333333333336,82.04696111111112,-73.10022222222221,83.87742777777778
부천시원미구,동작구,4,14100,4,75477,4,425.60895,4,46.992850000000004,4,209.7647,4,3525.0,18869.25,18.86925,106.4022375,11.748212500000001,52.441175
부천시원미구,마포구,2,8300,2,56526,2,222.281,2,15.057333333333332,2,104.13060000000002,2,4150.0,28263.0,28.263,111.1405,7.528666666666666,52.06530000000001
부천시원미구,서대문구,27,103500,27,631561,27,3262.3533666666667,27,74.93360000000001,27,1438.98005,27,3833.3333333333335,23391.14814814815,23.39114814814815,120.82790246913581,2.775318518518519,53.2955574074074
부천시원미구,성북구,3,16100,3,135969,3,256.77905,3,-23.19233333333333,3,316.6076166666667,3,5366.666666666667,45323.0,45.323,85.59301666666666,-7.730777777777777,105.53587222222222
부천시원미구,송파구,29,137600,29,1064417,29,3920.5210500000003,29,-760.9995666666667,29,3145.125,29,4744.827586206897,36704.03448275862,36.70403448275862,135.19038103448275,-26.241364367816093,108.45258620689656
부천시원미구,양천구,54,117800,54,385480,54,3632.95435,54,-894.5132666666667,54,1268.8119833333333,54,2181.4814814814813,7138.518518518518,7.138518518518518,67.2769324074074,-16.56506049382716,23.49651820987654
부천시원미구,영등포구,9,30700,9,160593,9,689.3355333333334,9,77.82031666666666,9,332.5234,9,3411.1111111111113,17843.666666666668,17.843666666666667,76.59283703703704,8.646701851851851,36.947044444444444
부천시원미구,용산구,4,14600,4,83397,4,321.7312166666667,4,166.77100000000002,4,259.05605,4,3650.0,20849.25,20.84925,80.43280416666667,41.692750000000004,64.7640125
부천시원미구,중랑구,1,4900,1,38199,1,97.45338333333333,1,-27.87995,1,90.79266666666668,1,4900.0,38199.0,38.199,97.45338333333333,-27.87995,90.79266666666668
부평구,광진구,12,59800,12,474829,12,1706.23915,12,192.0496,12,1013.0670333333333,12,4983.333333333333,39569.083333333336,39.56908333333334,142.18659583333334,16.004133333333332,84.42225277777777
부평구,양천구,1,3400,1,17338,1,94.83716666666666,1,8.983333333333333,1,38.419666666666664,1,3400.0,17338.0,17.338,94.83716666666666,8.983333333333333,38.419666666666664
부평구,은평구,2,8300,2,56158,2,159.34283333333332,2,-27.117116666666668,2,108.22911666666667,2,4150.0,28079.0,28.079,79.67141666666666,-13.558558333333334,54.114558333333335
서구,양천구,1,3700,1,21923,1,56.517500000000005,1,-5.180833333333334,1,46.14233333333333,1,3700.0,21923.0,21.923,56.517500000000005,-5.180833333333334,46.14233333333333
서대문구,가평군,4,27300,4,266276,4,6950.530933333333,4,74.57521666666666,4,370.24218333333334,4,6825.0,66569.0,66.569,1737.6327333333334,18.643804166666666,92.56054583333334
서대문구,강남구,895,3528000,895,20167146,895,63089.34411666667,895,41678.59145,895,56070.07373333333,895,3941.8994413407822,22533.12402234637,22.533124022346367,70.4908872811918,46.56825860335196,62.64812707635009
서대문구,강동구,323,1370200,323,9470471,323,26524.3842,323,17794.320366666667,323,20680.3537,323,4242.105263157895,29320.343653250773,29.320343653250774,82.11883653250774,55.09077512899897,64.02586284829721
서대문구,강북구,845,2827400,845,13240764,845,206302.2838,845,40286.655033333336,845,39518.61493333333,845,3346.03550295858,15669.543195266273,15.669543195266273,244.14471455621302,47.676514832347145,46.76759163708086
서대문구,강서구,4267,13143300,4267,54256327,4267,170088.48501666667,4267,184545.58866666668,4267,152626.14545,4267,3080.2202952894304,12715.333255214437,12.715333255214437,39.86137450589798,43.24949347707211,35.768958389969534
서대문구,계양구,10,39200,10,248255,10,11766.173616666667,10,452.6018833333333,10,667.4432166666667,10,3920.0,24825.5,24.8255,1176.6173616666667,45.26018833333333,66.74432166666666
서대문구,고양시덕양구,1200,3635500,1200,14887713,1200,52253.00268333333,1200,53760.45843333333,1200,40962.520000000004,1200,3029.5833333333335,12406.4275,12.4064275,43.54416890277778,44.80038202777778,34.13543333333334
서대문구,고양시일산동구,792,2953800,792,17420487,792,61483.898766666665,792,42973.91013333333,792,34879.976833333334,792,3729.5454545454545,21995.564393939392,21.995564393939393,77.63118531144781,54.259987542087536,44.04037478956229
서대문구,고양시일산서구,451,1870800,451,12633356,451,14165.198733333335,451,16769.1017,451,21538.672733333333,451,4148.115299334811,28011.875831485588,28.011875831485586,31.408422912047303,37.18204368070953,47.75758920916482
서대문구,과천시,39,146500,39,875495,39,2570.1349999999998,39,2028.1204666666667,39,2638.988533333333,39,3756.4102564102564,22448.589743589742,22.448589743589743,65.90089743589743,52.00308888888889,67.66637264957265
서대문구,관악구,1309,4910300,1309,17806897,1309,67397.4794,1309,63755.014599999995,1309,64219.985166666665,1309,3751.1841100076394,13603.435446906034,13.603435446906035,51.48776119174943,48.70512956455309,49.06034008148714
서대문구,광명시,310,1047300,310,5325917,310,14993.305983333334,310,15059.215416666666,310,16128.24845,310,3378.3870967741937,17180.377419354838,17.180377419354837,48.36550317204301,48.578114247311824,52.0266079032258
서대문구,광주시,40,213100,40,1791189,40,74025.3209,40,1102.42705,40,4147.8655,40,5327.5,44779.725,44.779725,1850.6330225000002,27.56067625,103.6966375
서대문구,광진구,122,446700,122,2587096,122,3585.81875,122,4347.39995,122,6029.751216666667,122,3661.4754098360654,21205.70491803279,21.20570491803279,29.391956967213115,35.63442581967213,49.42419030054645
서대문구,구로구,758,2365200,758,10105628,758,24676.719,758,37637.9928,758,32840.1852,758,3120.3166226912927,13331.963060686016,13.331963060686016,32.5550382585752,49.65434406332454,43.324782585751976
서대문구,구리시,37,140600,37,860100,37,1027.9961166666667,37,1625.7975666666666,37,1966.5798,37,3800.0,23245.945945945947,23.245945945945948,27.78367882882883,43.94047477477477,53.15080540540541
서대문구,군포시,10,44800,10,326516,10,7950.686083333333,10,268.59135,10,774.5737833333334,10,4480.0,32651.6,32.6516,795.0686083333333,26.859135,77.45737833333334
서대문구,금천구,715,2418400,715,12126777,715,51482.289366666664,715,26730.98145,715,35248.478866666665,715,3382.377622377622,16960.52727272727,16.960527272727273,72.00320191142191,37.38598804195804,49.298571841491835
서대문구,김포시,467,2003800,467,12978890,467,22286.907983333334,467,26331.158616666664,467,24090.37401666667,467,4290.792291220557,27792.0556745182,27.7920556745182,47.723571698786586,56.38363729478943,51.58538333333334
서대문구,남구,19,90900,19,703183,19,35061.88533333333,19,498.64529999999996,19,1475.9889666666666,19,4784.210526315789,37009.63157894737,37.00963157894736,1845.3623859649122,26.244489473684208,77.6836298245614
서대문구,남동구,82,361900,82,2598980,82,129955.06105,82,2775.5446166666666,82,7179.622666666666,82,4413.414634146341,31694.878048780487,31.694878048780488,1584.817817682927,33.848105081300815,87.55637398373983
서대문구,남양주시,139,644500,139,4842224,139,8092.5641,139,6384.681333333334,139,8774.0482,139,4636.690647482014,34836.14388489209,34.83614388489209,58.21988561151079,45.93295923261391,63.122648920863305
서대문구,노원구,1234,4606400,1234,26465440,1234,43506.01305,1234,65576.53638333334,1234,68845.1823,1234,3732.90113452188,21446.871961102108,21.446871961102108,35.25608837115073,53.14143953268504,55.790261183144246
서대문구,도봉구,712,2607300,712,14348147,712,40401.08906666667,712,37052.094966666664,712,41358.8107,712,3661.938202247191,20151.891853932586,20.151891853932586,56.74310262172285,52.03945922284644,58.088217275280904
서대문구,동대문구,511,1592000,511,7003016,511,20630.1755,511,22319.884783333335,511,22073.129866666666,511,3115.4598825831704,13704.53228962818,13.70453228962818,40.37216340508807,43.67883519243314,43.19594885844749
서대문구,동두천시,2,11300,2,98747,2,3494.6331166666664,2,63.92423333333333,2,180.9776,2,5650.0,49373.5,49.3735,1747.3165583333332,31.962116666666667,90.4888
서대문구,동작구,1063,3229700,1063,13038193,1063,45360.79988333333,1063,45016.9204,1063,45475.23033333333,1063,3038.2878645343367,12265.468485418627,12.265468485418626,42.67243639071809,42.348937347130764,42.780084979617435
서대문구,마포구,15773,25871600,15773,63070120,15773,804344.9926,15773,582157.1812333333,15773,259475.35066666667,15773,1640.245989982882,3998.612819374881,3.998612819374881,50.995054371394154,36.90846264079968,16.4506023373275
서대문구,부천시소사구,346,1306700,346,7846681,346,13131.082616666667,346,17668.38835,346,22264.405683333334,346,3776.5895953757226,22678.268786127166,22.678268786127166,37.951105828516376,51.06470621387284,64.3479933044316
서대문구,부천시오정구,292,1046700,292,5820523,292,11005.56665,292,17273.34775,292,16294.574483333334,292,3584.5890410958905,19933.29794520548,19.933297945205478,37.69029674657534,59.155300513698634,55.8033372716895
서대문구,부천시원미구,236,871900,236,5070370,236,7686.2191,236,12194.464633333333,236,13825.900233333334,236,3694.491525423729,21484.618644067796,21.484618644067794,32.568725,51.67146031073446,58.58432302259887
서대문구,부평구,21,83800,21,546976,21,29008.722933333334,21,886.3091666666666,21,1399.0425166666666,21,3990.4761904761904,26046.47619047619,26.04647619047619,1381.3677587301588,42.20519841269841,66.62107222222222
서대문구,서구,67,288000,67,2020108,67,120622.48621666667,67,2017.5477666666666,67,4099.315966666666,67,4298.507462686567,30150.86567164179,30.15086567164179,1800.3356151741293,30.112653233830844,61.18382039800994
서대문구,서대문구,23052,36384380,23052,75212746,23052,1740768.2681166667,23052,906978.6082,23052,316291.43176666665,23052,1578.3610966510498,3262.742755509283,3.262742755509283,75.51484765385506,39.344898846087105,13.72078048614726
서대문구,서초구,799,2688900,799,12849664,799,35419.085516666666,799,44778.970133333336,799,45586.67325,799,3365.331664580726,16082.182728410513,16.082182728410512,44.32926848143513,56.04376737588653,57.0546598873592
서대문구,성남시분당구,159,792800,159,6378930,159,7361.8875333333335,159,9551.883033333334,159,12503.045383333332,159,4986.163522012579,40119.056603773584,40.119056603773586,46.301179454926626,60.07473605870021,78.63550555555555
서대문구,성남시수정구,103,472100,103,3536429,103,11042.2565,103,7222.444066666667,103,8438.661933333333,103,4583.495145631068,34334.26213592233,34.33426213592233,107.20637378640777,70.12081618122977,81.92875663430421
서대문구,성남시중원구,109,528400,109,4150573,109,4170.201133333333,109,6398.7684,109,10070.26945,109,4847.706422018348,38078.65137614679,38.07865137614679,38.258725993883786,58.70429724770642,92.38779311926605
서대문구,성동구,505,1651200,505,7357711,505,23101.4049,505,24371.62215,505,23912.418233333334,505,3269.70297029703,14569.724752475247,14.569724752475247,45.74535623762377,48.26063792079208,47.35132323432343
서대문구,성북구,1030,3174800,1030,13396162,1030,33672.56461666666,1030,44854.9113,1030,39496.29496666667,1030,3082.330097087379,13005.982524271845,13.005982524271845,32.69181030744336,43.548457572815536,38.3459174433657
서대문구,송파구,579,2401300,579,16216163,579,74247.65881666666,579,23995.971633333334,579,37566.20483333334,579,4147.322970639033,28007.189982728843,28.007189982728843,128.23429847438112,41.4438197466897,64.88118278641336
서대문구,수원시장안구,8,40000,8,318383,8,11708.600433333333,8,228.26233333333332,8,626.5131666666666,8,5000.0,39797.875,39.797875,1463.5750541666666,28.532791666666665,78.31414583333333
서대문구,수원시팔달구,1,5300,1,44388,1,1621.7404999999999,1,22.68205,1,87.402,1,5300.0,44388.0,44.388,1621.7404999999999,22.68205,87.402
서대문구,시흥시,53,237500,53,1722875,53,91393.67586666667,53,1233.4422666666667,53,3824.9990666666667,53,4481.132075471698,32507.075471698114,32.507075471698116,1724.4089786163522,23.272495597484276,72.16979371069182
서대문구,안산시상록구,10,46900,10,358978,10,17713.26111666667,10,315.79928333333334,10,616.4199333333333,10,4690.0,35897.8,35.897800000000004,1771.3261116666667,31.579928333333335,61.64199333333333
서대문구,안성시,1,8900,1,95372,1,2040.9691166666667,1,13.79,1,174.66533333333334,1,8900.0,95372.0,95.372,2040.9691166666667,13.79,174.66533333333334
서대문구,안양시동안구,187,771200,187,5192765,187,5673.532666666667,187,8940.112966666667,187,14064.661633333333,187,4124.064171122995,27768.79679144385,27.768796791443847,30.339746880570413,47.8080907308378,75.21209429590017
서대문구,안양시만안구,120,488300,120,3224057,120,4843.801033333333,120,5098.5983166666665,120,7804.331499999999,120,4069.1666666666665,26867.141666666666,26.867141666666665,40.36500861111111,42.48831930555556,65.03609583333333
서대문구,양주시,71,376700,71,3198907,71,3222.125916666667,71,3071.7465833333335,71,5477.1590166666665,71,5305.633802816901,45055.028169014084,45.055028169014086,45.382055164319254,43.26403638497653,77.14308474178404
서대문구,양천구,1775,5136600,1775,19751579,1775,61601.81705,1775,85648.92995,1775,64438.13028333333,1775,2893.8591549295775,11127.650140845071,11.127650140845072,34.70524904225352,48.25291828169014,36.30317199061033
서대문구,양평군,2,14900,2,150147,2,3974.682883333333,2,35.98476666666667,2,237.20511666666667,2,7450.0,75073.5,75.0735,1987.3414416666665,17.992383333333336,118.60255833333333
서대문구,여주군,4,32900,4,345028,4,4112.252833333333,4,74.21093333333333,4,440.99895,4,8225.0,86257.0,86.257,1028.0632083333333,18.552733333333332,110.2497375
서대문구,연수구,22,110200,22,885470,22,40627.564,22,622.9613166666667,22,1892.5626833333333,22,5009.090909090909,40248.63636363636,40.24863636363636,1846.7074545454545,28.316423484848485,86.02557651515151
서대문구,영등포구,2503,6496000,2503,22238851,2503,407815.77386666666,2503,90245.70713333333,2503,73971.5482,2503,2595.2856572113465,8884.878545745107,8.884878545745106,162.930792595552,36.05501683313357,29.553155493407914
서대문구,오산시,2,12700,2,119006,2,3568.9882333333335,2,83.10556666666668,2,313.2776,2,6350.0,59503.0,59.503,1784.4941166666667,41.55278333333334,156.6388
서대문구,용산구,1747,3624400,1747,11633541,1747,78478.95478333333,1747,72939.50858333333,1747,52198.15158333333,1747,2074.6422438465943,6659.1534058385805,6.65915340583858,44.92212637855371,41.75129283533676,29.878735880557144
서대문구,용인시기흥구,21,117600,21,1020172,21,11718.465466666667,21,757.5097666666667,21,1971.9797833333334,21,5600.0,48579.619047619046,48.57961904761905,558.0221650793651,36.071893650793655,93.9037992063492
서대문구,용인시수지구,6,30500,6,249078,6,5724.37245,6,214.19133333333332,6,571.29645,6,5083.333333333333,41513.0,41.513,954.0620749999999,35.69855555555555,95.216075
서대문구,용인시처인구,1,6400,1,59895,1,1507.3772833333335,1,35.88021666666667,1,104.80895000000001,1,6400.0,59895.0,59.895,1507.3772833333335,35.88021666666667,104.80895000000001
서대문구,은평구,11378,21966000,11378,65321774,11378,913640.6937,11378,460847.16473333334,11378,246331.52356666667,11378,1930.5677623483916,5741.059412902092,5.741059412902092,80.29888325716294,40.5033542567528,21.649808715650085
서대문구,의정부시,125,580700,125,4419737,125,4813.294883333333,125,5696.6616,125,8399.220516666666,125,4645.6,35357.896,35.357896000000004,38.50635906666666,45.573292800000004,67.19376413333333
서대문구,종로구,3543,6739700,3543,19220956,3543,160775.31408333333,3543,129597.10441666667,3543,76791.63423333333,3543,1902.2579734688118,5425.051086649732,5.425051086649732,45.37829920500517,36.57835292595729,21.674184090695267
서대문구,중구,1911,4063500,1911,13762362,1911,153412.48408333334,1911,73209.76348333333,1911,54622.44365,1911,2126.3736263736264,7201.654631083203,7.201654631083203,80.27864159253446,38.30966168672597,28.583173024594455
서대문구,중랑구,360,1291000,360,7195996,360,13072.7984,360,16528.895833333332,360,19264.197483333333,360,3586.1111111111113,19988.87777777778,19.98887777777778,36.31332888888889,45.91359953703704,53.51165967592593
서대문구,파주시,83,406700,83,3224391,83,109339.6383,83,3074.6846333333333,83,4801.74315,83,4900.0,38848.0843373494,38.8480843373494,1317.3450397590361,37.04439317269076,57.85232710843374
서대문구,평택시,16,112200,16,1101114,16,26252.900999999998,16,455.07421666666664,16,1762.3376333333333,16,7012.5,68819.625,68.819625,1640.8063124999999,28.442138541666665,110.14610208333333
서대문구,포천시,5,31800,5,296944,5,9801.7856,5,208.32633333333334,5,451.44668333333334,5,6360.0,59388.8,59.3888,1960.35712,41.66526666666667,90.28933666666667
서대문구,하남시,188,851400,188,6289812,188,5011.0755,188,8891.784166666666,188,14094.579583333332,188,4528.723404255319,33456.44680851064,33.45644680851064,26.654656914893618,47.29672429078014,74.9711679964539
서대문구,화성시,3,16700,3,144652,3,4387.2801500000005,3,87.52583333333332,3,274.18255,3,5566.666666666667,48217.333333333336,48.217333333333336,1462.4267166666668,29.175277777777776,91.39418333333333
서초구,가평군,7,44000,7,418676,7,9183.435216666667,7,252.01055000000002,7,617.13825,7,6285.714285714285,59810.857142857145,59.810857142857145,1311.9193166666666,36.00150714285714,88.16260714285714
서초구,강남구,5265,10492800,5265,31593232,5265,503007.8241,5265,279551.7891666667,5265,122246.8634,5265,1992.934472934473,6000.613865147198,6.000613865147199,95.53804826210826,53.096256251978474,23.218777473884142
서초구,강동구,1172,3999400,1172,20604434,1172,40301.659916666664,1172,58881.44401666667,1172,50069.464316666665,1172,3412.457337883959,17580.57508532423,17.58057508532423,34.38708184015927,50.240139945961324,42.72138593572241
서초구,강북구,377,1383500,377,8058123,377,33143.60288333333,377,20057.375933333333,377,20893.194516666666,377,3669.761273209549,21374.331564986736,21.374331564986736,87.91406600353669,53.20258868258178,55.419614102564104
서초구,강서구,973,3691400,973,21842032,973,88256.53416666666,973,60521.287033333334,973,51603.76721666667,973,3793.8335046248717,22448.131551901337,22.448131551901337,90.70558496060295,62.20070609797876,53.03573198013018
서초구,계양구,6,27800,6,209618,6,5109.594233333333,6,211.41833333333335,6,302.44488333333334,6,4633.333333333333,34936.333333333336,34.93633333333334,851.5990388888889,35.23638888888889,50.40748055555556
서초구,고양시덕양구,164,685200,164,4665093,164,19120.38893333333,164,13657.936716666667,164,12719.638416666667,164,4178.048780487805,28445.689024390245,28.445689024390244,116.58773739837397,83.28010193089432,77.55877083333333
서초구,고양시일산동구,90,415800,90,3132261,90,3909.3200166666666,90,4824.179283333333,90,5726.772133333334,90,4620.0,34802.9,34.8029,43.436889074074074,53.601992037037036,63.630801481481484
서초구,고양시일산서구,97,486500,97,3918858,97,4635.0286166666665,97,5512.275183333333,97,7388.92215,97,5015.4639175257735,40400.59793814433,40.40059793814433,47.783800171821305,56.827579209621994,76.17445515463918
서초구,과천시,247,669700,247,2358890,247,22498.47783333333,247,19094.58565,247,7564.9221,247,2711.336032388664,9550.161943319838,9.550161943319837,91.0869547908232,77.30601477732795,30.627214979757085
서초구,관악구,1899,4608500,1899,16211210,1899,161990.3791,1899,99687.68475,1899,49555.736483333334,1899,2426.803580832017,8536.708794102158,8.536708794102157,85.3029905739863,52.494831358609794,26.095701149727926
서초구,광명시,506,1706400,506,8608660,506,487173.36436666665,506,23476.809583333332,506,30079.393283333335,506,3372.3320158102765,17013.162055335968,17.013162055335968,962.7932102108036,46.39685688405797,59.445441271409756
서초구,광주시,44,194200,44,1388497,44,74131.99195,44,1247.0828833333333,44,2592.0259,44,4413.636363636364,31556.75,31.55675,1684.8179988636364,28.342792803030303,58.909679545454544
서초구,광진구,256,811100,256,3653157,256,37655.08111666667,256,12959.820616666668,256,10374.08605,256,3168.359375,14270.14453125,14.27014453125,147.09016061197917,50.62429928385417,40.5237736328125
서초구,구로구,326,1103200,326,5557838,326,17977.559766666665,326,16358.8217,326,16750.773083333333,326,3384.0490797546013,17048.58282208589,17.04858282208589,55.14588885480572,50.18043466257669,51.3827395194274
서초구,구리시,73,279300,73,1701301,73,2231.5673333333334,73,3737.1181500000002,73,3376.10015,73,3826.027397260274,23305.49315068493,23.30549315068493,30.569415525114156,51.1933993150685,46.247947260273975
서초구,군포시,9,34300,9,208577,9,12044.627266666666,9,362.81933333333336,9,404.07515,9,3811.1111111111113,23175.222222222223,23.175222222222224,1338.2919185185185,40.31325925925926,44.89723888888889
서초구,금천구,298,934400,298,4096928,298,16465.8368,298,17601.0023,298,12779.9854,298,3135.5704697986575,13748.080536912752,13.748080536912752,55.25448590604027,59.06376610738255,42.885857046979865
서초구,김포시,145,776800,145,6569357,145,6431.119900000001,145,10193.359433333333,145,11487.595516666666,145,5357.241379310345,45305.910344827586,45.30591034482759,44.352551034482765,70.29903057471265,79.22479666666666
서초구,남구,7,35600,7,286949,7,8446.816766666667,7,290.2352333333333,7,547.9751833333333,7,5085.714285714285,40992.71428571428,40.992714285714285,1206.6881095238095,41.46217619047619,78.28216904761905
서초구,남동구,3,14100,3,108608,3,1839.6605499999998,3,118.16300000000001,3,223.7042166666667,3,4700.0,36202.666666666664,36.202666666666666,613.2201833333332,39.38766666666667,74.56807222222223
서초구,남양주시,146,676500,146,5107477,146,9346.472983333333,146,9863.613333333333,146,9581.2722,146,4633.561643835616,34982.71917808219,34.98271917808219,64.01693824200913,67.55899543378995,65.62515205479451
서초구,노원구,615,2371200,615,14750152,615,30444.59895,615,34911.92533333333,615,29594.375716666666,615,3855.609756097561,23983.98699186992,23.98398699186992,49.50341292682927,56.76735826558266,48.12093612466124
서초구,도봉구,186,753800,186,4943903,186,7476.518316666667,186,10529.2596,186,10590.6476,186,4052.6881720430106,26580.12365591398,26.58012365591398,40.196335035842296,56.60892258064516,56.93896559139785
서초구,동대문구,427,1364700,427,6228411,427,23521.289216666664,427,21928.031733333333,427,17840.357516666667,427,3196.0187353629976,14586.442622950819,14.58644262295082,55.08498645589383,51.353704293520686,41.78069676034348
서초구,동두천시,1,6100,1,55410,1,1920.2135,1,40.42555,1,80.58128333333335,1,6100.0,55410.0,55.41,1920.2135,40.42555,80.58128333333335
서초구,동작구,1937,4197600,1937,14259637,1937,285331.0721333333,1937,92364.83935,1937,51696.7083,1937,2167.0624677336086,7361.712441920496,7.361712441920496,147.30566449836516,47.68448082085699,26.68905952503872
서초구,마포구,662,2137700,662,10091596,662,39740.986600000004,662,35346.9981,662,25027.897083333333,662,3229.154078549849,15244.102719033233,15.244102719033233,60.03170181268883,53.39425694864048,37.80649106243706
서초구,부천시소사구,77,323200,77,2213541,77,3142.8407166666666,77,5175.5596000000005,77,5325.413483333334,77,4197.402597402597,28747.285714285714,28.747285714285713,40.8161132034632,67.21505974025975,69.16121406926408
서초구,부천시오정구,55,214600,55,1340781,55,2254.51985,55,3757.9862166666667,55,3692.570816666667,55,3901.818181818182,24377.836363636365,24.377836363636366,40.99127,68.32702212121212,67.13765121212121
서초구,부천시원미구,105,441000,105,3020397,105,2799.4670666666666,105,5041.16315,105,6989.593983333333,105,4200.0,28765.685714285715,28.765685714285716,26.66159111111111,48.01107761904762,66.56756174603174
서초구,부평구,1,4400,1,31303,1,15.796283333333333,1,36.24178333333334,1,80.34121666666667,1,4400.0,31303.0,31.303,15.796283333333333,36.24178333333334,80.34121666666667
서초구,서구,3,17300,3,153266,3,4832.47405,3,116.68221666666668,3,236.92388333333332,3,5766.666666666667,51088.666666666664,51.08866666666666,1610.8246833333333,38.89407222222223,78.97462777777777
서초구,서대문구,927,3255400,927,15244211,927,107944.383,927,42044.3073,927,46183.37883333333,927,3511.75836030205,16444.672060409925,16.444672060409925,116.444857605178,45.35523980582524,49.82025764113628
서초구,서초구,13663,23133300,13663,55316523,13663,960399.0407333333,13663,677053.2436833333,13663,225386.90701666666,13663,1693.1347434677596,4048.6366830125157,4.048636683012516,70.29195935982824,49.55377616067725,16.496150700187854
서초구,성남시분당구,845,2827200,845,14177744,845,37501.86096666667,845,54412.14893333333,845,29610.322816666667,845,3345.798816568047,16778.39526627219,16.778395266272188,44.380900552268244,64.3930756607495,35.04180214990138
서초구,성남시수정구,189,526900,189,2086413,189,10740.256633333333,189,11833.734233333333,189,5209.991,189,2787.830687830688,11039.222222222223,11.039222222222223,56.82675467372134,62.612350440917105,27.566089947089946
서초구,성남시중원구,133,427600,133,1950232,133,7152.664966666666,133,10061.307883333333,133,4640.65975,133,3215.0375939849623,14663.398496240601,14.663398496240601,53.779435839598996,75.64893145363408,34.89217857142857
서초구,성동구,698,2100200,698,7948909,698,47490.4281,698,28618.960766666667,698,24522.191016666668,698,3008.882521489971,11388.121776504298,11.388121776504299,68.03786260744985,41.0013764565425,35.132078820439354
서초구,성북구,377,1360800,377,7690912,377,22313.661416666666,377,20687.24075,377,22024.1572,377,3609.549071618037,20400.297082228117,20.400297082228118,59.187430813439434,54.873317639257294,58.419515119363396
서초구,송파구,2134,6184700,2134,23831668,2134,151901.44228333334,2134,106776.67196666666,2134,78073.55051666667,2134,2898.1724461105905,11167.60449859419,11.16760449859419,71.18155683380193,50.03592875663855,36.585543822243054
서초구,수원시권선구,4,20000,4,161917,4,6958.819733333334,4,181.63733333333332,4,332.775,4,5000.0,40479.25,40.47925,1739.7049333333334,45.40933333333333,83.19375
서초구,수원시영통구,53,232300,53,1649113,53,82629.81065,53,1763.6751666666667,53,2637.204366666667,53,4383.018867924528,31115.33962264151,31.11533962264151,1559.0530311320754,33.276889937106915,49.75857295597485
서초구,수원시장안구,26,119000,26,888060,26,33289.01706666667,26,935.8198833333333,26,1531.55945,26,4576.923076923077,34156.153846153844,34.15615384615384,1280.3468102564102,35.99307243589744,58.90613269230769
서초구,수원시팔달구,5,22600,5,164203,5,4671.836883333333,5,185.95226666666667,5,261.23373333333336,5,4520.0,32840.6,32.8406,934.3673766666667,37.19045333333334,52.246746666666674
서초구,시흥시,4,19300,4,151441,4,4915.72805,4,141.173,4,243.1715,4,4825.0,37860.25,37.86025,1228.9320125,35.29325,60.792875
서초구,안산시단원구,31,152300,31,1213277,31,53251.75475,31,1367.6428999999998,31,2169.5868333333333,31,4912.903225806452,39137.967741935485,39.13796774193548,1717.7985403225807,44.1175129032258,69.98667204301076
서초구,안산시상록구,4,19000,4,146888,4,6574.171833333334,4,149.8705,4,214.16584999999998,4,4750.0,36722.0,36.722,1643.5429583333334,37.467625,53.541462499999994
서초구,안양시동안구,136,448700,136,2153335,136,10643.613266666667,136,7961.1722,136,5621.980666666666,136,3299.264705882353,15833.345588235294,15.833345588235293,78.26186225490197,58.53803088235294,41.3380931372549
서초구,안양시만안구,52,183400,52,993514,52,1392.2627333333335,52,2472.1526833333332,52,2606.7916666666665,52,3526.923076923077,19106.03846153846,19.10603846153846,26.774283333333337,47.541397756410255,50.13060897435897
서초구,양주시,41,226000,41,1955210,41,2173.718533333333,41,3337.8924666666667,41,3055.0547500000002,41,5512.195121951219,47688.04878048781,47.688048780487804,53.01752520325203,81.41201138211382,74.51353048780489
서초구,양천구,314,1095800,314,5858921,314,145669.01298333335,314,13493.383016666667,314,16429.008016666667,314,3489.808917197452,18658.98407643312,18.65898407643312,463.9140540870489,42.97255737791932,52.321681581740975
서초구,양평군,7,37400,7,316381,7,9899.289,7,274.7623,7,495.33931666666666,7,5342.857142857143,45197.28571428572,45.19728571428572,1414.184142857143,39.25175714285714,70.76275952380952
서초구,연수구,6,29700,6,237380,6,6849.430116666666,6,332.6788833333333,6,395.2538333333334,6,4950.0,39563.333333333336,39.56333333333333,1141.5716861111111,55.44648055555555,65.8756388888889
서초구,영등포구,807,2530400,807,11092178,807,37588.3567,807,38760.43203333333,807,31317.20595,807,3135.563816604709,13744.9541511772,13.7449541511772,46.57788934324659,48.030275134242046,38.806946654275094
서초구,오산시,2,10700,2,89934,2,3713.3056166666665,2,75.96988333333333,2,191.99545,2,5350.0,44967.0,44.967,1856.6528083333333,37.984941666666664,95.997725
서초구,용산구,980,2407400,980,8487989,980,55896.511333333336,980,46158.86006666667,980,27154.179483333333,980,2456.530612244898,8661.213265306122,8.661213265306122,57.037256462585034,47.10087761904762,27.708346411564627
서초구,용인시기흥구,31,127200,31,841844,31,59459.33776666667,31,1891.1865,31,2143.3631833333334,31,4103.225806451613,27156.25806451613,27.15625806451613,1918.043153763441,61.00601612903226,69.14074784946237
서초구,용인시수지구,2,8100,2,51974,2,3368.21195,2,70.73038333333334,2,96.56311666666667,2,4050.0,25987.0,25.987,1684.105975,35.36519166666667,48.28155833333334
서초구,용인시처인구,14,73500,14,610248,14,19023.855433333334,14,451.43171666666666,14,935.6613833333333,14,5250.0,43589.142857142855,43.58914285714285,1358.8468166666667,32.24512261904762,66.83295595238096
서초구,은평구,321,1201300,321,7088372,321,16052.528166666667,321,16320.556700000001,321,17856.497733333334,321,3742.367601246106,22082.155763239876,22.082155763239875,50.0078759086189,50.842855763239875,55.627718795430944
서초구,의왕시,2,7400,2,41156,2,3568.0946,2,99.98971666666667,2,83.36056666666667,2,3700.0,20578.0,20.578,1784.0473,49.99485833333333,41.680283333333335
서초구,의정부시,83,444700,83,3149188,83,3145.5040166666668,83,4867.751433333334,83,5313.910166666667,83,5357.831325301205,37942.02409638554,37.94202409638554,37.89763875502008,58.647607630522096,64.0230140562249
서초구,이천시,1,5700,1,49900,1,1496.5007833333334,1,29.725,1,79.39561666666667,1,5700.0,49900.0,49.9,1496.5007833333334,29.725,79.39561666666667
서초구,종로구,924,2988700,924,12203781,924,69211.14291666666,924,43511.27506666666,924,41398.28893333334,924,3234.5238095238096,13207.555194805194,13.207555194805193,74.90383432539683,47.09012453102453,44.803343001443004
서초구,중구,514,1607500,514,7393346,514,43035.32295,514,25158.5003,514,19524.892783333333,514,3127.431906614786,14383.941634241246,14.383941634241246,83.72630924124513,48.9464986381323,37.98617273022049
서초구,중랑구,374,1379300,374,8004655,374,58947.46935,374,20701.386316666667,374,18731.04475,374,3687.9679144385027,21402.820855614973,21.402820855614973,157.6135544117647,55.35130031194296,50.08300735294118
서초구,파주시,2,11900,2,106774,2,1816.1191666666666,2,82.64121666666666,2,123.37828333333334,2,5950.0,53387.0,53.387,908.0595833333333,41.32060833333333,61.68914166666667
서초구,평택시,26,157000,26,1444681,26,44716.943433333334,26,743.3634,26,2156.6769666666664,26,6038.461538461538,55564.653846153844,55.564653846153846,1719.8824397435897,28.590899999999998,82.9491141025641
서초구,포천시,3,18300,3,168706,3,5355.765433333334,3,94.427,3,262.1617166666667,3,6100.0,56235.333333333336,56.23533333333334,1785.2551444444446,31.47566666666667,87.38723888888889
서초구,하남시,209,777500,209,4592616,209,9584.529583333333,209,13130.36435,209,10175.542466666666,209,3720.095693779904,21974.23923444976,21.97423923444976,45.85899322169059,62.82470980861244,48.68680606060606
서초구,화성시,9,53400,9,480430,9,15041.657116666665,9,331.33663333333334,9,672.09125,9,5933.333333333333,53381.11111111111,53.38111111111111,1671.295235185185,36.81518148148148,74.67680555555555
성남시분당구,강남구,102,347600,102,1776223,102,9423.102483333334,102,-340.03576666666663,102,4204.16935,102,3407.843137254902,17413.950980392157,17.41395098039216,92.38335767973857,-3.3336839869281043,41.217346568627455
성남시분당구,강동구,205,904700,205,4988528,205,19085.770983333332,205,3021.1273333333334,205,9317.299316666667,205,4413.170731707317,24334.28292682927,24.33428292682927,93.10132186991869,14.73720650406504,45.450240569105695
성남시분당구,강서구,13,69800,13,592080,13,1889.1689333333334,13,60.82495,13,1292.586,13,5369.2307692307695,45544.61538461538,45.54461538461538,145.32068717948718,4.678842307692308,99.4296923076923
성남시분당구,관악구,16,65900,16,442749,16,1752.4511333333332,16,-163.6474,16,987.15455,16,4118.75,27671.8125,27.6718125,109.52819583333333,-10.2279625,61.697159375
성남시분당구,광진구,6,23600,6,148560,6,553.9898333333333,6,-179.5039833333333,6,271.1412,6,3933.3333333333335,24760.0,24.76,92.33163888888889,-29.91733055555555,45.190200000000004
성남시분당구,구로구,4,20200,4,163053,4,467.0917166666667,4,38.17583333333333,4,310.11671666666666,4,5050.0,40763.25,40.76325,116.77292916666667,9.543958333333332,77.52917916666667
성남시분당구,금천구,2,8400,2,57701,2,171.34233333333333,2,3.2066666666666634,2,89.24845,2,4200.0,28850.5,28.8505,85.67116666666666,1.6033333333333317,44.624225
성남시분당구,노원구,7,34200,7,271923,7,557.3484333333333,7,-101.29118333333332,7,435.97628333333336,7,4885.714285714285,38846.142857142855,38.84614285714286,79.62120476190476,-14.470169047619047,62.28232619047619
성남시분당구,도봉구,5,26600,5,224101,5,446.99264999999997,5,-70.8815,5,412.24835,5,5320.0,44820.2,44.8202,89.39853,-14.176300000000001,82.44967
성남시분당구,동대문구,2,8500,2,60013,2,175.43321666666668,2,-6.253833333333331,2,88.62833333333333,2,4250.0,30006.5,30.0065,87.71660833333334,-3.1269166666666655,44.314166666666665
성남시분당구,동작구,3,12200,3,80382,3,296.23293333333334,3,-30.410216666666663,3,202.8404,3,4066.6666666666665,26794.0,26.794,98.74431111111112,-10.136738888888887,67.61346666666667
성남시분당구,마포구,1,4500,1,33977,1,88.49316666666667,1,-10.536883333333332,1,46.69955,1,4500.0,33977.0,33.977,88.49316666666667,-10.536883333333332,46.69955
성남시분당구,서대문구,1,5200,1,42107,1,103.48533333333333,1,11.290283333333333,1,60.30533333333334,1,5200.0,42107.0,42.107,103.48533333333333,11.290283333333333,60.30533333333334
성남시분당구,서초구,10,34300,10,176549,10,701.2283500000001,10,-81.41526666666667,10,407.41048333333333,10,3430.0,17654.9,17.6549,70.12283500000001,-8.141526666666667,40.74104833333333
성남시분당구,성남시분당구,1,1500,1,2699,1,2.9967166666666665,1,34.9105,1,12.903616666666666,1,1500.0,2699.0,2.699,2.9967166666666665,34.9105,12.903616666666666
성남시분당구,성남시수정구,1,1500,1,3318,1,9.341666666666667,1,29.080883333333336,1,6.751616666666666,1,1500.0,3318.0,3.318,9.341666666666667,29.080883333333336,6.751616666666666
성남시분당구,성동구,1,3600,1,20183,1,33.39378333333333,1,8.496833333333333,1,32.0695,1,3600.0,20183.0,20.183,33.39378333333333,8.496833333333333,32.0695
성남시분당구,성북구,12,67100,12,584501,12,1432.0481666666667,12,-492.18389999999994,12,1171.0091666666667,12,5591.666666666667,48708.416666666664,48.708416666666665,119.33734722222222,-41.015325,97.58409722222223
성남시분당구,송파구,37,114500,37,483611,37,2962.0008166666667,37,121.73973333333333,37,1265.2268833333333,37,3094.5945945945946,13070.567567567568,13.070567567567569,80.05407612612612,3.290263063063063,34.195321171171166
성남시분당구,양천구,1,6400,1,60081,1,97.0705,1,-11.54095,1,98.77516666666666,1,6400.0,60081.0,60.081,97.0705,-11.54095,98.77516666666666
성남시분당구,영등포구,6,28100,6,213045,6,691.24405,6,10.289716666666667,6,422.1121166666667,6,4683.333333333333,35507.5,35.5075,115.20734166666666,1.7149527777777778,70.35201944444445
성남시분당구,용산구,1,4500,1,32550,1,113.04895,1,27.497616666666666,1,62.744,1,4500.0,32550.0,32.55,113.04895,27.497616666666666,62.744
성남시분당구,은평구,5,27900,5,242467,5,629.4253833333333,5,-0.5473500000000016,5,463.76178333333337,5,5580.0,48493.4,48.4934,125.88507666666666,-0.10947000000000032,92.75235666666667
성남시분당구,종로구,2,10200,2,83310,2,258.1728333333333,2,-52.74571666666667,2,115.39595,2,5100.0,41655.0,41.655,129.08641666666665,-26.372858333333333,57.697975
성남시분당구,중구,1,4100,1,27606,1,102.12416666666667,1,17.198,1,52.68066666666667,1,4100.0,27606.0,27.606,102.12416666666667,17.198,52.68066666666667
성남시분당구,중랑구,2,9600,2,74879,2,135.98861666666667,2,-27.26245,2,114.84578333333333,2,4800.0,37439.5,37.4395,67.99430833333334,-13.631225,57.422891666666665
성남시수정구,강남구,28,57300,28,181417,28,1906.36385,28,-451.3705166666666,28,597.0015166666667,28,2046.4285714285713,6479.178571428572,6.479178571428571,68.0844232142857,-16.120375595238094,21.321482738095238
성남시수정구,강동구,5,15600,5,72430,5,280.98366666666664,5,-15.419116666666667,5,169.6394,5,3120.0,14486.0,14.486,56.19673333333333,-3.0838233333333336,33.92788
성남시수정구,강북구,8,32900,8,218791,8,2005.283,8,65.85631666666666,8,445.94665,8,4112.5,27348.875,27.348875,250.660375,8.232039583333332,55.74333125
성남시수정구,강서구,4,18800,4,144676,4,524.6039499999999,4,-55.578116666666666,4,289.8754333333333,4,4700.0,36169.0,36.169,131.15098749999999,-13.894529166666667,72.46885833333333
성남시수정구,관악구,11,39600,11,230151,11,1228.3633166666666,11,-340.7750666666667,11,513.9760333333334,11,3600.0,20922.81818181818,20.92281818181818,111.66939242424242,-30.979551515151517,46.72509393939394
성남시수정구,구로구,2,6000,2,33333,2,234.34716666666668,2,-5.263000000000002,2,183.66583333333335,2,3000.0,16666.5,16.6665,117.17358333333334,-2.631500000000001,91.83291666666668
성남시수정구,금천구,2,8700,2,61540,2,271.9888833333333,2,-21.641833333333334,2,156.58805,2,4350.0,30770.0,30.77,135.99444166666666,-10.820916666666667,78.294025
성남시수정구,남양주시,2,7200,2,39126,2,115.2705,2,154.5756,2,84.41073333333333,2,3600.0,19563.0,19.563,57.63525,77.2878,42.20536666666666
성남시수정구,노원구,5,22500,5,164620,5,417.0054333333333,5,63.87981666666667,5,290.27434999999997,5,4500.0,32924.0,32.924,83.40108666666666,12.775963333333333,58.054869999999994
성남시수정구,도봉구,8,36500,8,272630,8,1045.6817833333334,8,-149.15571666666668,8,505.20048333333335,8,4562.5,34078.75,34.07875,130.71022291666668,-18.644464583333335,63.15006041666667
성남시수정구,동대문구,2,8600,2,61254,2,159.67045000000002,2,16.757933333333334,2,101.0664,2,4300.0,30627.0,30.627,79.83522500000001,8.378966666666667,50.5332
성남시수정구,마포구,1,4100,1,27565,1,303.7456666666667,1,-1.3318833333333333,1,58.88826666666667,1,4100.0,27565.0,27.565,303.7456666666667,-1.3318833333333333,58.88826666666667
성남시수정구,서대문구,2,8900,2,63676,2,2800.3806666666665,2,30.072,2,107.12183333333333,2,4450.0,31838.0,31.838,1400.1903333333332,15.036,53.560916666666664
성남시수정구,서초구,1,3100,1,13599,1,1113.9408833333332,1,18.863783333333334,1,38.32855,1,3100.0,13599.0,13.599,1113.9408833333332,18.863783333333334,38.32855
성남시수정구,성동구,5,17000,5,87718,5,1461.7296666666666,5,119.07485,5,209.72353333333334,5,3400.0,17543.6,17.543599999999998,292.34593333333333,23.81497,41.94470666666667
성남시수정구,성북구,1,4300,1,29713,1,63.0105,1,-19.073333333333334,1,77.70761666666667,1,4300.0,29713.0,29.713,63.0105,-19.073333333333334,77.70761666666667
성남시수정구,송파구,104,203000,104,634810,104,6193.3535,104,855.3744666666668,104,2330.4659500000002,104,1951.923076923077,6103.942307692308,6.103942307692308,59.551475961538465,8.224754487179489,22.408326442307693
성남시수정구,양천구,3,14300,3,108678,3,365.3117833333334,3,26.31055,3,196.24595000000002,3,4766.666666666667,36226.0,36.226,121.77059444444446,8.770183333333334,65.41531666666667
성남시수정구,영등포구,7,29600,7,204612,7,587.4409833333333,7,-39.19966666666667,7,447.8587166666667,7,4228.571428571428,29230.285714285714,29.230285714285714,83.92014047619047,-5.599952380952382,63.97981666666667
성남시수정구,용산구,1,3800,1,23730,1,1331.3401666666666,1,19.893666666666665,1,59.003283333333336,1,3800.0,23730.0,23.73,1331.3401666666666,19.893666666666665,59.003283333333336
성남시수정구,은평구,1,4700,1,35325,1,31.449450000000002,1,46.70795,1,58.39543333333334,1,4700.0,35325.0,35.325,31.449450000000002,46.70795,58.39543333333334
성남시수정구,종로구,5,21800,5,153285,5,546.8276166666667,5,-86.39121666666666,5,312.0317833333333,5,4360.0,30657.0,30.657,109.36552333333334,-17.278243333333332,62.40635666666666
성남시수정구,중구,2,7400,2,43265,2,110.6645,2,34.88133333333334,2,100.57711666666667,2,3700.0,21632.5,21.6325,55.33225,17.44066666666667,50.288558333333334
성남시수정구,중랑구,1,4000,1,25364,1,1.44605,1,18.991833333333332,1,34.22105,1,4000.0,25364.0,25.364,1.44605,18.991833333333332,34.22105
성남시중원구,강남구,30,87500,30,340330,30,2354.0430499999998,30,-582.6753,30,933.1350666666666,30,2916.6666666666665,11344.333333333334,11.344333333333333,78.46810166666666,-19.42251,31.10450222222222
성남시중원구,강동구,3,11000,3,62272,3,266.63576666666665,3,-109.29921666666667,3,112.72550000000001,3,3666.6666666666665,20757.333333333332,20.75733333333333,88.87858888888888,-36.43307222222222,37.57516666666667
성남시중원구,강북구,4,18000,4,132547,4,456.6054333333333,4,8.99821666666667,4,227.58555,4,4500.0,33136.75,33.13675,114.15135833333332,2.2495541666666674,56.8963875
성남시중원구,강서구,1,5300,1,44213,1,159.90394999999998,1,16.5105,1,58.80161666666667,1,5300.0,44213.0,44.213,159.90394999999998,16.5105,58.80161666666667
성남시중원구,관악구,13,53600,13,357606,13,1557.0110499999998,13,-67.42906666666667,13,966.2148333333333,13,4123.076923076923,27508.153846153848,27.50815384615385,119.77008076923076,-5.186851282051283,74.32421794871794
성남시중원구,광진구,2,7400,2,42279,2,88.83538333333334,2,0.7710499999999989,2,79.36421666666666,2,3700.0,21139.5,21.1395,44.41769166666667,0.38552499999999945,39.68210833333333
성남시중원구,노원구,4,19100,4,148983,4,492.34055,4,-17.63988333333333,4,268.26188333333334,4,4775.0,37245.75,37.24575,123.0851375,-4.4099708333333325,67.06547083333334
성남시중원구,도봉구,1,4800,1,37693,1,152.4445,1,-7.863616666666667,1,73.56895,1,4800.0,37693.0,37.693,152.4445,-7.863616666666667,73.56895
성남시중원구,동작구,1,4600,1,34091,1,89.54355000000001,1,13.049333333333333,1,96.04933333333334,1,4600.0,34091.0,34.091,89.54355000000001,13.049333333333333,96.04933333333334
성남시중원구,마포구,1,4300,1,30015,1,92.73405,1,34.554883333333336,1,51.637616666666666,1,4300.0,30015.0,30.015,92.73405,34.554883333333336,51.637616666666666
성남시중원구,서대문구,1,4200,1,28282,1,66.70028333333333,1,1.61855,1,88.45673333333335,1,4200.0,28282.0,28.282,66.70028333333333,1.61855,88.45673333333335
성남시중원구,서초구,5,14700,5,65011,5,448.7767666666667,5,4.3637833333333305,5,189.62328333333335,5,2940.0,13002.2,13.0022,89.75535333333333,0.8727566666666661,37.92465666666667
성남시중원구,성북구,5,22000,5,156745,5,472.7207833333333,5,23.91193333333333,5,290.6715,5,4400.0,31349.0,31.349,94.54415666666667,4.782386666666666,58.134299999999996
성남시중원구,송파구,10,24700,10,89142,10,947.08425,10,-24.736400000000003,10,304.44246666666663,10,2470.0,8914.2,8.914200000000001,94.708425,-2.4736400000000005,30.444246666666665
성남시중원구,영등포구,1,4300,1,29424,1,146.32221666666666,1,-2.838,1,96.87421666666667,1,4300.0,29424.0,29.424,146.32221666666666,-2.838,96.87421666666667
성남시중원구,종로구,1,4000,1,25520,1,39.78671666666666,1,0.6155,1,46.233216666666664,1,4000.0,25520.0,25.52,39.78671666666666,0.6155,46.233216666666664
성남시중원구,중구,1,3600,1,20373,1,128.86561666666665,1,-28.251050000000003,1,34.82726666666667,1,3600.0,20373.0,20.373,128.86561666666665,-28.251050000000003,34.82726666666667
성남시중원구,중랑구,2,10000,2,81240,2,273.9863833333334,2,3.508099999999999,2,121.89751666666666,2,5000.0,40620.0,40.62,136.9931916666667,1.7540499999999994,60.94875833333333
성동구,강남구,1183,3018700,1183,11862038,1183,61206.885766666666,1183,62499.210633333336,1183,36935.51801666667,1183,2551.732882502113,10027.081994928149,10.027081994928148,51.73870309946464,52.83111634263173,31.221908720766415
성동구,강동구,1329,4247500,1329,18684372,1329,61181.05831666667,1329,58604.375850000004,1329,48950.436,1329,3196.0120391271635,14058.97065462754,14.05897065462754,46.0354088161525,44.09659582392777,36.83253273137698
성동구,강북구,1223,3535000,1223,13441857,1223,34054.45226666667,1223,60199.21083333333,1223,52022.29865,1223,2890.4333605887164,10990.888798037613,10.990888798037613,27.84501411828836,49.222576315072224,42.536630130825834
성동구,강서구,576,2357600,576,15695920,576,23015.676583333334,576,21698.082083333335,576,31206.644666666667,576,4093.0555555555557,27249.86111111111,27.24986111111111,39.957771846064816,37.670281394675925,54.1782025462963
성동구,계양구,1,4300,1,30106,1,8.11995,1,22.431050000000003,1,43.934066666666666,1,4300.0,30106.0,30.106,8.11995,22.431050000000003,43.934066666666666
성동구,고양시덕양구,67,286400,67,1987671,67,3673.6740833333333,67,3550.993016666667,67,3843.3950666666665,67,4274.626865671642,29666.731343283584,29.666731343283583,54.83095646766169,52.99989577114428,57.364105472636815
성동구,고양시일산동구,47,223000,47,1721437,47,2425.260983333333,47,2055.231366666667,47,3380.32775,47,4744.68085106383,36626.31914893617,36.62631914893617,51.601297517730494,43.728326950354614,71.9218670212766
성동구,고양시일산서구,42,211300,42,1707044,42,1221.0416500000001,42,2238.6587833333333,42,3085.7867333333334,42,5030.952380952381,40643.90476190476,40.643904761904764,29.07242023809524,53.3013996031746,73.4711126984127
성동구,과천시,9,33400,9,198358,9,1207.47995,9,356.02610000000004,9,499.14283333333333,9,3711.1111111111113,22039.777777777777,22.03977777777778,134.16443888888887,39.55845555555556,55.460314814814815
성동구,관악구,172,590400,172,3056636,172,2929.89565,172,6260.857583333333,172,8962.545916666666,172,3432.5581395348836,17771.13953488372,17.771139534883723,17.034277034883722,36.40033478682171,52.10782509689922
성동구,광명시,28,112500,28,743948,28,819.2974999999999,28,1448.31295,28,1898.82035,28,4017.8571428571427,26569.571428571428,26.56957142857143,29.260624999999997,51.7254625,67.8150125
성동구,광주시,36,174700,36,1369474,36,59424.78285,36,752.1402666666667,36,2146.5589833333333,36,4852.777777777777,38040.944444444445,38.04094444444444,1650.6884125000001,20.892785185185186,59.626638425925925
성동구,광진구,1903,3464300,1903,10156000,1903,53633.48925,1903,68796.4766,1903,40083.24208333333,1903,1820.44140830268,5336.836573830794,5.3368365738307935,28.183651734104046,36.15159043615344,21.063185540374846
성동구,구로구,398,1558000,398,9845885,398,11411.267066666667,398,14695.789533333334,398,25965.468633333334,398,3914.572864321608,24738.404522613066,24.738404522613067,28.67152529313233,36.924094304857626,65.23987093802346
성동구,구리시,63,201700,63,912531,63,1532.65785,63,2687.2143833333334,63,2357.6365833333334,63,3201.5873015873017,14484.619047619048,14.484619047619047,24.32790238095238,42.654196560846565,37.42280291005291
성동구,군포시,7,32200,7,241632,7,343.78578333333337,7,491.93306666666666,7,748.1399333333334,7,4600.0,34518.857142857145,34.518857142857144,49.112254761904765,70.27615238095238,106.87713333333333
성동구,금천구,165,624100,165,3748410,165,8198.64825,165,9764.024,165,11401.80135,165,3782.4242424242425,22717.636363636364,22.717636363636363,49.68877727272727,59.175903030303026,69.10182636363636
성동구,김포시,117,676300,117,6011008,117,51071.4557,117,4536.92285,117,8690.741833333333,117,5780.34188034188,51376.13675213675,51.37613675213675,436.50816837606834,38.77711837606837,74.27984472934473
성동구,남구,1,5900,1,53484,1,1734.7677833333332,1,66.34666666666666,1,97.334,1,5900.0,53484.0,53.484,1734.7677833333332,66.34666666666666,97.334
성동구,남동구,1,4700,1,36678,1,2051.9164499999997,1,65.00778333333334,1,110.15721666666667,1,4700.0,36678.0,36.678,2051.9164499999997,65.00778333333334,110.15721666666667
성동구,남양주시,480,1834600,480,11333043,480,17342.0265,480,26226.852716666668,480,24365.770316666665,480,3822.0833333333335,23610.50625,23.61050625,36.129221875,54.63927649305556,50.76202149305555
성동구,노원구,2897,8990200,2897,36725917,2897,346558.86775,2897,114534.42591666667,2897,92912.21081666667,2897,3103.2792544011045,12677.223679668623,12.677223679668623,119.62680971694856,39.535528448970204,32.071871182832815
성동구,도봉구,543,2641080,543,9282165,543,14474.470183333333,543,24814.103733333333,543,21648.01011666667,543,4863.867403314917,17094.226519337015,17.094226519337013,26.6564828422345,45.69816525475752,39.86742194597913
성동구,동대문구,2879,4526300,2879,11276543,2879,119755.53363333333,2879,126261.48615,2879,47284.02485,2879,1572.1778395276137,3916.8263285863145,3.9168263285863145,41.596225645478754,43.85602158735672,16.42376688086141
성동구,동작구,265,812700,265,3358425,265,14176.860066666666,265,10110.02805,265,9912.969616666667,265,3066.7924528301887,12673.301886792453,12.673301886792453,53.497585157232706,38.15104924528302,37.40743251572327
성동구,마포구,470,1623200,470,8631313,470,20750.228933333336,470,24054.741866666667,470,22062.438616666666,470,3453.6170212765956,18364.49574468085,18.364495744680852,44.149423262411354,51.180301843971634,46.94135875886525
성동구,부천시소사구,20,90600,20,665605,20,671.0624,20,1122.3925666666667,20,1880.05,20,4530.0,33280.25,33.28025,33.55312,56.11962833333333,94.0025
성동구,부천시오정구,11,47300,11,329458,11,288.2867,11,467.29678333333334,11,798.7794333333334,11,4300.0,29950.727272727272,29.95072727272727,26.207881818181818,42.48152575757576,72.61631212121212
성동구,부천시원미구,84,372500,84,2694191,84,4871.515316666667,84,3997.2125666666666,84,5975.271933333333,84,4434.523809523809,32073.70238095238,32.07370238095238,57.99422996031746,47.58586388888889,71.13418968253968
성동구,부평구,84,384500,84,2874953,84,120721.81928333333,84,1594.5492333333334,84,8043.65265,84,4577.380952380952,34225.630952380954,34.22563095238095,1437.1645152777778,18.98272896825397,95.75776964285714
성동구,서구,6,30900,6,254160,6,7685.8669,6,193.5455,6,481.40565,6,5150.0,42360.0,42.36,1280.9778166666667,32.257583333333336,80.234275
성동구,서대문구,453,1447000,453,6740586,453,28466.891283333334,453,17537.294566666667,453,18465.491066666666,453,3194.260485651214,14879.880794701987,14.879880794701986,62.84081961000736,38.71367454010302,40.762673436350255
성동구,서초구,753,2209000,753,8191564,753,60970.74516666667,753,36985.1584,753,27963.928333333333,753,2933.5989375830013,10878.571049136786,10.878571049136786,80.97044510845507,49.117076228419656,37.13669101372289
성동구,성남시분당구,119,453200,119,2756175,119,6170.832466666667,119,6467.713716666667,119,5085.194933333333,119,3808.4033613445376,23161.134453781513,23.161134453781514,51.8557350140056,54.35053543417367,42.732730532212884
성동구,성남시수정구,50,184300,50,1066083,50,850.2456666666667,50,1888.1499833333332,50,2122.6924,50,3686.0,21321.66,21.32166,17.004913333333334,37.762999666666666,42.453848
성동구,성남시중원구,18,67300,18,399709,18,362.0976333333333,18,697.6416833333333,18,779.8783833333333,18,3738.8888888888887,22206.055555555555,22.206055555555555,20.116535185185185,38.757871296296294,43.326576851851854
성동구,성동구,7539,11529700,7539,20086252,7539,610319.5874333333,7539,300659.75121666666,7539,93375.07186666667,7539,1529.3407613741877,2664.3125082902243,2.6643125082902244,80.95497909979218,39.88058777247203,12.385604439138701
성동구,성북구,1194,2267500,1194,7049748,1194,41517.94843333333,1194,48648.712133333334,1194,28056.555283333335,1194,1899.0787269681741,5904.311557788945,5.904311557788945,34.77215111669458,40.74431501954216,23.497952498604132
성동구,송파구,1048,3198500,1048,13604923,1048,40173.436499999996,1048,46896.2768,1048,37540.995233333335,1048,3052.0038167938933,12981.79675572519,12.98179675572519,38.333431774809156,44.74835572519084,35.82156033715013
성동구,수원시영통구,1,5000,1,39329,1,2063.2332833333335,1,42.81105,1,56.595666666666666,1,5000.0,39329.0,39.329,2063.2332833333335,42.81105,56.595666666666666
성동구,수원시팔달구,3,15200,3,124744,3,5494.27205,3,196.56943333333334,3,227.05001666666664,3,5066.666666666667,41581.333333333336,41.58133333333333,1831.4240166666666,65.52314444444444,75.68333888888888
성동구,시흥시,2,10500,2,88020,2,3184.314283333333,2,46.2716,2,168.65606666666667,2,5250.0,44010.0,44.01,1592.1571416666666,23.1358,84.32803333333334
성동구,안양시동안구,18,73800,18,490607,18,421.2654166666667,18,882.446,18,1420.91815,18,4100.0,27255.944444444445,27.255944444444445,23.40363425925926,49.02477777777778,78.93989722222221
성동구,안양시만안구,22,97400,22,701352,22,11398.136883333333,22,897.0029,22,1729.5166333333334,22,4427.272727272727,31879.636363636364,31.879636363636365,518.097131060606,40.77285909090909,78.61439242424242
성동구,양주시,130,633500,130,4988127,130,3343.63285,130,5973.179783333333,130,9011.327216666667,130,4873.076923076923,38370.20769230769,38.37020769230769,25.720252692307692,45.947536794871795,69.31790166666667
성동구,양천구,286,1103600,286,6827015,286,6595.9000166666665,286,10666.516016666666,286,15551.545516666667,286,3858.7412587412587,23870.68181818182,23.87068181818182,23.06258747086247,37.29551054778555,54.376033275058276
성동구,양평군,1,6100,1,55856,1,2030.68105,1,5.649383333333334,1,92.19416666666666,1,6100.0,55856.0,55.856,2030.68105,5.649383333333334,92.19416666666666
성동구,여주군,1,8900,1,95264,1,1805.42695,1,22.555999999999997,1,85.74705,1,8900.0,95264.0,95.264,1805.42695,22.555999999999997,85.74705
성동구,연수구,1,5400,1,46888,1,41.223616666666665,1,58.29516666666667,1,166.32833333333335,1,5400.0,46888.0,46.888,41.223616666666665,58.29516666666667,166.32833333333335
성동구,영등포구,376,1295500,376,6800810,376,22362.809766666665,376,14353.01575,376,18325.422783333335,376,3445.478723404255,18087.260638297874,18.087260638297874,59.47555789007092,38.17291422872341,48.73782655141844
성동구,용산구,802,1772800,802,5679746,802,51517.9977,802,37851.67498333333,802,21077.772616666665,802,2210.4738154613465,7081.977556109726,7.081977556109726,64.23690486284289,47.19660222360764,26.281511990856192
성동구,용인시기흥구,5,24200,5,189045,5,4555.09415,5,145.773,5,293.9343333333333,5,4840.0,37809.0,37.809,911.01883,29.1546,58.78686666666666
성동구,용인시수지구,7,32700,7,248274,7,12232.881116666667,7,124.20426666666667,7,389.6787166666667,7,4671.428571428572,35467.71428571428,35.46771428571428,1747.5544452380952,17.743466666666666,55.66838809523809
성동구,용인시처인구,2,13000,2,122776,2,3251.382216666667,2,70.35661666666667,2,178.12761666666665,2,6500.0,61388.0,61.388,1625.6911083333334,35.178308333333334,89.06380833333333
성동구,은평구,771,2735200,771,14892523,771,58558.52906666667,771,40352.02091666667,771,39090.90633333333,771,3547.6005188067443,19315.853437094684,19.315853437094685,75.95139956766106,52.33725151318634,50.70156463467358
성동구,의왕시,8,34200,8,247481,8,12873.824216666668,8,235.5195,8,663.9259333333333,8,4275.0,30935.125,30.935125,1609.2280270833335,29.4399375,82.99074166666666
성동구,의정부시,103,419300,103,2772928,103,2450.0289333333335,103,4560.156466666667,103,5705.854083333334,103,4070.873786407767,26921.631067961163,26.92163106796116,23.78668867313916,44.27336375404531,55.39664158576052
성동구,이천시,13,81700,13,763988,13,22969.139483333332,13,365.659,13,905.2505,13,6284.615384615385,58768.307692307695,58.768307692307694,1766.8568833333334,28.127615384615385,69.63465384615384
성동구,종로구,1232,2151700,1232,6614580,1232,124230.1069,1232,48391.78423333333,1232,29349.599866666667,1232,1746.5097402597403,5368.977272727273,5.368977272727273,100.83612573051948,39.27904564393939,23.822727164502165
성동구,중구,1528,2505000,1528,6281999,1528,89656.37348333333,1528,64056.477183333336,1528,27321.695816666666,1528,1639.3979057591623,4111.255890052356,4.111255890052356,58.675637096422335,41.9217782613438,17.88069097949389
성동구,중랑구,1723,4285700,1723,14598732,1723,41994.668783333334,1723,56948.45675,1723,52001.2454,1723,2487.3476494486363,8472.856645385955,8.472856645385955,24.37299407041981,33.0519191816599,30.180641555426583
성동구,파주시,21,113900,21,966545,21,35790.6494,21,522.45,21,1434.2699666666667,21,5423.809523809524,46025.95238095238,46.02595238095238,1704.3166380952382,24.87857142857143,68.29856984126984
성동구,평택시,3,21100,3,206392,3,5066.66755,3,180.39155,3,285.7936666666667,3,7033.333333333333,68797.33333333333,68.79733333333333,1688.8891833333334,60.130516666666665,95.26455555555556
성동구,포천시,2,13300,2,127948,2,3730.7257833333333,2,66.145,2,153.54649999999998,2,6650.0,63974.0,63.974,1865.3628916666667,33.0725,76.77324999999999
성동구,하남시,165,564100,165,2915905,165,6159.356716666666,165,8484.828283333334,165,7631.905816666666,165,3418.787878787879,17672.151515151516,17.672151515151516,37.32943464646464,51.42320171717172,46.25397464646464
성동구,화성시,6,35400,6,318395,6,9264.639566666667,6,127.47578333333334,6,556.1683833333334,6,5900.0,53065.833333333336,53.06583333333334,1544.1065944444445,21.24596388888889,92.69473055555557
성북구,가평군,1,7100,1,69662,1,1549.8946666666666,1,24.587333333333333,1,83.15245,1,7100.0,69662.0,69.662,1549.8946666666666,24.587333333333333,83.15245
성북구,강남구,797,2684000,797,12746554,797,114578.70963333333,797,32031.8776,797,36121.609233333336,797,3367.62860727729,15993.16687578419,15.99316687578419,143.76249640317857,40.190561606022584,45.32196892513593
성북구,강동구,648,2315500,648,11485275,648,39884.71161666667,648,27389.7333,648,31951.7775,648,3573.3024691358023,17724.189814814814,17.724189814814814,61.550480889917694,42.26810694444445,49.30829861111111
성북구,강북구,5640,9368700,5640,24735650,5640,831986.9224,5640,212560.06955000001,5640,103769.10105,5640,1661.1170212765958,4385.75354609929,4.3857535460992905,147.51541177304966,37.68795559397164,18.398776781914894
성북구,강서구,452,1729300,452,10553664,452,42367.39173333333,452,22066.589433333334,452,22093.579416666667,452,3825.8849557522126,23348.814159292036,23.348814159292036,93.73316755162242,48.81988812684366,48.87960047935103
성북구,계양구,1,5000,1,39041,1,3.5707166666666668,1,16.0145,1,48.92528333333333,1,5000.0,39041.0,39.041,3.5707166666666668,16.0145,48.92528333333333
성북구,고양시덕양구,115,419300,115,2375500,115,5477.044383333334,115,4592.7079,115,5954.711933333333,115,3646.086956521739,20656.521739130436,20.656521739130437,47.62647289855073,39.93659043478261,51.78010376811594
성북구,고양시일산동구,97,414000,97,2886133,97,7608.95495,97,4614.264716666667,97,6130.2824,97,4268.041237113402,29753.94845360825,29.75394845360825,78.44283453608247,47.569739347079036,63.19878762886598
성북구,고양시일산서구,28,136900,28,1080802,28,4013.3351333333335,28,999.0294166666666,28,1841.0976833333334,28,4889.285714285715,38600.07142857143,38.600071428571425,143.33339761904762,35.67962202380952,65.75348869047619
성북구,과천시,13,51300,13,326791,13,2831.5482999999995,13,478.01413333333335,13,965.61075,13,3946.153846153846,25137.76923076923,25.13776923076923,217.81140769230765,36.77031794871795,74.27775
성북구,관악구,138,495700,138,2763742,138,2915.52315,138,6077.0297,138,8910.623133333333,138,3592.0289855072465,20027.115942028984,20.027115942028985,21.126979347826087,44.036447101449276,64.56973285024154
성북구,광명시,45,194500,45,1365500,45,738.4342,45,1531.4892,45,3146.79775,45,4322.222222222223,30344.444444444445,30.344444444444445,16.40964888888889,34.03309333333333,69.92883888888889
성북구,광주시,1,5000,1,39654,1,11.945333333333334,1,25.948666666666668,1,89.65421666666666,1,5000.0,39654.0,39.654,11.945333333333334,25.948666666666668,89.65421666666666
성북구,광진구,674,1967000,674,7233928,674,171960.97713333333,674,39320.73353333333,674,27875.133783333335,674,2918.3976261127596,10732.830860534124,10.732830860534124,255.1349809099901,58.339367260138474,41.35776525717112
성북구,구로구,138,545100,138,3472165,138,4711.938533333333,138,7140.7582,138,9858.359033333334,138,3950.0,25160.615942028984,25.160615942028983,34.144482125603865,51.74462463768116,71.4373842995169
성북구,구리시,66,205000,66,899014,66,3179.988316666667,66,2740.1286666666665,66,2504.6062666666667,66,3106.060606060606,13621.424242424242,13.621424242424242,48.18164116161616,41.51710101010101,37.9485797979798
성북구,금천구,41,169800,41,1139213,41,5164.992233333333,41,1840.1864,41,2775.3014166666667,41,4141.463414634146,27785.682926829268,27.785682926829267,125.97542032520326,44.88259512195122,67.69027845528456
성북구,김포시,84,500200,84,4516351,84,1182.9766333333334,84,2972.8120166666668,84,6966.3656,84,5954.761904761905,53766.083333333336,53.766083333333334,14.08305515873016,35.39061924603175,82.93292380952381
성북구,남동구,4,20800,4,172945,4,6521.535,4,101.80181666666667,4,309.81725,4,5200.0,43236.25,43.23625,1630.38375,25.450454166666667,77.4543125
성북구,남양주시,262,1022500,262,6468261,262,11083.167466666668,262,11798.864266666667,262,14649.946683333334,262,3902.671755725191,24688.019083969466,24.688019083969465,42.302165903307895,45.03383307888041,55.91582703562341
성북구,노원구,7014,14246200,7014,44750026,7014,1354229.90025,7014,266593.26876666665,7014,175044.71483333333,7014,2031.1092101511263,6380.100655831195,6.380100655831194,193.0752637938409,38.00873521053131,24.9564748835662
성북구,도봉구,2180,5094300,2180,17147092,2180,74560.90585,2180,89133.56531666667,2180,68189.64656666666,2180,2336.8348623853212,7865.638532110092,7.865638532110092,34.20225038990826,40.88695656727829,31.279654388379203
성북구,동대문구,2860,4931600,2860,12887848,2860,164183.57165,2860,103828.49636666667,2860,54458.46946666667,2860,1724.3356643356644,4506.240559440559,4.506240559440559,57.406843234265736,36.30367005827506,19.04142289044289
성북구,동두천시,2,10300,2,84305,2,4111.885066666667,2,77.85671666666667,2,188.37423333333334,2,5150.0,42152.5,42.1525,2055.9425333333334,38.928358333333335,94.18711666666667
성북구,동작구,256,897600,256,4844418,256,30195.552900000002,256,10805.505883333333,256,12991.38845,256,3506.25,18923.5078125,18.9235078125,117.95137851562501,42.20900735677083,50.7476111328125
성북구,마포구,568,1814900,568,8281943,568,38079.89525,568,22414.595466666666,568,22238.927216666667,568,3195.2464788732395,14580.885563380281,14.580885563380281,67.04206910211268,39.462315962441316,39.15304087441314
성북구,부천시소사구,29,135600,29,1033305,29,544.3956333333333,29,1159.7056166666666,29,2051.7443,29,4675.862068965517,35631.206896551725,35.631206896551724,18.772263218390805,39.98984885057471,70.74980344827586
성북구,부천시오정구,7,28300,7,187241,7,211.51378333333335,7,375.40701666666666,7,414.57413333333335,7,4042.8571428571427,26748.714285714286,26.748714285714286,30.216254761904764,53.62957380952381,59.224876190476195
성북구,부천시원미구,87,394400,87,2910680,87,4767.8912,87,4085.1834333333336,87,6828.46075,87,4533.333333333333,33456.09195402299,33.45609195402299,54.80334712643678,46.956131417624526,78.48805459770115
성북구,부평구,4,18900,4,146263,4,4879.26705,4,135.44006666666667,4,274.96521666666666,4,4725.0,36565.75,36.56575,1219.8167625,33.86001666666667,68.74130416666667
성북구,서구,3,15200,3,123915,3,5283.3072833333335,3,86.48895,3,227.60328333333334,3,5066.666666666667,41305.0,41.305,1761.1024277777778,28.82965,75.86776111111111
성북구,서대문구,1307,4013200,1307,15814919,1307,267442.2452333333,1307,58605.84698333333,1307,49333.407366666666,1307,3070.5432287681715,12100.167559296098,12.100167559296098,204.62298793675083,44.839974738587095,37.74552973731191
성북구,서초구,364,1297300,364,7201113,364,23684.650866666667,364,16228.894883333332,364,21717.98945,364,3564.010989010989,19783.277472527472,19.783277472527473,65.06772216117216,44.584876053113554,59.66480618131868
성북구,성남시분당구,68,325400,68,2520094,68,27378.144466666665,68,3139.1464333333333,68,4366.6494999999995,68,4785.294117647059,37060.205882352944,37.060205882352946,402.6197715686274,46.1639181372549,64.21543382352941
성북구,성남시수정구,17,68600,17,445498,17,321.47811666666666,17,634.3898,17,901.7623333333333,17,4035.294117647059,26205.764705882353,26.205764705882352,18.91047745098039,37.31704705882353,53.0448431372549
성북구,성남시중원구,21,91500,21,652092,21,490.5258333333333,21,994.9465333333333,21,1330.2020833333333,21,4357.142857142857,31052.0,31.052,23.358373015873013,47.378406349206344,63.34295634920635
성북구,성동구,1180,2149300,1180,6690603,1180,60303.14485,1180,46812.35558333333,1180,27608.6067,1180,1821.4406779661017,5670.002542372881,5.670002542372881,51.10436004237288,39.671487782485876,23.3971243220339
성북구,성북구,14374,22166800,14374,40077693,14374,585067.5123833333,14374,553646.5526833333,14374,185417.64666666667,14374,1542.1455405593433,2788.2073883400585,2.7882073883400587,40.70318021311627,38.51722225430174,12.89951625620333
성북구,송파구,570,2051700,570,11477574,570,55741.837700000004,570,22880.267066666667,570,27953.871833333335,570,3599.4736842105262,20136.094736842104,20.136094736842104,97.79269771929825,40.14081941520468,49.04188040935673
성북구,수원시권선구,2,11600,2,104159,2,3240.58305,2,57.25483333333334,2,179.04933333333332,2,5800.0,52079.5,52.0795,1620.291525,28.62741666666667,89.52466666666666
성북구,수원시영통구,2,11400,2,99856,2,3234.194,2,29.275999999999996,2,154.55606666666665,2,5700.0,49928.0,49.928,1617.097,14.637999999999998,77.27803333333333
성북구,수원시장안구,1,5700,1,49905,1,7.88655,1,21.692,1,84.46045000000001,1,5700.0,49905.0,49.905,7.88655,21.692,84.46045000000001
성북구,수원시팔달구,1,5600,1,48661,1,1439.9912833333333,1,29.1255,1,92.76966666666667,1,5600.0,48661.0,48.661,1439.9912833333333,29.1255,92.76966666666667
성북구,안산시단원구,11,63800,11,567032,11,19928.912716666666,11,301.6945,11,1312.7034,11,5800.0,51548.36363636364,51.54836363636364,1811.7193378787879,27.426772727272727,119.33667272727274
성북구,안양시동안구,178,845900,178,6571897,178,8666.939866666668,178,9791.490016666667,178,14376.356666666667,178,4752.247191011236,36920.769662921346,36.920769662921344,48.690673408239704,55.00837088014981,80.76604868913857
성북구,안양시만안구,35,158900,35,1190179,35,6271.936566666667,35,1368.6975666666667,35,2429.3387666666667,35,4540.0,34005.114285714284,34.005114285714285,179.19818761904764,39.10564476190476,69.40967904761905
성북구,양주시,183,847000,183,6378276,183,4391.071666666667,183,7259.8622,183,13112.533633333334,183,4628.415300546448,34853.96721311475,34.85396721311475,23.994927140255008,39.6713781420765,71.65318925318762
성북구,양천구,388,1453900,388,8681735,388,30546.1884,388,18388.836316666668,388,23010.79915,388,3747.1649484536083,22375.605670103094,22.375605670103095,78.72728969072165,47.39390803264605,59.30618337628866
성북구,양평군,28,150300,28,1287103,28,41349.00988333333,28,802.66695,28,2221.0441166666665,28,5367.857142857143,45967.96428571428,45.96796428571428,1476.7503529761905,28.666676785714287,79.32300416666666
성북구,여주군,1,8000,1,82642,1,1476.3281166666668,1,55.169,1,103.65905,1,8000.0,82642.0,82.642,1476.3281166666668,55.169,103.65905
성북구,연천군,1,7800,1,80567,1,1904.7467166666668,1,22.71805,1,105.75745,1,7800.0,80567.0,80.567,1904.7467166666668,22.71805,105.75745
성북구,영등포구,375,1350200,375,7609392,375,27835.764266666665,375,14981.77675,375,16880.7476,375,3600.5333333333333,20291.712,20.291712,74.2287047111111,39.95140466666667,45.01532693333333
성북구,용산구,423,1273400,423,5282515,423,25693.92278333333,423,16094.77005,423,17107.411883333334,423,3010.401891252955,12488.21513002364,12.48821513002364,60.7421342395587,38.04910177304964,40.443054097714736
성북구,용인시기흥구,6,31600,6,263980,6,9677.122000000001,6,187.44026666666667,6,592.3171666666667,6,5266.666666666667,43996.666666666664,43.99666666666666,1612.8536666666669,31.240044444444447,98.71952777777778
성북구,용인시수지구,1,4800,1,37719,1,1622.5993833333334,1,18.492,1,73.24978333333334,1,4800.0,37719.0,37.719,1622.5993833333334,18.492,73.24978333333334
성북구,용인시처인구,1,6100,1,55260,1,1443.3307166666666,1,41.22371666666666,1,76.66166666666666,1,6100.0,55260.0,55.26,1443.3307166666666,41.22371666666666,76.66166666666666
성북구,은평구,378,1172400,378,4938803,378,37662.3015,378,15327.92145,378,14205.693783333334,378,3101.5873015873017,13065.616402116402,13.065616402116403,99.63571825396826,40.55005674603174,37.58120048500882
성북구,의왕시,4,18500,4,139751,4,6201.338683333333,4,121.358,4,247.98193333333333,4,4625.0,34937.75,34.93775,1550.3346708333333,30.3395,61.99548333333333
성북구,의정부시,314,1118200,314,6166573,314,12795.19105,314,13564.330416666668,314,17128.60746666667,314,3561.146496815287,19638.767515923566,19.638767515923565,40.74901608280255,43.198504511677285,54.54970530785563
성북구,종로구,3805,7333000,3805,21922326,3805,348756.3977,3805,142329.30328333334,3805,88824.64993333333,3805,1927.2010512483573,5761.452299605782,5.761452299605782,91.65739755584757,37.405861572492334,23.344191835304425
성북구,중구,1432,3168400,1432,11100215,1432,400667.7347166667,1432,51255.269466666665,1432,48645.32655,1432,2212.5698324022346,7751.546787709497,7.751546787709497,279.7959041317505,35.79278594040968,33.9702001047486
성북구,중랑구,1728,3760500,1728,11477261,1728,64024.193516666666,1728,63911.22388333333,1728,45852.2546,1728,2176.215277777778,6641.933449074074,6.641933449074074,37.051037914737655,36.9856619695216,26.534869560185186
성북구,파주시,8,50500,8,474044,8,13050.765766666667,8,247.56765,8,571.8710166666667,8,6312.5,59255.5,59.2555,1631.3457208333334,30.94595625,71.48387708333334
성북구,평택시,17,130700,17,1335130,17,30746.79076666667,17,478.40936666666664,17,1737.4915833333332,17,7688.235294117647,78537.05882352941,78.5370588235294,1808.6347509803923,28.14172745098039,102.20538725490195
성북구,하남시,91,363800,91,2344069,91,1425.9492333333333,91,3109.3883333333333,91,5010.34665,91,3997.802197802198,25759.0,25.759,15.669771794871794,34.169102564102566,55.0587543956044
성북구,화성시,5,32700,5,309240,5,7606.712116666667,5,216.18311666666665,5,474.6943333333333,5,6540.0,61848.0,61.848,1521.3424233333333,43.23662333333333,94.93886666666666
송파구,가평군,5,33500,5,321091,5,8428.255216666666,5,207.34173333333334,5,377.62455,5,6700.0,64218.2,64.2182,1685.6510433333333,41.46834666666667,75.52491
송파구,강남구,7059,14054800,7059,43339024,7059,590203.98385,7059,246403.13161666668,7059,151976.26096666665,7059,1991.0468904944044,6139.541578127213,6.139541578127213,83.61014079189687,34.906237656419705,21.529432067809413
송파구,강동구,9086,20338100,9086,67577823,9086,1201575.7946,9086,361054.1575833333,9086,206592.55946666666,9086,2238.399735857363,7437.576821483601,7.437576821483601,132.2447495707682,39.737415538557485,22.737459769608922
송파구,강북구,649,2477100,649,15156190,649,24622.446050000002,649,25870.289883333335,649,34251.741683333334,649,3816.7950693374423,23353.143297380586,23.353143297380587,37.93905400616333,39.86177177709297,52.77618133025167
송파구,강서구,674,3039500,674,22383531,674,314617.9247833333,674,27164.228266666665,674,45827.0455,674,4509.643916913947,33209.986646884274,33.209986646884275,466.7921732690405,40.30300929772502,67.99264910979228
송파구,계양구,4,20100,4,160743,4,3953.606133333333,4,112.93555,4,402.23633333333333,4,5025.0,40185.75,40.18575,988.4015333333333,28.2338875,100.55908333333333
송파구,고양시덕양구,280,1387800,280,11053639,280,41683.00373333333,280,22002.56945,280,18660.195416666666,280,4956.428571428572,39477.28214285714,39.47728214285714,148.86787047619046,78.58060517857143,66.6435550595238
송파구,고양시일산동구,86,504500,86,3908605,86,6344.82795,86,4091.3546,86,6791.361866666667,86,5866.279069767442,45448.895348837206,45.448895348837205,73.7770691860465,47.57389069767442,78.96932403100776
송파구,고양시일산서구,76,444800,76,3975721,76,5472.64575,76,4631.606333333333,76,6825.6568,76,5852.631578947368,52312.11842105263,52.31211842105263,72.00849671052632,60.94218859649123,89.81127368421052
송파구,과천시,20,68400,20,362884,20,608.9852333333333,20,1023.9518333333333,20,1027.71055,20,3420.0,18144.2,18.1442,30.449261666666665,51.19759166666667,51.3855275
송파구,관악구,316,1138200,316,6412347,316,19055.8215,316,13295.4488,316,18610.793883333332,316,3601.8987341772154,20292.23734177215,20.29223734177215,60.3032325949367,42.07420506329114,58.89491735232067
송파구,광명시,45,197700,45,1413170,45,1268.2687666666666,45,2327.30595,45,3639.4412333333335,45,4393.333333333333,31403.777777777777,31.403777777777776,28.18375037037037,51.717909999999996,80.87647185185186
송파구,광주시,135,530100,135,3366031,135,121689.64788333334,135,5090.367266666666,135,6629.659633333334,135,3926.6666666666665,24933.562962962962,24.933562962962963,901.4047991358025,37.70642419753086,49.10858987654321
송파구,광진구,3594,8154300,3594,27090880,3594,497023.79383333336,3594,133543.87358333333,3594,80503.73958333333,3594,2268.864774624374,7537.807456872565,7.5378074568725655,138.29265270821742,37.15744952235207,22.399482354850676
송파구,구로구,259,1131800,259,8069115,259,7084.831716666667,259,11629.859466666667,259,18882.247166666664,259,4369.88416988417,31154.88416988417,31.15488416988417,27.35456261261261,44.90293230373231,72.90442921492921
송파구,구리시,193,600000,193,2536611,193,3508.5420166666668,193,6694.637916666667,193,5407.039383333334,193,3108.8082901554403,13143.062176165804,13.143062176165804,18.178974179620035,34.687243091537134,28.015748100172715
송파구,군포시,44,186900,44,1289927,44,79387.05216666666,44,1446.3104333333333,44,2570.8717166666665,44,4247.727272727273,29316.522727272728,29.316522727272726,1804.2511856060605,32.870691666666666,58.42890265151515
송파구,금천구,114,456200,114,2961325,114,4068.8744833333335,114,4962.178916666667,114,7264.21535,114,4001.754385964912,25976.535087719298,25.9765350877193,35.69188143274854,43.52788523391813,63.721187280701756
송파구,김포시,343,2113100,343,19561003,343,10827.4417,343,11912.24955,343,29860.776733333332,343,6160.64139941691,57029.163265306124,57.029163265306124,31.566885422740523,34.729590524781344,87.05765811467444
송파구,남구,1,6500,1,61917,1,1802.8724499999998,1,11.073283333333334,1,62.670100000000005,1,6500.0,61917.0,61.917,1802.8724499999998,11.073283333333334,62.670100000000005
송파구,남동구,13,77200,13,698345,13,21895.417133333332,13,302.7216166666667,13,1058.81585,13,5938.461538461538,53718.846153846156,53.71884615384616,1684.2628564102563,23.28627820512821,81.44737307692307
송파구,남양주시,699,2834800,699,17768984,699,20106.044983333333,699,28399.59155,699,30486.61245,699,4055.507868383405,25420.577968526468,25.42057796852647,28.764012851692893,40.62888633762518,43.61461008583691
송파구,노원구,1531,5799300,1531,34475917,1531,69929.64278333333,1531,71877.75113333334,1531,81981.54215,1531,3787.91639451339,22518.561071195298,22.518561071195297,45.67579541693882,46.948237187023736,53.547708785107766
송파구,도봉구,382,1511800,382,9668197,382,7960.107933333333,382,15906.539916666667,382,20573.695466666668,382,3957.5916230366493,25309.416230366493,25.30941623036649,20.837978883071553,41.64015684991274,53.857841535776615
송파구,동대문구,877,2780800,877,12063581,877,46643.856433333334,877,33889.19748333334,877,33765.21196666666,877,3170.8095781071834,13755.508551881414,13.755508551881414,53.18569718738122,38.642186412010645,38.500811820600525
송파구,동두천시,4,24000,4,216288,4,4412.281333333333,4,95.18438333333333,4,300.9171666666667,4,6000.0,54072.0,54.072,1103.0703333333333,23.796095833333332,75.22929166666667
송파구,동작구,293,1029200,293,5558553,293,14814.493400000001,293,12345.2912,293,15066.216366666667,293,3512.6279863481227,18971.170648464165,18.971170648464167,50.56141092150171,42.13409965870307,51.42053367463026
송파구,마포구,271,1092000,271,7127240,271,7924.799216666666,271,11911.982533333334,271,14129.5324,271,4029.520295202952,26299.77859778598,26.299778597785977,29.242801537515373,43.95565510455105,52.13849594095941
송파구,부천시소사구,51,274300,51,2322995,51,3708.878716666667,51,2399.5309333333335,51,3801.6513666666665,51,5378.431372549019,45548.92156862745,45.54892156862745,72.72311209150328,47.04962614379085,74.54218366013072
송파구,부천시오정구,31,145500,31,1149377,31,1353.8164333333334,31,1363.1013333333333,31,2132.7504166666668,31,4693.548387096775,37076.67741935484,37.076677419354844,43.67149784946237,43.97101075268817,68.79840053763441
송파구,부천시원미구,285,1463800,285,11916710,285,36314.817266666665,285,17972.920983333333,285,20794.440833333334,285,5136.140350877193,41813.01754385965,41.81301754385965,127.4204114619883,63.06288064327485,72.96295029239766
송파구,부평구,13,70300,13,599352,13,20814.403583333333,13,470.56435,13,1167.4511,13,5407.692307692308,46104.0,46.104,1601.107967948718,36.197257692307694,89.80393076923077
송파구,서구,11,60300,11,518416,11,11175.599983333334,11,482.34795,11,1185.1808333333333,11,5481.818181818182,47128.72727272727,47.128727272727275,1015.9636348484848,43.84981363636364,107.74371212121213
송파구,서대문구,527,2167400,527,13914832,527,80088.4295,527,25475.928816666667,527,31321.523116666667,527,4112.713472485769,26403.85578747628,26.40385578747628,151.97045445920304,48.34142090449083,59.43363020240354
송파구,서초구,2219,6419700,2219,24759669,2219,236767.08484999998,2219,102453.86495,2219,84168.0378,2219,2893.0599369085176,11158.030193780982,11.158030193780982,106.69990304191076,46.17118744930149,37.93061640378549
송파구,성남시분당구,842,2961600,842,14815133,842,38380.74836666667,842,37625.7529,842,32803.069716666665,842,3517.3396674584324,17595.169833729215,17.595169833729216,45.582836539984164,44.686167339667456,38.95851510292953
송파구,성남시수정구,783,1694500,783,5400323,783,28982.9363,783,32450.194716666665,783,17302.697066666668,783,2164.1123882503193,6896.964240102171,6.896964240102171,37.015244316730524,41.44341598552575,22.09795283099191
송파구,성남시중원구,241,682400,241,2623637,241,19705.819883333334,241,9496.385583333333,241,7868.5774,241,2831.5352697095436,10886.460580912862,10.886460580912862,81.76688748271093,39.40408955739972,32.64969875518672
송파구,성동구,995,3076700,995,12701916,995,222235.4309,995,36480.481916666664,995,35216.13431666667,995,3092.1608040201004,12765.74472361809,12.765744723618091,223.35219185929648,36.66380092127303,35.393099815745394
송파구,성북구,410,1466800,410,8172675,410,27811.597766666666,410,17383.273666666668,410,19348.23495,410,3577.560975609756,19933.353658536584,19.933353658536582,67.83316528455285,42.39822845528455,47.19081695121951
송파구,송파구,21337,35676700,21337,79588010,21337,1648973.5934166666,21337,775407.38005,21337,313482.01503333333,21337,1672.0579275437035,3730.0468669447437,3.7300468669447437,77.28235428676321,36.34097483479402,14.69194427676493
송파구,수원시권선구,2,10400,2,86322,2,3532.222116666667,2,29.19161666666667,2,118.01716666666667,2,5200.0,43161.0,43.161,1766.1110583333334,14.595808333333334,59.008583333333334
송파구,수원시영통구,12,60500,12,486172,12,22145.45696666667,12,252.0453,12,847.3358833333334,12,5041.666666666667,40514.333333333336,40.51433333333333,1845.4547472222223,21.003775,70.61132361111112
송파구,수원시장안구,4,19700,4,154045,4,1553.3398333333332,4,142.99533333333332,4,261.95765,4,4925.0,38511.25,38.51125,388.3349583333333,35.74883333333333,65.4894125
송파구,수원시팔달구,8,35400,8,255627,8,10435.2171,8,271.5174333333333,8,505.57866666666666,8,4425.0,31953.375,31.953375,1304.4021375,33.939679166666664,63.19733333333333
송파구,시흥시,1,6100,1,55149,1,1777.5478333333333,1,18.579116666666668,1,70.34155000000001,1,6100.0,55149.0,55.149,1777.5478333333333,18.579116666666668,70.34155000000001
송파구,안산시단원구,7,38500,7,326387,7,7210.5525,7,473.7185166666667,7,561.8449833333334,7,5500.0,46626.71428571428,46.626714285714286,1030.0789285714286,67.67407380952382,80.26356904761906
송파구,안산시상록구,3,16300,3,139116,3,5287.961283333334,3,79.19104999999999,3,277.0837333333333,3,5433.333333333333,46372.0,46.372,1762.6537611111114,26.397016666666662,92.36124444444444
송파구,안성시,6,42400,6,415282,6,10196.1995,6,135.05548333333334,6,427.37111666666664,6,7066.666666666667,69213.66666666667,69.21366666666667,1699.3665833333334,22.509247222222225,71.22851944444444
송파구,안양시동안구,60,236900,60,1521578,60,1881.8937666666666,60,2958.545416666667,60,3538.3359833333334,60,3948.3333333333335,25359.633333333335,25.359633333333335,31.36489611111111,49.30909027777778,58.97226638888889
송파구,안양시만안구,17,71900,17,496256,17,366.61775,17,643.00665,17,1098.3429833333334,17,4229.411764705882,29191.529411764706,29.191529411764705,21.56575,37.823920588235296,64.60841078431373
송파구,양주시,120,638800,120,5432611,120,2124.0762833333333,120,4604.2261,120,7617.374566666666,120,5323.333333333333,45271.75833333333,45.27175833333333,17.700635694444443,38.36855083333333,63.47812138888889
송파구,양천구,199,862900,199,6101861,199,9506.393183333334,199,10276.0047,199,13923.9518,199,4336.180904522613,30662.618090452263,30.662618090452263,47.77082001675042,51.63821457286432,69.96960703517588
송파구,양평군,35,183500,35,1540944,35,58355.453199999996,35,885.0516166666666,35,2276.2487833333334,35,5242.857142857143,44026.97142857143,44.02697142857143,1667.2986628571427,25.287189047619048,65.03567952380952
송파구,여주군,4,28500,4,282344,4,6659.612833333334,4,63.2641,4,399.8826833333333,4,7125.0,70586.0,70.586,1664.9032083333334,15.816025,99.97067083333333
송파구,연천군,2,14000,2,137278,2,3656.134,2,39.78261666666667,2,182.34121666666667,2,7000.0,68639.0,68.639,1828.067,19.891308333333335,91.17060833333333
송파구,영등포구,514,2011900,514,12680402,514,40551.9237,514,22916.627416666666,514,30770.89935,514,3914.2023346303504,24670.04280155642,24.67004280155642,78.89479319066147,44.58487824254215,59.86556293774319
송파구,오산시,4,22400,4,193539,4,1696.01105,4,136.83143333333334,4,298.51646666666664,4,5600.0,48384.75,48.38475,424.0027625,34.207858333333334,74.62911666666666
송파구,용산구,370,1272800,370,6706491,370,19266.877733333335,370,15849.093566666666,370,15417.650916666667,370,3440.0,18125.651351351353,18.12565135135135,52.07264252252253,42.835388018018016,41.6693268018018
송파구,용인시기흥구,18,82200,18,611204,18,13529.303433333333,18,663.1345666666666,18,1168.7705999999998,18,4566.666666666667,33955.77777777778,33.95577777777778,751.6279685185185,36.84080925925926,64.93169999999999
송파구,용인시수지구,13,58400,13,430262,13,22400.980566666665,13,372.1728333333333,13,803.4557,13,4492.307692307692,33097.07692307692,33.09707692307692,1723.152351282051,28.628679487179486,61.80428461538462
송파구,용인시처인구,31,132300,31,948166,31,55777.507366666665,31,830.4384666666667,31,1891.7989333333335,31,4267.741935483871,30586.0,30.586,1799.2744311827958,26.788337634408602,61.025772043010754
송파구,은평구,535,2379400,535,17266030,535,46173.47803333333,535,22155.758116666668,535,34135.06955,535,4447.476635514019,32272.953271028036,32.27295327102804,86.30556641744548,41.41263199376947,63.80386831775701
송파구,의왕시,3,13000,3,92122,3,4448.27595,3,84.13749999999999,3,152.0426,3,4333.333333333333,30707.333333333332,30.70733333333333,1482.75865,28.04583333333333,50.68086666666667
송파구,의정부시,469,2135500,469,15837129,469,14529.653016666667,469,27672.042633333334,469,21492.788950000002,469,4553.304904051172,33767.86567164179,33.76786567164179,30.98007039800995,59.00222309879176,45.8268421108742
송파구,이천시,55,301300,55,2577792,55,98903.81905,55,969.5515,55,2834.304866666667,55,5478.181818181818,46868.94545454546,46.868945454545454,1798.2512554545456,17.628209090909092,51.53281575757576
송파구,종로구,488,1687800,488,8883756,488,126416.35725,488,19974.00995,488,27294.382983333333,488,3458.6065573770493,18204.418032786885,18.204418032786887,259.049912397541,40.93034825819672,55.931112670765025
송파구,중구,582,2362800,582,15553247,582,181793.72935,582,23067.312283333333,582,31660.710333333333,582,4059.7938144329896,26723.79209621993,26.72379209621993,312.3603597079038,39.63455718785796,54.399845933562425
송파구,중랑구,1029,3370700,1029,16244310,1029,41808.74616666667,1029,43632.377916666665,1029,43159.88875,1029,3275.7045675413024,15786.501457725948,15.786501457725947,40.63046274700357,42.402699627470035,41.943526482021376
송파구,파주시,4,28200,4,277319,4,3500.3411666666666,4,122.34834999999998,4,349.7042,4,7050.0,69329.75,69.32975,875.0852916666666,30.587087499999996,87.42605
송파구,평택시,11,85700,11,877915,11,19883.451383333333,11,244.05558333333335,11,1014.3237666666666,11,7790.909090909091,79810.45454545454,79.81045454545455,1807.5864893939395,22.186871212121215,92.21125151515152
송파구,포천시,20,120700,20,1101943,20,35123.509933333335,20,365.2556666666667,20,1274.5493333333332,20,6035.0,55097.15,55.09715,1756.1754966666667,18.262783333333335,63.72746666666666
송파구,하남시,1912,4892600,1912,17891414,1912,153882.60028333333,1912,78040.19293333332,1912,48713.35785,1912,2558.8912133891213,9357.43410041841,9.35743410041841,80.48253152894003,40.81600048814504,25.477697620292886
송파구,화성시,20,92800,20,709234,20,34669.88961666667,20,495.7463,20,1119.10125,20,4640.0,35461.7,35.4617,1733.4944808333335,24.787315,55.9550625
수원시장안구,성북구,1,6100,1,55264,1,114.91955,1,3.6571166666666666,1,74.68938333333334,1,6100.0,55264.0,55.264,114.91955,3.6571166666666666,74.68938333333334
시흥시,부천시원미구,1,2000,1,6299,1,11.247833333333334,1,43.58416666666667,1,22.311783333333334,1,2000.0,6299.0,6.299,11.247833333333334,43.58416666666667,22.311783333333334
안양시동안구,강남구,8,29300,8,167717,8,921.9747166666667,8,23.00395,8,328.87155,8,3662.5,20964.625,20.964625,115.24683958333334,2.87549375,41.10894375
안양시동안구,강동구,9,36100,9,243995,9,1039.8004833333334,9,-59.26945,9,355.45115,9,4011.1111111111113,27110.555555555555,27.110555555555553,115.53338703703704,-6.5854944444444445,39.49457222222222
안양시동안구,관악구,5,15400,5,64515,5,521.8097666666667,5,-64.89904999999999,5,179.29393333333334,5,3080.0,12903.0,12.903,104.36195333333335,-12.979809999999997,35.85878666666667
안양시동안구,구로구,2,6600,2,32530,2,193.17388333333332,2,-39.3895,2,61.299400000000006,2,3300.0,16265.0,16.265,96.58694166666666,-19.69475,30.649700000000003
안양시동안구,금천구,4,12100,4,49137,4,139.41235,4,68.36426666666667,4,158.50968333333333,4,3025.0,12284.25,12.28425,34.8530875,17.091066666666666,39.62742083333333
안양시동안구,노원구,5,26400,5,219937,5,730.3565666666666,5,-34.710166666666666,5,419.15184999999997,5,5280.0,43987.4,43.9874,146.0713133333333,-6.942033333333333,83.83036999999999
안양시동안구,동대문구,1,4100,1,27815,1,97.9745,1,-9.946666666666665,1,53.81828333333333,1,4100.0,27815.0,27.815,97.9745,-9.946666666666665,53.81828333333333
안양시동안구,서초구,3,9800,3,45010,3,503.58921666666663,3,-10.500716666666667,3,118.14033333333333,3,3266.6666666666665,15003.333333333334,15.003333333333334,167.8630722222222,-3.500238888888889,39.38011111111111
안양시동안구,성동구,1,3900,1,24957,1,131.98345,1,-30.566,1,84.16905,1,3900.0,24957.0,24.957,131.98345,-30.566,84.16905
안양시동안구,성북구,1,4700,1,36523,1,33.148716666666665,1,-28.217333333333332,1,67.65666666666667,1,4700.0,36523.0,36.523,33.148716666666665,-28.217333333333332,67.65666666666667
안양시동안구,송파구,2,7700,2,47380,2,149.98428333333334,2,-160.57666666666668,2,124.5519,2,3850.0,23690.0,23.69,74.99214166666667,-80.28833333333334,62.27595
안양시동안구,종로구,3,12200,3,81236,3,322.03583333333336,3,-83.86326666666666,3,155.92603333333335,3,4066.6666666666665,27078.666666666668,27.078666666666667,107.34527777777778,-27.95442222222222,51.97534444444445
안양시동안구,중랑구,1,5400,1,45350,1,58.352716666666666,1,19.317166666666665,1,48.925333333333334,1,5400.0,45350.0,45.35,58.352716666666666,19.317166666666665,48.925333333333334
안양시만안구,강동구,1,4300,1,29747,1,9.023666666666665,1,-2.5387166666666667,1,95.4636,1,4300.0,29747.0,29.747,9.023666666666665,-2.5387166666666667,95.4636
안양시만안구,강북구,1,4300,1,30389,1,130.81538333333333,1,18.63505,1,114.02166666666668,1,4300.0,30389.0,30.389,130.81538333333333,18.63505,114.02166666666668
안양시만안구,강서구,3,11300,3,65622,3,298.37833333333333,3,15.800166666666662,3,261.3586,3,3766.6666666666665,21874.0,21.874,99.45944444444444,5.266722222222221,87.11953333333334
안양시만안구,관악구,12,36100,12,158450,12,1003.9841166666666,12,79.74338333333333,12,395.59839999999997,12,3008.3333333333335,13204.166666666666,13.204166666666666,83.66534305555555,6.645281944444444,32.96653333333333
안양시만안구,광진구,1,4300,1,30825,1,61.42955,1,33.16661666666667,1,66.59883333333333,1,4300.0,30825.0,30.825,61.42955,33.16661666666667,66.59883333333333
안양시만안구,구로구,3,8600,3,31239,3,162.21895,3,36.367116666666675,3,96.91006666666667,3,2866.6666666666665,10413.0,10.413,54.07298333333333,12.122372222222225,32.303355555555555
안양시만안구,금천구,3,6000,3,19462,3,120.24433333333333,3,-38.57588333333334,3,67.08978333333333,3,2000.0,6487.333333333333,6.487333333333333,40.08144444444444,-12.858627777777778,22.36326111111111
안양시만안구,마포구,2,7600,2,47744,2,187.54688333333334,2,-37.7795,2,100.1116,2,3800.0,23872.0,23.872,93.77344166666667,-18.88975,50.0558
안양시만안구,서대문구,4,18300,4,136007,4,353.87121666666667,4,-121.35355000000001,4,289.9313833333333,4,4575.0,34001.75,34.00175,88.46780416666667,-30.338387500000003,72.48284583333333
안양시만안구,서초구,2,8400,2,56937,2,225.29306666666668,2,4.7655666666666665,2,85.86066666666667,2,4200.0,28468.5,28.4685,112.64653333333334,2.3827833333333333,42.93033333333334
안양시만안구,성북구,4,29900,4,302631,4,474.19554999999997,4,-59.81438333333334,4,620.3515500000001,4,7475.0,75657.75,75.65775,118.54888749999999,-14.953595833333335,155.08788750000002
안양시만안구,송파구,1,3800,1,23964,1,86.85111666666667,1,15.302283333333332,1,59.5415,1,3800.0,23964.0,23.964,86.85111666666667,15.302283333333332,59.5415
안양시만안구,양천구,4,12600,4,57454,4,351.09099999999995,4,-51.53961666666666,4,159.60733333333334,4,3150.0,14363.5,14.3635,87.77274999999999,-12.884904166666665,39.901833333333336
안양시만안구,영등포구,10,28300,10,104438,10,997.20145,10,-52.651483333333324,10,382.73265000000004,10,2830.0,10443.8,10.4438,99.720145,-5.265148333333332,38.273265
안양시만안구,은평구,3,12100,3,79510,3,316.6743333333333,3,-13.305383333333332,3,205.87993333333333,3,4033.3333333333335,26503.333333333332,26.503333333333334,105.5581111111111,-4.435127777777777,68.62664444444444
안양시만안구,종로구,2,7500,2,43714,2,79.64721666666667,2,106.89661666666666,2,124.08943333333333,2,3750.0,21857.0,21.857,39.82360833333333,53.44830833333333,62.044716666666666
안양시만안구,중랑구,1,4900,1,38926,1,184.32895,1,-0.30905,1,85.50466666666667,1,4900.0,38926.0,38.926,184.32895,-0.30905,85.50466666666667
양주시,강남구,8,43400,8,370891,8,918.8104500000001,8,-132.36761666666666,8,638.1155166666666,8,5425.0,46361.375,46.361375,114.85130625000001,-16.545952083333333,79.76443958333333
양주시,강동구,17,118900,17,1166603,17,2234.7799333333332,17,-123.83588333333336,17,1828.3565333333333,17,6994.117647058823,68623.70588235294,68.62370588235294,131.4576431372549,-7.284463725490197,107.55038431372549
양주시,강북구,22,93300,22,644331,22,2098.6233833333335,22,-151.2666,22,1357.4784333333332,22,4240.909090909091,29287.772727272728,29.287772727272728,95.39197196969698,-6.875754545454546,61.70356515151514
양주시,강서구,102,589200,102,5232752,102,12918.307616666667,102,-687.1615833333333,102,7897.048983333333,102,5776.470588235294,51301.490196078434,51.30149019607843,126.65007467320261,-6.7368782679738555,77.42204885620914
양주시,관악구,34,206400,34,1883720,34,5290.365433333333,34,15.78315,34,3538.681383333333,34,6070.588235294118,55403.529411764706,55.40352941176471,155.59898333333334,0.464210294117647,104.07886421568627
양주시,구로구,2,12800,2,120906,2,265.49895000000004,2,19.893216666666667,2,310.62595,2,6400.0,60453.0,60.453,132.74947500000002,9.946608333333334,155.312975
양주시,노원구,49,196200,49,1266289,49,4503.537216666667,49,57.287349999999996,49,2483.5833000000002,49,4004.081632653061,25842.632653061224,25.842632653061223,91.90892278911565,1.1691295918367346,50.68537346938776
양주시,도봉구,26,98400,26,590374,26,2423.796516666667,26,-132.71553333333333,26,1078.2060666666666,26,3784.6153846153848,22706.69230769231,22.706692307692308,93.22294294871796,-5.10444358974359,41.4694641025641
양주시,동대문구,6,28100,6,214750,6,847.7016666666666,6,-11.003633333333337,6,389.62458333333336,6,4683.333333333333,35791.666666666664,35.791666666666664,141.2836111111111,-1.8339388888888895,64.93743055555557
양주시,동작구,7,43000,7,396742,7,1000.2433833333333,7,-69.42541666666666,7,782.3566,7,6142.857142857143,56677.42857142857,56.67742857142857,142.8919119047619,-9.917916666666667,111.76522857142857
양주시,마포구,11,39300,11,269117,11,1014.0658,11,-61.2367,11,609.7194166666666,11,3572.7272727272725,24465.18181818182,24.46518181818182,92.1878,-5.566972727272727,55.429037878787874
양주시,서대문구,7,35700,7,293286,7,941.2870333333333,7,26.270766666666663,7,560.1620333333334,7,5100.0,41898.0,41.898,134.46957619047618,3.752966666666666,80.02314761904763
양주시,서초구,2,11200,2,96806,2,228.19483333333332,2,14.930499999999999,2,166.1125,2,5600.0,48403.0,48.403,114.09741666666666,7.465249999999999,83.05625
양주시,성동구,7,33900,7,265103,7,744.94095,7,26.583066666666667,7,450.17403333333334,7,4842.857142857143,37871.857142857145,37.871857142857145,106.42013571428572,3.7975809523809523,64.3105761904762
양주시,성북구,55,336000,55,3103020,55,7231.2873,55,-847.1329499999999,55,6072.034383333334,55,6109.090909090909,56418.545454545456,56.41854545454546,131.4779509090909,-15.402417272727272,110.40062515151516
양주시,송파구,9,53000,9,474782,9,965.1168666666666,9,-101.10645,9,818.39905,9,5888.888888888889,52753.555555555555,52.75355555555556,107.2352074074074,-11.23405,90.93322777777777
양주시,양천구,1,5900,1,53149,1,98.14,1,10.313166666666666,1,81.05516666666668,1,5900.0,53149.0,53.149,98.14,10.313166666666666,81.05516666666668
양주시,영등포구,4,25200,4,235639,4,512.6047666666667,4,-157.55210000000002,4,357.8058666666667,4,6300.0,58909.75,58.90975,128.15119166666668,-39.388025000000006,89.45146666666668
양주시,용산구,1,3800,1,23423,1,134.53771666666665,1,-48.91838333333333,1,85.15450000000001,1,3800.0,23423.0,23.423,134.53771666666665,-48.91838333333333,85.15450000000001
양주시,은평구,24,82500,24,446306,24,2026.0825666666667,24,82.3622,24,1179.9454833333334,24,3437.5,18596.083333333332,18.596083333333333,84.42010694444444,3.4317583333333332,49.16439513888889
양주시,중구,29,177600,29,1627827,29,4471.043683333333,29,-192.28763333333333,29,2331.4263333333333,29,6124.137931034483,56131.96551724138,56.131965517241376,154.17392011494252,-6.630608045977011,80.39401149425288
양주시,중랑구,27,121300,27,888075,27,2806.8612166666667,27,-17.857333333333337,27,1602.2466166666666,27,4492.592592592592,32891.666666666664,32.891666666666666,103.95782283950618,-0.6613827160493828,59.34246728395061
양천구,가평군,18,147900,18,1551086,18,30597.718616666665,18,540.3009166666667,18,2353.6673666666666,18,8216.666666666666,86171.44444444444,86.17144444444443,1699.8732564814813,30.016717592592595,130.75929814814813
양천구,강남구,254,1079900,254,6267077,254,26565.12761666667,254,12160.454533333334,254,16624.553966666666,254,4251.574803149606,24673.53149606299,24.673531496062992,104.58711660104987,47.875805249343834,65.4509998687664
양천구,강동구,239,1139300,239,7571055,239,35316.324766666665,239,10131.036883333334,239,17399.582966666665,239,4766.94560669456,31678.05439330544,31.67805439330544,147.76704923291493,42.38927566248257,72.80160237099022
양천구,강북구,93,364300,93,2299415,93,3183.2270333333336,93,3705.015066666667,93,5508.10275,93,3917.2043010752686,24724.892473118278,24.724892473118278,34.2282476702509,39.838871684587815,59.22691129032258
양천구,강서구,8621,17458600,8621,53274445,8621,1319649.9786666667,8621,325538.10836666665,8621,204839.75823333333,8621,2025.1246955109616,6179.613153926459,6.179613153926459,153.07388686540617,37.761061172331125,23.760556575029966
양천구,계양구,192,617800,192,2826340,192,324110.7931333333,192,4837.775233333333,192,5779.825883333333,192,3217.7083333333335,14720.520833333334,14.720520833333333,1688.0770475694444,25.19674600694444,30.103259809027776
양천구,고양시덕양구,303,906000,303,4066047,303,25811.631699999998,303,12306.39285,303,10114.45635,303,2990.09900990099,13419.29702970297,13.41929702970297,85.18690330033003,40.61515792079208,33.381044059405944
양천구,고양시일산동구,185,701300,185,4206773,185,15340.9395,185,6319.3639,185,7658.267466666666,185,3790.810810810811,22739.313513513513,22.739313513513512,82.9239972972973,34.158723783783785,41.39604036036036
양천구,고양시일산서구,72,336600,72,1942977,72,1088.62155,72,2395.1433833333335,72,3272.030816666667,72,4675.0,26985.791666666668,26.985791666666668,15.119743750000001,33.265880324074075,45.44487245370371
양천구,과천시,6,20200,6,111257,6,1471.9982666666667,6,209.44421666666665,6,328.328,6,3366.6666666666665,18542.833333333332,18.54283333333333,245.33304444444445,34.90736944444444,54.72133333333333
양천구,관악구,380,1100200,380,4166651,380,10612.47285,380,12440.619783333334,380,13084.91885,380,2895.2631578947367,10964.871052631579,10.96487105263158,27.927560131578947,32.73847311403509,34.43399697368421
양천구,광명시,1425,3216100,1425,10661627,1425,46475.3903,1425,57934.174516666666,1425,36444.66415,1425,2256.9122807017543,7481.84350877193,7.48184350877193,32.61430898245614,40.655561064327486,25.575202912280698
양천구,광주시,7,40500,7,358737,7,3917.400716666667,7,504.9963333333333,7,566.3661833333333,7,5785.714285714285,51248.142857142855,51.24814285714285,559.6286738095239,72.14233333333333,80.90945476190475
양천구,광진구,197,815900,197,5475564,197,60430.08333333333,197,6722.330966666666,197,10976.840533333334,197,4141.624365482234,27794.74111675127,27.79474111675127,306.7516920473773,34.12350744500846,55.72000270727581
양천구,구로구,5590,9495600,5590,26299631,5590,970900.8483,5590,199884.78028333333,5590,98742.32838333334,5590,1698.6762075134168,4704.764042933811,4.704764042933811,173.68530381037567,35.75756355694693,17.664101678592726
양천구,구리시,6,28200,6,216985,6,171.65734999999998,6,312.91995,6,424.07381666666663,6,4700.0,36164.166666666664,36.16416666666667,28.60955833333333,52.153324999999995,70.67896944444443
양천구,금천구,613,1589700,613,5421919,613,103251.98425,613,23920.03905,613,17369.025433333332,613,2593.3115823817293,8844.892332789559,8.84489233278956,168.43716843393148,39.02127088091354,28.334462370853725
양천구,김포시,268,1057300,268,6751896,268,7547.993833333333,268,12577.145133333333,268,11818.405033333333,268,3945.1492537313434,25193.641791044774,25.193641791044776,28.16415609452736,46.929646019900495,44.098526243781095
양천구,남구,25,98600,25,629151,25,37556.96366666667,25,913.7736166666666,25,1483.7515666666666,25,3944.0,25166.04,25.166040000000002,1502.278546666667,36.550944666666666,59.350062666666666
양천구,남동구,18,66300,18,379723,18,11174.100066666666,18,444.61261666666667,18,932.9205999999999,18,3683.3333333333335,21095.722222222223,21.09572222222222,620.783337037037,24.700700925925926,51.82892222222222
양천구,남양주시,78,416300,78,3516573,78,11185.016483333333,78,3535.97305,78,6040.763083333333,78,5337.179487179487,45084.269230769234,45.08426923076924,143.39764722222222,45.33298782051282,77.44568055555555
양천구,노원구,291,1238400,291,8638019,291,20594.9437,291,12845.873,291,17253.15665,291,4255.670103092783,29683.91408934708,29.68391408934708,70.77300240549827,44.143893470790374,59.28919810996564
양천구,도봉구,126,537800,126,3754163,126,2781.8825166666666,126,5333.520183333333,126,8656.283316666666,126,4268.253968253968,29794.944444444445,29.794944444444447,22.07843267195767,42.32952526455026,68.70066124338624
양천구,동대문구,227,958500,227,6619610,227,115111.70836666666,227,7315.767616666667,227,15361.688900000001,227,4222.466960352423,29161.277533039647,29.161277533039648,507.1000368575624,32.22805117474303,67.67263832599119
양천구,동작구,958,2509100,958,8740582,958,75233.88228333334,958,34865.64173333333,958,30110.737366666668,958,2619.1022964509393,9123.780793319416,9.123780793319415,78.53223620389701,36.39419805149617,31.43083232428671
양천구,마포구,2334,6174000,2334,21412317,2334,267412.87025,2334,84653.6755,2334,60909.59253333333,2334,2645.2442159383036,9174.086118251927,9.174086118251928,114.57278074121679,36.26978384747215,26.0966548986004
양천구,부천시소사구,296,784500,296,3012966,296,23549.376616666665,296,10463.862933333334,296,9393.279616666667,296,2650.337837837838,10178.93918918919,10.17893918918919,79.55870478603603,35.35088828828829,31.73405275900901
양천구,부천시오정구,492,888800,492,2590213,492,12411.01255,492,19634.363283333332,492,8593.755133333334,492,1806.5040650406504,5264.660569105691,5.264660569105692,25.22563526422764,39.907242445799454,17.466981978319783
양천구,부천시원미구,763,1932900,763,6740202,763,28492.280450000002,763,31650.047266666665,763,19097.262183333332,763,2533.2896461336827,8833.816513761469,8.83381651376147,37.3424383355177,41.48105801660113,25.029177173438182
양천구,부평구,131,428200,131,2036105,131,25262.135383333334,131,5628.802883333334,131,5088.68395,131,3268.702290076336,15542.786259541985,15.542786259541984,192.84072811704834,42.96796094147583,38.84491564885496
양천구,서구,16,55300,16,291671,16,22187.711616666667,16,549.4354833333333,16,596.68035,16,3456.25,18229.4375,18.2294375,1386.7319760416667,34.33971770833333,37.292521875
양천구,서대문구,1886,5692800,1886,21858819,1886,613859.2474166667,1886,66716.94381666667,1886,76673.60885,1886,3018.451749734889,11590.04188759279,11.59004188759279,325.4821036143514,35.37483765464829,40.65408740721103
양천구,서초구,427,1462600,427,7524048,427,72350.03991666666,427,16735.680916666668,427,23062.26753333333,427,3425.2927400468384,17620.72131147541,17.620721311475407,169.4380325917252,39.193632123341146,54.00999422326307
양천구,성남시분당구,35,176900,35,1430155,35,1718.44725,35,1406.9133333333332,35,2747.1267333333335,35,5054.285714285715,40861.57142857143,40.86157142857143,49.09849285714286,40.19752380952381,78.48933523809524
양천구,성남시수정구,23,105300,23,785539,23,1289.6268333333333,23,953.6071666666667,23,1687.4959,23,4578.260869565217,34153.86956521739,34.15386956521739,56.07073188405797,41.46118115942029,73.36938695652174
양천구,성남시중원구,62,292800,62,2258912,62,2170.5214,62,3813.3515500000003,62,3822.418416666667,62,4722.580645161291,36434.06451612903,36.43406451612903,35.00840967741936,61.505670161290325,61.651909946236565
양천구,성동구,284,1099700,284,6832319,284,35555.6647,284,11409.794983333333,284,15734.799383333333,284,3872.1830985915494,24057.461267605635,24.057461267605635,125.19600246478873,40.17533444835681,55.404223180751174
양천구,성북구,244,923200,244,5560170,244,8823.261849999999,244,13727.13505,244,13214.283383333333,244,3783.6065573770493,22787.581967213115,22.787581967213114,36.16090922131147,56.25875020491804,54.15689911202186
양천구,송파구,200,843600,200,5803127,200,25425.68243333333,200,8195.247833333333,200,14342.847283333333,200,4218.0,29015.635,29.015635,127.12841216666666,40.976239166666666,71.71423641666667
양천구,수원시영통구,6,30800,6,252125,6,11910.014266666667,6,153.69976666666668,6,460.72585,6,5133.333333333333,42020.833333333336,42.020833333333336,1985.0023777777778,25.61662777777778,76.78764166666666
양천구,시흥시,195,583700,195,2258989,195,351015.26705,195,5734.1188833333335,195,5924.849716666667,195,2993.3333333333335,11584.558974358974,11.584558974358973,1800.0782925641026,29.405737863247865,30.383844700854702
양천구,안산시단원구,1,4300,1,29298,1,1590.7514999999999,1,48.7595,1,57.83238333333334,1,4300.0,29298.0,29.298,1590.7514999999999,48.7595,57.83238333333334
양천구,안성시,1,8100,1,84881,1,1797.68895,1,22.624383333333334,1,95.20173333333334,1,8100.0,84881.0,84.881,1797.68895,22.624383333333334,95.20173333333334
양천구,안양시동안구,96,337400,96,1839477,96,7704.837033333333,96,3263.60245,96,4741.808733333333,96,3514.5833333333335,19161.21875,19.16121875,80.25871909722223,33.99585885416666,49.39384097222222
양천구,안양시만안구,112,391400,112,2087842,112,1584.2511333333332,112,3375.2133,112,5601.076466666666,112,3494.6428571428573,18641.446428571428,18.641446428571427,14.145099404761904,30.135833035714285,50.009611309523805
양천구,양주시,25,151800,25,1389702,25,2032.7233500000002,25,1094.2761,25,2359.25,25,6072.0,55588.08,55.588080000000005,81.30893400000001,43.771044,94.37
양천구,양천구,21043,33287500,21043,68773237,21043,1452485.0162,21043,697165.0559166666,21043,279997.11123333336,21043,1581.8799600817374,3268.2239699662596,3.2682239699662596,69.02461703179205,33.13049735858322,13.305950255825374
양천구,양평군,5,45600,5,495977,5,7052.383833333333,5,113.72038333333334,5,672.3242333333333,5,9120.0,99195.4,99.19539999999999,1410.4767666666667,22.74407666666667,134.46484666666666
양천구,여주군,1,8700,1,92127,1,1437.0629999999999,1,20.336616666666664,1,105.71055,1,8700.0,92127.0,92.127,1437.0629999999999,20.336616666666664,105.71055
양천구,연수구,15,57700,15,357016,15,22288.832883333333,15,503.3928166666667,15,1048.7406333333333,15,3846.6666666666665,23801.066666666666,23.801066666666667,1485.922192222222,33.55952111111112,69.91604222222222
양천구,영등포구,4804,9759200,4804,28516365,4804,270748.12891666667,4804,179762.42576666668,4804,98963.1094,4804,2031.473771856786,5935.962739383846,5.9359627393838466,56.35889444560089,37.41932259922287,20.60014766860949
양천구,용산구,522,1540500,522,6137697,522,41980.11026666667,522,17062.734416666666,522,19433.474983333334,522,2951.1494252873563,11758.040229885057,11.758040229885056,80.42166717752235,32.687230683269476,37.22887927841635
양천구,용인시수지구,5,26500,5,222718,5,7242.311716666667,5,233.85466666666667,5,410.96523333333334,5,5300.0,44543.6,44.5436,1448.4623433333334,46.77093333333333,82.19304666666667
양천구,은평구,692,2066700,692,8544154,692,66819.24763333333,692,23667.322366666667,692,22550.408566666665,692,2986.5606936416184,12347.043352601157,12.347043352601156,96.55960640655105,34.20133289980732,32.58729561657032
양천구,의정부시,52,285900,52,2495755,52,53242.310933333334,52,1739.83725,52,3826.173816666667,52,5498.076923076923,47995.28846153846,47.99528846153846,1023.8905948717949,33.458408653846156,73.58026570512821
양천구,종로구,493,1729800,493,8703778,493,81453.7545,493,20796.994933333335,493,30206.893266666666,493,3508.7221095334685,17654.722109533468,17.654722109533466,165.22059736308316,42.18457390128466,61.27158877620013
양천구,중구,437,1480400,437,7512937,437,125145.37945,437,18695.88893333333,437,23330.301316666668,437,3387.6430205949655,17192.07551487414,17.19207551487414,286.3738660183066,42.78235453852021,53.38741720061022
양천구,중랑구,102,440200,102,3105020,102,11894.04685,102,3977.0346666666665,102,5840.2875,102,4315.686274509804,30441.37254901961,30.441372549019608,116.6083024509804,38.99053594771242,57.257720588235294
양천구,파주시,6,33700,6,294102,6,8542.744783333334,6,182.99311666666668,6,418.3827166666667,6,5616.666666666667,49017.0,49.017,1423.7907972222222,30.49885277777778,69.73045277777778
양천구,포천시,9,65800,9,656934,9,15781.721333333335,9,230.96228333333335,9,927.2572166666666,9,7311.111111111111,72992.66666666667,72.99266666666666,1753.5245925925929,25.66247592592593,103.02857962962963
양천구,하남시,85,422200,85,3374967,85,2953.64105,85,4660.602366666667,85,5998.4037,85,4967.058823529412,39705.49411764706,39.70549411764706,34.74871823529412,54.830616078431376,70.56945529411765
양천구,화성시,2,12600,2,118042,2,1747.2998333333333,2,43.55871666666667,2,249.66811666666666,2,6300.0,59021.0,59.021,873.6499166666666,21.779358333333334,124.83405833333333
연수구,강남구,5,30300,5,278435,5,904.4064500000001,5,140.60999999999999,5,582.10045,5,6060.0,55687.0,55.687,180.88129,28.121999999999996,116.42009
영등포구,가평군,2,17000,2,180951,2,3217.6311666666666,2,39.16826666666667,2,222.67985,2,8500.0,90475.5,90.4755,1608.8155833333333,19.584133333333334,111.339925
영등포구,강남구,662,2388500,662,12786507,662,31641.8296,662,28482.74725,662,33240.73705,662,3608.0060422960723,19314.965256797583,19.31496525679758,47.79732567975831,43.02529796072508,50.21259373111783
영등포구,강동구,402,1618500,402,10592001,402,20479.1711,402,20500.094966666667,402,21608.872616666667,402,4026.1194029850744,26348.261194029852,26.348261194029853,50.94321169154229,50.99526111111111,53.75341446932007
영등포구,강북구,625,2437500,625,15326222,625,42361.24001666667,625,41223.53978333333,625,40497.8492,625,3900.0,24521.9552,24.5219552,67.77798402666667,65.95766365333333,64.79655872
영등포구,강서구,5441,15330700,5441,56010196,5441,352458.13841666665,5441,226336.59963333333,5441,155431.22028333333,5441,2817.6254365006434,10294.099614041537,10.294099614041537,64.77819121791337,41.598345824909636,28.5666642682105
영등포구,고양시덕양구,164,588000,164,3271481,164,16783.308383333333,164,7236.620449999999,164,6443.58335,164,3585.3658536585367,19948.05487804878,19.94805487804878,102.3372462398374,44.12573445121951,39.29014237804878
영등포구,고양시일산동구,146,567800,146,3580426,146,15842.79005,146,6765.756083333334,146,6573.9361499999995,146,3889.041095890411,24523.465753424658,24.52346575342466,108.51226061643835,46.3407950913242,45.026959931506845
영등포구,고양시일산서구,116,485900,116,3366859,116,3642.180983333333,116,5936.0427666666665,116,5932.766283333333,116,4188.793103448276,29024.646551724138,29.02464655172414,31.398111925287356,51.17278247126437,51.144536925287355
영등포구,과천시,39,130500,39,650785,39,2870.3783,39,1498.18485,39,1904.2718666666667,39,3346.153846153846,16686.79487179487,16.68679487179487,73.59944358974359,38.414996153846154,48.82748376068376
영등포구,관악구,2659,5491100,2659,16367454,2659,230591.91333333333,2659,107138.18913333333,2659,66156.8094,2659,2065.09966152689,6155.492290334712,6.1554922903347125,86.72129121223517,40.29266232919644,24.880334486649115
영등포구,광명시,1321,3286200,1321,12094510,1321,48903.09321666667,1321,54750.2378,1321,45365.921883333336,1321,2487.660862982589,9155.57153671461,9.155571536714609,37.01975262427454,41.44605435276306,34.34210589200101
영등포구,광진구,296,1061500,296,5917347,296,19981.6873,296,14123.17855,296,13270.89045,296,3586.1486486486488,19991.037162162163,19.991037162162165,67.50570033783784,47.7134410472973,44.83408935810811
영등포구,구로구,6637,13118000,6637,36328739,6637,253474.34316666666,6637,262649.2228,6637,152351.15243333334,6637,1976.4954045502486,5473.668675606449,5.473668675606449,38.191101878358694,39.573485430164226,22.954821822108382
영등포구,구리시,24,103300,24,723525,24,1146.4753833333334,24,1744.7910333333332,24,1476.9740833333333,24,4304.166666666667,30146.875,30.146875,47.76980763888889,72.69962638888889,61.540586805555556
영등포구,군포시,3,12300,3,81848,3,1837.6381833333335,3,79.67911666666666,3,149.42211666666668,3,4100.0,27282.666666666668,27.282666666666668,612.5460611111112,26.559705555555553,49.80737222222223
영등포구,금천구,3257,6986900,3257,22409003,3257,126739.80951666666,3257,160671.99743333334,3257,97806.42873333333,3257,2145.194964691434,6880.258827141542,6.8802588271415415,38.91305173984239,49.33128567188619,30.029606611401086
영등포구,김포시,718,2990400,718,20314220,718,25839.98575,718,41453.2785,718,35242.948233333336,718,4164.902506963788,28292.785515320335,28.292785515320336,35.988838091922005,57.734371169916436,49.08488611884866
영등포구,남구,2,8500,2,59516,2,2696.858666666667,2,42.423383333333334,2,126.15833333333333,2,4250.0,29758.0,29.758,1348.4293333333335,21.211691666666667,63.079166666666666
영등포구,남동구,3,12900,3,88770,3,2896.63505,3,97.3621,3,172.14058333333332,3,4300.0,29590.0,29.59,965.5450166666666,32.454033333333335,57.38019444444444
영등포구,남양주시,92,485000,92,4049165,92,4387.686433333333,92,5646.850616666667,92,6865.239766666667,92,5271.739130434783,44012.663043478264,44.01266304347826,47.69224384057971,61.378811050724636,74.6221713768116
영등포구,노원구,893,3838500,893,26394118,893,65867.40285,893,57852.48171666666,893,65183.924483333336,893,4298.432250839865,29556.683090705486,29.556683090705487,73.75968964165733,64.78441401642404,72.99431633072042
영등포구,도봉구,439,1963600,439,14396301,439,30199.49455,439,27635.367933333335,439,31517.288966666667,439,4472.892938496583,32793.39635535308,32.793396355353075,68.79155933940774,62.95072422171602,71.793368944571
영등포구,동구,146,626500,146,4337972,146,206134.29411666666,146,3769.71785,146,9688.007233333334,146,4291.095890410959,29712.13698630137,29.71213698630137,1411.878726826484,25.819985273972602,66.35621392694064
영등포구,동대문구,511,1855900,511,10489911,511,23330.8047,511,28879.177200000002,511,29513.8423,511,3631.898238747554,20528.20156555773,20.52820156555773,45.65715205479452,56.515023874755386,57.757029941291584
영등포구,동두천시,2,12900,2,121659,2,3247.4021666666667,2,87.94755,2,193.84923333333336,2,6450.0,60829.5,60.8295,1623.7010833333334,43.973775,96.92461666666668
영등포구,동작구,3522,6066300,3522,15420037,3522,273140.05593333335,3522,136278.82236666666,3522,63408.59336666667,3522,1722.4020442930153,4378.204713231119,4.378204713231119,77.55254285443877,38.69358954192693,18.00357562937725
영등포구,마포구,3071,6825600,3071,22519709,3071,111259.85828333333,3071,151427.12181666665,3071,68155.21845,3071,2222.5985021165743,7333.021491370889,7.333021491370888,36.2291951427331,49.30873390318028,22.193167844350373
영등포구,부천시소사구,99,320500,99,1506928,99,3319.25405,99,5256.257983333333,99,4699.378133333334,99,3237.373737373737,15221.494949494949,15.221494949494948,33.527818686868684,53.09351498316498,47.468465993265994
영등포구,부천시오정구,60,173200,60,639934,60,2903.4122666666667,60,2930.669883333333,60,2252.3278333333333,60,2886.6666666666665,10665.566666666668,10.665566666666667,48.39020444444444,48.84449805555555,37.53879722222222
영등포구,부천시원미구,419,1353500,419,6322891,419,14480.79305,419,17942.646583333335,419,17737.134366666665,419,3230.310262529833,15090.431980906922,15.090431980906923,34.56036527446301,42.82254554494829,42.332062927605406
영등포구,부평구,6,22300,6,130569,6,8307.760616666666,6,259.93876666666665,6,303.2047333333333,6,3716.6666666666665,21761.5,21.7615,1384.6267694444443,43.32312777777778,50.534122222222216
영등포구,서구,12,48600,12,320006,12,15179.219283333334,12,406.1157166666667,12,648.99445,12,4050.0,26667.166666666668,26.667166666666667,1264.9349402777777,33.84297638888889,54.08287083333334
영등포구,서대문구,2254,5987600,2254,19779607,2254,137320.22385,2254,95948.74748333333,2254,71434.75964999999,2254,2656.433007985803,8775.335847382432,8.775335847382433,60.922903216504,42.5682109509021,31.692439951197866
영등포구,서초구,712,2197500,712,9211330,712,134065.70605,712,33180.52586666666,712,29590.522583333335,712,3086.376404494382,12937.261235955057,12.937261235955056,188.29453096910115,46.60186217228464,41.559722729400754
영등포구,성남시분당구,141,643400,141,4799398,141,8313.2716,141,7524.954783333333,141,9659.007416666667,141,4563.120567375887,34038.283687943265,34.03828368794326,58.95937304964539,53.36847364066193,68.5035986997636
영등포구,성남시수정구,138,579700,138,4003130,138,6465.779683333333,138,7839.525566666666,138,8364.87,138,4200.724637681159,29008.1884057971,29.0081884057971,46.853475966183574,56.80815628019323,60.61500000000001
영등포구,성남시중원구,12,53500,12,388758,12,253.908,12,580.6586333333333,12,695.63395,12,4458.333333333333,32396.5,32.3965,21.159,48.388219444444445,57.96949583333333
영등포구,성동구,472,1617300,472,8357353,472,137975.2512333333,472,20676.066283333334,472,22013.7693,472,3426.4830508474574,17706.256355932204,17.706256355932204,292.32044752824856,43.80522517655367,46.639341737288134
영등포구,성북구,276,984800,276,5470581,276,12897.554616666666,276,14390.7292,276,14244.4558,276,3568.1159420289855,19820.945652173912,19.82094565217391,46.73027035024155,52.140323188405794,51.61034710144927
영등포구,송파구,506,1950900,506,12115407,506,30158.342566666666,506,25444.4762,506,30377.688266666668,506,3855.5335968379445,23943.49209486166,23.94349209486166,59.601467523056655,50.28552608695652,60.03495704874835
영등포구,수원시영통구,5,24900,5,200859,5,8128.948783333333,5,130.85688333333331,5,471.5881166666667,5,4980.0,40171.8,40.171800000000005,1625.7897566666666,26.171376666666664,94.31762333333333
영등포구,수원시장안구,14,62600,14,454068,14,24016.133283333333,14,347.91591666666665,14,960.4945666666666,14,4471.428571428572,32433.428571428572,32.43342857142857,1715.4380916666667,24.851136904761905,68.60675476190475
영등포구,시흥시,4,15300,4,94007,4,4697.59605,4,166.45776666666669,4,220.03339999999997,4,3825.0,23501.75,23.50175,1174.3990125,41.61444166666667,55.00834999999999
영등포구,안산시단원구,16,67400,16,461024,16,25974.357883333334,16,498.26886666666667,16,1093.1055333333334,16,4212.5,28814.0,28.814,1623.3973677083334,31.141804166666667,68.31909583333334
영등포구,안산시상록구,1,4200,1,28681,1,2041.5214999999998,1,35.13583333333334,1,67.43966666666667,1,4200.0,28681.0,28.681,2041.5214999999998,35.13583333333334,67.43966666666667
영등포구,안성시,2,17200,2,183026,2,3540.38155,2,36.975049999999996,2,228.78016666666667,2,8600.0,91513.0,91.513,1770.190775,18.487524999999998,114.39008333333334
영등포구,안양시동안구,179,612200,179,3188507,179,6207.457066666667,179,10440.02735,179,11465.076266666667,179,3420.1117318435754,17812.888268156425,17.812888268156424,34.67853109869646,58.3241751396648,64.05070540037244
영등포구,안양시만안구,211,677100,211,3128950,211,5501.332316666667,211,10121.137,211,10692.079383333334,211,3209.004739336493,14829.14691943128,14.82914691943128,26.072665007898895,47.967473933649295,50.67336200631912
영등포구,양주시,28,162600,28,1446919,28,959.6209833333334,28,1550.0608166666666,28,2025.58685,28,5807.142857142857,51675.67857142857,51.67567857142857,34.27217797619048,55.359314880952375,72.3423875
영등포구,양천구,4648,9249100,4648,27669149,4648,547732.0089333333,4648,170971.31066666666,4648,92642.2089,4648,1989.9096385542168,5952.915017211704,5.952915017211704,117.84251483075158,36.78384480780264,19.93162842082616
영등포구,양평군,6,40500,6,391582,6,9929.441633333334,6,175.83761666666666,6,631.6289999999999,6,6750.0,65263.666666666664,65.26366666666667,1654.906938888889,29.306269444444442,105.27149999999999
영등포구,여주군,1,8000,1,82773,1,1446.592,1,25.13255,1,101.47406666666667,1,8000.0,82773.0,82.773,1446.592,25.13255,101.47406666666667
영등포구,연수구,8,34600,8,242983,8,14578.796983333334,8,203.36626666666666,8,567.7315833333333,8,4325.0,30372.875,30.372875,1822.3496229166667,25.420783333333333,70.96644791666667
영등포구,연천군,1,7600,1,77010,1,1919.0997833333333,1,26.601333333333333,1,71.20311666666666,1,7600.0,77010.0,77.01,1919.0997833333333,26.601333333333333,71.20311666666666
영등포구,영등포구,14327,22216800,14327,37742284,14327,632569.3111333334,14327,525142.6093833334,14327,171474.5137,14327,1550.6944929154743,2634.3466182731904,2.6343466182731903,44.15225177171308,36.654052445266515,11.968626628044952
영등포구,용산구,1476,3450600,1476,12136772,1476,89909.27965,1476,70283.85463333334,1476,39025.99136666667,1476,2337.8048780487807,8222.745257452574,8.222745257452575,60.91414610433604,47.61778769196025,26.440373554652215
영등포구,용인시기흥구,5,28100,5,244064,5,8477.330166666667,5,122.19456666666667,5,409.54626666666667,5,5620.0,48812.8,48.8128,1695.4660333333334,24.438913333333335,81.90925333333334
영등포구,용인시수지구,12,62300,12,514488,12,17177.376333333334,12,425.26938333333334,12,846.2435166666667,12,5191.666666666667,42874.0,42.874,1431.4480277777777,35.43911527777778,70.52029305555556
영등포구,용인시처인구,1,6600,1,62156,1,2041.8482833333333,1,26.778166666666667,1,111.47283333333333,1,6600.0,62156.0,62.156,2041.8482833333333,26.778166666666667,111.47283333333333
영등포구,은평구,1520,4707100,1520,19773526,1520,62523.47878333333,1520,83776.90643333334,1520,58684.85005,1520,3096.7763157894738,13008.898684210526,13.008898684210527,41.13386762061403,55.11638581140351,38.60845398026316
영등포구,의왕시,1,3600,1,20499,1,33.31988333333333,1,50.345616666666665,1,57.69121666666667,1,3600.0,20499.0,20.499,33.31988333333333,50.345616666666665,57.69121666666667
영등포구,의정부시,100,525300,100,4366486,100,6114.881066666667,100,6781.742383333333,100,8700.52865,100,5253.0,43664.86,43.66486,61.14881066666667,67.81742383333334,87.0052865
영등포구,종로구,985,2973100,985,11908838,985,164240.84758333332,985,40627.76735,985,43586.35665,985,3018.3756345177667,12090.190862944162,12.090190862944162,166.74197724196276,41.24646431472081,44.250108274111675
영등포구,중구,753,2180900,753,8699802,753,43498.011516666666,753,32864.41088333333,753,27262.345266666667,753,2896.281540504648,11553.521912350598,11.553521912350597,57.76628355467021,43.64463596724214,36.20497379371403
영등포구,중랑구,677,2737900,677,17452429,677,34105.983583333335,677,44214.348333333335,677,40468.76655,677,4044.165435745938,25779.067946824223,25.779067946824224,50.37811459871985,65.30922944362383,59.7766123338257
영등포구,파주시,15,72800,15,573234,15,22598.22295,15,381.3252166666667,15,832.9405,15,4853.333333333333,38215.6,38.2156,1506.5481966666666,25.421681111111113,55.52936666666667
영등포구,평택시,6,46500,6,475439,6,9019.278666666667,6,208.5982833333333,6,649.1841666666667,6,7750.0,79239.83333333333,79.23983333333332,1503.2131111111112,34.76638055555555,108.1973611111111
영등포구,포천시,5,33700,5,326294,5,9019.9804,5,107.08588333333333,5,513.19335,5,6740.0,65258.8,65.25880000000001,1803.9960800000001,21.417176666666666,102.63867
영등포구,하남시,150,679500,150,5037055,150,5858.09905,150,9558.54,150,8698.773966666666,150,4530.0,33580.36666666667,33.58036666666667,39.05399366666666,63.723600000000005,57.991826444444435
영등포구,화성시,8,47600,8,430084,8,9473.707783333333,8,239.25459999999998,8,688.4662333333333,8,5950.0,53760.5,53.7605,1184.2134729166667,29.906824999999998,86.05827916666667
용산구,가평군,4,26300,4,247883,4,6674.10045,4,153.358,4,328.8028333333333,4,6575.0,61970.75,61.97075,1668.5251125,38.3395,82.20070833333332
용산구,강남구,552,1663000,552,7193964,552,28852.84435,552,27647.18375,552,20932.049416666665,552,3012.68115942029,13032.54347826087,13.03254347826087,52.2696455615942,50.08547780797102,37.92037937801932
용산구,강동구,585,2271300,585,12398738,585,44736.99865,585,27984.271583333335,585,24306.937883333332,585,3882.5641025641025,21194.423931623933,21.194423931623934,76.47350196581196,47.836361680911686,41.550321168091166
용산구,강북구,348,1183400,348,6111571,348,65191.207866666664,348,18394.842366666668,348,17115.027883333332,348,3400.574712643678,17561.985632183907,17.56198563218391,187.3310570881226,52.858742432950194,49.18111460727969
용산구,강서구,1074,3584100,1074,17776686,1074,41463.75538333334,1074,45999.41815,1074,42525.7603,1074,3337.150837988827,16551.849162011174,16.551849162011173,38.606848587833646,42.82999827746741,39.59567998137803
용산구,고양시덕양구,144,590600,144,3319914,144,5911.8507,144,8642.688016666667,144,7868.43765,144,4101.388888888889,23054.958333333332,23.05495833333333,41.05451875,60.01866678240741,54.641928125
용산구,고양시일산동구,104,420500,104,2748602,104,2374.4813,104,4835.189166666667,104,4553.183283333334,104,4043.269230769231,26428.865384615383,26.42886538461538,22.83155096153846,46.49220352564103,43.780608493589746
용산구,고양시일산서구,89,390400,89,2782452,89,2370.4991166666664,89,4170.083583333333,89,4868.875383333333,89,4386.516853932584,31263.505617977527,31.26350561797753,26.63482153558052,46.85487172284644,54.706464981273406
용산구,과천시,35,112400,35,528770,35,703.2050666666667,35,1607.1697666666666,35,1288.6948,35,3211.4285714285716,15107.714285714286,15.107714285714286,20.091573333333333,45.91913619047619,36.819851428571425
용산구,관악구,695,1809200,695,6195124,695,25087.29765,695,33008.28928333333,695,21788.133,695,2603.165467625899,8913.84748201439,8.91384748201439,36.09683115107914,47.493941414868104,31.34983165467626
용산구,광명시,190,639200,190,3282072,190,23522.26195,190,6111.66235,190,11880.130333333333,190,3364.2105263157896,17274.063157894736,17.274063157894737,123.80137868421053,32.16664394736842,62.527001754385964
용산구,광진구,243,774000,243,3465269,243,7900.167016666667,243,10981.619533333334,243,8226.646866666666,243,3185.185185185185,14260.366255144032,14.260366255144032,32.51097537722908,45.1918499314129,33.85451385459533
용산구,구로구,1063,3411500,1063,15750027,1063,29214.186333333335,1063,48221.90081666667,1063,53804.81945,1063,3209.31326434619,14816.58231420508,14.81658231420508,27.482771715271248,45.3639706647852,50.6160107714017
용산구,구리시,15,56600,15,341945,15,1742.9558333333334,15,705.8956666666667,15,635.2163666666667,15,3773.3333333333335,22796.333333333332,22.796333333333333,116.19705555555556,47.05971111111111,42.34775777777778
용산구,금천구,333,1037100,333,4436002,333,28784.17165,333,18374.867216666666,333,15307.244166666667,333,3114.4144144144143,13321.327327327328,13.321327327327328,86.43895390390391,55.17978143143143,45.967700200200206
용산구,김포시,150,678200,150,5032159,150,6525.814566666666,150,10355.86305,150,8199.767016666667,150,4521.333333333333,33547.72666666667,33.54772666666667,43.50543044444444,69.039087,54.665113444444444
용산구,남동구,2,9600,2,74352,2,3687.2478333333333,2,81.79821666666666,2,117.78639999999999,2,4800.0,37176.0,37.176,1843.6239166666667,40.89910833333333,58.89319999999999
용산구,남양주시,175,769800,175,5545114,175,5577.37695,175,10023.419383333334,175,10835.067983333332,175,4398.857142857143,31686.365714285716,31.686365714285717,31.87072542857143,57.276682190476194,61.914674190476184
용산구,노원구,525,1966700,525,11762570,525,76373.70593333333,525,27127.74165,525,26549.30401666667,525,3746.095238095238,22404.89523809524,22.40489523809524,145.47372558730157,51.671888857142854,50.57010288888889
용산구,도봉구,217,853800,217,5413786,217,6079.078083333334,217,11097.486916666667,217,13021.699433333333,217,3934.5622119815666,24948.322580645163,24.94832258064516,28.014184715821816,51.14049270353303,60.00783149001536
용산구,동대문구,527,1537100,527,6182149,527,21213.554666666667,527,24881.719083333333,527,19163.5785,527,2916.6982922201137,11730.833017077799,11.7308330170778,40.25342441492726,47.21388820366857,36.363526565464895
용산구,동작구,1246,2495800,1246,7894083,1246,56648.03156666667,1246,52173.101083333335,1246,26725.77113333333,1246,2003.0497592295344,6335.540128410915,6.335540128410915,45.463909764579995,41.872472779561264,21.449254521134296
용산구,마포구,1987,4656200,1987,14679565,1987,70605.56480000001,1987,92372.48181666667,1987,45460.592749999996,1987,2343.3316557624557,7387.8032209360845,7.387803220936084,35.53375178661299,46.488415609797016,22.879009939607446
용산구,부천시소사구,37,143200,37,888870,37,2964.4369666666666,37,2398.80015,37,2430.7173333333335,37,3870.2702702702704,24023.513513513513,24.023513513513514,80.11991801801801,64.83243648648649,65.69506306306307
용산구,부천시오정구,8,30100,8,180368,8,231.50528333333332,8,408.98456666666664,8,440.8731666666667,8,3762.5,22546.0,22.546,28.938160416666665,51.12307083333333,55.109145833333336
용산구,부천시원미구,69,260000,69,1585692,69,3214.4173333333333,69,3276.641333333333,69,4080.1724666666664,69,3768.1159420289855,22981.043478260868,22.98104347826087,46.58575845410628,47.48755555555555,59.132934299516904
용산구,부평구,3,14400,3,110816,3,1371.8245000000002,3,98.11455,3,198.83423333333332,3,4800.0,36938.666666666664,36.93866666666666,457.2748333333334,32.70485,66.27807777777777
용산구,서구,6,27700,6,208477,6,10091.987616666667,6,150.34651666666667,6,376.6860833333334,6,4616.666666666667,34746.166666666664,34.74616666666667,1681.9979361111111,25.05775277777778,62.7810138888889
용산구,서대문구,1686,3443800,1686,10945493,1686,152933.28231666668,1686,64291.35513333333,1686,41433.06286666667,1686,2042.5860023724792,6491.988730723606,6.491988730723606,90.70775938117833,38.13247635429023,24.57477038355081
용산구,서초구,1076,2618100,1076,9071907,1076,53919.08105,1076,50105.3572,1076,29454.120666666666,1076,2433.17843866171,8431.14033457249,8.43114033457249,50.110670120817844,46.56631710037175,27.373718091697643
용산구,성남시분당구,211,905900,211,6332930,211,20458.96965,211,8701.089916666666,211,11730.226283333333,211,4293.364928909953,30013.88625592417,30.01388625592417,96.96194146919431,41.2373929699842,55.593489494470774
용산구,성남시수정구,38,150800,38,966867,38,2237.4035999999996,38,2134.1972166666665,38,1894.9183166666667,38,3968.4210526315787,25443.86842105263,25.44386842105263,58.879042105263146,56.1630846491228,49.86627149122807
용산구,성남시중원구,9,36000,9,231535,9,556.5448,9,772.635,9,558.5803666666667,9,4000.0,25726.11111111111,25.72611111111111,61.83831111111111,85.84833333333333,62.06448518518519
용산구,성동구,739,1580600,739,4948033,739,13403.487833333333,739,28111.8265,739,17172.486133333332,739,2138.8362652232745,6695.579161028417,6.695579161028417,18.13733130356337,38.040360622462785,23.23746432115471
용산구,성북구,420,1211900,420,4912012,420,38626.066133333334,420,19567.482,420,16313.973899999999,420,2885.4761904761904,11695.266666666666,11.695266666666667,91.96682412698412,46.58924285714286,38.842794999999995
용산구,송파구,428,1465800,428,7550723,428,15055.575133333334,428,18029.3048,428,16327.105749999999,428,3424.766355140187,17641.8761682243,17.6418761682243,35.17657741433022,42.124543925233645,38.147443341121495
용산구,수원시권선구,2,10700,2,89725,2,3506.5308333333332,2,89.52995,2,210.70793333333336,2,5350.0,44862.5,44.8625,1753.2654166666666,44.764975,105.35396666666668
용산구,수원시영통구,8,38500,8,302059,8,3752.680983333333,8,352.31081666666665,8,508.43258333333335,8,4812.5,37757.375,37.757375,469.08512291666665,44.03885208333333,63.55407291666667
용산구,수원시팔달구,4,19600,4,155035,4,5966.65995,4,225.65095,4,337.50193333333334,4,4900.0,38758.75,38.75875,1491.6649875,56.4127375,84.37548333333334
용산구,시흥시,3,12300,3,82448,3,5698.621499999999,3,66.09616666666668,3,254.80176666666665,3,4100.0,27482.666666666668,27.482666666666667,1899.5404999999998,22.03205555555556,84.93392222222222
용산구,안산시단원구,4,19400,4,152143,4,7349.117666666666,4,125.48706666666666,4,372.29859999999996,4,4850.0,38035.75,38.03575,1837.2794166666665,31.371766666666666,93.07464999999999
용산구,안성시,4,28500,4,281694,4,7452.0706666666665,4,217.88995,4,364.48676666666665,4,7125.0,70423.5,70.4235,1863.0176666666666,54.4724875,91.12169166666666
용산구,안양시동안구,40,135900,40,749130,40,656.5827833333333,40,1570.3451,40,2083.81035,40,3397.5,18728.25,18.72825,16.414569583333332,39.2586275,52.095258750000006
용산구,안양시만안구,30,114200,30,691450,30,6713.877916666667,30,1836.7710166666666,30,1823.8062166666666,30,3806.6666666666665,23048.333333333332,23.048333333333332,223.79593055555557,61.225700555555555,60.79354055555555
용산구,양주시,37,199400,37,1700782,37,1598.9516666666668,37,2515.341283333333,37,2819.9492166666664,37,5389.189189189189,45967.08108108108,45.967081081081076,43.21490990990991,67.98219684684685,76.21484369369368
용산구,양천구,528,1569100,528,6335005,528,16378.131333333333,528,24639.2132,528,18939.289399999998,528,2971.780303030303,11998.11553030303,11.99811553030303,31.01918813131313,46.665176515151515,35.869866287878786
용산구,양평군,26,170700,26,1627061,26,43597.23623333334,26,817.7167833333333,26,2295.7100833333334,26,6565.384615384615,62579.269230769234,62.579269230769235,1676.8167782051282,31.45064551282051,88.29654166666667
용산구,여주군,5,41900,5,441138,5,7111.422433333333,5,188.6102666666667,5,427.9339,5,8380.0,88227.6,88.22760000000001,1422.2844866666667,37.722053333333335,85.58678
용산구,연수구,4,20600,4,169157,4,5787.802266666667,4,104.76230000000001,4,346.39886666666666,4,5150.0,42289.25,42.28925,1446.9505666666666,26.190575000000003,86.59971666666667
용산구,영등포구,1569,3494500,1569,11186923,1569,359295.5324833333,1569,61191.51116666666,1569,34973.21038333333,1569,2227.214786488209,7129.970044614404,7.129970044614404,228.99651528574464,39.00032579137455,22.290127714042914
용산구,오산시,1,5600,1,48887,1,1000.9482833333333,1,45.10288333333333,1,51.916399999999996,1,5600.0,48887.0,48.887,1000.9482833333333,45.10288333333333,51.916399999999996
용산구,용산구,5105,8092300,5105,15402755,5105,266306.55203333334,5105,208869.51553333332,5105,64427.194866666665,5105,1585.1714005876593,3017.1900097943194,3.0171900097943194,52.16582801828273,40.914694521710736,12.620410355860267
용산구,용인시기흥구,1,5200,1,42078,1,89.92216666666667,1,121.98545,1,66.82276666666667,1,5200.0,42078.0,42.078,89.92216666666667,121.98545,66.82276666666667
용산구,용인시처인구,1,5600,1,48442,1,28.04745,1,39.06771666666667,1,81.47233333333334,1,5600.0,48442.0,48.442,28.04745,39.06771666666667,81.47233333333334
용산구,은평구,1295,4023300,1295,16698707,1295,61339.16165,1295,84360.15001666667,1295,55197.138366666666,1295,3106.7953667953666,12894.75444015444,12.89475444015444,47.366147992277995,65.14297298584299,42.62327287001287
용산구,의정부시,58,264700,58,1987948,58,1063.0663833333333,58,2363.0926,58,3492.4286333333334,58,4563.793103448276,34274.96551724138,34.27496551724138,18.328730747126436,40.74297586206897,60.2142867816092
용산구,종로구,1524,3003700,1524,9315232,1524,86059.26918333334,1524,62278.82975,1524,40356.077450000004,1524,1970.9317585301837,6112.356955380577,6.112356955380577,56.469336734470694,40.86537385170603,26.480365780839897
용산구,중구,1220,2123500,1220,6607705,1220,337828.4925,1220,44988.2771,1220,24382.604283333334,1220,1740.5737704918033,5416.151639344263,5.416151639344262,276.9086004098361,36.87563696721311,19.985741215846996
용산구,중랑구,429,1493700,429,7933707,429,16738.333233333335,429,19091.30105,429,18090.872533333335,429,3481.818181818182,18493.48951048951,18.49348951048951,39.017093783993786,44.501867249417245,42.16986604506605
용산구,파주시,8,42800,8,360713,8,3767.50795,8,844.4137833333333,8,494.17816666666664,8,5350.0,45089.125,45.089125,470.93849375,105.55172291666666,61.77227083333333
용산구,포천시,4,24900,4,229080,4,7359.8911333333335,4,161.44161666666668,4,340.68031666666667,4,6225.0,57270.0,57.27,1839.9727833333334,40.36040416666667,85.17007916666667
용산구,하남시,141,598900,141,4179882,141,5712.867766666666,141,9132.432366666666,141,8517.739216666667,141,4247.517730496454,29644.55319148936,29.64455319148936,40.516792671394796,64.76902387706855,60.409497990543734
용산구,화성시,3,18200,3,166148,3,4874.419383333334,3,59.37388333333333,3,235.2311666666667,3,6066.666666666667,55382.666666666664,55.382666666666665,1624.8064611111113,19.791294444444443,78.4103888888889
용인시수지구,강서구,1,5500,1,47788,1,135.22721666666666,1,0.196,1,121.93261666666668,1,5500.0,47788.0,47.788,135.22721666666666,0.196,121.93261666666668
용인시수지구,종로구,1,5000,1,39696,1,107.72816666666667,1,-6.2135,1,80.714,1,5000.0,39696.0,39.696,107.72816666666667,-6.2135,80.714
은평구,강남구,510,2143300,510,14711922,510,32908.45186666667,510,21781.48575,510,33574.32426666666,510,4202.549019607844,28846.90588235294,28.846905882352942,64.52637620915033,42.7087955882353,65.83200836601307
은평구,강동구,234,1062400,234,7867933,234,11922.832533333334,234,9725.7273,234,14979.941416666667,234,4540.17094017094,33623.6452991453,33.623645299145295,50.952275783475784,41.56293717948718,64.01684366096866
은평구,강북구,411,1304900,411,5758750,411,18582.23155,411,15690.214133333333,411,17239.024483333335,411,3174.9391727493917,14011.557177615572,14.011557177615572,45.212242214111924,38.17570348742903,41.94409849959449
은평구,강서구,2874,8783700,2874,36960239,2874,98947.82326666667,2874,122656.35728333333,2874,107372.98741666667,2874,3056.2630480167013,12860.208420320112,12.860208420320111,34.42860934817908,42.67792528995592,37.36012088262584
은평구,계양구,121,485200,121,3188801,121,203489.3158,121,3436.9271,121,6343.201766666667,121,4009.9173553719006,26353.727272727272,26.353727272727273,1681.729882644628,28.404356198347106,52.42315509641874
은평구,고양시덕양구,3835,9097600,3835,31014873,3835,193026.7747,3835,151393.72788333334,3835,91901.96403333334,3835,2372.2555410691,8087.320208604954,8.087320208604954,50.33292691003911,39.476852120817036,23.964006266840506
은평구,고양시일산동구,1521,5069500,1521,24440640,1521,129076.71905,1521,63444.10928333333,1521,54928.22895,1521,3333.0046022353713,16068.79684418146,16.06879684418146,84.86306314924391,41.71210340784572,36.11323402366864
은평구,고양시일산서구,258,992200,258,5522237,258,9078.59325,258,11117.514083333333,258,11533.837716666667,258,3845.736434108527,21404.01937984496,21.40401937984496,35.18834593023256,43.09113985788114,44.70479735142119
은평구,과천시,12,51400,12,358009,12,2695.6605833333333,12,458.20761666666664,12,967.5414499999999,12,4283.333333333333,29834.083333333332,29.834083333333332,224.63838194444443,38.18396805555555,80.62845416666666
은평구,관악구,353,1223200,353,6510752,353,13338.667683333333,353,14104.631616666666,353,18112.72455,353,3465.155807365439,18444.056657223795,18.444056657223793,37.78659400377715,39.956463503305,51.31083441926345
은평구,광명시,129,475000,129,2829795,129,8341.065516666667,129,6698.8486,129,7599.6474333333335,129,3682.170542635659,21936.39534883721,21.93639534883721,64.65942260981913,51.929058914728685,58.91199560723514
은평구,광주시,15,95400,15,893458,15,25034.140666666666,15,368.29286666666667,15,1382.46395,15,6360.0,59563.86666666667,59.56386666666667,1668.942711111111,24.552857777777778,92.16426333333334
은평구,광진구,194,773900,194,5003356,194,15943.54345,194,8635.487083333333,194,10913.1497,194,3989.175257731959,25790.494845360823,25.790494845360822,82.18321365979381,44.51282001718213,56.253348969072164
은평구,구로구,568,1874300,568,9040185,568,29145.43405,568,32441.2624,568,25399.209316666667,568,3299.823943661972,15915.81866197183,15.91581866197183,51.31238389084507,57.1148985915493,44.716917811032864
은평구,구리시,36,141200,36,886836,36,6809.030483333334,36,1800.4219166666667,36,1801.2936666666667,36,3922.222222222222,24634.333333333332,24.63433333333333,189.13973564814816,50.01171990740741,50.03593518518519
은평구,군포시,3,13900,3,103625,3,4220.336383333333,3,52.28066666666667,3,147.41094999999999,3,4633.333333333333,34541.666666666664,34.541666666666664,1406.7787944444444,17.42688888888889,49.136983333333326
은평구,금천구,109,437500,109,2229458,109,7025.2036,109,5036.49535,109,6202.445966666667,109,4013.761467889908,20453.743119266055,20.453743119266054,64.45140917431192,46.20637935779817,56.90317400611621
은평구,김포시,375,1720500,375,11781910,375,10791.55935,375,15435.862316666666,375,19662.446283333335,375,4588.0,31418.426666666666,31.418426666666665,28.777491599999998,41.16229951111111,52.43319008888889
은평구,남구,1,5000,1,39173,1,1806.3724499999998,1,46.362716666666664,1,79.9565,1,5000.0,39173.0,39.173,1806.3724499999998,46.362716666666664,79.9565
은평구,남동구,10,48500,10,378810,10,9864.827766666667,10,363.72365,10,895.64195,10,4850.0,37881.0,37.881,986.4827766666667,36.372365,89.564195
은평구,남양주시,121,591300,121,4663140,121,4260.607816666667,121,6620.142233333333,121,8504.690016666667,121,4886.7768595041325,38538.347107438014,38.538347107438014,35.21163484848485,54.71191928374655,70.28669435261709
은평구,노원구,399,1482500,399,8729790,399,17554.290883333335,399,17135.046366666666,399,20257.046016666667,399,3715.5388471177944,21879.17293233083,21.879172932330828,43.995716499582294,42.944978362573096,50.76953888888889
은평구,도봉구,1178,4441000,1178,25506256,1178,448294.4875,1178,44373.40741666667,1178,64842.9905,1178,3769.949066213922,21652.169779286927,21.65216977928693,380.55559210526314,37.66842734861347,55.044983446519524
은평구,동구,1,5400,1,46567,1,1393.9922166666665,1,30.77988333333333,1,96.21923333333334,1,5400.0,46567.0,46.567,1393.9922166666665,30.77988333333333,96.21923333333334
은평구,동대문구,918,3103800,918,15795655,918,73886.02153333333,918,34213.19423333333,918,44316.72085,918,3381.045751633987,17206.59586056645,17.20659586056645,80.48586223674656,37.26927476397966,48.27529504357298
은평구,동작구,455,1585000,455,7800917,455,67932.50006666666,455,16121.494583333333,455,20726.691749999998,455,3483.5164835164837,17144.872527472526,17.144872527472526,149.30219794871795,35.43185622710622,45.553168681318674
은평구,마포구,9997,19782900,9997,60131370,9997,1037963.1515333334,9997,403260.5783,9997,237877.7099,9997,1978.88366509953,6014.941482444733,6.014941482444733,103.82746339235104,40.33815927778333,23.79490946283885
은평구,부천시소사구,46,186500,46,1226237,46,1125.7803666666666,46,1936.36465,46,2697.3207666666667,46,4054.3478260869565,26657.32608695652,26.65732608695652,24.473486231884056,42.09488369565217,58.6374079710145
은평구,부천시오정구,14,49700,14,273215,14,229.1571,14,443.86605,14,732.6147833333333,14,3550.0,19515.35714285714,19.51535714285714,16.368364285714286,31.704717857142857,52.32962738095238
은평구,부천시원미구,79,311500,79,1991265,79,6222.777733333333,79,3576.5735833333333,79,4644.908133333333,79,3943.0379746835442,25205.886075949365,25.205886075949365,78.76933839662448,45.27308333333333,58.79630548523207
은평구,부평구,222,924000,222,6265504,222,14098.232633333333,222,13154.28655,222,14463.44295,222,4162.1621621621625,28222.99099099099,28.22299099099099,63.5055524024024,59.25354301801802,65.15064391891892
은평구,서구,4,18100,4,131977,4,6954.516883333334,4,101.67171666666667,4,283.3118333333333,4,4525.0,32994.25,32.99425,1738.6292208333334,25.417929166666667,70.82795833333333
은평구,서대문구,11135,21833700,11135,64919880,11135,656466.6624166666,11135,438679.5840833333,11135,258311.86151666666,11135,1960.8172429277054,5830.254153569825,5.8302541535698245,58.95524583894626,39.396460178117046,23.198191424936386
은평구,서초구,380,1422800,380,8445529,380,24526.080433333333,380,17522.3616,380,23545.515216666667,380,3744.2105263157896,22225.076315789473,22.225076315789472,64.54231692982457,46.11147789473684,61.96188214912281
은평구,성남시분당구,74,408300,74,3519233,74,12668.791299999999,74,3368.63975,74,6739.12485,74,5517.5675675675675,47557.2027027027,47.557202702702696,171.19988243243242,45.52215878378378,91.06925472972974
은평구,성남시수정구,20,94100,20,730460,20,3214.4416333333334,20,742.4383666666668,20,1419.1196333333332,20,4705.0,36523.0,36.523,160.72208166666667,37.12191833333334,70.95598166666666
은평구,성남시중원구,13,69100,13,579846,13,422.8078833333334,13,671.9428333333334,13,960.9087999999999,13,5315.384615384615,44603.53846153846,44.60353846153846,32.52368333333334,51.68791025641026,73.91606153846153
은평구,성동구,614,2176300,614,11834131,614,49934.673116666665,614,26036.597383333334,614,30704.82515,614,3544.4625407166122,19273.828990228012,19.27382899022801,81.32682918023887,42.40488173181325,50.0078585504886
은평구,성북구,530,1676400,530,7403285,530,50394.68516666666,530,22707.277299999998,530,21912.84473333333,530,3163.0188679245284,13968.462264150943,13.968462264150943,95.08431163522012,42.84391943396226,41.344990062893075
은평구,송파구,537,2377100,537,17191145,537,34090.86068333333,537,30164.617966666665,537,35286.72365,537,4426.629422718808,32013.30540037244,32.01330540037244,63.48391188702669,56.17247293606455,65.7108447858473
은평구,수원시권선구,2,11200,2,98285,2,3144.7728333333334,2,58.86533333333334,2,216.99271666666667,2,5600.0,49142.5,49.1425,1572.3864166666667,29.43266666666667,108.49635833333333
은평구,수원시영통구,1,5400,1,45641,1,1474.4936666666665,1,23.516283333333334,1,102.27588333333333,1,5400.0,45641.0,45.641,1474.4936666666665,23.516283333333334,102.27588333333333
은평구,수원시팔달구,3,17500,3,155478,3,4369.166666666666,3,63.2855,3,294.39955000000003,3,5833.333333333333,51826.0,51.826,1456.3888888888887,21.095166666666668,98.13318333333335
은평구,시흥시,13,61200,13,468700,13,21682.50215,13,312.35996666666665,13,1026.2612,13,4707.692307692308,36053.846153846156,36.05384615384616,1667.8847807692307,24.027689743589743,78.94316923076923
은평구,안산시단원구,18,100100,18,865081,18,28589.12955,18,389.9669166666667,18,2041.2813166666667,18,5561.111111111111,48060.055555555555,48.06005555555556,1588.284975,21.664828703703705,113.4045175925926
은평구,안산시상록구,12,59100,12,465923,12,21121.458916666666,12,324.58473333333336,12,1016.2925166666666,12,4925.0,38826.916666666664,38.82691666666666,1760.1215763888888,27.04872777777778,84.69104305555555
은평구,안성시,2,17000,2,181387,2,3431.7160999999996,2,56.58421666666666,2,267.85183333333333,2,8500.0,90693.5,90.6935,1715.8580499999998,28.29210833333333,133.92591666666667
은평구,안양시동안구,17,75000,17,543177,17,446.8554833333333,17,706.7640166666666,17,1234.8488833333333,17,4411.764705882353,31951.58823529412,31.951588235294118,26.285616666666666,41.57435392156862,72.63816960784314
은평구,안양시만안구,9,38100,9,264709,9,176.74745000000001,9,301.5450166666667,9,630.2024,9,4233.333333333333,29412.11111111111,29.41211111111111,19.638605555555557,33.50500185185186,70.02248888888889
은평구,양주시,313,1161200,313,6171135,313,7721.037783333333,313,12162.954983333333,313,14435.261966666667,313,3709.9041533546324,19716.086261980832,19.71608626198083,24.667852342917996,38.85928109691161,46.11904781682641
은평구,양천구,540,1492400,540,5992909,540,26968.704533333334,540,23185.9194,540,17666.982116666666,540,2763.703703703704,11097.97962962963,11.09797962962963,49.942045432098766,42.93688777777778,32.71663354938271
은평구,연수구,15,79500,15,664988,15,26759.878266666667,15,322.6138833333333,15,1466.2662833333334,15,5300.0,44332.53333333333,44.33253333333333,1783.9918844444444,21.507592222222222,97.75108555555556
은평구,연천군,1,7700,1,78442,1,1802.5515,1,37.158833333333334,1,91.35445,1,7700.0,78442.0,78.442,1802.5515,37.158833333333334,91.35445
은평구,영등포구,1698,5350900,1698,21144848,1698,283785.61371666664,1698,65191.676166666664,1698,59195.82361666667,1698,3151.2956419316843,12452.796230859834,12.452796230859834,167.12933670003926,38.39321329014527,34.86208693561052
은평구,용산구,1192,3710600,1192,14929491,1192,127415.74705,1192,48175.469866666666,1192,54241.28143333333,1192,3112.9194630872485,12524.740771812081,12.52474077181208,106.8924052432886,40.41566263982103,45.504430732662186
은평구,용인시기흥구,3,17800,3,158861,3,4788.024766666666,3,75.01866666666666,3,326.59973333333335,3,5933.333333333333,52953.666666666664,52.95366666666666,1596.0082555555555,25.00622222222222,108.86657777777778
은평구,용인시수지구,1,6000,1,54108,1,1923.5455499999998,1,31.338666666666665,1,106.85028333333334,1,6000.0,54108.0,54.108,1923.5455499999998,31.338666666666665,106.85028333333334
은평구,용인시처인구,9,65100,9,646151,9,16167.799666666666,9,340.8118333333333,9,896.7407,9,7233.333333333333,71794.55555555556,71.79455555555556,1796.422185185185,37.86798148148148,99.63785555555555
은평구,은평구,33143,52999900,33143,96452636,33143,1802131.9921333333,33143,1118513.7326333332,33143,417005.49528333335,33143,1599.1280209999095,2910.1963008780135,2.9101963008780136,54.37443780386004,33.74811370827424,12.582008124893141
은평구,의정부시,292,1244500,292,8667483,292,12343.093883333333,292,17090.365783333335,292,18223.401866666667,292,4261.986301369863,29683.16095890411,29.68316095890411,42.27086946347032,58.52864994292238,62.408910502283106
은평구,종로구,2762,7470000,2762,26342393,2762,235905.09056666668,2762,102672.06083333334,2762,100626.54011666667,2762,2704.561911658219,9537.434105720493,9.537434105720493,85.41096689596911,37.173085022930245,36.4324909908279
은평구,중구,977,2895100,977,10956366,977,102240.85558333332,977,27812.512766666667,977,39495.08031666667,977,2963.254861821904,11214.294779938587,11.214294779938587,104.64775392357556,28.467259740702833,40.42485191061071
은평구,중랑구,486,1770900,486,10123068,486,15664.665633333334,486,21096.55335,486,23905.320583333334,486,3643.8271604938273,20829.35802469136,20.82935802469136,32.231822290809326,43.408545987654314,49.18790243484225
은평구,파주시,32,122600,32,746236,32,48146.60588333334,32,900.5179833333333,32,1532.7159333333334,32,3831.25,23319.875,23.319875,1504.5814338541668,28.141186979166665,47.89737291666667
은평구,평택시,20,175700,20,1886635,20,32493.193033333333,20,520.0146833333333,20,3233.972566666667,20,8785.0,94331.75,94.33175,1624.6596516666666,26.000734166666668,161.69862833333335
은평구,하남시,58,278300,58,2161262,58,5908.203433333333,58,2664.4514666666664,58,4166.7285,58,4798.275862068966,37263.137931034486,37.263137931034485,101.86557643678161,45.93881839080459,71.84014655172415
의왕시,영등포구,1,3600,1,20940,1,109.23816666666667,1,11.340166666666667,1,58.38905,1,3600.0,20940.0,20.94,109.23816666666667,11.340166666666667,58.38905
의정부시,강남구,13,63500,13,497636,13,1459.57665,13,-197.9533,13,684.9438,13,4884.615384615385,38279.692307692305,38.27969230769231,112.27512692307693,-15.227176923076923,52.687984615384615
의정부시,강동구,24,106700,24,768887,24,2380.64405,24,-79.42979999999999,24,1333.6417833333333,24,4445.833333333333,32036.958333333332,32.03695833333333,99.19350208333333,-3.3095749999999993,55.568407638888885
의정부시,강북구,14,45500,14,212493,14,1201.834,14,-53.34126666666667,14,615.8439333333333,14,3250.0,15178.07142857143,15.17807142857143,85.84528571428572,-3.8100904761904766,43.98885238095238
의정부시,강서구,21,105100,21,839283,21,2239.0678833333336,21,-263.8089,21,1155.1861833333332,21,5004.761904761905,39965.857142857145,39.965857142857146,106.62228015873018,-12.562328571428571,55.00886587301587
의정부시,고양시덕양구,1,4000,1,25806,1,24.63533333333333,1,55.55833333333333,1,50.878883333333334,1,4000.0,25806.0,25.806,24.63533333333333,55.55833333333333,50.878883333333334
의정부시,관악구,6,32000,6,269996,6,959.483,6,-14.195183333333333,6,357.68815,6,5333.333333333333,44999.333333333336,44.99933333333333,159.91383333333332,-2.3658638888888888,59.614691666666666
의정부시,광진구,5,20600,5,138394,5,421.86521666666664,5,46.78156666666666,5,294.1267833333333,5,4120.0,27678.8,27.6788,84.37304333333333,9.356313333333333,58.825356666666664
의정부시,구로구,13,67200,13,555718,13,1872.1398833333333,13,4.085683333333334,13,1010.0158666666666,13,5169.2307692307695,42747.53846153846,42.74753846153846,144.01076025641026,0.31428333333333336,77.6935282051282
의정부시,금천구,4,23900,4,215820,4,625.2637166666666,4,4.129183333333334,4,363.4042666666667,4,5975.0,53955.0,53.955,156.31592916666665,1.0322958333333334,90.85106666666667
의정부시,노원구,124,410200,124,1517281,124,8716.338483333333,124,-603.2454166666666,124,3900.691333333333,124,3308.064516129032,12236.137096774193,12.236137096774193,70.29305228494623,-4.864882392473118,31.45718817204301
의정부시,도봉구,45,100100,45,329157,45,2639.3431833333334,45,-235.19305000000003,45,912.05625,45,2224.4444444444443,7314.6,7.3146,58.65207074074074,-5.2265122222222224,20.267916666666665
의정부시,동대문구,2,7500,2,45554,2,131.1247666666667,2,-163.64155,2,74.20076666666668,2,3750.0,22777.0,22.777,65.56238333333334,-81.820775,37.10038333333334
의정부시,동작구,3,14800,3,117079,3,396.15933333333334,3,-8.047183333333336,3,287.5819,3,4933.333333333333,39026.333333333336,39.02633333333333,132.05311111111112,-2.6823944444444456,95.86063333333334
의정부시,서대문구,5,21400,5,149830,5,586.9157333333333,5,9.375666666666664,5,375.07804999999996,5,4280.0,29966.0,29.966,117.38314666666665,1.8751333333333329,75.01561
의정부시,성동구,4,16600,4,112974,4,415.28616666666665,4,-1.8058333333333376,4,174.1849,4,4150.0,28243.5,28.2435,103.82154166666666,-0.4514583333333344,43.546225
의정부시,성북구,2,7300,2,41076,2,136.11205,2,24.322883333333333,2,109.62083333333332,2,3650.0,20538.0,20.538,68.056025,12.161441666666667,54.81041666666666
의정부시,송파구,4,19700,4,154973,4,497.8797833333333,4,-66.09573333333333,4,217.06021666666666,4,4925.0,38743.25,38.74325,124.46994583333333,-16.523933333333332,54.265054166666665
의정부시,양천구,3,15800,3,131736,3,410.4551666666666,3,79.58921666666667,3,220.33794999999998,3,5266.666666666667,43912.0,43.912,136.81838888888888,26.52973888888889,73.44598333333333
의정부시,영등포구,2,10100,2,80887,2,201.41783333333336,2,-2.8932166666666683,2,185.4606,2,5050.0,40443.5,40.4435,100.70891666666668,-1.4466083333333342,92.7303
의정부시,용산구,1,4700,1,35289,1,77.87033333333333,1,-18.195333333333334,1,59.15371666666667,1,4700.0,35289.0,35.289,77.87033333333333,-18.195333333333334,59.15371666666667
의정부시,은평구,3,10900,3,61241,3,344.58506666666665,3,1.0090000000000003,3,154.33245,3,3633.3333333333335,20413.666666666668,20.413666666666668,114.86168888888888,0.33633333333333343,51.44415
의정부시,의정부시,8,14800,8,47271,8,631.0515,8,16.469433333333335,8,122.72351666666665,8,1850.0,5908.875,5.908875,78.8814375,2.058679166666667,15.340439583333332
의정부시,종로구,1,4000,1,25271,1,55.522450000000006,1,-7.375883333333333,1,66.86021666666666,1,4000.0,25271.0,25.271,55.522450000000006,-7.375883333333333,66.86021666666666
의정부시,중구,5,19100,5,116477,5,761.83435,5,-79.45235,5,290.83745,5,3820.0,23295.4,23.2954,152.36687,-15.890469999999999,58.16749
의정부시,중랑구,42,157300,42,946536,42,3972.3296666666665,42,-852.6677,42,1670.9086833333333,42,3745.2380952380954,22536.571428571428,22.536571428571428,94.57927777777778,-20.301611904761906,39.78354007936508
종로구,가평군,8,52200,8,495846,8,12723.213733333334,8,175.26355,8,747.9626666666667,8,6525.0,61980.75,61.98075,1590.4017166666667,21.90794375,93.49533333333333
종로구,강남구,891,2972300,891,14805290,891,36769.952216666665,891,38605.160566666666,891,44425.12201666667,891,3335.914702581369,16616.48709315376,16.616487093153758,41.268184306023194,43.327901870557426,49.859845136550696
종로구,강동구,596,2142500,596,11436051,596,17279.56295,596,31631.45945,596,32282.831433333333,596,3594.798657718121,19188.00503355705,19.188005033557047,28.9925552852349,53.072918540268454,54.16582455257271
종로구,강북구,1326,3112400,1326,10522981,1326,54019.79323333333,1326,52597.14558333333,1326,40960.81705,1326,2347.209653092006,7935.883107088989,7.935883107088989,40.73890892408245,39.66602231020613,30.89051059577677
종로구,강서구,1394,4903000,1394,26078090,1394,47214.90741666667,1394,71568.35425,1394,75985.62263333333,1394,3517.2166427546626,18707.381635581063,18.707381635581065,33.870091403634625,51.34028281922525,54.5090549736968
종로구,계양구,24,103700,24,732614,24,38238.49246666667,24,655.6336333333334,24,1813.3452166666668,24,4320.833333333333,30525.583333333332,30.525583333333334,1593.2705194444445,27.318068055555557,75.55605069444445
종로구,고양시덕양구,336,1132800,336,5756297,336,9486.065166666667,336,14616.687,336,18486.155383333335,336,3371.4285714285716,17131.83630952381,17.13183630952381,28.23233680555556,43.50204464285714,55.01831959325397
종로구,고양시일산동구,207,845100,207,5613612,207,8695.591316666667,207,11517.412616666667,207,12375.459933333334,207,4082.608695652174,27118.898550724636,27.118898550724637,42.007687520128826,55.63967447665056,59.784830595813204
종로구,고양시일산서구,198,917300,198,6939035,198,6119.420166666667,198,9953.96945,198,14657.750766666666,198,4632.828282828283,35045.631313131315,35.04563131313132,30.90616245791246,50.272572979797985,74.02904427609427
종로구,과천시,73,269000,73,1551764,73,1977.2234666666666,73,3670.10405,73,4712.893816666667,73,3684.931506849315,21257.04109589041,21.25704109589041,27.085252968036528,50.275397945205476,64.5601892694064
종로구,관악구,429,1383200,429,6473798,429,13779.92935,429,23025.922166666667,429,25387.9713,429,3224.242424242424,15090.438228438228,15.090438228438229,32.12104743589744,53.673478243978245,59.17942027972028
종로구,광명시,82,310500,82,1873815,82,2737.5721166666667,82,4509.293616666667,82,6028.94045,82,3786.5853658536585,22851.40243902439,22.85140243902439,33.38502581300813,54.991385569105695,73.52366402439024
종로구,광주시,8,42100,8,350965,8,11163.8682,8,245.82005,8,744.2149333333333,8,5262.5,43870.625,43.870625,1395.483525,30.72750625,93.02686666666666
종로구,광진구,560,1663900,560,6404106,560,36221.051666666666,560,32206.2004,560,24199.4864,560,2971.25,11435.903571428571,11.435903571428572,64.6804494047619,57.511072142857145,43.213368571428575
종로구,구로구,811,2889000,811,15963349,811,30893.97908333333,811,47153.09616666667,811,61145.8315,811,3562.268803945746,19683.537607891492,19.68353760789149,38.09368567612002,58.14191882449651,75.39559987669544
종로구,구리시,183,599200,183,2831904,183,4361.9169,183,7526.459633333333,183,8896.612316666668,183,3274.3169398907103,15474.88524590164,15.474885245901639,23.835611475409838,41.128194717668485,48.615367850637526
종로구,군포시,2,9200,2,69909,2,1444.6995,2,83.29271666666666,2,146.10289999999998,2,4600.0,34954.5,34.9545,722.34975,41.64635833333333,73.05144999999999
종로구,금천구,233,810100,233,4309564,233,6429.52635,233,11483.72675,233,14525.448666666667,233,3476.824034334764,18495.982832618025,18.495982832618026,27.594533690987124,49.28638090128755,62.34098140200286
종로구,김포시,399,1934400,399,14536845,399,15823.947216666667,399,24627.956483333335,399,30001.157483333332,399,4848.12030075188,36433.1954887218,36.4331954887218,39.65901558061822,61.72420171261488,75.1908708855472
종로구,남구,13,67700,13,561100,13,19735.07715,13,419.57410000000004,13,1291.02415,13,5207.692307692308,43161.53846153846,43.16153846153846,1518.0828576923077,32.27493076923077,99.30955
종로구,남동구,40,198200,40,1582704,40,31616.13333333333,40,1159.5774333333334,40,3732.218766666667,40,4955.0,39567.6,39.5676,790.4033333333333,28.989435833333335,93.30546916666667
종로구,남양주시,422,1663500,422,10578721,422,12173.286166666667,422,20748.543,422,26129.2705,422,3941.9431279620853,25068.05924170616,25.06805924170616,28.846649684044234,49.16716350710901,61.91770260663507
종로구,노원구,3183,9662000,3183,39981899,3183,103459.21195,3183,172035.96695,3183,142298.58255,3183,3035.5010995915804,12561.074143889413,12.561074143889412,32.50367953188815,54.048371646245684,44.70580664467483
종로구,도봉구,1344,4190900,1344,17905317,1344,44626.53656666667,1344,73563.18098333334,1344,64828.08288333333,1344,3118.2291666666665,13322.408482142857,13.322408482142857,33.204268278769845,54.73450966021826,48.23518071676587
종로구,동구,1,4900,1,38712,1,1736.0977166666667,1,18.144833333333334,1,66.10271666666667,1,4900.0,38712.0,38.712,1736.0977166666667,18.144833333333334,66.10271666666667
종로구,동대문구,2202,4372700,2202,14091200,2202,88189.52365,2202,95594.44551666667,2202,64042.539816666664,2202,1985.7856494096277,6399.2733878292465,6.399273387829247,40.049738260672115,43.41255473054799,29.083805547986678
종로구,동두천시,25,137200,25,1181558,25,40184.95138333333,25,747.3624666666667,25,2073.42295,25,5488.0,47262.32,47.26232,1607.3980553333333,29.894498666666667,82.936918
종로구,동작구,617,2040100,617,8087208,617,26674.54735,617,30531.541116666667,617,31725.340966666667,617,3306.482982171799,13107.306320907617,13.107306320907616,43.23265372771475,49.48385918422474,51.418704970286335
종로구,마포구,2596,6064780,2596,20828712,2596,94421.79573333333,2596,110307.63886666666,2596,75584.69801666666,2596,2336.2018489984594,8023.386748844376,8.023386748844375,36.3720322547509,42.491386312275296,29.115831285310733
종로구,부천시소사구,178,815700,178,5461648,178,3741.2691333333332,178,7183.376333333333,178,14916.401933333333,178,4582.5842696629215,30683.415730337078,30.683415730337078,21.018365917602996,40.3560468164794,83.80001086142322
종로구,부천시오정구,33,129300,33,812883,33,607.7034333333334,33,1296.5944833333333,33,2238.75445,33,3918.181818181818,24632.81818181818,24.63281818181818,18.415255555555557,39.290741919191916,67.84104393939394
종로구,부천시원미구,231,939900,231,6218156,231,5686.889133333333,231,9953.781166666668,231,17679.478750000002,231,4068.8311688311687,26918.424242424244,26.918424242424244,24.618567676767675,43.08996176046176,76.53454004329005
종로구,부평구,18,81300,18,599326,18,27722.154133333333,18,397.96259999999995,18,1697.82795,18,4516.666666666667,33295.88888888889,33.29588888888889,1540.119674074074,22.10903333333333,94.32377500000001
종로구,서구,60,291000,60,2285601,60,110228.6718,60,1557.8954833333335,60,5171.31695,60,4850.0,38093.35,38.09335,1837.14453,25.964924722222225,86.18861583333334
종로구,서대문구,3267,6769500,3267,18181628,3267,92361.33813333334,3267,145681.9754,3267,68256.6105,3267,2072.0844811753905,5565.236608509335,5.565236608509335,28.270994225079075,44.59197288031833,20.89274885215794
종로구,서초구,733,2313900,733,9472679,733,25872.4644,733,37197.53573333333,733,33859.417733333335,733,3156.7530695770806,12923.163710777626,12.923163710777626,35.296677216916784,50.74697917235107,46.192930059117785
종로구,성남시분당구,199,868600,199,6183965,199,8746.152399999999,199,10318.89445,199,13739.685733333334,199,4364.824120603015,31075.201005025127,31.075201005025125,43.950514572864314,51.85374095477387,69.04364690117254
종로구,성남시수정구,334,1256100,334,7528895,334,7881.663716666667,334,13265.047883333333,334,20395.913633333334,334,3760.7784431137725,22541.601796407187,22.541601796407186,23.597795558882236,39.7157122255489,61.06560968063872
종로구,성남시중원구,31,131300,31,901306,31,963.4709833333334,31,1661.97755,31,2192.9168833333333,31,4235.4838709677415,29074.387096774193,29.074387096774192,31.07970913978495,53.61217903225807,70.73925430107526
종로구,성동구,1173,2104800,1173,6578897,1173,40870.57653333333,1173,49723.8461,1173,30701.37253333333,1173,1794.373401534527,5608.607843137255,5.608607843137255,34.842776243250924,42.39032063086104,26.173378118783745
종로구,성북구,3278,6178700,3278,17143631,3278,104941.87643333334,3278,152165.57091666668,3278,72574.14533333333,3278,1884.8993288590605,5229.905735204393,5.229905735204393,32.01399525116941,46.42024738153346,22.139763677038847
종로구,송파구,456,1664100,456,8925101,456,17127.398516666668,456,24813.300333333333,456,26273.351233333335,456,3649.342105263158,19572.589912280702,19.5725899122807,37.56008446637427,54.41513230994152,57.616998318713456
종로구,수원시권선구,14,72400,14,595518,14,25471.475666666665,14,413.1496166666667,14,1430.0462166666666,14,5171.428571428572,42537.0,42.537,1819.391119047619,29.510686904761908,102.14615833333333
종로구,수원시영통구,9,46400,9,381023,9,15606.859783333333,9,226.7162833333333,9,743.8353166666667,9,5155.555555555556,42335.88888888889,42.33588888888889,1734.0955314814814,25.190698148148144,82.64836851851852
종로구,수원시장안구,3,15100,3,122364,3,6192.2864500000005,3,167.93911666666668,3,334.70998333333335,3,5033.333333333333,40788.0,40.788,2064.0954833333335,55.97970555555556,111.56999444444445
종로구,수원시팔달구,3,15900,3,133004,3,5655.993166666667,3,78.2895,3,300.5815,3,5300.0,44334.666666666664,44.334666666666664,1885.3310555555556,26.096500000000002,100.19383333333333
종로구,시흥시,20,96200,20,750310,20,36335.18786666667,20,701.15355,20,2276.7914833333334,20,4810.0,37515.5,37.5155,1816.7593933333333,35.0576775,113.83957416666667
종로구,안산시단원구,46,261600,46,2316208,46,81389.35986666667,46,1047.0227333333332,46,4445.731083333333,46,5686.95652173913,50352.34782608696,50.35234782608696,1769.3339101449276,22.761363768115938,96.64632789855072
종로구,안산시상록구,30,164000,30,1399541,30,55413.03403333334,30,648.29065,30,3095.8328833333335,30,5466.666666666667,46651.36666666667,46.65136666666667,1847.1011344444446,21.609688333333334,103.19442944444445
종로구,안성시,4,30000,4,302586,4,7417.051816666667,4,116.30305,4,415.99001666666663,4,7500.0,75646.5,75.6465,1854.2629541666668,29.0757625,103.99750416666666
종로구,안양시동안구,73,297100,73,1995124,73,2245.1290833333333,73,3963.77175,73,6316.185266666666,73,4069.8630136986303,27330.465753424658,27.330465753424658,30.755192922374427,54.29824315068493,86.52308584474885
종로구,안양시만안구,68,295400,68,2088856,68,2287.7840166666665,68,4220.289566666666,68,5181.263116666667,68,4344.117647058823,30718.470588235294,30.718470588235295,33.64388259803921,62.06308186274509,76.19504583333334
종로구,양주시,233,1119300,233,8770187,233,8891.66475,233,14152.977916666667,233,18378.132766666666,233,4803.862660944206,37640.28755364807,37.64028755364807,38.161651287553646,60.742394492131616,78.87610629470672
종로구,양천구,437,1498600,437,7770199,437,11832.9702,437,17901.975766666666,437,24854.65215,437,3429.29061784897,17780.775743707094,17.780775743707093,27.077735011441646,40.96561960335622,56.87563421052632
종로구,양평군,26,163800,26,1526473,26,5785.195983333333,26,1495.5603166666665,26,2561.572666666667,26,6300.0,58710.5,58.7105,222.50753782051282,57.521550641025634,98.52202564102565
종로구,여주군,2,16700,2,175277,2,3910.71005,2,176.35866666666664,2,340.93483333333336,2,8350.0,87638.5,87.6385,1955.355025,88.17933333333332,170.46741666666668
종로구,연수구,12,64800,12,549084,12,22446.43415,12,290.3466666666667,12,1357.7552333333333,12,5400.0,45757.0,45.757,1870.5361791666667,24.195555555555558,113.14626944444444
종로구,영등포구,939,2841700,939,11479412,939,29804.906750000002,939,41349.766683333335,939,44163.45055,939,3026.304579339723,12225.145899893503,12.225145899893503,31.74111474973376,44.03596025914093,47.03242870074548
종로구,오산시,6,38800,6,365032,6,10081.16,6,133.57173333333333,6,611.6764499999999,6,6466.666666666667,60838.666666666664,60.83866666666666,1680.1933333333334,22.261955555555556,101.946075
종로구,용산구,1295,2711500,1295,8559844,1295,43282.523916666665,1295,51790.45441666667,1295,38410.4933,1295,2093.8223938223937,6609.918146718147,6.609918146718147,33.42279839124839,39.992628893178896,29.66061258687259
종로구,용인시기흥구,8,40900,8,335353,8,12862.053816666667,8,227.31481666666667,8,610.2317166666667,8,5112.5,41919.125,41.919125,1607.7567270833333,28.414352083333334,76.27896458333333
종로구,용인시수지구,22,107000,22,841369,22,38556.84061666667,22,517.8801333333333,22,1844.82505,22,4863.636363636364,38244.045454545456,38.24404545454546,1752.5836643939394,23.54000606060606,83.8556840909091
종로구,용인시처인구,1,5500,1,47598,1,1504.01805,1,33.774166666666666,1,71.58738333333334,1,5500.0,47598.0,47.598,1504.01805,33.774166666666666,71.58738333333334
종로구,은평구,2501,6422300,2501,22790714,2501,65210.4161,2501,113174.59028333334,2501,83793.16425,2501,2567.8928428628546,9112.640543782487,9.112640543782486,26.073736945221913,45.25173541916567,33.50386415433827
종로구,의왕시,5,21400,5,148601,5,3910.695333333333,5,241.75273333333334,5,485.75243333333333,5,4280.0,29720.2,29.720200000000002,782.1390666666666,48.350546666666666,97.15048666666667
종로구,의정부시,273,1059800,273,6634141,273,7376.268466666667,273,11301.190083333333,273,18250.1634,273,3882.051282051282,24300.882783882786,24.300882783882784,27.019298412698415,41.39630067155067,66.85041538461539
종로구,이천시,2,12800,2,119611,2,3887.6402166666667,2,75.76616666666666,2,180.76116666666667,2,6400.0,59805.5,59.8055,1943.8201083333333,37.88308333333333,90.38058333333333
종로구,종로구,6501,10139900,6501,19932718,6501,321069.38001666666,6501,257603.52046666667,6501,93863.62056666666,6501,1559.7446546685126,3066.100292262729,3.066100292262729,49.3876911270061,39.62521465415577,14.438335727836742
종로구,중구,1614,2837700,1614,8580782,1614,363808.81235,1614,55423.0524,1614,40976.07018333333,1614,1758.17843866171,5316.469640644362,5.316469640644362,225.4081860904585,34.338942007434945,25.38789974184221
종로구,중랑구,892,2637200,892,10327009,892,24016.19438333333,892,41550.352366666666,892,41740.43358333333,892,2956.5022421524664,11577.364349775784,11.577364349775785,26.923984734678623,46.581112518684606,46.794208053064274
종로구,파주시,36,183000,36,1488718,36,43297.376833333336,36,1311.66055,36,2646.424233333333,36,5083.333333333333,41353.27777777778,41.353277777777784,1202.704912037037,36.43501527777778,73.51178425925926
종로구,평택시,4,29500,4,294547,4,7551.212433333333,4,103.64716666666666,4,482.4591166666667,4,7375.0,73636.75,73.63675,1887.8031083333333,25.911791666666666,120.61477916666668
종로구,포천시,5,26800,5,224901,5,8677.607216666667,5,124.91550000000001,5,425.95011666666664,5,5360.0,44980.2,44.980199999999996,1735.5214433333335,24.9831,85.19002333333333
종로구,하남시,247,964700,247,6058905,247,7703.840566666667,247,11909.106033333333,247,15857.830066666667,247,3905.668016194332,24529.97975708502,24.52997975708502,31.189637921727396,48.21500418353576,64.2017411605938
종로구,화성시,20,117400,20,1048883,20,36372.626183333334,20,555.5069166666667,20,2211.7579666666666,20,5870.0,52444.15,52.44415,1818.6313091666666,27.775345833333336,110.58789833333333
중구,강남구,880,2623200,880,11127162,880,82795.9991,880,52085.7859,880,36316.56965,880,2980.909090909091,12644.502272727274,12.644502272727273,94.08636261363637,59.188393068181824,41.26882914772727
중구,강동구,481,1761600,481,10188903,481,21625.651266666668,481,27240.201033333335,481,24590.315433333333,481,3662.3700623700624,21182.75051975052,21.18275051975052,44.95977394317394,56.63243458073458,51.12331690921691
중구,강북구,531,1489100,531,5454918,531,63212.8909,531,27517.688216666666,531,21758.508716666667,531,2804.331450094162,10272.915254237289,10.272915254237288,119.04499227871939,51.822388355304454,40.976475925925925
중구,강서구,747,2683800,747,15190604,747,27338.046316666667,747,40853.005366666664,747,39048.40933333333,747,3592.7710843373493,20335.480589022758,20.335480589022758,36.59711688978135,54.68943154841588,52.27364033913431
중구,고양시덕양구,241,789300,241,3844108,241,11563.537483333334,241,17023.7478,241,11627.485366666666,241,3275.103734439834,15950.655601659751,15.95065560165975,47.98148333333334,70.63795767634855,48.246827247579525
중구,고양시일산동구,81,349400,81,2450388,81,2536.7491499999996,81,4530.70065,81,4760.276216666667,81,4313.580246913581,30251.703703703704,30.251703703703704,31.317890740740737,55.93457592592592,58.768842181069964
중구,고양시일산서구,50,226300,50,1671513,50,1815.9430166666666,50,3034.8993666666665,50,3396.7428,50,4526.0,33430.26,33.430260000000004,36.31886033333333,60.69798733333333,67.934856
중구,과천시,10,35200,10,189393,10,287.30345,10,501.24903333333333,10,414.82595000000003,10,3520.0,18939.3,18.9393,28.730345,50.124903333333336,41.482595
중구,관악구,402,1242900,402,5320916,402,15453.136333333334,402,21998.234666666667,402,16964.9087,402,3091.791044776119,13236.109452736318,13.236109452736319,38.4406376451078,54.721976782752904,42.20126542288557
중구,광명시,208,746200,208,4152405,208,14607.5423,208,21194.400916666666,208,18967.51241666667,208,3587.5,19963.485576923078,19.963485576923077,70.22856875,101.89615825320513,91.18996354166667
중구,광주시,1,5200,1,42807,1,2061.2137166666666,1,52.541666666666664,1,105.50088333333333,1,5200.0,42807.0,42.807,2061.2137166666666,52.541666666666664,105.50088333333333
중구,광진구,517,1314100,517,4661571,517,17648.825266666667,517,24759.9248,517,18243.2961,517,2541.779497098646,9016.57833655706,9.01657833655706,34.13699277885235,47.89153733075435,35.286839651837525
중구,구로구,233,788500,233,3980069,233,7930.3427833333335,233,12188.946116666666,233,13438.0684,233,3384.1201716738196,17081.84120171674,17.08184120171674,34.035805937052935,52.313073462088695,57.67411330472103
중구,구리시,50,176800,50,971097,50,1451.747,50,2459.317666666667,50,2498.3678833333333,50,3536.0,19421.94,19.42194,29.034940000000002,49.18635333333334,49.967357666666665
중구,금천구,235,811800,235,4245342,235,7124.68235,235,13453.095183333333,235,13374.608616666666,235,3454.468085106383,18065.28510638298,18.06528510638298,30.317797234042555,57.24721354609929,56.91322815602837
중구,김포시,142,672500,142,5161851,142,7312.331516666667,142,9530.356083333334,142,9765.6545,142,4735.915492957746,36351.06338028169,36.35106338028169,51.495292370892024,67.11518368544601,68.7722147887324
중구,남구,1,4800,1,37169,1,2047.8773333333334,1,46.04578333333333,1,78.15576666666666,1,4800.0,37169.0,37.169,2047.8773333333334,46.04578333333333,78.15576666666666
중구,남양주시,168,797400,168,4933301,168,5225.491383333333,168,9447.636833333334,168,10417.426816666666,168,4746.428571428572,29364.886904761905,29.364886904761903,31.104115376984126,56.235933531746035,62.0084929563492
중구,노원구,976,3911180,976,14213160,976,196466.89911666667,976,44383.3601,976,44893.36575,976,4007.3565573770493,14562.66393442623,14.56266393442623,201.29805237363388,45.47475420081967,45.99730097336065
중구,도봉구,172,570000,172,2759835,172,5573.82295,172,8387.17365,172,9261.676733333334,172,3313.953488372093,16045.552325581395,16.045552325581394,32.40594738372093,48.762637500000004,53.846957751937985
중구,동구,1,5900,1,52734,1,1735.59145,1,18.556116666666664,1,62.37943333333333,1,5900.0,52734.0,52.734,1735.59145,18.556116666666664,62.37943333333333
중구,동대문구,700,1344900,700,4039450,700,19464.166833333333,700,28857.062283333333,700,17285.488933333334,700,1921.2857142857142,5770.642857142857,5.770642857142857,27.80595261904762,41.22437469047619,24.69355561904762
중구,동두천시,14,88300,14,828204,14,15492.426716666667,14,389.45885,14,1336.4308833333334,14,6307.142857142857,59157.42857142857,59.157428571428575,1106.6019083333333,27.818489285714286,95.45934880952382
중구,동작구,469,1380100,469,5516817,469,13270.628566666666,469,20172.392483333333,469,16575.861950000002,469,2942.643923240938,11762.936034115139,11.762936034115139,28.29558329779673,43.01149783226723,35.34298923240939
중구,마포구,832,1980100,832,6951053,832,26790.307216666668,832,44154.93163333333,832,26655.91673333333,832,2379.9278846153848,8354.631009615385,8.354631009615385,32.19988848157051,53.070831290064106,32.038361458333334
중구,부천시소사구,56,228400,56,1515745,56,3945.55155,56,4040.4595999999997,56,4278.89215,56,4078.5714285714284,27066.875,27.066875,70.45627767857142,72.15106428571428,76.40878839285713
중구,부천시오정구,4,15100,4,89727,4,128.92556666666667,4,224.70388333333332,4,285.28811666666667,4,3775.0,22431.75,22.43175,32.23139166666667,56.17597083333333,71.32202916666667
중구,부천시원미구,79,333800,79,2299809,79,4117.13075,79,4664.83985,79,6028.173133333334,79,4225.316455696203,29111.506329113923,29.111506329113922,52.115579113924056,59.048605696202536,76.30598902953587
중구,부평구,1,5200,1,42817,1,1788.2472833333334,1,23.071833333333334,1,81.82461666666667,1,5200.0,42817.0,42.817,1788.2472833333334,23.071833333333334,81.82461666666667
중구,서구,11,56800,11,467394,11,19045.485816666667,11,400.0254,11,799.6228166666667,11,5163.636363636364,42490.36363636364,42.49036363636364,1731.4078015151515,36.365945454545454,72.69298333333334
중구,서대문구,1682,3493000,1682,10175388,1682,62700.74238333333,1682,74372.94606666667,1682,42029.63181666667,1682,2076.6944114149824,6049.576694411415,6.049576694411415,37.277492499009114,44.216971502179945,24.987890497423702
중구,서초구,504,1438600,504,5521791,504,19640.906916666667,504,29533.50165,504,17575.052183333333,504,2854.3650793650795,10955.934523809523,10.955934523809523,38.97005340608466,58.5982175595238,34.871135284391535
중구,성남시분당구,202,850900,202,5827049,202,7678.751083333334,202,12503.742666666667,202,11684.518166666667,202,4212.376237623763,28846.77722772277,28.84677722772277,38.01361922442244,61.899716171617165,57.84414933993399
중구,성남시수정구,41,156700,41,957755,41,1482.8529166666667,41,2509.5981,41,2400.9427833333334,41,3821.951219512195,23359.878048780487,23.359878048780487,36.167144308943094,61.20970975609757,58.559580081300815
중구,성남시중원구,22,88000,22,571269,22,974.4009166666667,22,1388.8375666666666,22,1307.8209166666666,22,4000.0,25966.772727272728,25.966772727272726,44.29095075757576,63.128980303030296,59.446405303030296
중구,성동구,1467,2388800,1467,5501325,1467,45441.013483333336,1467,62317.4543,1467,25476.495883333333,1467,1628.3571915473756,3750.0511247443765,3.7500511247443766,30.97546931379232,42.47951895023858,17.366391195182914
중구,성북구,1060,2264400,1060,7046256,1060,41865.38045,1060,64460.540166666666,1060,33713.246549999996,1060,2136.2264150943397,6647.411320754717,6.647411320754717,39.49564193396226,60.81183034591195,31.804949575471696
중구,송파구,457,1558600,457,7974075,457,31733.84878333333,457,20398.150166666666,457,20619.676566666665,457,3410.503282275711,17448.74179431072,17.44874179431072,69.43949405543398,44.634901896425966,45.1196423778264
중구,시흥시,9,45000,9,364199,9,15135.445216666667,9,236.83283333333333,9,671.1324999999999,9,5000.0,40466.555555555555,40.46655555555555,1681.7161351851853,26.314759259259258,74.57027777777778
중구,안산시단원구,3,16400,3,138845,3,5290.213833333333,3,129.25876666666667,3,494.81485,3,5466.666666666667,46281.666666666664,46.281666666666666,1763.404611111111,43.08625555555556,164.93828333333332
중구,안산시상록구,2,9600,2,74360,2,3269.293333333333,2,70.76111666666667,2,172.279,2,4800.0,37180.0,37.18,1634.6466666666665,35.38055833333333,86.1395
중구,안양시동안구,17,66300,17,417113,17,869.2945000000001,17,1288.0779,17,1135.8066833333332,17,3900.0,24536.058823529413,24.536058823529412,51.1349705882353,75.76928823529411,66.81215784313724
중구,안양시만안구,142,539100,142,3295910,142,9063.198,142,13285.707666666667,142,10797.6826,142,3796.478873239437,23210.6338028169,23.2106338028169,63.825338028169014,93.56132159624414,76.04001830985915
중구,양주시,341,1871800,341,16145459,341,11095.758566666667,341,20641.77625,341,26645.802883333334,341,5489.149560117302,47347.3870967742,47.3473870967742,32.53888142717498,60.53306818181818,78.14018440860215
중구,양천구,349,1181900,349,5972737,349,11440.13365,349,18631.723066666666,349,18574.57476666667,349,3386.532951289398,17113.85959885387,17.113859598853868,32.77975257879656,53.38602597898758,53.22227726838587
중구,양평군,29,188900,29,1800251,29,43445.207200000004,29,675.8950666666667,29,2403.7608333333333,29,6513.793103448276,62077.620689655174,62.07762068965518,1498.1105931034485,23.30672643678161,82.88830459770115
중구,여주군,2,14300,2,141637,2,3353.049833333333,2,69.03895,2,207.27938333333333,2,7150.0,70818.5,70.8185,1676.5249166666665,34.519475,103.63969166666666
중구,연천군,2,18300,2,199036,2,2706.0587166666664,2,47.2594,2,262.63104999999996,2,9150.0,99518.0,99.518,1353.0293583333332,23.6297,131.31552499999998
중구,영등포구,765,2234000,765,8542845,765,19823.071933333333,765,34458.688616666666,765,24797.11865,765,2920.2614379084966,11167.117647058823,11.167117647058824,25.912512331154684,45.04403740740741,32.41453418300654
중구,용산구,1025,1782300,1025,4813399,1025,33746.12938333333,1025,53254.63533333333,1025,20288.480483333333,1025,1738.8292682926829,4695.999024390244,4.695999024390244,32.92305305691057,51.955741788617885,19.793639495934958
중구,용인시수지구,1,4700,1,35866,1,1789.8798833333335,1,13.4495,1,55.28783333333333,1,4700.0,35866.0,35.866,1789.8798833333335,13.4495,55.28783333333333
중구,은평구,588,1692500,588,6537569,588,32784.21525,588,35899.51195,588,25700.78565,588,2878.401360544218,11118.31462585034,11.11831462585034,55.7554681122449,61.05359175170068,43.70881913265306
중구,의정부시,140,574800,140,3836823,140,4003.573066666667,140,7134.958233333334,140,9136.114183333333,140,4105.714285714285,27405.878571428573,27.405878571428573,28.59695047619048,50.96398738095238,65.25795845238095
중구,종로구,1331,2397400,1331,6360238,1331,59807.079366666665,1331,62495.0086,1331,30467.2937,1331,1801.2021036814426,4778.540946656649,4.778540946656649,44.933943926872026,46.95342494365139,22.890528700225392
중구,중구,4200,6521300,4200,11287404,4200,122157.2847,4200,179233.42456666665,4200,51460.7122,4200,1552.6904761904761,2687.477142857143,2.687477142857143,29.085067785714287,42.67462489682539,12.252550523809525
중구,중랑구,487,1515400,487,6062664,487,12453.715066666668,487,23075.411516666667,487,20258.61625,487,3111.7043121149895,12449.00205338809,12.44900205338809,25.572310198494183,47.38277518822724,41.59880133470226
중구,파주시,3,15600,3,128861,3,64.38971666666667,3,136.58355,3,189.98560000000003,3,5200.0,42953.666666666664,42.95366666666666,21.463238888888892,45.52785,63.32853333333335
중구,평택시,1,7500,1,75735,1,1936.1257166666667,1,36.744,1,117.87811666666667,1,7500.0,75735.0,75.735,1936.1257166666667,36.744,117.87811666666667
중구,포천시,2,14800,2,147509,2,1969.7317333333335,2,52.17016666666666,2,205.3896,2,7400.0,73754.5,73.7545,984.8658666666668,26.08508333333333,102.6948
중구,하남시,63,256700,63,1693070,63,2181.9295,63,4008.6246333333333,63,3181.6165166666665,63,4074.6031746031745,26874.126984126986,26.874126984126985,34.63380158730159,63.628962433862434,50.501849470899465
중구,화성시,3,17800,3,159792,3,3849.9157833333334,3,79.03716666666668,3,238.4807166666667,3,5933.333333333333,53264.0,53.264,1283.3052611111111,26.345722222222225,79.49357222222223
중랑구,가평군,5,32200,5,303271,5,8406.661733333332,5,130.0251166666667,5,408.3698333333333,5,6440.0,60654.2,60.654199999999996,1681.3323466666666,26.005023333333337,81.67396666666666
중랑구,강남구,1073,3707000,1073,19477930,1073,47387.889950000004,1073,34311.086833333335,1073,52712.11008333333,1073,3454.7996272134205,18152.77726001864,18.15277726001864,44.16392353215284,31.976781764523146,49.12591806461634
중랑구,강동구,1945,5873800,1945,23906669,1945,103394.55671666666,1945,81420.862,1945,66748.77625,1945,3019.948586118252,12291.346529562981,12.291346529562981,53.15915512425021,41.86162570694087,34.31813688946015
중랑구,강북구,1321,3420500,1321,11462185,1321,254127.73756666668,1321,42564.41395,1321,42709.26715,1321,2589.326267978804,8676.900075700227,8.676900075700226,192.37527446379008,32.221358024224074,32.331012225586676
중랑구,강서구,295,1310500,295,9487067,295,35592.487733333335,295,10310.60145,295,18653.12895,295,4442.372881355932,32159.54915254237,32.15954915254237,120.65250079096046,34.9511913559322,63.23094559322033
중랑구,계양구,6,34300,6,301161,6,8012.2324,6,195.90335,6,407.67215,6,5716.666666666667,50193.5,50.1935,1335.3720666666666,32.65055833333333,67.94535833333333
중랑구,고양시덕양구,43,179600,43,1222769,43,741.21825,43,1531.0352166666667,43,2447.6838333333335,43,4176.7441860465115,28436.488372093023,28.436488372093024,17.237633720930233,35.60547015503876,56.922879844961244
중랑구,고양시일산동구,24,126100,24,1053035,24,1879.28125,24,1016.0151,24,1738.8319666666666,24,5254.166666666667,43876.458333333336,43.87645833333334,78.30338541666667,42.3339625,72.45133194444445
중랑구,고양시일산서구,43,230800,43,1952493,43,792.1040833333333,43,1601.5226833333334,43,3552.702116666667,43,5367.441860465116,45406.813953488374,45.406813953488374,18.42102519379845,37.24471356589147,82.62097945736434
중랑구,과천시,87,352700,87,2331763,87,18015.422016666667,87,2973.390566666667,87,5334.4327,87,4054.022988505747,26801.873563218393,26.801873563218393,207.0738162835249,34.176903065134105,61.3153183908046
중랑구,관악구,328,1163400,328,6355982,328,6249.514533333333,328,12344.088133333333,328,18209.204333333335,328,3546.951219512195,19377.993902439026,19.377993902439027,19.053397967479675,37.6344150406504,55.5158668699187
중랑구,광명시,14,64500,14,481469,14,8643.57705,14,310.4753166666667,14,888.58145,14,4607.142857142857,34390.642857142855,34.39064285714286,617.3983607142857,22.176808333333334,63.470103571428574
중랑구,광주시,5,25200,5,204058,5,6407.704233333334,5,169.1915,5,329.0061,5,5040.0,40811.6,40.8116,1281.5408466666668,33.8383,65.80122
중랑구,광진구,3380,7461100,3380,23428928,3380,652108.0991666666,3380,111029.60156666666,3380,83916.79478333333,3380,2207.4260355029587,6931.63550295858,6.9316355029585806,192.93139028599603,32.848994546351086,24.82745407790927
중랑구,구로구,164,710000,164,5021702,164,6780.0916333333325,164,6328.8242,164,10784.590716666668,164,4329.268292682927,30620.134146341465,30.620134146341464,41.34202215447154,38.59039146341463,65.75969949186992
중랑구,구리시,1177,2111000,1177,6189574,1177,22495.284233333332,1177,38631.777799999996,1177,20701.91935,1177,1793.5429056924384,5258.771452846219,5.2587714528462195,19.112391022373263,32.822241121495324,17.58871652506372
중랑구,금천구,35,156700,35,1139484,35,2319.1760999999997,35,1550.0320666666667,35,2946.7766833333335,35,4477.142857142857,32556.685714285715,32.55668571428571,66.26217428571428,44.286630476190474,84.19361952380953
중랑구,김포시,37,219300,37,1977177,37,5467.38685,37,1510.2696833333334,37,2919.5130166666668,37,5927.027027027027,53437.21621621621,53.437216216216214,147.76721216216217,40.81809954954955,78.90575720720722
중랑구,남동구,1,6600,1,63793,1,1643.4028833333332,1,54.25005,1,81.60211666666667,1,6600.0,63793.0,63.793,1643.4028833333332,54.25005,81.60211666666667
중랑구,남양주시,1269,3674500,1269,16602008,1269,34107.865516666665,1269,39426.96788333333,1269,35353.17276666666,1269,2895.5870764381402,13082.748620961387,13.082748620961388,26.877750604150247,31.06932063304439,27.859080194378773
중랑구,노원구,8692,17725980,8692,53034938,8692,813153.3649333334,8692,297114.79725,8692,169202.14021666668,8692,2039.3442245743213,6101.580533824206,6.101580533824206,93.55192877741985,34.18255835826047,19.46642202216598
중랑구,도봉구,1456,4143600,1456,14926467,1456,235101.451,1456,55170.62171666667,1456,46214.0565,1456,2845.879120879121,10251.694368131868,10.251694368131869,161.4707767857143,37.89191051968864,31.74042342032967
중랑구,동대문구,5193,9115300,5193,25814152,5193,303931.41805,5193,162963.17918333333,5193,104599.3437,5193,1755.3052185634508,4970.951665703832,4.970951665703832,58.527136154438665,31.38131700044932,20.142373136915076
중랑구,동두천시,15,75900,15,613348,15,28960.221250000002,15,337.44671666666665,15,883.7550500000001,15,5060.0,40889.86666666667,40.88986666666667,1930.6814166666668,22.496447777777778,58.91700333333334
중랑구,동작구,187,682900,187,3889729,187,12271.430666666667,187,6953.26045,187,9885.603416666667,187,3651.871657754011,20800.68983957219,20.80068983957219,65.622623885918,37.18321096256685,52.8641893939394
중랑구,마포구,261,1012300,261,6320300,261,20955.5238,261,8109.0138,261,13923.154933333333,261,3878.544061302682,24215.708812260535,24.215708812260534,80.2893632183908,31.069018390804597,53.345421200510856
중랑구,부천시소사구,20,101000,20,813229,20,539.6963166666667,20,955.6505833333333,20,1703.9324833333333,20,5050.0,40661.45,40.661449999999995,26.984815833333336,47.78252916666666,85.19662416666667
중랑구,부천시오정구,48,225000,48,1721641,48,1215.7560833333332,48,2006.2914833333332,48,3825.18215,48,4687.5,35867.520833333336,35.86752083333334,25.32825173611111,41.797739236111106,79.69129479166666
중랑구,부천시원미구,40,201800,40,1626142,40,4968.6259666666665,40,1457.468,40,3635.38005,40,5045.0,40653.55,40.65355,124.21564916666667,36.4367,90.88450125
중랑구,서구,1,6100,1,55311,1,1928.0663333333332,1,44.213166666666666,1,119.55845,1,6100.0,55311.0,55.311,1928.0663333333332,44.213166666666666,119.55845
중랑구,서대문구,393,1375700,393,7428296,393,155847.12756666666,393,12690.0952,393,22136.716133333335,393,3500.5089058524172,18901.516539440203,18.901516539440202,396.5575765055131,32.290318575063615,56.3275219677693
중랑구,서초구,412,1569400,412,8732653,412,21162.95536666667,412,14060.5823,412,24750.4832,412,3809.223300970874,21195.759708737864,21.195759708737864,51.366396521035604,34.12762694174757,60.07398834951456
중랑구,성남시분당구,100,429100,100,3087808,100,18128.232016666665,100,4107.906083333333,100,5758.765133333333,100,4291.0,30878.08,30.87808,181.28232016666664,41.07906083333333,57.58765133333333
중랑구,성남시수정구,67,264900,67,1705513,67,1977.7264666666667,67,3386.1045166666668,67,2982.34655,67,3953.731343283582,25455.417910447763,25.455417910447764,29.51830547263682,50.53887338308458,44.51263507462687
중랑구,성남시중원구,17,68700,17,462195,17,1698.0143833333332,17,543.11395,17,932.8528833333334,17,4041.176470588235,27187.941176470587,27.187941176470588,99.88319901960783,31.94787941176471,54.87369901960784
중랑구,성동구,1830,4598500,1830,15530810,1830,531769.7791166666,1830,61534.668783333334,1830,62637.60745,1830,2512.841530054645,8486.781420765028,8.486781420765029,290.58457875227685,33.62550206739527,34.22820079234973
중랑구,성북구,1637,3845700,1637,11625728,1637,412158.61223333335,1637,55480.5799,1637,45857.12446666667,1637,2349.2364080635307,7101.849725106903,7.101849725106903,251.7767942781511,33.89161875381796,28.012904377927104
중랑구,송파구,932,3042200,932,14587894,932,59789.501566666666,932,36646.75501666667,932,38022.845733333335,932,3264.1630901287554,15652.24678111588,15.652246781115881,64.15182571530758,39.32055259298999,40.79704477825465
중랑구,수원시권선구,8,49800,8,458337,8,13574.2034,8,189.62916666666666,8,683.6775,8,6225.0,57292.125,57.292125,1696.775425,23.703645833333333,85.4596875
중랑구,수원시영통구,1,5800,1,51767,1,1379.8411666666666,1,13.311166666666667,1,141.98738333333333,1,5800.0,51767.0,51.767,1379.8411666666666,13.311166666666667,141.98738333333333
중랑구,시흥시,12,76800,12,725586,12,19818.282783333332,12,282.50756666666666,12,1207.5904333333333,12,6400.0,60465.5,60.4655,1651.5235652777776,23.54229722222222,100.63253611111111
중랑구,안산시단원구,5,32400,5,306451,5,7654.221616666667,5,154.22949999999997,5,479.62800000000004,5,6480.0,61290.2,61.2902,1530.8443233333333,30.845899999999993,95.9256
중랑구,안성시,1,8700,1,92513,1,1804.0641166666667,1,27.780383333333337,1,83.45733333333332,1,8700.0,92513.0,92.513,1804.0641166666667,27.780383333333337,83.45733333333332
중랑구,안양시동안구,31,141500,31,1048562,31,27649.7466,31,839.4018333333333,31,2060.8216833333336,31,4564.5161290322585,33824.58064516129,33.82458064516129,891.9273096774193,27.077478494623655,66.4781188172043
중랑구,안양시만안구,15,75300,15,608366,15,241.62941666666666,15,491.8646,15,1287.7862,15,5020.0,40557.73333333333,40.55773333333333,16.108627777777777,32.79097333333333,85.85241333333333
중랑구,양주시,188,822700,188,5909292,188,24462.07298333333,188,7919.315283333333,188,10108.240783333333,188,4376.063829787234,31432.40425531915,31.43240425531915,130.11740948581559,42.12401746453901,53.767238209219855
중랑구,양천구,135,587000,135,4164986,135,6462.0386,135,5601.532233333333,135,10501.990383333334,135,4348.148148148148,30851.748148148148,30.851748148148147,47.86695259259259,41.492831358024695,77.7925213580247
중랑구,양평군,5,29300,5,262796,5,6728.6945,5,154.14704999999998,5,368.6844,5,5860.0,52559.2,52.5592,1345.7388999999998,30.829409999999996,73.73688
중랑구,여주군,1,8500,1,90892,1,1010.7807166666666,1,28.611283333333333,1,133.04626666666667,1,8500.0,90892.0,90.892,1010.7807166666666,28.611283333333333,133.04626666666667
중랑구,연수구,1,7400,1,74006,1,1507.0003333333334,1,26.129,1,101.46005,1,7400.0,74006.0,74.006,1507.0003333333334,26.129,101.46005
중랑구,연천군,2,13700,2,133233,2,2789.9232833333335,2,48.62188333333334,2,186.57661666666667,2,6850.0,66616.5,66.6165,1394.9616416666668,24.31094166666667,93.28830833333333
중랑구,영등포구,663,2666800,663,17333452,663,372895.17668333335,663,22628.50225,663,38753.214133333335,663,4022.322775263952,26143.969834087482,26.143969834087482,562.4361639265964,34.1304709653092,58.4513033685269
중랑구,오산시,8,54900,8,532743,8,14047.142566666667,8,144.87471666666667,8,715.8400666666666,8,6862.5,66592.875,66.592875,1755.8928208333334,18.109339583333334,89.48000833333333
중랑구,용산구,445,1553400,445,8309328,445,119079.52878333333,445,15058.470566666667,445,21931.372733333334,445,3490.7865168539324,18672.647191011238,18.672647191011237,267.59444670411983,33.839259700374534,49.283983670411985
중랑구,용인시기흥구,7,34700,7,287466,7,127.04650000000001,7,245.17156666666665,7,731.7923000000001,7,4957.142857142857,41066.57142857143,41.06657142857143,18.1495,35.02450952380952,104.54175714285715
중랑구,용인시수지구,1,5300,1,44087,1,1736.88305,1,13.976616666666667,1,64.99733333333333,1,5300.0,44087.0,44.087,1736.88305,13.976616666666667,64.99733333333333
중랑구,은평구,480,1755800,480,10090936,480,137460.73320000002,480,18006.036683333332,480,24262.197516666667,480,3657.9166666666665,21022.783333333333,21.022783333333333,286.3765275,37.51257642361111,50.54624482638889
중랑구,의왕시,7,30900,7,234764,7,10275.41395,7,140.98345,7,593.2793833333333,7,4414.285714285715,33537.71428571428,33.53771428571428,1467.9162785714286,20.140492857142856,84.75419761904762
중랑구,의정부시,315,1135600,315,6369254,315,27198.2389,315,12539.546083333333,315,13664.144033333334,315,3605.0793650793653,20219.853968253967,20.219853968253968,86.34361555555556,39.808082804232804,43.37823502645503
중랑구,이천시,5,35500,5,349867,5,8950.758166666667,5,150.76268333333334,5,396.36275,5,7100.0,69973.4,69.9734,1790.1516333333334,30.15253666666667,79.27255
중랑구,종로구,1193,3427700,1193,12742994,1193,191908.51536666666,1193,41154.08598333333,1193,54067.8581,1193,2873.176865046102,10681.470243084661,10.68147024308466,160.86212520257055,34.49630006985191,45.3209204526404
중랑구,중구,348,1134600,348,4942777,348,54559.1409,348,12478.034516666667,348,17922.932766666665,348,3260.344827586207,14203.382183908046,14.203382183908046,156.7791405172414,35.856421024904215,51.502680363984666
중랑구,중랑구,23715,36672100,23715,63171499,23715,698871.1861666667,23715,701078.0684166667,23715,272548.32756666664,23715,1546.3672780940333,2663.778157284419,2.663778157284419,29.469584067748965,29.562642564480992,11.49265560053412
중랑구,파주시,5,29000,5,258232,5,8355.027016666667,5,122.75966666666667,5,350.2485,5,5800.0,51646.4,51.6464,1671.0054033333333,24.551933333333334,70.0497
중랑구,평택시,1,7800,1,80600,1,1043.8448333333333,1,25.173616666666664,1,96.70393333333332,1,7800.0,80600.0,80.6,1043.8448333333333,25.173616666666664,96.70393333333332
중랑구,포천시,17,80200,17,623223,17,29429.681216666664,17,471.62811666666664,17,1020.6867166666666,17,4717.64705882353,36660.17647058824,36.66017647058824,1731.1577186274508,27.74283039215686,60.04039509803921
중랑구,하남시,485,1602100,485,7775435,485,45764.61573333333,485,22658.5273,485,18961.472933333334,485,3303.298969072165,16031.824742268042,16.031824742268043,94.36003243986254,46.718612989690726,39.09582048109966
중랑구,화성시,5,33500,5,321703,5,7614.488816666667,5,113.15695,5,480.90416666666664,5,6700.0,64340.6,64.3406,1522.8977633333334,22.63139,96.18083333333333
파주시,서초구,1,4700,1,36352,1,27.840333333333334,1,-26.159333333333333,1,72.10445,1,4700.0,36352.0,36.352,27.840333333333334,-26.159333333333333,72.10445
하남시,강남구,15,51500,15,279215,15,1073.5246166666666,15,-43.81745000000001,15,652.31985,15,3433.3333333333335,18614.333333333332,18.61433333333333,71.56830777777778,-2.921163333333334,43.487989999999996
하남시,강동구,233,429900,233,1330497,233,13609.6386,233,-646.87765,233,4584.7105833333335,233,1845.0643776824033,5710.287553648069,5.710287553648069,58.4104660944206,-2.7762989270386265,19.676869456366237
하남시,강북구,9,36900,9,244986,9,1049.3869833333333,9,40.16949999999997,9,606.9978000000001,9,4100.0,27220.666666666668,27.220666666666666,116.5985537037037,4.463277777777774,67.44420000000001
하남시,강서구,12,55100,12,439021,12,725.3586,12,246.13228333333333,12,782.4226166666667,12,4591.666666666667,36585.083333333336,36.58508333333334,60.44655,20.51102361111111,65.20188472222223
하남시,관악구,6,23500,6,148460,6,572.9358,6,-203.4702833333333,6,311.87283333333335,6,3916.6666666666665,24743.333333333332,24.743333333333332,95.4893,-33.91171388888888,51.97880555555556
하남시,광진구,5,16000,5,71028,5,380.53166666666664,5,62.46726666666666,5,144.94566666666668,5,3200.0,14205.6,14.2056,76.10633333333332,12.493453333333331,28.989133333333335
하남시,구로구,2,9700,2,75854,2,274.84928333333335,2,-194.85226666666668,2,216.0461,2,4850.0,37927.0,37.927,137.42464166666667,-97.42613333333334,108.02305
하남시,노원구,10,38200,10,233238,10,796.48455,10,56.37745,10,509.65905000000004,10,3820.0,23323.8,23.3238,79.648455,5.637745000000001,50.96590500000001
하남시,도봉구,2,9200,2,67737,2,170.688,2,5.555783333333333,2,99.56138333333334,2,4600.0,33868.5,33.8685,85.344,2.7778916666666666,49.78069166666667
하남시,동대문구,7,26400,7,158418,7,709.9672333333333,7,101.69978333333333,7,418.17583333333334,7,3771.4285714285716,22631.14285714286,22.63114285714286,101.42389047619046,14.528540476190475,59.739404761904765
하남시,동작구,8,33800,8,231380,8,906.4084,8,17.60068333333333,8,395.39324999999997,8,4225.0,28922.5,28.9225,113.30105,2.200085416666666,49.424156249999996
하남시,마포구,6,28400,6,219329,6,608.6254666666667,6,43.85613333333333,6,462.3958833333333,6,4733.333333333333,36554.833333333336,36.554833333333335,101.43757777777779,7.309355555555555,77.06598055555556
하남시,서대문구,3,14700,3,116968,3,337.82011666666665,3,-82.82623333333333,3,246.0622833333333,3,4900.0,38989.333333333336,38.989333333333335,112.60670555555555,-27.608744444444444,82.0207611111111
하남시,서초구,7,26800,7,162188,7,757.1288666666667,7,26.310833333333335,7,374.3347333333333,7,3828.5714285714284,23169.714285714286,23.169714285714285,108.16126666666666,3.7586904761904765,53.476390476190474
하남시,성남시분당구,3,10100,3,50069,3,25.83761666666667,3,76.46294999999999,3,104.12133333333333,3,3366.6666666666665,16689.666666666668,16.689666666666668,8.61253888888889,25.48765,34.70711111111111
하남시,성동구,110,359600,110,1706910,110,12077.16095,110,-2657.8593,110,5819.551516666666,110,3269.090909090909,15517.363636363636,15.517363636363637,109.79237227272726,-24.162357272727274,52.90501378787879
하남시,성북구,2,7600,2,47251,2,331.66811666666666,2,-2.0172166666666667,2,126.02083333333334,2,3800.0,23625.5,23.6255,165.83405833333333,-1.0086083333333333,63.01041666666667
하남시,송파구,83,283300,83,992257,83,6324.3510166666665,83,244.35485000000006,83,3029.964483333333,83,3413.253012048193,11954.903614457831,11.954903614457832,76.19700020080322,2.9440343373493985,36.505596184738955
하남시,영등포구,1,4700,1,35729,1,184.89111666666668,1,23.62205,1,50.527166666666666,1,4700.0,35729.0,35.729,184.89111666666668,23.62205,50.527166666666666
하남시,용산구,2,7500,2,45492,2,16.861266666666666,2,58.21426666666666,2,93.38235,2,3750.0,22746.0,22.746,8.430633333333333,29.10713333333333,46.691175
하남시,은평구,3,13300,3,95609,3,399.01509999999996,3,-13.722766666666669,3,224.47703333333334,3,4433.333333333333,31869.666666666668,31.869666666666667,133.00503333333333,-4.574255555555556,74.82567777777778
하남시,종로구,3,13000,3,93029,3,250.25844999999998,3,18.219266666666666,3,197.81935000000001,3,4333.333333333333,31009.666666666668,31.009666666666668,83.41948333333333,6.073088888888889,65.93978333333334
하남시,중구,2,15400,2,156603,2,36.73533333333334,2,96.34045,2,135.585,2,7700.0,78301.5,78.3015,18.36766666666667,48.170225,67.7925
하남시,중랑구,15,51300,15,265607,15,1193.5411166666665,15,32.05626666666666,15,600.3201333333334,15,3420.0,17707.133333333335,17.707133333333335,79.56940777777777,2.137084444444444,40.02134222222222
하남시,하남시,1,1500,1,253,1,139.52905,1,-13.83405,1,1.7011,1,1500.0,253.0,0.253,139.52905,-13.83405,1.7011
